:0400000081EF00F09C
:20000800B501B501B501B5014000B5014000B5014501B501B501B501B501B501B501B501D4
:20002800B501400040004000B501B501B501B501B501B501B501B501B501B501B501B501BA
:20004800B501B501B501B50140004000B501B501B501B501B5014000B501B501B501B5019A
:200068004B01B501B501B501B501B501B501B501B501B501B501B5014000B501B501B501F8
:20008800B501B501B501B501B501B501B501B501B501B501B501B5014000B501400040005A
:2000A8005101B501B501B501B501B501B501B501B501B501B501B501B501B501B501B5013C
:2000C800B501B501B501B501B501B501B501B501B501B501B501B501B501B501B501B501B8
:2000E8004000B501B501B5014000400040004000B501B501B501B501FF00F9EF01F020D0F6
:20010800FFEC13F008D019EC13F005D042EC15F002D0A1EC14F03B6E3B503C6E3D6A23D026
:20012800010E6100A0F309F7010E546E04D0FF0E6100A0F309F7000E3D6E0A0E3C6E13D0B0
:2001480021EE00F3DF50000AD8B4DAD7020AD8B4DAD7010AD8B4DAD70B0AD8B4DAD7010A31
:20016800D8B4DED7E4D73CC539F53DC53AF512000201A26BA46BA56BA66BA76BA86BA96B90
:20018800AA6BB00EAB6F800EAC6F080EAD6F820EAE6F060EAF6F2E0EB06FB16B800EB26F8A
:2001A800B36B000E076E000E086EFFEC02F0000E076E000E086EF6EC02F0000E076E000EC9
:2001C800086EEDEC02F0000E4A6E000E496E1200000E0F6E000E0E6EC186030E0D6E700ED3
:2001E8000C6E5C0EE82EFED70C2EFCD70D2EFAD700D0550E58EC03F010D008EC03F00009D5
:20020800D8B40BD008C5D9F409C5DAF4DF5058EC03F00E4A0F2A084A092A0A500E5C0B509E
:200228000F58D8B01200E9D70E5024E1040E0D5CD8B01200AA0E086E550E076E53EC03F045
:20024800000E0C24076E000E0D20086E380E0E20096E0FC50AF583EC01F011EC03F000091B
:20026800D8A4FBD72DEC03F0E806D8B462EC03F05FEC03F01200000E0B6E000E0C6E000EF4
:200288000D6E000E0E6E0F6A0FD00F500724D96E000E0820DA6EDF500A6E0A500B26000E6A
:2002A8000C220D220E220F2A09500F5CD8A0EDD70BC507F50CC508F51200000ED6BE010E13
:2002C8000A6E09C545F008C544F000014151F80B0609416FD69E000152C542F05150426F35
:2002E80040810AB002D0D69E01D0D68EF80E0001411741AF02D0010E1200000E1200000E90
:20030800D6BE010E0B6E09C545F008C544F007C543F00AC546F000014151F80B0309416F5F
:20032800D69E000152C542F05150426F40810BB002D0D69E01D0D68EF80E0001411712003D
:20034800546AC182CEEC15F0E806D8A404D02AEC02F0010E536EC4EC02F0E806D8B403D0D0
:200368005304D8A404D0536AC1924FEC16F0FC6AE06AC18200EF18F012000C5004E1040E2E
:200388000B5CD8A002D0000E1200000E0A240D6E000E0B200E6E380E0C200F6E0DC507F55B
:2003A8000EC508F50FC509F57DEC02F0106E10501200000E0C6E000E0B6E10D018EC03F062
:2003C8000009D8B40BD065EC03F007C5D9F408C5DAF4DF6E074A082A0B4A0C2A09500B5C12
:2003E8000A500C58D8B01200E9D701EE00F310EE0AF1EE6AE550E150FCE1E250FAE101EE6B
:2004080043F1120EEE6AE806FDE10401080E5D6F000E5E6F000E5F6F00013FEF03F0010E8D
:20042800E3EC02F00DD026EC03F0E806D8A408D0000EE3EC02F067EC03F0010EE3EC02F0EA
:2004480033EC03F0E806D8B41200EDD7126AF80E1224106E116A030E112210C50CF511C591
:200468000DF50E6AFF0E0F6E18EC01F0122A070E1264EDD71200000E076E300E086E000E99
:20048800096E8EEC17F0FF0AD8B403D0010E1A6E01D01A6A1A5012004F505010D8B41200EF
:2004A80001D812000500FA6E4F50FD6E5050FE6EFF6AFA5012004D504E10D8B4120001D88F
:2004C80012000500FA6E4D50FD6E4E50FE6EFF6AFA5012004B504C10D8B4120001D812003E
:2004E8000500FA6E4B50FD6E4C50FE6EFF6AFA50120009C545F008C544F007C543F0F80EAB
:0A0508000001411740814651120026
:20051400FAC401F5FBC402F5AF9050EC02F002C5FBF401C5FAF41100FAC403F5FBC404F507
:20053400B4905FEC02F004C5FBF403C5FAF41100FAC405F5FBC406F5B8906EEC02F006C5D6
:20055400FBF405C5FAF41100CFEC02F0B2EC16F05CEC03F0BCEC00F0C9EC17F012001FECD2
:2005740003F00009D8B403D0010E076E01D0076A075012003FEC02F00009D8A403D0010E59
:200594001B6E01D01B6A1B501200600E0001AD6FAF6BB36B080EB16FB06BAC6B1200000EA0
:2005B4000714076EFF0E0814086E010E0914096E1200076E0750D8B403D00201AB8D1200CB
:2005D4000201AB9D120007500810D8B4120007C543F508C544F5120007500810D8B4120074
:2005F40007C545F508C546F5120007500810D8B4120007C547F508C548F51200076A020122
:20061400B0BBABAB02D0010E076E07501200000140A102D0010E1200000E12000201B0B3EB
:2006340002D0010E1200000E12000201B2AF02D0010E1200000E12000201B2AB02D0010EDB
:200654001200000E120041AF02D0010E1200000E1200B1AD02D0010E1200000E1200540488
:20067400D8A41200C182FF001200AEEC02F0A4EC01F0FFD707C54BF508C54CF5120007C5A9
:200694004DF508C54EF5120007C54FF508C550F5120008C551F507C552F51200076E07C535
:1E06B400A3F2120062EC03F01200516A526A12000001419F1200A1511200B29B12004F
:0806D4001100120012001200D7
:202600000078010000CA06B006300610063E0600000000C6056606000000000000000000F4
:20262000000000000000000000FE05EC05DA0500000061000CFC1AF521EE04F3DF501B6E91
:202640001A50336E1BC534F5550E331804E1AA0E3418D8B406D0FD0E6100A0F309F70A0E56
:20266000120021EE05F3DF501A6E1B6A1C6A21EE06F3DF501D6E1E6A1F6A1EC51FF51DC5D3
:202680001EF51D6A61001CFC20F52050236E226A216A1D502110246E1E502210256E1F5028
:2026A0002310266E1A5024102C6E1B5025102D6E1C5026102E6E21EE01F3DE04010EDE5878
:2026C000D8A002D0FC0EC8D72CC507F52DC508F52EC509F5D9EC02F007C530F508C531F59F
:2026E00009C532F52CC507F52DC508F52EC509F5FCEC17F007C527F508C528F5296A000EB6
:20270000386E000E376E000E3724D96E060E3820DA6E37C51AF538C51BF51C6A30501A24A0
:20272000076E31501B20086E32501C20096E8EEC17F0DF6E374A382A3804D8A0E4D7000E8F
:20274000366E000E356E18D0090E3524D96E070E3620DA6E000E1A6E060E1B6E35501A26DA
:2027600036501B2227501A24E16E28501B20E26EDFC4E7F4354A362A21EE01F3DE50355C70
:20278000DE503658D8A0E0D733C507F534C508F553EC03F030C507F531C508F532C509F559
:2027A00061EC01F02F6E5FEC03F02F50D8A415D033C507F534C508F553EC03F030C507F513
:2027C00031C508F532C509F5000E0A6E060E0B6E46EC17F02F6E5FEC03F02F50D8B404D00B
:2027E000000E2B6EFD0E03D0000E2B6E010E2A6E21EE09F32AC5DFF462EC03F030D7266A61
:20280000000E216E000E226E000E236E000E246E000E216E020E226E000E236E000E246EC2
:20282000FE0E076EFF0E086E3F0E096EFDEC16F007C51FF508C520F5080E6100A0F309F715
:20284000262A090E2624D96EDA6A070EDA22DF6A262A090E2624D96EDA6A070EDA22DF6A4C
:20286000262A090E2624D96EDA6A070EDA2222C5DFF4262A090E2624D96EDA6A070EDA2204
:20288000DF6A262A090E2624D96EDA6A070EDA22DF6A262A090E2624D96EDA6A070EDA220C
:2028A0001FC5DFF4262A090E2624D96EDA6A070EDA2220C5DFF4262A090E2624D96EDA6A20
:2028C000070EDA22DF6A262A090E2624D96EDA6A070EDA22DF6A262A090E2624D96EDA6ACC
:2028E000070EDA22DF6A262A090E2624D96EDA6A070EDA22010EDF6E262A000E1C6E000EDF
:202900001D6E200E1E6E256A090E2624D96EDA6A070EDA221CC507F51DC508F51EC509F549
:202920008EEC17F0DF6E010E1C26000E1D22000E1E22262A252A030E2564E6D72650090F59
:20294000120021EE01F3DEC41AF5DDC41BF51AC52BF51BC52CF52D6A2E6A61000CFC1AF559
:202960001AC51BF51C6A1D6A1E6A1CC51EF51BC51DF51C6A1B6A1B502B261C502C221D50FF
:202980002D221E502E2221EE05F3DF501A6E1B6A1C6A21EE06F3DF501D6E1E6A1F6A1EC5AB
:2029A0001FF51DC51EF51D6A61001CFC20F52050236E226A216A1D502110246E1E50221011
:2029C000256E1F502310266E1A502410316E1B502510326E1C502610336E33500AE1300EC2
:2029E000325CD8B006D0FE0E6100A0F309F70A0E1200000E306E000E2F6E000E276E000EB9
:202A0000286E000E296E000E2A6E28D031C507F532C508F533C509F58EEC17F01A6E1A508E
:202A20002F26000E3022010E3126000E3222000E332231C507F532C508F533C509F58EEC60
:202A400017F03026010E3126000E3222000E3322020E2726000E282229222A222B50275CA4
:202A60002C5028582D5029582E502A58D8A0CED721EE09F32FC5DFF421EE0AF330C5DFF499
:202A80000B0E1200216A61000CFC0BF521EE04F3DF500C6E0B501C6E0CC51DF521EE05F399
:202AA000DF500B6E0C6A0D6A21EE06F3DF500E6E0F6A106A0FC510F50EC50FF50E6A610052
:202AC0001CFC11F51150146E136A126A0E501210156E0F501310166E10501410176E0B508F
:202AE00015101E6E0C5016101F6E0D501710206E550E1C1804E1AA0E1D18D8B408D0FD0E2C
:202B00006100A0F309F762EC03F00A0E12001EC507F51FC508F520C509F5FCEC17F007506D
:202B20000810D8B402D0FE0EEBD7000E196E000E186E1CD01CC507F51DC508F553EC03F04E
:202B40001EC507F51FC508F520C509F561EC01F0216E5FEC03F0000E1E26010E1F22000E17
:202B600020222104D8B40AD0184A192A21EE01F3DE50185CDE501958D8A0DCD72150D8B477
:202B800004D0000E1B6EFD0E03D0000E1B6E010E1A6E21EE09F31AC5DFF4B5D7F80E0A6EF7
:202BA000030E0B6E000E0C6EC1EC01F0196EF90E0A6E030E0B6E000E0C6EC1EC01F01A6E27
:202BC000FA0E0A6E030E0B6E000E0C6EC1EC01F01B6EFB0E0A6E030E0B6E000E0C6EC1ECFC
:202BE00001F01C6EFC0E0A6E030E0B6E000E0C6EC1EC01F01D6EFD0E0A6E030E0B6E000E82
:202C00000C6EC1EC01F01E6E060E1918D8A413D0050E1A18D8A40FD0040E1B18D8A40BD030
:202C2000030E1C18D8A407D0020E1D18D8A403D01E04D8B402D0000E1200FE0E0A6E030E33
:202C40000B6E000E0C6EC1EC01F0176EFF0E0A6E030E0B6E000E0C6EC1EC01F0186E18502D
:202C600017C511F5126A11C512F5116A1110136E1250146E190E076E050E086E060E096E68
:202C80003FEC01F007C515F508C516F515501318D2E116501418D8A4CED7010E1200000E45
:202CA000406E000E3F6E39EC03F013EC02F0C196000E406E000E3F6E000E426E090E416E50
:202CC00031D03E0E076E050E086E000E0A6E010E096EDDEC01F0000E3F24D96E070E4020B6
:202CE000DA6E3EC5DFF43F4A402A050E3F184010D8A418D0610000FCE8F4020AD8B40CD0F8
:202D0000610000FCE8F4050AD8B406D0610000FCE8F4070AD8A406D021EE01F3DE504126D5
:202D2000DD50422241503F5C42504058D8A0C9D783EC00F039C541F53AC542F541504210E8
:202D4000D8B4B1D7000E086E070E096E41C50AF542C50BF5ECEC00F0B9EC02F0E806D8B46A
:202D6000A2D7FAD7BE6ABF6AC06A020EC16EC26AC36A0401026B0A6B126B1A6B226B2A6BEB
:202D8000C668C768EF0EC86EF50EC96E0F0ECA6ECB6800690869CF0E106FF50E186F070E0C
:202DA000206F2869016B096B116B196B216B296B03690B6913691B69070E236F2B6904696B
:202DC0000C6914691C690F0E246F2C690201896B886B876B866B150E726F200E156F0401AF
:202DE000056B066B076B0D6B0E6B0F6B156B166B176B256B266B276B1200F7C40AF50B6A9E
:202E00000C6A0D6A0CC50DF50BC50CF50AC50BF50A6AF8C40EF50F6A106A116A0FC511F5D7
:202E20000EC510F50F6A0E6A0A500E10126E0B500F10136E0C501010146E0D501110156ED7
:202E4000F6501210186E1350196E14501A6E15501B6E09C5F8F408C5F7F407C5F6F409008F
:202E6000F5C416F5176A0800F5500B6E0A6A0A5016120B5017121AC5F8F419C5F7F418C55C
:202E8000F6F416C507F517C508F51200000E0F6E250E106E010E0D6E000E0C6E000ED6BE96
:202EA000010E0E6E250E0B180A10D8A40FD016D00AC5D9F40BC5DAF40FC5E1F410C5E2F448
:202EC000DFC4E7F40A4A0B2A0F4A102A0C06D8A00D060C28EDE10D28D8A4EAD709C545F044
:202EE00008C544F007C543F000014151F80B0509416FD69E000152C542F05150426F4081AD
:202F00000EB002D0D69E01D0D68EF80E0001411741AF02D0010E1200000E1200F7C40AF55C
:202F20000B6A0C6A0D6A0CC50DF50BC50CF50AC50BF50A6AF8C40EF50F6A106A116A0FC547
:202F400011F50EC510F50F6A0E6A0A500E10126E0B500F10136E0C501010146E0D50111033
:202F6000156EF6501210166E1350176E1450186E1550196E09C5F8F408C5F7F407C5F6F4FC
:202F8000080018C5F8F417C5F7F416C5F6F4F5501200D68A000ED6BE010E096ED69E550E1E
:202FA0000401596FAA0E596F59915F6B5E6B080E5D6F550E596FAA0E596F598109B002D055
:202FC000D69E01D0D68EAF90D680D60E076E060E086E4EEC03F0B490D682D80E076E060E98
:202FE000086E49EC03F0B890D684DA0E076E060E086E44EC03F012000750076E086A120025
:0430000081EF18F054
:20300800F539F539F539F539400CF539400CF5392939F539EF39F539F539F539F539F5395E
:20302800F039400C400C400CF539F539F539F539F539F539F539D936D935F539F539C836C2
:203048005C39E539F539F539400C400CF539F539F539F539F539400CF539F539A6368730A0
:203068002F39F539F539F539F539F539F539F53908390F3956322930400CF539B736B430E9
:20308800F539F539F539F539F539F539F539F539F539F539F539F539400CF539400C400CEE
:2030A8003539F539F539F539F539F539F539F539F539F539F5392736F539F539F539F539B9
:2030C800F539F539F539F539F539F539F539F539F539F539F539F539F539F539F539F53908
:2030E800400CF539F539F539400C400C400C400CF539F539F539F539FF00DCEF56F00000FA
:20310800C0C101C30302C2C60607C705C5C404CC0C0DCD0FCFCE0E0ACACB0BC90908C8D8DF
:203128001819D91BDBDA1A1EDEDF1FDD1D1CDC14D4D515D71716D6D21213D311D1D010F07F
:203148003031F133F3F23236F6F737F53534F43CFCFD3DFF3F3EFEFA3A3BFB39F9F838283F
:20316800E8E929EB2B2AEAEE2E2FEF2DEDEC2CE42425E527E7E62622E2E323E12120E0A0DF
:203188006061A163A3A26266A6A767A56564A46CACAD6DAF6F6EAEAA6A6BAB69A9A868785F
:2031A800B8B979BB7B7ABABE7E7FBF7DBDBC7CB47475B577B7B67672B2B373B17170B0503F
:2031C8009091519353529296565797559594549C5C5D9D5F9F9E5E5A9A9B5B9959589888BF
:2031E8004849894B8B8A4A4E8E8F4F8D4D4C8C44848545874746868242438341818040005F
:20320800C1814001C0804101C0804100C1814001C0804100C1814000C1814001C080410195
:20322800C0804100C1814000C1814001C0804100C1814001C0804101C0804100C181400176
:20324800C0804100C1814000C1814001C0804100C1814001C0804101C0804100C181400057
:20326800C1814001C0804101C0804100C1814001C0804100C1814000C1814001C080410135
:20328800C0804100C1814000C1814001C0804100C1814001C0804101C0804100C181400017
:2032A800C1814001C0804101C0804100C1814001C0804100C1814000C1814001C0804100F6
:2032C800C1814001C0804101C0804100C1814001C0804100C1814000C1814001C0804101D5
:2032E800C0804100C1814000C1814001C0804100C1814001C0804101C0804100C1814000B7
:20330800C0C101C30302C2C60607C705C5C404CC0C0DCD0FCFCE0E0ACACB0BC90908C8D8DD
:203328001819D91BDBDA1A1EDEDF1FDD1D1CDC14D4D515D71716D6D21213D311D1D010F07D
:203348003031F133F3F23236F6F737F53534F43CFCFD3DFF3F3EFEFA3A3BFB39F9F838283D
:20336800E8E929EB2B2AEAEE2E2FEF2DEDEC2CE42425E527E7E62622E2E323E12120E0A0DD
:203388006061A163A3A26266A6A767A56564A46CACAD6DAF6F6EAEAA6A6BAB69A9A868785D
:2033A800B8B979BB7B7ABABE7E7FBF7DBDBC7CB47475B577B7B67672B2B373B17170B0503D
:2033C8009091519353529296565797559594549C5C5D9D5F9F9E5E5A9A9B5B9959589888BD
:2033E8004849894B8B8A4A4E8E8F4F8D4D4C8C44848545874746868242438341818040005D
:20340800C1814001C0804101C0804100C1814001C0804100C1814000C1814001C080410193
:20342800C0804100C1814000C1814001C0804100C1814001C0804101C0804100C181400174
:20344800C0804100C1814000C1814001C0804100C1814001C0804101C0804100C181400055
:20346800C1814001C0804101C0804100C1814001C0804100C1814000C1814001C080410133
:20348800C0804100C1814000C1814001C0804100C1814001C0804101C0804100C181400015
:2034A800C1814001C0804101C0804100C1814001C0804100C1814000C1814001C0804100F4
:2034C800C1814001C0804101C0804100C1814001C0804100C1814000C1814001C0804101D3
:2034E800C0804100C1814000C1814001C0804100C1814001C0804101C0804100C1814000B5
:20350800C0C101C30302C2C60607C705C5C404CC0C0DCD0FCFCE0E0ACACB0BC90908C8D8DB
:203528001819D91BDBDA1A1EDEDF1FDD1D1CDC14D4D515D71716D6D21213D311D1D010F07B
:203548003031F133F3F23236F6F737F53534F43CFCFD3DFF3F3EFEFA3A3BFB39F9F838283B
:20356800E8E929EB2B2AEAEE2E2FEF2DEDEC2CE42425E527E7E62622E2E323E12120E0A0DB
:203588006061A163A3A26266A6A767A56564A46CACAD6DAF6F6EAEAA6A6BAB69A9A868785B
:2035A800B8B979BB7B7ABABE7E7FBF7DBDBC7CB47475B577B7B67672B2B373B17170B0503B
:2035C8009091519353529296565797559594549C5C5D9D5F9F9E5E5A9A9B5B9959589888BB
:2035E8004849894B8B8A4A4E8E8F4F8D4D4C8C44848545874746868242438341818040005B
:20360800C1814001C0804101C0804100C1814001C0804100C1814000C1814001C080410191
:20362800C0804100C1814000C1814001C0804100C1814001C0804101C0804100C181400172
:20364800C0804100C1814000C1814001C0804100C1814001C0804101C0804100C181400053
:20366800C1814001C0804101C0804100C1814001C0804100C1814000C1814001C080410131
:20368800C0804100C1814000C1814001C0804100C1814001C0804101C0804100C181400013
:2036A800C1814001C0804101C0804100C1814001C0804100C1814000C1814001C0804100F2
:2036C800C1814001C0804101C0804100C1814001C0804100C1814000C1814001C0804101D1
:2036E800C0804100C1814000C1814001C0804100C1814001C0804101C0804100C1814000B3
:20370800C0C101C30302C2C60607C705C5C404CC0C0DCD0FCFCE0E0ACACB0BC90908C8D8D9
:203728001819D91BDBDA1A1EDEDF1FDD1D1CDC14D4D515D71716D6D21213D311D1D010F079
:203748003031F133F3F23236F6F737F53534F43CFCFD3DFF3F3EFEFA3A3BFB39F9F8382839
:20376800E8E929EB2B2AEAEE2E2FEF2DEDEC2CE42425E527E7E62622E2E323E12120E0A0D9
:203788006061A163A3A26266A6A767A56564A46CACAD6DAF6F6EAEAA6A6BAB69A9A8687859
:2037A800B8B979BB7B7ABABE7E7FBF7DBDBC7CB47475B577B7B67672B2B373B17170B05039
:2037C8009091519353529296565797559594549C5C5D9D5F9F9E5E5A9A9B5B9959589888B9
:2037E8004849894B8B8A4A4E8E8F4F8D4D4C8C448485458747468682424383418180400059
:20380800C1814001C0804101C0804100C1814001C0804100C1814000C1814001C08041018F
:20382800C0804100C1814000C1814001C0804100C1814001C0804101C0804100C181400170
:20384800C0804100C1814000C1814001C0804100C1814001C0804101C0804100C181400051
:20386800C1814001C0804101C0804100C1814001C0804100C1814000C1814001C08041012F
:20388800C0804100C1814000C1814001C0804100C1814001C0804101C0804100C181400011
:2038A800C1814001C0804101C0804100C1814001C0804100C1814000C1814001C0804100F0
:2038C800C1814001C0804101C0804100C1814001C0804100C1814000C1814001C0804101CF
:2038E800C0804100C1814000C1814001C0804100C1814001C0804101C0804100C1814000B1
:20390800C0C101C30302C2C60607C705C5C404CC0C0DCD0FCFCE0E0ACACB0BC90908C8D8D7
:203928001819D91BDBDA1A1EDEDF1FDD1D1CDC14D4D515D71716D6D21213D311D1D010F077
:203948003031F133F3F23236F6F737F53534F43CFCFD3DFF3F3EFEFA3A3BFB39F9F8382837
:20396800E8E929EB2B2AEAEE2E2FEF2DEDEC2CE42425E527E7E62622E2E323E12120E0A0D7
:203988006061A163A3A26266A6A767A56564A46CACAD6DAF6F6EAEAA6A6BAB69A9A8687857
:2039A800B8B979BB7B7ABABE7E7FBF7DBDBC7CB47475B577B7B67672B2B373B17170B05037
:2039C8009091519353529296565797559594549C5C5D9D5F9F9E5E5A9A9B5B9959589888B7
:2039E8004849894B8B8A4A4E8E8F4F8D4D4C8C448485458747468682424383418180400057
:203A0800C1814001C0804101C0804100C1814001C0804100C1814000C1814001C08041018D
:203A2800C0804100C1814000C1814001C0804100C1814001C0804101C0804100C18140016E
:203A4800C0804100C1814000C1814001C0804100C1814001C0804101C0804100C18140004F
:203A6800C1814001C0804101C0804100C1814001C0804100C1814000C1814001C08041012D
:203A8800C0804100C1814000C1814001C0804100C1814001C0804101C0804100C18140000F
:203AA800C1814001C0804101C0804100C1814001C0804100C1814000C1814001C0804100EE
:203AC800C1814001C0804101C0804100C1814001C0804100C1814000C1814001C0804101CD
:203AE800C0804100C1814000C1814001C0804100C1814001C0804101C0804100C1814000AF
:203B0800C0C101C30302C2C60607C705C5C404CC0C0DCD0FCFCE0E0ACACB0BC90908C8D8D5
:203B28001819D91BDBDA1A1EDEDF1FDD1D1CDC14D4D515D71716D6D21213D311D1D010F075
:203B48003031F133F3F23236F6F737F53534F43CFCFD3DFF3F3EFEFA3A3BFB39F9F8382835
:203B6800E8E929EB2B2AEAEE2E2FEF2DEDEC2CE42425E527E7E62622E2E323E12120E0A0D5
:203B88006061A163A3A26266A6A767A56564A46CACAD6DAF6F6EAEAA6A6BAB69A9A8687855
:203BA800B8B979BB7B7ABABE7E7FBF7DBDBC7CB47475B577B7B67672B2B373B17170B05035
:203BC8009091519353529296565797559594549C5C5D9D5F9F9E5E5A9A9B5B9959589888B5
:203BE8004849894B8B8A4A4E8E8F4F8D4D4C8C448485458747468682424383418180400055
:203C0800C1814001C0804101C0804100C1814001C0804100C1814000C1814001C08041018B
:203C2800C0804100C1814000C1814001C0804100C1814001C0804101C0804100C18140016C
:203C4800C0804100C1814000C1814001C0804100C1814001C0804101C0804100C18140004D
:203C6800C1814001C0804101C0804100C1814001C0804100C1814000C1814001C08041012B
:203C8800C0804100C1814000C1814001C0804100C1814001C0804101C0804100C18140000D
:203CA800C1814001C0804101C0804100C1814001C0804100C1814000C1814001C0804100EC
:203CC800C1814001C0804101C0804100C1814001C0804100C1814000C1814001C0804101CB
:203CE800C0804100C1814000C1814001C0804100C1814001C0804101C0804100C18140E2CB
:203D0800C60000000050DF0002D8000000008AE4000000000000000000000000000000005E
:203D280000000000000000000000000000000000000000000072E3000000004EE3002AE3E8
:203D48000006E300000000C0D6000000006ED400C6D400000000000000000000AAE0000076
:203D68000000000000269E783EEEE9913E13CECC3EAAAA2A3FD1F717378071313F2D2D2D75
:203D88002D2D2D2D2D2D2D2D2D2D2D2D2D2D2D2D2D2D2D2D2D2D2D2D2D2D2D2D2D2D2D2D7B
:203DA8002D0A0A004348317C493A252E32667C563A252E32667C503A252E32667C50574DBC
:203DC8003A25647C0A0D004348327C493A252E32667C563A252E32667C503A252E32667C7A
:203DE80050574D3A25647C0A0D00B5B1C7B0D4CBD0D03A202575D0A1CAB12575B7D6D6D3A5
:203E08002575C3EB0A0053503A252E32667C4C6576313A25647C4C6576323A25647C0A0DBE
:203E28000050726F73746174653A25647C0A0D0050726F746570793A25647C0A0D005465D0
:203E48006D703A252E32667C0A0D0056696E3A25647C0A0D002530325800696E66006E6157
:053E68006E00200000C7
:203E6E000601526B2AC653F62BC654F62CC655F62DC656F656BF48EF1FF046EF1FF05CEF96
:203E8E001FF0010E526F53C664F554C665F555C666F556C667F58EEC6EF064C553F665C5ED
:203EAE0054F666C555F667C556F6000E0601586F000E576FD6C646F6D7C647F65251D8B42B
:203ECE006BEF1FF06DEF1FF081EF1FF05251D8A473EF1FF075EF1FF07BEF1FF0000E386F50
:203EEE002B0E376F7FEF1FF0000E386F2D0E376F37C652F653C664F554C665F555C666F521
:203F0E0056C667F585EC59F0050164056511D8A493EF1FF095EF1FF0CCEF1FF00601525168
:203F2E00D8B49CEF1FF09EEF1FF0A7EF1FF052C686F94607D8A04707000E586F010E576FB8
:203F4E00860E57250501646F090E060158210501656F620E666F3E0E676F14EC6EF006012D
:203F6E00FD0E4627FF0E472328C678F529C679F5860E05017A6F090E7B6F46C67CF547C67E
:203F8E007DF51EEC63F096EF24F053C664F554C665F555C666F556C667F585EC59F0050117
:203FAE0064516511D8A4DEEF1FF0E0EF1FF003EF20F006015251D8B4E7EF1FF0E9EF1FF08E
:203FCE00F2EF1FF052C686F94607D8A04707000E586F010E576F860E57250501646F090E8F
:203FEE00060158210501656F660E666F3E0E676F14EC6EF0B6EF1FF0000E0601596F000EF1
:20400E005A6F800E5B6F3F0E5C6F000E416F000E406F53C664F554C665F555C666F556C666
:20402E0067F5000E0501686F000E696F000E6A6F000E6B6F72EC62F00501D8B029EF20F010
:20404E002BEF20F025EF21F038EF20F042C659F643C65AF644C65BF645C65CF60601404BD2
:20406E00412B59C6A7F55AC6A8F55BC6A9F55CC6AAF5000E0501AB6F000EAC6F200EAD6F2D
:20408E00410EAE6FD9EC33F0A7C542F6A8C543F6A9C544F6AAC545F606014251535D0501D2
:2040AE00646F0601435154590501656F0601445155590501666F0601455156590501676FB0
:2040CE000BEC6AF0050167BF78EF20F067516611651109E1020E645DD8A078EF20F07AEF26
:2040EE0020F02DEF20F042C60CF643C60DF644C60EF645C60FF653C610F654C611F655C6E7
:20410E0012F656C613F64FEC52F00601D8A092EF20F094EF20F02DEF20F05951535D0501B8
:20412E00646F06015A5154590501656F06015B5155590501666F06015C5156590501676FEA
:20414E000BEC6AF0050167BFBAEF20F067516611651107E1020E645DD8B0B8EF20F0BAEFD5
:20416E0020F00BEF21F059C653F65AC654F65BC655F65CC656F625EF21F059C6C0F55AC651
:20418E00C1F55BC6C2F55CC6C3F5000E0501C46F000EC56F200EC66F410EC76FC6EC39F05D
:2041AE00C0C559F6C1C55AF6C2C55BF6C3C55CF606014007D8A041075951535D0501646F54
:2041CE0006015A5154590501656F06015B5155590501666F06015C5156590501676F0BEC26
:2041EE006AF0050167BF09EF21F067516611651107E1020E645DD8B007EF21F009EF21F02C
:20420E000BEF21F0BAEF20F053C60CF654C60DF655C60EF656C60FF659C610F65AC611F608
:20422E005BC612F65CC613F64FEC52F00601D8A023EF21F025EF21F0C4EF20F02EC63AF6F1
:20424E003AC63BF60601D9BF2FEF21F031EF21F037EF21F0D8C633F6D9C634F63BEF21F01E
:20426E00000E346F060E336F33C63EF634C63FF63E4B3F2B660E3B19D8A448EF21F04AEFB5
:20428E0021F06AEF21F041BF51EF21F04FEF21F05DEF21F0000E596F000E5A6F800E5B6F93
:2042AE003F0E5C6F000E416F000E406F670E3A19D8B464EF21F066EF21F06AEF21F0405144
:2042CE003E2741513F23000E516F000E506F53C648F654C649F655C64AF656C64BF659C655
:2042EE0042F65AC643F65BC644F65CC645F6FCEF21F048C6C0F549C6C1F54AC6C2F54BC60B
:20430E00C3F559C6C4F55AC6C5F55BC6C6F55CC6C7F5C6EC39F0C0C5D9F5C1C5DAF5C2C561
:20432E00DBF5C3C5DCF5E2EC43F0D9C54CF6DAC54DF6DBC54EF6DCC54FF64CC624F64DC67A
:20434E0025F64EC626F64FC627F64FEC56F024C63CF625C63DF648C600F649C601F64AC6FD
:20436E0002F64BC603F64CC6ABF54DC6ACF54EC6ADF54FC6AEF559C6A7F55AC6A8F55BC6C0
:20438E00A9F55CC6AAF5D9EC33F0A7C504F6A8C505F6A9C506F6AAC507F6BDEC6CF000C659
:2043AE0048F601C649F602C64AF603C64BF659C6C0F55AC6C1F55BC6C2F55CC6C3F5000E2F
:2043CE000501C46F000EC56F200EC66F410EC76FC6EC39F0C0C559F6C1C55AF6C2C55BF60F
:2043EE00C3C55CF60601504B512B3E51505D5151800A2F6F3F51800A2F59D8A009EF22F08D
:20440E000BEF22F080EF21F059C6A7F55AC6A8F55BC6A9F55CC6AAF5000E0501AB6F000ECE
:20442E00AC6FA00EAD6F400EAE6FD9EC33F0A7C54CF6A8C54DF6A9C54EF6AAC54FF648C664
:20444E000CF649C60DF64AC60EF64BC60FF64CC610F64DC611F64EC612F64FC613F64FEC69
:20446E0052F00601D8B03EEF22F040EF22F04AEF22F0000E4C6F000E4D6F000E4E6F000E26
:20448E004F6F74EF22F048C664F549C665F54AC666F54BC667F54CC668F54DC669F54EC63F
:2044AE006AF54FC66BF572EC62F00501D8A062EF22F064EF22F074EF22F006013CB16AEF62
:2044CE0022F06CEF22F074EF22F0000E4C6F000E4D6F000E4E6F000E4F6F53C6D9F554C6AF
:2044EE00DAF555C6DBF556C6DCF54CC6DDF54DC6DEF54EC6DFF54FC6E0F5FCEC2CF0D9C5C9
:20450E0048F6DAC549F6DBC54AF6DCC54BF648C60CF649C60DF64AC60EF64BC60FF6000E55
:20452E000501AB6F000EAC6F200EAD6F410EAE6F42C6A7F543C6A8F544C6A9F545C6AAF5D2
:20454E00D9EC33F0A7C510F6A8C511F6A9C512F6AAC513F64FEC52F00601D8A0B9EF22F0DB
:20456E00BBEF22F0E4EF22F0404B412B42C6A7F543C6A8F544C6A9F545C6AAF5000E0501E5
:20458E00AB6F000EAC6F200EAD6F410EAE6FD9EC33F0A7C542F6A8C543F6A9C544F6AAC5CB
:2045AE0045F6660E06013B19D8A4E0EF22F0E2EF22F0E4EF22F03E4B3F2B42C659F643C66B
:2045CE005AF644C65BF645C65CF640C631F641C632F6396B000E366F000E356F000E516F92
:2045EE00000E506FE1EF23F048C6C0F549C6C1F54AC6C2F54BC6C3F559C6C4F55AC6C5F533
:20460E005BC6C6F55CC6C7F5C6EC39F0C0C5D9F5C1C5DAF5C2C5DBF5C3C5DCF5E2EC43F09E
:20462E00D9C54CF6DAC54DF6DBC54EF6DCC54FF64CC624F64DC625F64EC626F64FC627F624
:20464E004FEC56F0060125BF38EF23F0255107E10A0E245DD8B036EF23F038EF23F048EF7E
:20466E0023F04CC624F64DC625F64EC626F64FC627F64FEC56F024C63CF625C63DF64CEF67
:20468E0023F0000E3D6F090E3C6F06013951D8A453EF23F055EF23F07DEF23F032BF5CEF09
:2046AE0023F05AEF23F07DEF23F0860E5725D96E090E5821DA6E2E0EDF6E574B582B4607D4
:2046CE00D8A04707010E396F7DEF23F0860E5725D96E090E5821DA6E300EDF6E574B582BF1
:2046EE004607D8A047073507D8A0360735513611D8A484EF23F086EF23F06DEF23F0860E4E
:20470E005725D96E090E5821DA6E3C51300FDF6E574B582B4607D8A0470748C600F649C68C
:20472E0001F64AC602F64BC603F64CC6ABF54DC6ACF54EC6ADF54FC6AEF559C6A7F55AC6B3
:20474E00A8F55BC6A9F55CC6AAF5D9EC33F0A7C504F6A8C505F6A9C506F6AAC507F6BDECF9
:20476E006CF000C648F601C649F602C64AF603C64BF659C6C0F55AC6C1F55BC6C2F55CC60F
:20478E00C3F5000E0501C46F000EC56F200EC66F410EC76FC6EC39F0C0C559F6C1C55AF65D
:2047AE00C2C55BF6C3C55CF606013107D8A03207504B512B3E51505D5151800A2F6F3F519C
:2047CE00800A2F59D8B0EEEF23F0F0EF23F0FEEF23F058BFFCEF23F0585109E14B0E575D9A
:2047EE00D8A0FCEF23F0FEEF23F0FBEF22F0000E516F4F0E506F860E5025D96E090E512176
:20480E00DA6EDF6A860E2F6F090E306F57512F5F5851305B50512F250501646F0601515130
:20482E0030210501656F860E666F090E676F57C668F558C669F5E5EC6AF006015751505D6C
:20484E00576F58515159586F5251D8A431EF24F034EF24F0010E35EF24F0000E506F516B10
:20486E00E0A33CEF24F03EEF24F06CEF24F04EEF24F05707D8A05807860E5725D96E090EC4
:20488E005821DA6E300EDF6E4607D8A047074651505D5151800A2F6F4751800A2F59D8B06B
:2048AE005BEF24F05DEF24F06CEF24F05751505D5151800A2F6F5851800A2F59D8A06AEF12
:2048CE0024F06CEF24F040EF24F05251D8B472EF24F074EF24F07FEF24F05707D8A0580732
:2048EE00860E5725D96E090E5821DA6E52C6DFF45051465F5151475B28C678F529C679F54E
:20490E00860E572505017A6F090E0601582105017B6F46C67CF547C67DF51EEC63F0120098
:20492E002AC600F62BC601F62CC602F62DC603F62EC604F62FC605F630C606F631C607F601
:20494E00BDEC6CF000C656F601C657F602C658F603C659F656C608F657C609F658C60AF69C
:20496E0059C60BF673EC6FF008C65AF609C65BF60AC65CF60BC65DF656C608F657C609F691
:20498E0058C60AF659C60BF673EC6FF008C60CF609C60DF60AC60EF60BC60FF6000E0601AC
:2049AE00106F000E116F800E126F3F0E136F4FEC52F00601D8B0E6EF24F0E8EF24F0F0EF3F
:2049CE0024F0000E566F000E576F000E586F000E596F20EE05F02851D9262951DA22DEC4D0
:2049EE0052F6DEC453F6DEC454F6DEC455F6000E0C6F000E0D6F480E0E6F420E0F6F5AC6C9
:204A0E0010F65BC611F65CC612F65DC613F64FEC52F00601D8B016EF25F018EF25F035EF9E
:204A2E0025F052C6A7F553C6A8F554C6A9F555C6AAF5CD0E0501AB6FCC0EAC6FCC0EAD6F91
:204A4E003D0EAE6FD9EC33F0A7C552F6A8C553F6A9C554F6AAC555F6A1EF25F0000E0C6FEE
:204A6E00000E0D6FA00E0E6F410E0F6F5AC610F65BC611F65CC612F65DC613F64FEC52F085
:204A8E000601D8B04DEF25F04FEF25F06CEF25F052C6A7F553C6A8F554C6A9F555C6AAF589
:204AAE009A0E0501AB6F990EAC6F990EAD6F3E0EAE6FD9EC33F0A7C552F6A8C553F6A9C572
:204ACE0054F6AAC555F6A1EF25F05AC60CF65BC60DF65CC60EF65DC60FF6000E106F000EF0
:204AEE00116FA00E126F400E136F4FEC52F00601D8B084EF25F086EF25F0A1EF25F052C64E
:204B0E00A7F553C6A8F554C6A9F555C6AAF5000E0501AB6F000EAC6F000EAD6F400EAE6FD7
:204B2E00D9EC33F0A7C552F6A8C553F6A9C554F6AAC555F6060120EE01F02851D9262951AB
:204B4E00DA22DEC4A7F5DEC4A8F5DEC4A9F5DEC4AAF556C6ABF557C6ACF558C6ADF559C6F4
:204B6E00AEF5D9EC33F0A7C532F6A8C533F6A9C534F6AAC535F65AC60CF65BC60DF65CC6D8
:204B8E000EF65DC60FF6000E0601106F000E116F480E126F420E136F4FEC52F00601D8B004
:204BAE00DBEF25F0DDEF25F0BCEF27F056C65EF657C65FF658C660F659C661F6000E0C6F10
:204BCE00000E0D6FF00E0E6F410E0F6F5AC610F65BC611F65CC612F65DC613F64FEC52F0D4
:204BEE000601D8B0FDEF25F0FFEF25F045EF26F0000E0C6F000E0D6F200E0E6F420E0F6F3E
:204C0E005EC610F65FC611F660C612F661C613F64FEC52F00601D8B017EF26F019EF26F08C
:204C2E0021EF26F0000E5E6F000E5F6F200E606F420E616F5EC60CF65FC60DF660C60EF6F4
:204C4E0061C60FF6000E106F000E116F200E126FC20E136F4FEC52F00601D8B039EF26F0B4
:204C6E003BEF26F018EF27F0000E5E6F000E5F6F200E606FC20E616F18EF27F0000E0C6FCD
:204C8E00000E0D6F200E0E6F410E0F6F5AC610F65BC611F65CC612F65DC613F64FEC52F0E3
:204CAE000601D8B05DEF26F05FEF26F0D4EF26F05AC6A7F55BC6A8F55CC6A9F55DC6AAF5BC
:204CCE00CD0E0501AB6FCC0EAC6F4C0EAD6F3F0EAE6FD9EC33F0A7C54AF6A8C54BF6A9C546
:204CEE004CF6AAC54DF64AC60CF64BC60DF64CC60EF64DC60FF65EC610F65FC611F660C6E2
:204D0E0012F661C613F64FEC52F00601D8B092EF26F094EF26F09CEF26F04AC65EF64BC6FB
:204D2E005FF64CC660F64DC661F65EC60CF65FC60DF660C60EF661C60FF64AC664F54BC620
:204D4E0065F54CC666F54DC667F58EEC6EF064C510F665C511F666C512F667C513F64FEC34
:204D6E0052F00601D8B0BEEF26F0C0EF26F018EF27F04AC664F54BC665F54CC666F54DC65A
:204D8E0067F58EEC6EF064C55EF665C55FF666C560F667C561F618EF27F0000E0C6F000E1C
:204DAE000D6FA00E0E6F400E0F6F5EC610F65FC611F660C612F661C613F64FEC52F006013A
:204DCE00D8B0ECEF26F0EEEF26F0F6EF26F0000E5E6F000E5F6FA00E606F400E616F5EC6E8
:204DEE000CF65FC60DF660C60EF661C60FF6000E106F000E116FA00E126FC00E136F4FEC50
:204E0E0052F00601D8B00EEF27F010EF27F018EF27F0000E5E6F000E5F6FA00E606FC00E69
:204E2E00616F5EC6A7F55FC6A8F560C6A9F561C6AAF5060120EE05F02851D9262951DA2290
:204E4E00DEC4C4F5DEC4C5F5DEC4C6F5DEC4C7F552C6C0F553C6C1F554C6C2F555C6C3F592
:204E6E00C6EC39F0C0C5ABF5C1C5ACF5C2C5ADF5C3C5AEF5D9EC33F0A7C55EF6A8C55FF63F
:204E8E00A9C560F6AAC561F6060120EE1DF02851D9262951DA22DEC4D9F5DEC4DAF5DEC4E7
:204EAE00DBF5DEC4DCF55EC6DDF55FC6DEF560C6DFF561C6E0F5FCEC2CF0060120EE1DF097
:204ECE002851D9262951DA220501D9C5DEF4DAC5DEF4DBC5DEF4DCC5DEF4060120EE11F0F4
:204EEE002851D9262951DA22DEC41CF6DEC41DF6DEC41EF6DEC41FF620EE1DF02851D9264D
:204F0E002951DA22DEC414F6DEC415F6DEC416F6DEC417F620EE0DF02851D9262951DA225E
:204F2E00DEC418F6DEC419F6DEC41AF6DEC41BF6E4EC52F014C620F615C621F616C622F6B5
:204F4E0017C623F678EC53F0060120EE1DF02851D9262951DA221CC6DEF41DC6DEF41EC649
:204F6E00DEF41FC6DEF4CAEF27F020EE1DF02851D9262951DA22000EDE6E000EDE6E000EFF
:204F8E00DE6E000EDD6E20EE1DF02851D9262951DA22DEC4A7F5DEC4A8F5DEC4A9F5DEC4F6
:204FAE00AAF552C6ABF553C6ACF554C6ADF555C6AEF5D9EC33F0A7C536F6A8C537F6A9C5D0
:204FCE0038F6AAC539F6060120EE21F02851D9262951DA22DEC404F6DEC405F6DEC406F60C
:204FEE00DEC407F656C600F657C601F658C602F659C603F6BDEC6CF000C6A7F501C6A8F5E5
:20500E0002C6A9F503C6AAF5060120EE09F02851D9262951DA22DEC4ABF5DEC4ACF5DEC491
:20502E00ADF5DEC4AEF5D9EC33F0A7C546F6A8C547F6A9C548F6AAC549F6330E0501AB6F86
:20504E00330EAC6F330EAD6F3F0EAE6F46C6A7F547C6A8F548C6A9F549C6AAF5D9EC33F08B
:20506E00A7C5D9F5A8C5DAF5A9C5DBF5AAC5DCF59A0E0501AB6F990EAC6F990EAD6F3E0E95
:20508E00AE6F22C7A7F523C7A8F524C7A9F525C7AAF5D9EC33F0A7C5DDF5A8C5DEF5A9C5F1
:2050AE00DFF5AAC5E0F5FCEC2CF0D9C546F6DAC547F6DBC548F6DCC549F646C622F747C620
:2050CE0023F748C624F749C625F7060120EE21F02851D9262951DA2256C6DEF457C6DEF463
:2050EE0058C6DEF459C6DEF436C6DDF537C6DEF538C6DFF539C6E0F532C6D9F533C6DAF5EF
:20510E0034C6DBF535C6DCF5FCEC2CF0D9C53AF6DAC53BF6DBC53CF6DCC53DF63AC6D9F5D5
:20512E003BC6DAF53CC6DBF53DC6DCF546C6DDF547C6DEF548C6DFF549C6E0F5FCEC2CF063
:20514E00D9C54EF6DAC54FF6DBC550F6DCC551F628C6D9F429C6DAF4DE04D8A4B9EF28F017
:20516E00BBEF28F03CEF29F0060151BFC3EF28F0C1EF28F0CDEF28F0000E3E6F000E3F6F27
:20518E00000E406FBF0E416FD5EF28F0000E3E6F000E3F6F000E406F3F0E416F4EC6DDF5D4
:2051AE004FC6DEF550C6DFF551C6E0F53EC6D9F53FC6DAF540C6DBF541C6DCF5FCEC2CF0CB
:2051CE00D9C524F6DAC525F6DBC526F6DCC527F64FEC56F006012451DC272551DD23000E51
:2051EE00186F000E196F480E1A6F450E1B6FDCC699F5DDC69AF50501000E9ABFFF0E9B6FE2
:20520E009C6F010ECCEC49F099C514F69AC515F69BC516F69CC517F6E4EC52F014C620F6C7
:20522E0015C621F616C622F617C623F6000E06011C6F000E1D6F000E1E6F000E1F6F78ECAF
:20524E0053F01CC624F61DC625F61EC626F61FC627F64FEC56F024C6DCF625C6DDF6DCC664
:20526E0028F6DDC629F6C8EF29F028C6D9F429C6DAF4020EDE18D8A447EF29F049EF29F0D6
:20528E00C8EF29F0060151BF51EF29F04FEF29F05BEF29F0000E426F000E436F000E446FC6
:2052AE00BF0E456F63EF29F0000E426F000E436F000E446F3F0E456F4EC6DDF54FC6DEF5E5
:2052CE0050C6DFF551C6E0F542C6D9F543C6DAF544C6DBF545C6DCF5FCEC2CF0D9C524F6CA
:2052EE00DAC525F6DBC526F6DCC527F64FEC56F006012451DA272551DB23000E186F000E57
:20530E00196F480E1A6F450E1B6FDAC699F5DBC69AF50501000E9ABFFF0E9B6F9C6F010E3F
:20532E00CCEC49F099C514F69AC515F69BC516F69CC517F6E4EC52F014C620F615C621F6CE
:20534E0016C622F617C623F6000E06011C6F000E1D6F000E1E6F000E1F6F78EC53F01CC65B
:20536E0024F61DC625F61EC626F61FC627F64FEC56F024C6DAF625C6DBF6DAC628F6DBC6AF
:20538E0029F6120012C742F613C743F614C744F615C745F608C642F609C643F60AC644F666
:2053AE000BC645F6000E0601296F000E286F455109E1800E445DD8A0E7EF29F0E9EF29F07A
:2053CE00F0EF29F045AFEEEF29F0F0EF29F057EF2AF0D89042350501E96F060143350501C3
:2053EE00EA6F060144350501EB6F060145350501EC6FE951EA11EB11EC11D8A409EF2AF0C8
:20540E000BEF2AF01EEF2AF0000E0601426F000E436F800E446FFF0E456F42C608F643C6AC
:20542E0009F644C60AF645C60BF6FBEF2CF0060145AF24EF2AF026EF2AF036EF2AF0000E9F
:20544E000701986F210E976FFF0E0601426FFF0E436FFF0E446F7F0E456F14EF2AF0E70E63
:20546E002827FF0E292342C6A7F543C6A8F544C6A9F545C6AAF5000E0501AB6F000EAC6F83
:20548E00000EAD6F4C0EAE6FD9EC33F0A7C542F6A8C543F6A9C544F6AAC545F684EF2AF04C
:2054AE00800E445D7F0E4559D8A060EF2AF062EF2AF06CEF2AF008C608F609C609F60AC659
:2054CE000AF60BC60BF6FBEF2CF0800E441909E13F0E451942114311D8A478EF2AF07AEF59
:2054EE002AF084EF2AF0000E086F000E096F000E0A6F000E0B6FFBEF2CF00D0E060142274C
:20550E00FB0E43234A0E4423000E452342C6E9F543C6EAF544C6EBF545C6ECF5180E9EEF82
:20552E002AF00501D890EC33EB33EA33E933E82E98EF2AF0810EE925ED6FFF0EEA21EE6F3A
:20554E00ED51060128270501EE5106012923FF0E42150501E96FFF0E060143150501EA6F84
:20556E007F0E060144150501EB6F000E060145150501EC6FF30EE9250601426F040E050121
:20558E00EA210601436F350E0501EB210601446F3F0E0501EC210601456F42C600F643C608
:2055AE0001F644C602F645C603F6000E046F000E056F800E066F3F0E076FBDEC6CF000C64C
:2055CE0042F601C643F602C644F603C645F642C6C0F543C6C1F544C6C2F545C6C3F5000E71
:2055EE000501DD6F000EDE6F000EDF6F400EE06F42C6D9F543C6DAF544C6DBF545C6DCF593
:20560E00FCEC2CF0D9C5C4F5DAC5C5F5DBC5C6F5DCC5C7F5C6EC39F0C0C532F6C1C533F6D9
:20562E00C2C534F6C3C535F632C6A7F533C6A8F534C6A9F535C6AAF532C6ABF533C6ACF56A
:20564E0034C6ADF535C6AEF5D9EC33F0A7C536F6A8C537F6A9C538F6AAC539F636C6A7F516
:20566E0037C6A8F538C6A9F539C6AAF536C6ABF537C6ACF538C6ADF539C6AEF5D9EC33F0E4
:20568E00A7C53AF6A8C53BF6A9C53CF6AAC53DF6130E0501DD6FCE0EDE6FCC0EDF6F3E0E70
:2056AE00E06F260EAB6F9E0EAC6F780EAD6F3E0EAE6F3AC6A7F53BC6A8F53CC6A9F53DC690
:2056CE00AAF5D9EC33F0A7C5D9F5A8C5DAF5A9C5DBF5AAC5DCF5FCEC2CF0D9C53EF6DAC5CC
:2056EE003FF6DBC540F6DCC541F63EC6A7F53FC6A8F540C6A9F541C6AAF53AC6ABF53BC68C
:20570E00ACF53CC6ADF53DC6AEF5D9EC33F0A7C510F6A8C511F6A9C512F6AAC513F6AA0E1C
:20572E000501DD6FAA0EDE6F2A0EDF6F3F0EE06FEE0EAB6FE90EAC6F910EAD6F3E0EAE6F96
:20574E003AC6A7F53BC6A8F53CC6A9F53DC6AAF5D9EC33F0A7C5D9F5A8C5DAF5A9C5DBF523
:20576E00AAC5DCF5FCEC2CF0D9C53EF6DAC53FF6DBC540F6DCC541F63EC6A7F53FC6A8F541
:20578E0040C6A9F541C6AAF536C6ABF537C6ACF538C6ADF539C6AEF5D9EC33F0A7C514F6D7
:2057AE00A8C515F6A9C516F6AAC517F614C6D9F515C6DAF516C6DBF517C6DCF510C6DDF519
:2057CE0011C6DEF512C6DFF513C6E0F5FCEC2CF0D9C50CF6DAC50DF6DBC50EF6DCC50FF627
:2057EE00000E0501AB6F000EAC6F000EAD6F3F0EAE6F42C6A7F543C6A8F544C6A9F545C6B3
:20580E00AAF5D9EC33F0A7C53EF6A8C53FF6A9C540F6AAC541F63EC6A7F53FC6A8F540C61F
:20582E00A9F541C6AAF542C6ABF543C6ACF544C6ADF545C6AEF5D9EC33F0A7C52AF6A8C589
:20584E002BF6A9C52CF6AAC52DF628C699F529C69AF50501000E9ABFFF0E9B6F9C6F010E5F
:20586E00CCEC49F099C52EF69AC52FF69BC530F69CC531F632C6ABF533C6ACF534C6ADF547
:20588E0035C6AEF50CC6DDF50DC6DEF50EC6DFF50FC6E0F52AC6D9F52BC6DAF52CC6DBF580
:2058AE002DC6DCF5FCEC2CF0D9C5A7F5DAC5A8F5DBC5A9F5DCC5AAF5D9EC33F0A7C518F6BC
:2058CE00A8C519F6A9C51AF6AAC51BF6D10E0501AB6FF70EAC6F170EAD6F370EAE6F2EC68A
:2058EE00A7F52FC6A8F530C6A9F531C6AAF5D9EC33F0A7C5DDF5A8C5DEF5A9C5DFF5AAC52B
:20590E00E0F518C6D9F519C6DAF51AC6DBF51BC6DCF5FCEC2CF0D9C51CF6DAC51DF6DBC5E2
:20592E001EF6DCC51FF62AC604F62BC605F62CC606F62DC607F61CC600F61DC601F61EC645
:20594E0002F61FC603F6BDEC6CF000C620F601C621F602C622F603C623F642C6DDF543C6FF
:20596E00DEF544C6DFF545C6E0F520C6D9F521C6DAF522C6DBF523C6DCF5FCEC2CF0D9C50A
:20598E0024F6DAC525F6DBC526F6DCC527F624C6D9F525C6DAF526C6DBF527C6DCF5800E31
:2059AE000501AB6F710EAC6F310EAD6F3F0EAE6F2EC6A7F52FC6A8F530C6A9F531C6AAF50E
:2059CE00D9EC33F0A7C5DDF5A8C5DEF5A9C5DFF5AAC5E0F5FCEC2CF0D9C508F6DAC509F68F
:2059EE00DBC50AF6DCC50BF612000501DC51800BE56FDC51DC25E76FDBAF08EF2DF00AEF18
:205A0E002DF00BEF2DF0E781E751D8B411EF2DF013EF2DF027EF2DF0E729D8A419EF2DF0F8
:205A2E001BEF2DF023EF2DF0000ED96F000EDA6F000EDB6F000EDC6FDB8FDC6B2FEF2DF0B8
:205A4E00000ED96F000EDA6F000EDB6F000EDC6FE051800BE66FE551E619D8B439EF2DF0C3
:205A6E003BEF2DF03CEF2DF0E58DE051E025E66FDFAF44EF2DF046EF2DF047EF2DF0E681A2
:205A8E00E651D8B44DEF2DF04FEF2DF063EF2DF0E629D8A455EF2DF057EF2DF05FEF2DF058
:205AAE00000EDD6F000EDE6F000EDF6F000EE06FDF8FE06B6BEF2DF0000EDD6F000EDE6F85
:205ACE00000EDF6F000EE06FE751E65DD8B072EF2DF074EF2DF09BEF2DF0E5AD79EF2DF040
:205AEE007BEF2DF07DEF2DF0800EE51BE7C5E8F5E6C5E7F5E8C5E6F5D9C5E8F5DDC5D9F577
:205B0E00E8C5DDF5DAC5E8F5DEC5DAF5E8C5DEF5DBC5E8F5DFC5DBF5E8C5DFF5DCC5E8F59A
:205B2E00E0C5DCF5E8C5E0F5E86BE751E6C5E1F5E26BE15F000EE25BE2BFAFEF2DF0E251EC
:205B4E0009E11A0EE15DD8A0AFEF2DF0B1EF2DF0E8EF2DF0D951DA11DB11DC11D8A4BAEFF0
:205B6E002DF0BDEF2DF0010EBEEF2DF0000EE86F000ED96F000EDA6F000EDB6F000EDC6F95
:205B8E00E6C5E7F5F1EF2DF0E8A1D0EF2DF0D2EF2DF0D8EF2DF0D890E8310109E86FDAEFA1
:205BAE002DF0D890E833D9A1DFEF2DF0E1EF2DF0E2EF2DF0E88FDC35DC33DB33DA33D93339
:205BCE00E72BE651E75DD8A0EFEF2DF0F1EF2DF0CBEF2DF0E5BDF6EF2DF0F8EF2DF038EF14
:205BEE002EF0E751D8A4FEEF2DF000EF2EF00AEF2EF0000ED96F000EDA6F000EDB6F000E84
:205C0E00DC6F57EF2FF0DD51D927DE51DA23DF51DB23E051DC23DCA117EF2EF019EF2EF047
:205C2E00C5EF2EF0E8A11EEF2EF020EF2EF026EF2EF0D890E8310109E86F28EF2EF0D890F1
:205C4E00E833D9A12DEF2EF02FEF2EF030EF2EF0E88FDC35DC33DB33DA33D933E72BC5EF6A
:205C6E002EF0DD51D95DDE51DA59DF51DB59DC51800AE16FE051800AE159D8B049EF2EF0F4
:205C8E004BEF2EF076EF2EF0D951DD5DE16FDA51DE59E26FDB51DF59E36FDC51E059E46F45
:205CAE00FF0EE125D96FFF0EE221DA6FFF0EE321DB6FFF0EE421DC6F800EE51BE86DE8514E
:205CCE00D8A46CEF2EF06EEF2EF07EEF2EF0010ED927000EDA23DB23DC237EEF2EF0DD51EB
:205CEE00D95FDE51DA5BDF51DB5BE051DC5BD951DA11DB11DC11D8A487EF2EF089EF2EF098
:205D0E00BEEF2EF0E851D8A48FEF2EF091EF2EF0BEEF2EF0000ED96F000EDA6F000EDB6FEB
:205D2E00000EDC6F57EF2FF0D890D937DA37DB37DC37E8AFA5EF2EF0A7EF2EF0A8EF2EF037
:205D4E00D981E8A1ADEF2EF0AFEF2EF0B3EF2EF0D880E837B5EF2EF0D890E837E751D8B498
:205D6E00BBEF2EF0BDEF2EF0BEEF2EF0E707DBAFC3EF2EF0C5EF2EF09BEF2EF0E66BE8AF0E
:205D8E00CBEF2EF0CDEF2EF0E5EF2EF0E8C5E1F57F0EE117D8B4D6EF2EF0D8EF2EF0DCEF2A
:205DAE002EF0010EE66FE5EF2EF0D9A1E1EF2EF0E3EF2EF0E5EF2EF0D8EF2EF0E651D8B46F
:205DCE00EBEF2EF0EDEF2EF018EF2FF0010ED927000EDA23DB23DC23DCA1F8EF2EF0FAEF1B
:205DEE002EF018EF2FF0D9C5E1F5DAC5E2F5DBC5E3F5DCC5E4F5E435E433E333E233E13306
:205E0E00E1C5D9F5E2C5DAF5E3C5DBF5E4C5DCF5E729D8B415EF2FF017EF2FF018EF2FF08E
:205E2E00E72BE729D8B41EEF2FF020EF2FF028EF2FF0E751D8A426EF2FF028EF2FF039EFD0
:205E4E002FF0000ED96F000EDA6F000EDB6F000EDC6FE751D8A436EF2FF038EF2FF039EF51
:205E6E002FF0E56BE7A13EEF2FF040EF2FF043EF2FF0DB8F44EF2FF0DB9FD890E731DC6F31
:205E8E00E5AF4CEF2FF04EEF2FF04FEF2FF0DC8FD9C5D9F5DAC5DAF5DBC5DBF5DCC5DCF526
:205EAE0012000601396F1C0E06013919D8A462EF2FF064EF2FF086EF30F0010EE9656AEFE7
:205ECE002FF06CEF2FF086EF30F0000E0501C46F000EC56F7A0EC66F440EC76F1C0EFBECA7
:205EEE0046F005016CC599F56DC59AF59B6B9C6B000ECCEC49F099C5C0F59AC5C1F59BC544
:205F0E00C2F59CC5C3F5C6EC39F0C0C5A7F5C1C5A8F5C2C5A9F5C3C5AAF5000E0501AB6F0A
:205F2E00000EAC6F110EAD6F430EAE6FD9EC33F0A7C53EF6A8C53FF6A9C540F6AAC541F60D
:205F4E00160EF7EC3FF014C63AF615C63BF616C63CF617C63DF63EC6ABF53FC6ACF540C679
:205F6E00ADF541C6AEF53AC6A7F53BC6A8F53CC6A9F53DC6AAF5D9EC33F0A7C5C0F5A8C5D5
:205F8E00C1F5A9C5C2F5AAC5C3F5000E0501C46F000EC56F7A0EC66F440EC76FC6EC39F048
:205FAE00C0C531F6C1C532F6C2C533F6C3C534F6000E06010C6F000E0D6FF00E0E6F410E33
:205FCE000F6F3EC610F63FC611F640C612F641C613F64FEC52F00601D8A0F8EF2FF0FAEF16
:205FEE002FF003EF30F0010EE76F000E0501F26F020EF16FA8EF31F03EC60CF63FC60DF652
:20600E0040C60EF641C60FF6000E106F800E116F090E126F440E136F4FEC52F00601D8B049
:20602E001BEF30F01DEF30F037EF30F0000E0C6F000E0D6F160E0E6F430E0F6F3EC610F629
:20604E003FC611F640C612F641C613F64FEC52F00601D8A035EF30F037EF30F040EF30F033
:20606E00020EE76F000E0501F26F010EF16FA8EF31F0CD0E0501AB6FCC0EAC6F8C0EAD6F6A
:20608E003F0EAE6FDEC699F5DFC69AF59B6B9C6B000ECCEC49F099C5A7F59AC5A8F59BC5C0
:2060AE00A9F59CC5AAF5D9EC33F0A7C50CF6A8C50DF6A9C50EF6AAC50FF631C610F632C693
:2060CE0011F633C612F634C613F64FEC52F00601D8B074EF30F076EF30F07FEF30F0030EF4
:2060EE00E76F000E0501F26F020EF16FA8EF31F0000E0501F26F000EF16FA8EF31F0110EE5
:20610E003919D8A48DEF30F08FEF30F07FEF30F0010EE86595EF30F097EF30F07FEF30F0A7
:20612E00000E0501C46F000EC56F7A0EC66F440EC76F110EFBEC46F005016CC599F56DC550
:20614E009AF59B6B9C6B000ECCEC49F099C5C0F59AC5C1F59BC5C2F59CC5C3F5C6EC39F063
:20616E00C0C5A7F5C1C5A8F5C2C5A9F5C3C5AAF5000E0501AB6F000EAC6F110EAD6F430E9E
:20618E00AE6FD9EC33F0A7C542F6A8C543F6A9C544F6AAC545F6040EF7EC3FF014C63AF622
:2061AE0015C63BF616C63CF617C63DF642C6ABF543C6ACF544C6ADF545C6AEF53AC6A7F55F
:2061CE003BC6A8F53CC6A9F53DC6AAF5D9EC33F0A7C5C0F5A8C5C1F5A9C5C2F5AAC5C3F559
:2061EE00000E0501C46F000EC56F7A0EC66F440EC76FC6EC39F0C0C535F6C1C536F6C2C5FF
:20620E0037F6C3C538F6000E06010C6F000E0D6FA00E0E6F410E0F6F42C610F643C611F65D
:20622E0044C612F645C613F64FEC52F00601D8A023EF31F025EF31F02EEF31F0040EE76F20
:20624E00000E0501F26F020EF16FA8EF31F042C60CF643C60DF644C60EF645C60FF6000E51
:20626E00106F000E116F960E126F430E136F4FEC52F00601D8B046EF31F048EF31F062EF00
:20628E0031F0000E0C6F000E0D6F480E0E6F420E0F6F42C610F643C611F644C612F645C6E0
:2062AE0013F64FEC52F00601D8A060EF31F062EF31F06BEF31F0050EE76F000E0501F26F90
:2062CE00010EF16FA8EF31F0CD0E0501AB6FCC0EAC6F8C0EAD6F3F0EAE6F45C599F546C5D6
:2062EE009AF59B6B9C6B000ECCEC49F099C5A7F59AC5A8F59BC5A9F59CC5AAF5D9EC33F019
:20630E00A7C50CF6A8C50DF6A9C50EF6AAC50FF635C610F636C611F637C612F638C613F69B
:20632E004FEC52F00601D8B09FEF31F0A1EF31F07FEF30F0060EE76F000E0501F26F020E66
:20634E00F16F12005FC6D9F460C6DAF4DEC4F6F4DDC4F7F4000EF86E0800F550250AD8A453
:20636E00BBEF31F0BDEF31F0C1EF33F05FC6D9F460C6DAF4DE2A000EDD22000E0601D76F4E
:20638E00000ED66FD6C6E0F6D869D969656BF0EF31F0E0835FC6D9F460C6DAF4DE2A000E78
:2063AE00DD22F0EF31F0010E656FF0EF31F05FC6D9F460C6DAF4DEC4F6F4DDC4F7F4000EE1
:2063CE00F86E0800F550300AD8B4D0EF31F0DAEF31F06551D8B4F6EF31F0F8EF31F0DEEF4F
:2063EE0031F05FC664F560C665F561C666F562C667F538EC5DF064C5D6F665C5D7F6060106
:20640E00D7BF0EEF32F00CEF32F013EF32F0E081D66DD71FD8B0D72B5FC6D9F460C6DAF46E
:20642E00DEC4F6F4DDC4F7F4000EF86E0800F5502E0AD8A425EF32F027EF32F03CEF32F006
:20644E005FC6D9F460C6DAF4DE2A000EDD225FC664F560C665F561C666F562C667F538EC0B
:20646E005DF064C5D8F665C5D9F65FC6D9F460C6DAF4DEC46BF6DDC46CF66BC6F6F46CC698
:20648E00F7F4000EF86E0800F550640AD8B452EF32F054EF32F064EF32F06BC6F6F46CC6BE
:2064AE00F7F4000EF86E0800F550690AD8A462EF32F064EF32F093EF32F061C6D9F462C68B
:2064CE00DAF4DFC463F6020EDE26DFC464F6000EDD2263C6D9F464C6DAF4DEC467F6DDC438
:2064EE0068F6010E06016B25636F000E6C21646F5FC6D9F460C6DAF463C6DEF464C6DDF46E
:20650E005DC681F55EC682F567C683F568C684F5EAEC48F0D8EF33F06BC6F6F46CC6F7F4BD
:20652E00000EF86E0800F550580AD8B4A1EF32F0A3EF32F0B3EF32F06BC6F6F46CC6F7F43C
:20654E00000EF86E0800F550750AD8A4B1EF32F0B3EF32F002EF33F061C6D9F462C6DAF4ED
:20656E00DFC463F6020EDE26DFC464F6000EDD2263C6D9F464C6DAF4DEC467F6DDC468F607
:20658E00010E06016B25636F000E6C21646F5FC6D9F460C6DAF463C6DEF464C6DDF4F0EF4C
:2065AE0032F05DC681F55EC682F567C683F568C684F584EC50F0D8EF33F05DC681F55EC6D4
:2065CE0082F567C683F568C684F5DDEC4FF0D8EF33F06BC6F6F46CC6F7F4000EF86E080044
:2065EE00F550580AD8B4E4EF32F02D0AD8B4D8EF32F002EF33F05FC6D9F460C6DAF4DEC41D
:20660E006BF6DDC46CF66BC6F6F46CC6F7F4000EF86E0800F5C466F620EF33F06B4B6C2BC0
:20662E0030EF33F06C0E666F30EF33F0666B30EF33F0060166514C0AD8B415EF33F02A0A6B
:20664E00D8B419EF33F00A0AD8B415EF33F01DEF33F06BC6F6F46CC6F7F4000EF86E0800CB
:20666E00F550660AD8A43EEF33F040EF33F0B8EF33F076EF33F061C6D9F462C6DAF4DFC45A
:20668E0063F6040EDE26DFC464F6000EDD2263C6D9F464C6DAF4DEC467F6DEC468F6DEC4E4
:2066AE0069F6DEC46AF681EF33F061C6D9F462C6DAF4DFC463F6040EDE26DFC464F6000ED1
:2066CE00DD2263C6D9F464C6DAF4DEC467F6DEC468F6DEC469F6DEC46AF681EF33F0665173
:2066EE004C0AD8B45CEF33F0200AD8B442EF33F081EF33F0010E6B25636F000E6C21646FC0
:20670E005FC6D9F460C6DAF463C6DEF464C6DDF4AAEF33F05DC628F65EC629F667C62AF602
:20672E0068C62BF669C62CF66AC62DF66BC6F6F46CC6F7F4000EF86E0800F5C42EF637ECA4
:20674E001FF0D8EF33F06BC6F6F46CC6F7F4000EF86E0800F550660AD8B491EF33F0B8EFF3
:20676E0033F05FC6D9F460C6DAF4DE2A000EDD22D8EF33F05FC6D9F460C6DAF4DEC4F6F491
:20678E00DDC4F7F4000EF86E0800F5500501686F696B5DC66AF55EC66BF59FEC5DF0B8EF68
:2067AE0033F012000501AA51800BB36FAA51AA25B96FA9AFE5EF33F0E7EF33F0E8EF33F0B4
:2067CE00B981B951D8B4EEEF33F0F0EF33F003EF34F0B929D8A4F6EF33F0F8EF33F000EF64
:2067EE0034F0000EA76F000EA86F000EA96F000EAA6FA98F0BEF34F0000EA76F000EA86F32
:20680E00000EA96F000EAA6FAE51800BB31BAE51AE25B46FADAF16EF34F018EF34F019EF18
:20682E0034F0B481B451D8B41FEF34F021EF34F034EF34F0B429D8A427EF34F029EF34F0E4
:20684E0031EF34F0000EAB6F000EAC6F000EAD6F000EAE6FAD8F3CEF34F0000EAB6F000E7F
:20686E00AC6F000EAD6F000EAE6FB451D8B442EF34F044EF34F04CEF34F0B951D8A44AEF3F
:20688E0034F04CEF34F056EF34F0000EA76F000EA86F000EA96F000EAA6FECEF35F0AD516A
:2068AE00A703F3C4BEF5F4C4BFF5BE51B56FB66BB76BB86BBF51BA6FBB6BBC6BBD6BAC5106
:2068CE00A803F3C4BEF5F4C4BFF5BE51B527000EB623B723B823BF51BA27000EBB23BC23E6
:2068EE00BD23AB51A903F3C4BEF5F4C4BFF5BE51B527000EB623B723B823BF51BA27000EA6
:20690E00BB23BC23BD23B7C5B8F5B6C5B7F5B5C5B6F5B56BAB51A803F3C4BEF5F4C4BFF5BA
:20692E00BE51B527BF51B623000EB723000EB823AC51A703F3C4BEF5F4C4BFF5BE51B5273C
:20694E00BF51B623000EB723000EB823B7C5B8F5B6C5B7F5B5C5B6F5B56BAB51A703F3C47D
:20696E00BEF5F4C4BFF5BE51B527BF51B623000EB723000EB823AD51A803F3C4BEF5F4C47A
:20698E00BFF5BE51BA27BF51BB23000EBC23000EBD23AC51A903F3C4BEF5F4C4BFF5BE51EE
:2069AE00BA27BF51BB23000EBC23000EBD23AD51A903F3C4BEF5F4C4BFF5BE51AF6FBF5162
:2069CE00B06FB16BB26BB1C5B2F5B0C5B1F5AFC5B0F5AF6BAF51BA27B051BB23B151BC2345
:2069EE00B251BD23B5C5AFF5B6C5B0F5B7C5B1F5B8C5B2F5190E09EF35F0D890B233B133AD
:206A0E00B033AF33E82E04EF35F0AF51BA27B051BB23B151BC23B251BD23B7C5B8F5B6C54D
:206A2E00B7F5B5C5B6F5B56BB451B9C5AFF5B06BAF27000EB023820EAF25BE6FFF0EB021EF
:206A4E00BF6F3FEF35F0D890BA37BB37BC37BD37B8AF34EF35F036EF35F037EF35F0BA81F6
:206A6E00D890B537B637B737B837BE07D8A0BF07BCAF44EF35F046EF35F02AEF35F0B46B6D
:206A8E00B8AF4CEF35F04EEF35F072EF35F0FF0EB515AF6FFF0EB615B06FFF0EB715B16F54
:206AAE007F0EB815B26FAF51B011B111B211D8B463EF35F065EF35F069EF35F0010EB46FDC
:206ACE0072EF35F0BAA16EEF35F070EF35F072EF35F065EF35F0B451D8B478EF35F07AEF3C
:206AEE0035F09EEF35F0010EBA27000EBB23BC23BD23BDA185EF35F087EF35F09EEF35F0D2
:206B0E00BAC5AFF5BBC5B0F5BCC5B1F5BDC5B2F5B235B233B133B033AF33AFC5BAF5B0C5C2
:206B2E00BBF5B1C5BCF5B2C5BDF5BE4BBF2BBFBFA9EF35F0BF5108E1BE29D8A0A9EF35F004
:206B4E00ABEF35F0B5EF35F0000EBA6F000EBB6F800EBC6F7F0EBD6FE2EF35F0BFBFC2EF99
:206B6E0035F0BF5106E1BE05D8B0C0EF35F0C2EF35F0CDEF35F0000EBA6F000EBB6F000E98
:206B8E00BC6F000EBD6FB36BE2EF35F0BEC5B9F5FF0EBA17FF0EBB177F0EBC17000EBD173E
:206BAE00B9A1DCEF35F0DEEF35F0DFEF35F0BC8FD890B931BD6FB351BD13BAC5A7F5BBC560
:206BCE00A8F5BCC5A9F5BDC5AAF512002EC768F52FC769F530C76AF531C76BF58DEC65F096
:206BEE0068C5F3F569C5F4F56AC5F5F56BC5F6F5030EABEC6EF064C5F1F565C5F2F5F1C54B
:206C0E0046F6F2C547F68EEC3EF046C6F7F547C6F8F548C6F9F549C6FAF5F7C55AF7F8C5D8
:206C2E005BF7F9C55CF7FAC55DF72AC704F62BC705F62CC706F62DC707F6F7C500F6F8C5A9
:206C4E0001F6F9C502F6FAC503F6BDEC6CF000C608F601C609F602C60AF603C60BF673EC41
:206C6E006FF008C60CF609C60DF60AC60EF60BC60FF6000E0601106F000E116F800E126F2A
:206C8E003F0E136F4FEC52F00601D8B051EF36F053EF36F05EEF36F0050EE36159EF36F005
:206CAE005BEF36F05FEF36F0E32B5FEF36F0E36BF7C52AF7F8C52BF7F9C52CF7FAC52DF792
:206CCE00D7EF37F0E66B040EE36570EF36F072EF36F0E6EF37F0F7C50CF6F8C50DF6F9C5CA
:206CEE000EF6FAC50FF6000E0501DD6F000EDE6FA00EDF6F400EE06FEBC6D9F5ECC6DAF56A
:206D0E00EDC6DBF5EEC6DCF5FCEC2CF0D9C510F6DAC511F6DBC512F6DCC513F64FEC52F040
:206D2E000601D8A09DEF36F09FEF36F0EAEF36F0F7C50CF6F8C50DF6F9C50EF6FAC50FF65D
:206D4E00000E0501DD6F000EDE6F200EDF6F410EE06FEBC6D9F5ECC6DAF5EDC6DBF5EEC619
:206D6E00DCF5FCEC2CF0D9C510F6DAC511F6DBC512F6DCC513F64FEC52F00601D8B0CAEFCF
:206D8E0036F0CCEF36F0EAEF36F00501F651F5110BE1E80EF35D030EF459D8A0D9EF36F096
:206DAE00DBEF36F0E6EF37F0010E0601E46FF5EC72F064C52EF765C52FF766C530F767C511
:206DCE0031F7E6EF37F0F7C50CF6F8C50DF6F9C50EF6FAC50FF6000E0501DD6F000EDE6FC2
:206DEE00200EDF6F410EE06FEBC6D9F5ECC6DAF5EDC6DBF5EEC6DCF5FCEC2CF0D9C510F6BB
:206E0E00DAC511F6DBC512F6DCC513F64FEC52F00601D8A015EF37F017EF37F0DEEF36F025
:206E2E000501F651F5110BE1E80EF35D030EF459D8A024EF37F026EF37F02BEF37F0020E22
:206E4E000601E46FDEEF36F0E6EF37F0010EE66F040EE36535EF37F037EF37F0E6EF37F089
:206E6E00EBC60CF6ECC60DF6EDC60EF6EEC60FF6F7C510F6F8C511F6F9C512F6FAC513F618
:206E8E004FEC52F00601D8A04FEF37F051EF37F064EF37F00501F651F5110BE1E80EF35D1D
:206EAE00030EF459D8A05EEF37F060EF37F0E6EF37F00601E46BDEEF36F0F7C50CF6F8C544
:206ECE000DF6F9C50EF6FAC50FF6000E0501DD6F000EDE6F200EDF6F410EE06FEBC6D9F5C7
:206EEE00ECC6DAF5EDC6DBF5EEC6DCF5FCEC2CF0D9C510F6DAC511F6DBC512F6DCC513F65B
:206F0E004FEC52F00601D8A08FEF37F091EF37F0DEEF36F00501F651F5110BE1E80EF35DA3
:206F2E00030EF459D8A09EEF37F0A0EF37F02BEF37F026EF37F0020EE66F040EE365AAEF2E
:206F4E0037F0ACEF37F0E6EF37F0EBC60CF6ECC60DF6EDC60EF6EEC60FF6F7C510F6F8C5E7
:206F6E0011F6F9C512F6FAC513F64FEC52F00601D8A0C4EF37F0C6EF37F0E6EF37F00501BA
:206F8E00F651F5110BE1D00EF35D070EF459D8A0D3EF37F0D5EF37F0E6EF37F060EF37F05C
:206FAE00E451000AD8B469EF36F0010AD8B42DEF37F0030AD8B4A2EF37F0E6EF37F0120041
:206FCE00060114511511D8A4EFEF37F0F1EF37F0FBEF37F0000E146F000E156F000E166FC2
:206FEE00000E176FC5EF39F0F5EC72F064C526F665C527F666C528F667C529F6060120EE9A
:20700E0008F01451D9261551DA22DEC464F5DEC465F5DEC466F5DEC467F516C668F517C69C
:20702E0069F518C66AF519C66BF572EC62F00501D8B024EF38F026EF38F0B5EF38F00601DF
:20704E0020EE08F01451D9261551DA2216C6DEF417C6DEF418C6DEF419C6DEF414C6D9F4F1
:20706E0015C6DAF4DEC40CF6DEC40DF6DEC40EF6DEC40FF616C610F617C611F618C612F617
:20708E0019C613F64FEC52F00601D8B051EF38F053EF38F083EF38F014C6D9F415C6DAF432
:2070AE0010EE04F01451E1261551E222DEC4E6F4DEC4E6F4DEC4E6F4DEC4E6F420EE0CF000
:2070CE001451D9261551DA2226C6DEF427C6DEF428C6DEF429C6DEF420EE10F01451D9266C
:2070EE001551DA221AC6DEF41BC6DEF41CC6DEF41DC6DEF4B5EF38F020EE04F01451D92620
:20710E001551DA2216C6DEF417C6DEF418C6DEF419C6DEF414C6D9F415C6DAF416C6DEF443
:20712E0017C6DEF418C6DEF419C6DEF420EE0CF01451D9261551DA2226C6DEF427C6DEF4E4
:20714E0028C6DEF429C6DEF420EE10F01451D9261551DA22DE6ADE6ADE6ADD6A060120EE98
:20716E0010F01451D9261551DA22DE50DE10DE10DE10D8A4C5EF38F0C7EF38F0D5EF38F021
:20718E0014C6D9F415C6DAF4DEC414F6DEC415F6DEC416F6DEC417F6C5EF39F020EE0CF0F4
:2071AE001451D9261551DA22DEC468F5DEC469F5DEC46AF5DEC46BF58DEC65F068C52AF6DE
:2071CE0069C52BF66AC52CF66BC52DF6060120EE10F01451D9261551DA22DE502A5DDE50F0
:2071EE002B59DE502C59DE502D59D8A001EF39F003EF39F023EF39F020EE08F01451D92645
:20720E001551DA2214C6E1F415C6E2F4DEC4E6F4DEC4E6F4DEC4E6F4DEC4E6F414C6D9F407
:20722E0015C6DAF4DEC414F6DEC415F6DEC416F6DEC417F6C5EF39F02AC699F52BC69AF506
:20724E002CC69BF52DC69CF5000ECCEC49F099C5C0F59AC5C1F59BC5C2F59CC5C3F50601BC
:20726E0020EE10F01451D9261551DA22DEC499F5DEC49AF5DEC49BF5DEC49CF5000ECCECA0
:20728E0049F099C5C4F59AC5C5F59BC5C6F59CC5C7F5C6EC39F0C0C51EF6C1C51FF6C2C5A9
:2072AE0020F6C3C521F61EC6ABF51FC6ACF520C6ADF521C6AEF5060120EE04F01451D92682
:2072CE001551DA22DEC404F6DEC405F6DEC406F6DEC407F620EE08F01451D9261551DA22FC
:2072EE00DEC400F6DEC401F6DEC402F6DEC403F6BDEC6CF000C6A7F501C6A8F502C6A9F5E9
:20730E0003C6AAF5D9EC33F0A7C522F6A8C523F6A9C524F6AAC525F622C6D9F523C6DAF585
:20732E0024C6DBF525C6DCF5060120EE04F01451D9261551DA22DEC4DDF5DEC4DEF5DEC46F
:20734E00DFF5DEC4E0F5FCEC2CF014C6D9F415C6DAF40501D9C5DEF4DAC5DEF4DBC5DEF427
:20736E00DCC5DEF414C6D9F415C6DAF4DEC414F6DEC415F6DEC416F6DEC417F6120005016E
:20738E00C351800BD06FC351C325D76FC2AFD2EF39F0D4EF39F0D5EF39F0D781D751D8B47F
:2073AE00DBEF39F0DDEF39F0F1EF39F0D729D8A4E3EF39F0E5EF39F0EDEF39F0000EC06F18
:2073CE00000EC16F000EC26F000EC36FC28FC36BF9EF39F0000EC06F000EC16F000EC26F98
:2073EE00000EC36FC751800BD01BC751C725D86FC6AF04EF3AF006EF3AF007EF3AF0D8813C
:20740E00D851D8B40DEF3AF00FEF3AF023EF3AF0D829D8A415EF3AF017EF3AF01FEF3AF00C
:20742E00000EC46F000EC56F000EC66F000EC76FC68FC76B2BEF3AF0000EC46F000EC56FE6
:20744E00000EC66F000EC76FC451C511C611C711D8A434EF3AF036EF3AF04EEF3AF0000E70
:20746E00C06F000EC16F000EC26F000EC36F800EC2137F0EC313D051C313C0C5C0F5C1C595
:20748E00C1F5C2C5C2F5C3C5C3F58EEF3BF0D751D8A454EF3AF056EF3AF060EF3AF0000EFB
:2074AE00C06F000EC16F000EC26F000EC36F8EEF3BF0D851D7C5C8F5C96BC85F000EC95B1B
:2074CE007F0EC825D16F000EC921D26FC0C5CCF5C1C5CDF5C2C5CEF5C3C5CFF5000EC06F4A
:2074EE00000EC16F000EC26F000EC36F000ED36F000ED46F000ED56F000ED66FD86BC0EF89
:20750E003AF0D851D8B48EEF3AF090EF3AF0A7EF3AF0D890CC37CD37CE37CF37D890C03795
:20752E00C137C237C337D6AF9FEF3AF0A1EF3AF0A2EF3AF0C081D890D337D437D537D637C9
:20754E00C451CC5DC551CD59C651CE59C751CF59D8A0B4EF3AF0B6EF3AF0BFEF3AF0D68DD6
:20756E00C451CC5FC551CD5BC651CE5BC751CF5BD82B190ED865C6EF3AF0C8EF3AF088EF5F
:20758E003AF0CC51CD11CE11CF11D8B4D1EF3AF0D3EF3AF0EBEF3AF0D381EBEF3AF0D890D3
:2075AE00C037C137C237C337D6AFE0EF3AF0E2EF3AF0E3EF3AF0C081D890D337D437D5379C
:2075CE00D637D107D8A0D207C2AFF0EF3AF0F2EF3AF0D6EF3AF0D86BD6AFF8EF3AF0FAEF31
:2075EE003AF01EEF3BF0FF0ED315C86FFF0ED415C96FFF0ED515CA6F7F0ED615CB6FC851C6
:20760E00C911CA11CB11D8B40FEF3BF011EF3BF015EF3BF0010ED86F1EEF3BF0C0A11AEFC4
:20762E003BF01CEF3BF01EEF3BF011EF3BF0D851D8B424EF3BF026EF3BF04AEF3BF0010ED2
:20764E00C027000EC123C223C323C3A131EF3BF033EF3BF04AEF3BF0C0C5C8F5C1C5C9F592
:20766E00C2C5CAF5C3C5CBF5CB35CB33CA33C933C833C8C5C0F5C9C5C1F5CAC5C2F5CBC520
:20768E00C3F5D14BD22BD2BF55EF3BF0D25108E1D129D8A055EF3BF057EF3BF062EF3BF031
:2076AE00000ED26FD169000EC06F000EC16F000EC26F000EC36FD2BF6FEF3BF0D25106E115
:2076CE00D105D8B06DEF3BF06FEF3BF07CEF3BF0000ED26F000ED16F000EC06F000EC16F80
:2076EE00000EC26F000EC36FD06BD1C5D7F5D7A183EF3BF085EF3BF088EF3BF0C28F89EF41
:20770E003BF0C29FD890D731C36F42EF3AF0120006014C6FF5EC72F064C54EF665C54FF6DF
:20772E0066C550F667C551F6060120EE02F04651D9264751DA22DF50D8B4A8EF3BF0AAEF10
:20774E003BF0E7EF3BF020EE08F04651D9264751DA22DEC468F5DEC469F5DEC46AF5DEC41D
:20776E006BF58DEC65F068C552F669C553F66AC554F66BC555F60601555154110BE1880E59
:20778E00525D130E5359D8A0CFEF3BF0D1EF3BF017EF3DF020EE02F04651D9264751DA22B6
:2077AE00DF6A48C6D9F449C6DAF4DF6A4AC6D9F44BC6DAF4010EDF6E17EF3DF017EF3DF0F3
:2077CE0020EE03F04651D9264751DA22DF50D8B4F3EF3BF0F5EF3BF0FDEF3BF048C6D9F4A7
:2077EE0049C6DAF4010EDF6E17EF3DF04C5158EC2FF00501F15106014D6F4D05D8A40AEF3D
:20780E003CF00CEF3CF09AEF3CF046C6D9F447C6DAF4DF50D8A416EF3CF018EF3CF02EEF72
:20782E003CF020EE04F04651D9264751DA224EC6DEF44FC6DEF450C6DEF451C6DEF446C638
:20784E00D9F447C6DAF4010EDF6E17EF3DF020EE04F04651D9264751DA22DEC468F5DEC416
:20786E0069F5DEC46AF5DEC46BF58DEC65F068C552F669C553F66AC554F66BC555F60601E4
:20788E00555154110BE1E90E525D030E5359D8A053EF3CF055EF3CF017EF3DF048C6D9F41C
:2078AE0049C6DAF4010EDF6E4AC6D9F44BC6DAF4DF6A20EE02F04651D9264751DA22010E43
:2078CE00DF6E20EE08F04651D9264751DA224EC6DEF44FC6DEF450C6DEF451C6DEF446C673
:2078EE00D9F447C6DAF4DF6A20EE0CF04651D9264751DA22DF2A20EE0CF04651D926475114
:20790E00DA22040EDF648EEF3CF090EF3CF0E5EF3BF020EE03F04651D9264751DA22010E7B
:20792E00DF6E17EF3DF0020E4D19D8A4A1EF3CF0A3EF3CF006EF3DF020EE01F04651D92696
:20794E004751DA22DF50D8A4AFEF3CF0B1EF3CF0C9EF3CF020EE04F04651D9264751DA2234
:20796E004EC6DEF44FC6DEF450C6DEF451C6DEF420EE01F04651D9264751DA22010EDF6ED6
:20798E0017EF3DF020EE04F04651D9264751DA22DEC468F5DEC469F5DEC46AF5DEC46BF578
:2079AE008DEC65F068C552F669C553F66AC554F66BC555F6060155515411531109E1C90ED4
:2079CE00525DD8A0EDEF3CF0EFEF3CF017EF3DF048C6D9F449C6DAF4020EDF6E20EE03F017
:2079EE004651D9264751DA22010EDF6E20EE01F04651D9264751DA22DF6A17EF3DF048C640
:207A0E00D9F449C6DAF4DF6A46C6D9F447C6DAF4DF6A20EE01F04651D9264751DA22DF6AF6
:207A2E00120026C768F527C769F528C76AF529C76BF58DEC65F068C5C4F669C5C5F66AC525
:207A4E00C6F66BC5C7F60601C751C611C51109E10B0EC45DD8A036EF3DF038EF3DF044EF2E
:207A6E003DF0E251D8B43EEF3DF040EF3DF044EF3DF0010EE16FCDEC73F00601E105D8B402
:207A8E004BEF3DF04DEF3DF04FEF3DF08DEF3EF0220E0501646F090E656F480E666F0B0EBB
:207AAE00676FE2C668F5696BE5EC6AF00601E251FE0FCE6F220E0501646F090E656FCEC6D2
:207ACE0066F520EC67F064C5C8F665C5C9F6230E0601CE25D96EDA6A090EDA22DF50C06FE3
:207AEE00220ECE25D96EDA6A090EDA22DF50C16FC151C36FC26BC051C225CA6F000EC321C4
:207B0E00CB6FCA51C81909E1CB51C919D8B492EF3DF094EF3DF098EF3DF074EC6CF08DEF63
:207B2E003EF028C9CCF6E251F70FCD6FCC51CD19D8B4A4EF3DF0A6EF3DF0A8EF3DF094EF89
:207B4E003DF0100E09012319D8A4B0EF3DF0B2EF3DF0C2EF3DF00E0E2519D8A4B9EF3DF0E7
:207B6E00BBEF3DF0C2EF3DF0220E0501646F090E656F66EC57F0AA0E09012219D8A4CAEF83
:207B8E003DF0CCEF3DF094EF3DF05A0E2319D8A4D3EF3DF0D5EF3DF094EF3DF072EF3EF0D3
:207BAE002405D8A4DDEF3DF0DFEF3DF0E6EF3DF0220E0601876F090E886F0CEC54F0020E95
:207BCE0009012419D8A4EEEF3DF0F0EF3DF094EF3DF0220E0601876F090E886FA8EC4AF005
:207BEE0094EF3DF0020E2419D8A400EF3EF002EF3EF094EF3DF0220E0601876F090E886FD7
:207C0E0084EC5AF094EF3DF0020E2419D8A412EF3EF014EF3EF094EF3DF0220E0601876FE6
:207C2E00090E886F4FEC4CF094EF3DF02405D8A423EF3EF025EF3EF02CEF3EF0220E06015A
:207C4E00876F090E886F1FEC51F0020E09012419D8A434EF3EF036EF3EF094EF3DF0220E6F
:207C6E0006019B6F090E9C6FB5EC42F094EF3DF02405D8A445EF3EF047EF3EF04EEF3EF06A
:207C8E00220E0601876F090E886F05EC5AF0020E09012419D8A456EF3EF058EF3EF094EF22
:207CAE003DF0220E06019B6F090E9C6F9FEC54F094EF3DF02405D8A467EF3EF069EF3EF0F8
:207CCE0094EF3DF0220E0601876F090E886FEFEC57F094EF3DF02551010AD8B4D7EF3DF0D9
:207CEE00030AD8B41DEF3EF00A0AD8B43FEF3EF01E0AD8B461EF3EF0010AD8B4F9EF3DF0C9
:207D0E00400AD8B40BEF3EF094EF3DF01200000E06014A6F000E4B6FA00E4C6F400E4D6F8C
:207D2E006F0E4E6F120E4F6F830E506F400E516F000E526F400E536F1C0E546F460E556FDB
:207D4E00000E566F500E576FC30E586F470E596F000E5A6F000E5B6F7A0E5C6F450E5D6F48
:207D6E00330E5E6F130E5F6F950E606F430E616F000E0501DD6F000EDE6F800EDF6FBF0E01
:207D8E00E06F4EC6ABF54FC6ACF550C6ADF551C6AEF546C699F547C69AF5000E9ABFFF0E00
:207DAE009B6F9C6F010ECCEC49F099C5A7F59AC5A8F59BC5A9F59CC5AAF5D9EC33F0A7C558
:207DCE00C4F5A8C5C5F5A9C5C6F5AAC5C7F54AC6ABF54BC6ACF54CC6ADF54DC6AEF5FF0E88
:207DEE000501996F0F0E9A6F000E9B6F000E9C6F000ECCEC49F099C5A7F59AC5A8F59BC5BB
:207E0E00A9F59CC5AAF5D9EC33F0A7C5C0F5A8C5C1F5A9C5C2F5AAC5C3F5C6EC39F0C0C5DE
:207E2E00D9F5C1C5DAF5C2C5DBF5C3C5DCF5FCEC2CF0D9C56AF6DAC56BF6DBC56CF6DCC5BC
:207E4E006DF66AC6A7F56BC6A8F56CC6A9F56DC6AAF552C6ABF553C6ACF554C6ADF555C62C
:207E6E00AEF5D9EC33F0A7C562F6A8C563F6A9C564F6AAC565F656C6C4F557C6C5F558C683
:207E8E00C6F559C6C7F562C6C0F563C6C1F564C6C2F565C6C3F5C6EC39F0C0C56EF6C1C574
:207EAE006FF6C2C570F6C3C571F66EC608F66FC609F670C60AF671C60BF6C9EC29F008C603
:207ECE0072F609C673F60AC674F60BC675F672C6ABF573C6ACF574C6ADF575C6AEF55AC6F2
:207EEE00C4F55BC6C5F55CC6C6F55DC6C7F5000E0501C06F000EC16F800EC26F3F0EC36F65
:207F0E00C6EC39F0C0C5A7F5C1C5A8F5C2C5A9F5C3C5AAF5D9EC33F0A7C5DDF5A8C5DEF582
:207F2E00A9C5DFF5AAC5E0F55EC6C4F55FC6C5F560C6C6F561C6C7F5000E0501C06F000EDC
:207F4E00C16F800EC26F3F0EC36FC6EC39F0C0C5D9F5C1C5DAF5C2C5DBF5C3C5DCF5FCEC8A
:207F6E002CF0D9C576F6DAC577F6DBC578F6DCC579F6000E0501C06F000EC16F800EC26F63
:207F8E003F0EC36F76C6C4F577C6C5F578C6C6F579C6C7F5C6EC39F0C0C566F6C1C567F6D5
:207FAE00C2C568F6C3C569F666C6D9F567C6DAF568C6DBF569C6DCF5330E0501DD6F930EBF
:207FCE00DE6F880EDF6FC30EE06FFCEC2CF0D9C546F6DAC547F6DBC548F6DCC549F61200B8
:207FEE0006012C6F160E06012C19D8A401EF40F003EF40F09FEF40F0160EFBEC46F06CC573
:20800E0028F66DC529F6000E0501C46FF00EC56F7F0EC66F450EC76F28C699F529C69AF525
:20802E00000E9ABFFF0E9B6F9C6F010ECCEC49F099C5C0F59AC5C1F59BC5C2F59CC5C3F551
:20804E00C6EC39F0C0C5A7F5C1C5A8F5C2C5A9F5C3C5AAF53D0E0501AB6F0A0EAC6F830E78
:20806E00AD6F400EAE6FD9EC33F0A7C518F6A8C519F6A9C51AF6AAC51BF6410E06011C6FAE
:20808E005C0E1D6FA80E1E6F3D0E1F6F1CC6ABF51DC6ACF51EC6ADF51FC6AEF518C6A7F532
:2080AE0019C6A8F51AC6A9F51BC6AAF5D9EC33F0A7C5C0F5A8C5C1F5A9C5C2F5AAC5C3F5C0
:2080CE00CD0E0501C46FCC0EC56FCC0EC66F3D0EC76FC6EC39F0C0C52DF6C1C52EF6C2C52C
:2080EE002FF6C3C530F62DC60CF62EC60DF62FC60EF630C60FF6660E0601106F660E116FD1
:20810E00660E126F400E136F4FEC52F00601D8A093EF40F095EF40F042EF41F0660E2D6FB8
:20812E00660E2E6F660E2F6F400E306F42EF41F0040E2C19D8A4A6EF40F0A8EF40F042EF2F
:20814E0041F0040EFBEC46F06CC52AF66DC52BF6000E0501C46FF00EC56F7F0EC66F450E7F
:20816E00C76F2AC699F52BC69AF5000E9ABFFF0E9B6F9C6F010ECCEC49F099C5C0F59AC5C2
:20818E00C1F59BC5C2F59CC5C3F5C6EC39F0C0C5A7F5C1C5A8F5C2C5A9F5C3C5AAF56F0E03
:2081AE000501AB6F120EAC6F830EAD6F400EAE6FD9EC33F0A7C520F6A8C521F6A9C522F6CA
:2081CE00AAC523F62A0E0601246FFC0E256F8B0E266F3D0E276F24C6ABF525C6ACF526C688
:2081EE00ADF527C6AEF520C6A7F521C6A8F522C6A9F523C6AAF5D9EC33F0A7C5C0F5A8C5B5
:20820E00C1F5A9C5C2F5AAC5C3F5CD0E0501C46FCC0EC56F4C0EC66F3E0EC76FC6EC39F040
:20822E00C0C52DF6C1C52EF6C2C52FF6C3C530F62DC60CF62EC60DF62FC60EF630C60FF6A4
:20824E00000E0601106F000E116F000E126F400E136F4FEC52F00601D8A038EF41F03AEF12
:20826E0041F042EF41F0000E2D6F000E2E6F000E2F6F400E306F2DC6A7F52EC6A8F52FC65A
:20828E00A9F530C6AAF5000E0501AB6F000EAC6F7A0EAD6F440EAE6FD9EC33F0A7C514F6D5
:2082AE00A8C515F6A9C516F6AAC517F612003AC768F53BC769F53CC76AF53DC76BF58DEC33
:2082CE0065F068C59BF569C59CF56AC59DF56BC59EF52C0EFBEC46F06CC59FF56DC5A0F558
:2082EE005D50D8B47DEF41F07FEF41F08CEF41F0F5EC72F064C53AF765C53BF766C53CF7F8
:20830E0067C53DF7010E506E5D6A5150D8A492EF41F094EF41F09AEF42F005019E519D117A
:20832E000BE1880E9B5D130E9C59D8A0A1EF41F0A3EF41F09AEF42F0010E516E9AEF42F05F
:20834E005050D8A4ADEF41F0AFEF41F0D9EF41F09E519D110BE1B80E9B5D0B0E9C59D8A091
:20836E00BBEF41F0BDEF41F0C0EF41F05E6A010E506E350E9F5D080EA059D8A0C9EF41F013
:20838E00CBEF41F0B4EF42F0010E526EF5EC72F064C53AF765C53BF766C53CF767C53DF789
:2083AE00B4EF42F05150D8A4DFEF41F0E1EF41F0F9EF41F0730E9F5D060EA059D8A0EAEFC9
:2083CE0041F0ECEF41F0F9EF41F0010E526EF5EC72F064C53AF765C53BF766C53CF767C5E7
:2083EE003DF7506A5104D8A4FFEF41F001EF42F0B4EF42F0350E05019F5D080EA059D8A0CE
:20840E000BEF42F00DEF42F0B4EF42F0010E526EF5EC72F064C53AF765C53BF766C53CF7F9
:20842E0067C53DF7506AB4EF42F0576A010E5E6E5104D8A425EF42F027EF42F04FEF42F0D4
:20844E00A40E9F5D060EA059D8B030EF42F032EF42F035EF42F0526A0FEF42F0D70E9F5D04
:20846E00060EA059D8A03EEF42F040EF42F0B4EF42F03A0E9F5D070EA059D8B049EF42F090
:20848E004BEF42F0B4EF42F0020E526ECDEF41F05150D8A455EF42F057EF42F0B4EF42F0F0
:2084AE00A40E9F5D060EA059D8B060EF42F062EF42F066EF42F0010E516E32EF42F0D70EDA
:2084CE009F5D060EA059D8A06FEF42F071EF42F0B4EF42F03A0E9F5D070EA059D8B07AEFD3
:2084EE0042F07CEF42F0B4EF42F04BEF42F0010E576E350E9F5D080EA059D8A089EF42F01A
:20850E008BEF42F08DEF42F0CBEF41F0A40E9F5D060EA059D8B096EF42F098EF42F0B4EFB2
:20852E0042F032EF42F052500501996F9A6B9A51000AD8B4A5EF42F0B4EF42F09951000AE3
:20854E00D8B4A7EF41F0010AD8B41CEF42F0030AD8B47EEF42F0B4EF42F01200000E0601B2
:20856E00B46F000EB56F000EB66F000EB76F21EE9FF2100EDE6AE806FDE29F0E0501646FD8
:20858E00060E656F9BC666F59CC667F5000E696F110E686FE5EC6AF00601BE6BBE519D6F19
:2085AE009E6B070E9D27000E9E239F0E9D25D96E060E9E21DA6EB40EBE25E16EE26A060ED7
:2085CE00E222DFC4E7F4150E06019D6FC60EE82EFED79D2FFCD700000601BE2B030EBE6553
:2085EE00FBEF42F0FDEF42F0D5EF42F0B5C664F5B451A1EC66F064C5B8F665C5B9F6B7C654
:20860E0064F50601B651A1EC66F064C5BAF665C5BBF6580E0601B85D020EB959D8A01AEF29
:20862E0043F01CEF43F027EF43F0470EB85D050EB959D8A025EF43F027EF43F02BEF43F08E
:20864E00C2EC61F0E1EF43F0BB5109E13C0EBA5DD8A034EF43F036EF43F027EF43F0BB5138
:20866E0009E1970EBA5DD8A03FEF43F041EF43F043EF43F027EF43F0B40E0501C06F060E51
:20868E00C16F040EC26F020E25EC70F0B60E0501C06F060EC16F040EC26F060E25EC70F0D3
:2086AE00D00E06019D6FC90EE82EFED79D2FFCD700D0550E06019F6F020E0501796F020E04
:2086CE00E5EC6EF079C5B0F67AC5B1F6A60E0501646F060E656FB0C666F5B1C667F5000E6C
:2086EE00696F020E686FE5EC6AF0020E0501796F060EE5EC6EF079C5B2F67AC5B3F6A80EBD
:20870E000501646F060E656FB2C666F5B3C667F5000E696F020E686FE5EC6AF09F0E050137
:20872E00646F060E656F0F0E666F20EC67F064C5BCF665C5BDF6BCC6AFF60601BD51AE6F0A
:20874E00BF6B5D0E756F3E0E766F9F0EBF25D96EDA6A060EDA22DF509D6F9D51776F786B43
:20876E00AEEC70F0100E0601BF61C0EF43F0C2EF43F0C8EF43F06A0E756F3E0E766FAEECD5
:20878E0070F00601BF2B100EBF65D0EF43F0D2EF43F0A8EF43F09F0E0501646F060E656F1A
:2087AE00000E676F000E666F000E696F110E686F71EC6EF012000EC7E9F50FC7EAF510C7FC
:2087CE00EBF511C7ECF5D9C5E9F5DAC5EAF5DBC5EBF5DCC5ECF5810E0501DD6FFF0EDE6FBB
:2087EE00E9C5DFF5EAC5E0F5EBC5E1F5ECC5E2F5180E07EF44F0D890E233E133E033DF3351
:20880E00E82E02EF44F0DF51DD25E76F000EDE21E86FE8BF1CEF44F0E85109E1170EE75DB1
:20882E00D8A01CEF44F01EEF44F028EF44F0D9C5D9F5DAC5DAF5DBC5DBF5DCC5DCF5ECEF50
:20884E0044F0E8BF2DEF44F02FEF44F0A0EF44F0E7C5DDF5FF0EDE6FFF0EDF6F7F0EE06FBB
:20886E00000EE16FDD673EEF44F046EF44F0E135E133E033DF33DE33DD2F39EF44F0DEC513
:20888E00E3F5DFC5E4F5E0C5E5F5E1C5E6F50501E351E915DD6FE451EA15DE6FE551EB153A
:2088AE00DF6FE651EC15E06FDD51DE11DF11E011D8A464EF44F066EF44F068EF44F01EEFB3
:2088CE0044F0E9C5DDF5EAC5DEF5EBC5DFF5ECC5E0F5200E78EF44F0D890E033DF33DE33E3
:2088EE00DD33E82E73EF44F0DD51DE11DF11E011D8B484EF44F086EF44F08EEF44F0E351EF
:20890E00E927E451EA23E551EB23E651EC23E31DDD6FE41DDE6FE51DDF6FE61DE06FDD5103
:20892E00E917DE51EA17DF51EB17E051EC17E4EF44F0E9C5DDF5EAC5DEF5EBC5DFF5ECC555
:20894E00E0F5200EB0EF44F0D890E033DF33DE33DD33E82EABEF44F0DD51DE11DF11E011A3
:20896E00D8A4BCEF44F0BEEF44F0C8EF44F0000EE96F000EEA6F000EEB6F000EEC6FE4EF51
:20898E0044F0D890E935DD6FEA35DE6FEB35DF6FEC35E06FDD51DE11DF11E011D8B4DAEF26
:2089AE0044F0DCEF44F0E4EF44F0000EE96F000EEA6F800EEB6FBF0EEC6FE9C5D9F5EAC567
:2089CE00DAF5EBC5DBF5ECC5DCF5120046C768F547C769F548C76AF549C76BF58DEC65F024
:2089EE0068C562F669C563F66AC564F66BC565F6E5EF45F0020EC2EC70F0F5EC72F064C5B6
:208A0E0046F765C547F766C548F767C549F7020E0601F36FF5EF45F065516411631109E1B2
:208A2E00C90E625DD8A01EEF45F020EF45F0F5EF45F0020ED6EC70F0030E0601F36FF5EFEB
:208A4E0045F0010EE56F000E0501C46F000EC56F7A0EC66F440EC76F110EFBEC46F0050160
:208A6E006CC599F56DC59AF59B6B9C6B000ECCEC49F099C5C0F59AC5C1F59BC5C2F59CC5BC
:208A8E00C3F5C6EC39F0C0C5A7F5C1C5A8F5C2C5A9F5C3C5AAF5000E0501AB6F000EAC6F4E
:208AAE00110EAD6F430EAE6FD9EC33F0A7C5BFF7A8C5C0F7A9C5C1F7AAC5C2F7040EF7EC8E
:208ACE003FF014C666F615C667F616C668F617C669F6BFC7ABF5C0C7ACF5C1C7ADF5C2C774
:208AEE00AEF566C6A7F567C6A8F568C6A9F569C6AAF5D9EC33F0A7C5C0F5A8C5C1F5A9C5FF
:208B0E00C2F5AAC5C3F5000E0501C46F000EC56F7A0EC66F440EC76FC6EC39F0C0C5BBF789
:208B2E00C1C5BCF7C2C5BDF7C3C5BEF7FCC599F5FDC59AF505019B6B9C6B000ECCEC49F0C4
:208B4E0099C56AF69AC56BF69BC56CF69CC56DF66AC62EF66BC62FF66CC630F66DC631F6A7
:208B6E00D4EC6DF02EC6B7F72FC6B8F730C6B9F731C6BAF74E0E0601286F080E296FB7C710
:208B8E002AF6B8C72BF6B9C72CF6BAC72DF6BBC72EF6BCC72FF6BDC730F6BEC731F697EC9A
:208BAE0024F028C6C3F729C6C4F7C3C766F5C4C767F5020E0CEC68F0F5EF45F00601F351B1
:208BCE00010AD8B401EF45F0030AD8B413EF45F0010AD8B428EF45F0F5EF45F01200DEC649
:208BEE008AF5DFC68BF5070194510601DE5D0501646F0601DF510501656F000E070194BF41
:208C0E00FF0E0501655B666B665B676B675B0601E9510501686F696B6A6B6B6B43EC68F029
:208C2E0064C570F565C571F566C572F567C573F5640E0501746F000E756F000E766F000E94
:208C4E00776FFFEC58F070C58CF571C58DF572C58EF573C58FF505018FBF3AEF46F038EF2F
:208C6E0046F042EF46F0000E8C6F000E8D6F000E8E6F000E8F6F8CC543F58DC544F595C7AF
:208C8E0080F5816B80BF81078051455C826F81514658836F82C564F583C565F5666B676BF4
:208CAE000601E8510501686F696B6A6B6B6B43EC68F064C570F565C571F566C572F567C5A7
:208CCE0073F5640E0501746F000E756F000E766F000E776FFFEC58F070C58CF571C58DF549
:208CEE0072C58EF573C58FF505018FBF83EF46F081EF46F08BEF46F0000E8C6F000E8D6F8B
:208D0E00000E8E6F000E8F6F8CC5FCF58DC5FDF5FC514324886FFD514420896F88518A5D93
:208D2E0089518B59D8B09EEF46F0A0EF46F0BEEF46F04350885D806F44508959816F94C74C
:208D4E0082F5836B82BF830782518A5D846F83518B59856F8051845D8C6F815185598D6F23
:208D6E008E6BD8A08E078E518F6FC4EF46F043C58CF544C58DF58E6B8F6B8FBFCBEF46F0D4
:208D8E00C9EF46F0D3EF46F0000E8C6F000E8D6F000E8E6F000E8F6F8A51806F8B51816F1F
:208DAE00826B836B8C51805D8D5181598E5182598351800A846F8F51800A8459D8B0EAEFA5
:208DCE0046F0ECEF46F0F2EF46F08AC58CF58BC58DF58E6B8F6B8CC586F58DC587F586C5AD
:208DEE007EF587C57FF5120005018C6F000E0501946F000E936F8C51ABEC6EF0D8900501B8
:208E0E009335D96E9435DA6E740ED926050EDA2264C5DEF465C5DDF4934B942B94BF21EF9E
:208E2E0047F0945109E10C0E935DD8A021EF47F023EF47F002EF47F0000E926F000E916FC7
:208E4E00000E966F000E956F000E986F000E976F98EF47F0D8909735D96E9835DA6E740EE6
:208E6E00D926050EDA2297C570F598C571F5D89070377137020E7027000E7123740E70253B
:208E8E00E16E050E7121E26EDE50E65CDE50E658D8B054EF47F056EF47F096EF47F0D89002
:208EAE009735D96E9835DA6E740ED926050EDA22DEC48DF5DDC48EF597C56EF598C56FF524
:208ECE00D8906E376F37020E6E27000E6F23740E6E25D96E050E6F21DA6ED8909735E16EC2
:208EEE009835E26E740EE126050EE222DEC4E6F4DDC4E5F497C56EF598C56FF5D8906E3724
:208F0E006F37020E6E27000E6F23740E6E25D96E050E6F21DA6E8DC5DEF48EC5DDF4974BE7
:208F2E00982B0B0E6E6F000E6F6F95516E5F96516F5B6E51975D9851800A706F6F51800ACB
:208F4E007059D8A0ADEF47F0AFEF47F031EF47F0954B962B96BFBDEF47F0965109E10B0E00
:208F6E00955DD8A0BDEF47F0BFEF47F02BEF47F0000E966F020E956FD8909535D96E9635F5
:208F8E00DA6E740ED926050EDA22DE509127DD509223954B962B96BFDEEF47F0965109E158
:208FAE000A0E955DD8A0DEEF47F0E0EF47F0C3EF47F091C564F592C565F5000E676F080ED4
:208FCE00666FCDEC5EF064C58FF565C590F58FC56CF590C56DF512004AC768F54BC769F5EF
:208FEE004CC76AF54DC76BF58DEC65F068C562F669C563F66AC564F66BC565F6D9EF48F08F
:20900E00010EC2EC70F0F5EC72F064C54AF765C54BF766C54CF767C54DF7020E0601F46FB4
:20902E00E9EF48F065516411631109E1C90E625DD8A024EF48F026EF48F0E9EF48F0010EC4
:20904E00D6EC70F0030E0601F46FE9EF48F0010EE56F000E0501C46F000EC56F7A0EC66FAC
:20906E00440EC76F1C0EFBEC46F005016CC599F56DC59AF59B6B9C6B000ECCEC49F099C523
:20908E00C0F59AC5C1F59BC5C2F59CC5C3F5C6EC39F0C0C5A7F5C1C5A8F5C2C5A9F5C3C5FC
:2090AE00AAF5000E0501AB6F000EAC6F110EAD6F430EAE6FD9EC33F0A7C5CDF7A8C5CEF7B9
:2090CE00A9C5CFF7AAC5D0F7160EF7EC3FF014C666F615C667F616C668F617C669F6CDC76A
:2090EE00ABF5CEC7ACF5CFC7ADF5D0C7AEF566C6A7F567C6A8F568C6A9F569C6AAF5D9EC29
:20910E0033F0A7C5C0F5A8C5C1F5A9C5C2F5AAC5C3F5000E0501C46F000EC56F7A0EC66F48
:20912E00440EC76FC6EC39F0C0C5C9F7C1C5CAF7C2C5CBF7C3C5CCF74EC72EF64FC72FF62A
:20914E0050C730F651C731F6F4EC6DF02EC6C5F72FC6C6F730C6C7F731C6C8F7750E0601F2
:20916E00286F080E296FC5C72AF6C6C72BF6C7C72CF6C8C72DF6C9C72EF6CAC72FF6CBC7E4
:20918E0030F6CCC731F697EC24F028C6D1F729C6D2F7D1C766F5D2C767F5010E0CEC68F095
:2091AE00E9EF48F00601F451010AD8B407EF48F0030AD8B419EF48F0010AD8B42EEF48F0BB
:2091CE00E9EF48F01200050184BFF0EF48F0F3EF48F0010EF4EF48F0000E8B6F0601D9BF14
:2091EE00FBEF48F0FDEF48F0FEEF48F0E093D9BF05EF49F003EF49F00CEF49F0000E05014B
:20920E00886F010E876F10EF49F0D8C687F5D9C688F5D6C689F5D7C68AF505018B51D8B432
:20922E001BEF49F01DEF49F034EF49F08907D8A08A078B51D8A426EF49F028EF49F02EEF90
:20924E0049F0000E866F2B0E856F32EF49F0000E866F2D0E856F85C58BF5000E8D6F4F0EDA
:20926E008C6F0901D56B6EEF49F005018C07D8A08D07860E8C25D96E090E8D21DA6E83C57F
:20928E0064F584C565F5000E676F0A0E666F1AEC62F064C56AF565C56BF558EC6FF00501E0
:2092AE006A51300FDF6E8707D8A088078907D8A08A0783C564F584C565F5000E676F0A0EEB
:2092CE00666FCDEC5EF064C583F565C584F505018DBF7AEF49F08D5108E18C05D8A07AEF33
:2092EE0049F07CEF49F0A7EF49F083518411D8A483EF49F085EF49F03CEF49F088BF92EF4B
:20930E0049F0885106E18705D8B090EF49F092EF49F03CEF49F08ABF9DEF49F08A5108E18A
:20932E008905D8A09DEF49F09FEF49F0A7EF49F00601E0B3A5EF49F0A7EF49F03CEF49F024
:20934E0005018B51D8B4AEEF49F0B0EF49F0BBEF49F08C07D8A08D07860E8C25D96E090EBE
:20936E008D21DA6E8BC5DFF481C578F582C579F5860E8C257A6F090E8D217B6F89C57CF5C2
:20938E008AC57DF51EEC63F012000501A16F0501A151D8B4D5EF49F0D7EF49F0F9EF49F0D8
:2093AE009CBFDEEF49F0DCEF49F0F9EF49F099C59DF59AC59EF59BC59FF59CC5A0F59D1F91
:2093CE009E1F9F1FA01F9D2B000E9E239F23A0239DC5A3F59EC5A4F59FC5A5F5A0C5A6F535
:2093EE0001EF4AF099C5A3F59AC5A4F59BC5A5F59CC5A6F599519A119B119C11D8A40AEFEE
:20940E004AF00CEF4AF016EF4AF0000E996F000E9A6F000E9B6F000E9C6FA7EF4AF0960EBE
:20942E00A26F20EF4AF0A22BD890A633A533A433A333000EA3159D6F000EA4159E6F000E7D
:20944E00A5159F6FFE0EA615A06F9D519E119F11A011D8A435EF4AF037EF4AF01AEF4AF0E5
:20946E0045EF4AF0A22B010EA327000EA423A523A623D890A633A533A433A333000EA315D8
:20948E009D6F000EA4159E6F000EA5159F6FFF0EA615A06F9D519E119F11A011D8A45AEF6E
:2094AE004AF05CEF4AF039EF4AF064EF4AF0A207D890A337A437A537A637A5BF69EF4AF07B
:2094CE006BEF4AF073EF4AF0020EA26171EF4AF073EF4AF05EEF4AF0A2B178EF4AF07AEF21
:2094EE004AF07BEF4AF0A59FD890A233A2C59DF59E6B9F6BA06B9DC5A0F59F6B9E6B9D6BD6
:20950E009D51A3139E51A4139F51A513A051A613A151D8B495EF4AF097EF4AF09FEF4AF0DD
:20952E009CBF9EEF4AF09CEF4AF09FEF4AF0A68FA3C599F5A4C59AF5A5C59BF5A6C59CF555
:20954E001200000E06019C6F000E9D6F000E9E6F000E9F6F21EE8BF2100EDE6AE806FDE2BB
:20956E008B0E0501646F060E656F87C666F588C667F5000E696F110E686FE5EC6AF0060123
:20958E00A66BA651896F8A6B070E8927000E8A238B0E8925D96E060E8A21DA6E9C0EA6253E
:2095AE00E16EE26A060EE222DFC4E7F4150E0601896FC60EE82EFED7892FFCD700000601F9
:2095CE00A62B030EA665EEEF4AF0F0EF4AF0C8EF4AF09C0E0501C06F060EC16F040EC26F09
:2095EE00540E25EC70F0D00E0601896FC90EE82EFED7892FFCD700D0550E06018B6F040E1A
:20960E000501796F540EE5EC6EF079C5A0F67AC5A1F6920E0501646F060E656FA0C666F5F1
:20962E00A1C667F5000E696F040E686FE5EC6AF0030E0501796F5C0EE5EC6EF079C5A2F6F1
:20964E007AC5A3F6060120EE02F0A251D926A351DA22DF50966F8B0E0501646F060E656FAD
:20966E000F0E666F20EC67F064C5A4F665C5A5F6A4C69BF60601A5519A6FA76B5D0E756F9D
:20968E003E0E766F8B0EA725D96EDA6A060EDA22DF50896F8951776F786BAEEC70F0100EA9
:2096AE000601A7615DEF4BF05FEF4BF065EF4BF06A0E756F3E0E766FAEEC70F00601A72B8E
:2096CE00100EA7656DEF4BF06FEF4BF045EF4BF08B0E0501646F060E656F000E676F000E67
:2096EE00666F000E696F110E686F71EC6EF01200050171517211D8A487EF4BF089EF4BF0B3
:20970E008BEF4BF04EEF4CF0300E6A6F000E6B6F000E6C6FE1EC6CF0FF0AD8A499EF4BF0B4
:20972E009BEF4BF0A6EF4BF0300E05016C6F000E6D6F000E6E6F000E6F6FD6EC65F0310E50
:20974E0005016A6F000E6B6F000E6C6FE1EC6CF0FF0AD8A4B5EF4BF0B7EF4BF0C2EF4BF0F1
:20976E00310E05016C6F000E6D6F000E6E6F000E6F6FD6EC65F0320E05016A6F000E6B6FDC
:20978E00000E6C6FE1EC6CF0FF0AD8A4D1EF4BF0D3EF4BF0DEEF4BF0320E05016C6F000EF5
:2097AE006D6F000E6E6F000E6F6FD6EC65F0300E05016A6F000E6B6F000E6C6FE1EC6CF0BA
:2097CE000501736F7351756F746B310E6A6F000E6B6F000E6C6FE1EC6CF00501766F765148
:2097EE007413000E751371C5D9F472C5DAF474C5DEF475C5DDF4320E6A6F000E6B6F000E11
:20980E006C6FE1EC6CF00501736F746B20EE02F07151D9267251DA2273C5DEF474C5DDF4DB
:20982E0020EE02F07151D9267251DA22010EDB5009E1020EDE5CD8A027EF4CF029EF4CF00E
:20984E0046EF4CF020EE02F07151D9267251DA22DEC473F5DDC474F51E0E7303F3C475F532
:20986E00F4C476F57403F350762720EE02F07151D9267251DA2275C5DEF476C5DDF420EEBA
:20988E0004F07151D9267251DA22DE6ADD6A120021EE89F2100EDE6AE806FDE2890E05014B
:2098AE00646F060E656F87C666F588C667F5000E696F110E686FE5EC6AF006019005D8A46E
:2098CE006BEF4CF06DEF4CF07AEF4CF0010E05016C6F000E6D6F000E6E6F91C66FF5D6EC65
:2098EE0065F08EEF4CF0020E9019D8A481EF4CF083EF4CF08EEF4CF0010E0501716F000E01
:20990E00726F000E736F91C674F5CBEC71F006019205D8A495EF4CF097EF4CF0A4EF4CF025
:20992E00030E05016C6F000E6D6F000E6E6F93C66FF5D6EC65F0B8EF4CF0020E9219D8A464
:20994E00ABEF4CF0ADEF4CF0B8EF4CF0030E0501716F000E726F000E736F91C674F5CBEC1B
:20996E0071F06DEC70F0550E0601896F890E0501646F060E656F0F0E666F20EC67F064C587
:20998E009AF665C59BF69AC699F606019B51986F9C6B5D0E756F3E0E766F890E9C25D96E5F
:2099AE00DA6A060EDA22DF500501FB6FFB510601776F786BAEEC70F0100E06019C61EAEF95
:2099CE004CF0ECEF4CF0F2EF4CF06A0E756F3E0E766FAEEC70F006019C2B100E9C65FAEFAC
:2099EE004CF0FCEF4CF0D0EF4CF0890E0501646F060E656F000E666F000E676F000E696FF6
:209A0E00110E686FE5EC6AF012004950020D000EF324D96E080EF420DA6EDE6ADD6A0201ED
:209A2E00B2A71CEF4DF01EEF4DF040EF4DF04950020D000EF324D96E080EF420DA6E080132
:209A4E00DF820701705171117211D8B431EF4DF033EF4DF040EF4DF002D840EF4DF00500CA
:209A6E00FA6E7051FD6E7151FE6E7251FF6EFA5012000201B2A346EF4DF048EF4DF06AEFF3
:209A8E004DF04950020D000EF324D96E080EF420DA6E0801DF8407016D516E116F11D8B438
:209AAE005BEF4DF05DEF4DF06AEF4DF002D86AEF4DF00500FA6E6D51FD6E6E51FE6E6F5101
:209ACE00FF6EFA5012000201B2AD70EF4DF072EF4DF094EF4DF04950020D000EF324D96E3F
:209AEE00080EF420DA6E0801DF8007016A516B116C11D8B485EF4DF087EF4DF094EF4DF012
:209B0E0002D894EF4DF00500FA6E6A51FD6E6B51FE6E6C51FF6EFA501200A1C225F549286E
:209B2E001F0B266E48502618D8A4A0EF4DF0A2EF4DF0A4EF4DF0AFEF4DF0000E4924D96E00
:209B4E00DA6A0A0EDA2225C5DFF426C549F5472A07015E515F116011D8B4B8EF4DF0BAEF97
:209B6E004DF0C7EF4DF002D8C7EF4DF00500FA6E5E51FD6E5F51FE6E6051FF6EFA501200BD
:209B8E0012000501C051C111D8A4D0EF4DF0D2EF4DF0D4EF4DF082EF4EF020EE04F0C05184
:209BAE00D926C151DA22DE2A000EDD2220EE04F0C051D926C151DA22080EDE5C070EDE58BA
:209BCE00D8A0ECEF4DF0EEEF4DF082EF4EF020EE04F0C051D926C151DA22DE6ADD6A20EE61
:209BEE0002F0C051D926C151DA22DE2A000EDD2220EE02F0C051D926C151DA22010EDB50DA
:209C0E0009E1020EDE5CD8A00FEF4EF011EF4EF062EF4EF020EE02F0C051D926C151DA2263
:209C2E00DE6ADD6AC0C5D9F4C1C5DAF4DE2A000EDD22C0C5D9F4C1C5DAF4DEC4C2F5DDC42C
:209C4E00C3F5C3C5C2F5C36BC251C46FC0C5D9F4C1C5DAF4DF50C56F300E6C6F000E6D6F7F
:209C6E00000E6E6FC4C56FF5D6EC65F0310E05016C6F000E6D6F000E6E6FC5C56FF5D6EC42
:209C8E0065F0000E05016D6F600E6C6FC40E6E6F050E6F6F010E706F74EC5BF0000E0501DB
:209CAE006D6F610E6C6FC50E6E6F050E6F6F010E706F74EC5BF0050120EE02F0C051D92620
:209CCE00C151DA22DF50C66F320E6C6F000E6D6F000E6E6FC6C56FF5D6EC65F0000E0501FA
:209CEE006D6F620E6C6FC60E6E6F050E6F6F010E706F74EC5BF01200F80E05016A6F030EEC
:209D0E006B6F000E6C6FE1EC6CF00501796FF90E6A6F030E6B6F000E6C6FE1EC6CF0050178
:209D2E007A6FFA0E6A6F030E6B6F000E6C6FE1EC6CF005017B6FFB0E6A6F030E6B6F000E83
:209D4E006C6FE1EC6CF005017C6FFC0E6A6F030E6B6F000E6C6FE1EC6CF005017D6FFD0E23
:209D6E006A6F030E6B6F000E6C6FE1EC6CF005017E6F060E7919D8A4C7EF4EF0C9EF4EF000
:209D8E00F5EF4EF0050E7A19D8A4D0EF4EF0D2EF4EF0F5EF4EF0040E7B19D8A4D9EF4EF02B
:209DAE00DBEF4EF0F5EF4EF0030E7C19D8A4E2EF4EF0E4EF4EF0F5EF4EF0020E7D19D8A4E5
:209DCE00EBEF4EF0EDEF4EF0F5EF4EF07E05D8B4F3EF4EF0F5EF4EF0F8EF4EF0000E31EF7D
:209DEE004FF0FE0E6A6F030E6B6F000E6C6FE1EC6CF00501776FFF0E6A6F030E6B6F000E69
:209E0E006C6FE1EC6CF00501786F785177C571F5726B71C572F5716B7111736F7251746F78
:209E2E00790E646F050E656F060E666F0EEC6BF064C575F565C576F505017551731907E12D
:209E4E0076517419D8A42EEF4FF030EF4FF0F5EF4EF0010E120042C768F543C769F544C74E
:209E6E006AF545C76BF58DEC65F068C570F669C571F66AC572F66BC573F6020E0601E96182
:209E8E004BEF4FF04DEF4FF055EF4FF0010EE86553EF4FF055EF4FF0C7EF4FF0F005D8A477
:209EAE005BEF4FF05DEF4FF0C7EF4FF0F5EC72F064C542F765C543F766C544F767C545F7B4
:209ECE00010E0601EF6FF06BC7EF4FF0D3EC73F00601735172110BE1210E705D030E71597D
:209EEE00D8A07CEF4FF07EEF4FF0DCEF4FF0020EEF6FF5EC72F064C542F765C543F766C5DA
:209F0E0044F767C545F7DCEF4FF0010EE96592EF4FF094EF4FF0A5EF4FF02FEC5FF0020A5E
:209F2E00D8B49CEF4FF09EEF4FF0A5EF4FF0010E0601F26FF3EC47F0A8EF4FF0010E16ECAA
:209F4E0069F0010E0601E865AFEF4FF0B1EF4FF0C2EF4FF02FEC5FF0030AD8B4B9EF4FF0A1
:209F6E00BBEF4FF0C2EF4FF0010E0601F16FEDEC44F0DCEF4FF0020E16EC69F0DCEF4FF0F8
:209F8E00EF516E6F6F6B6F51000AD8B4D1EF4FF0DCEF4FF06E51010AD8B46DEF4FF0030A5F
:209FAE00D8B48CEF4FF0DCEF4FF012000601D9BFE3EF4FF0E5EF4FF0E6EF4FF0E093D9BF4F
:209FCE00EDEF4FF0EBEF4FF0F4EF4FF0000E0501896F010E886FF8EF4FF0D8C688F5D9C62B
:209FEE0089F5D6C68AF5D7C68BF5000E05018E6F4F0E8D6F0901D56B38EF50F005018D07E8
:20A00E00D8A08E0783510F0B8C6F0A0E8C6112EF50F014EF50F018EF50F0300E8C271AEF72
:20A02E0050F0370E8C27860E8D25D96E090E8E21DA6E8CC5DFF48807D8A089078A07D8A07B
:20A04E008B0783C585F584C586F5040E876FD89086338533872F2EEF50F085C583F586C5D9
:20A06E0084F505018EBF45EF50F08E5109E1020E8D5DD8A045EF50F047EF50F072EF50F0CC
:20A08E0083518411D8A44EEF50F050EF50F005EF50F089BF5DEF50F0895106E18805D8B0F3
:20A0AE005BEF50F05DEF50F005EF50F08BBF68EF50F08B5108E18A05D8A068EF50F06AEFAB
:20A0CE0050F072EF50F00601E0B370EF50F072EF50F005EF50F081C578F582C579F5860E87
:20A0EE0005018D257A6F090E8E217B6F8AC57CF58BC57DF51EEC63F012000601D9BF8AEFF8
:20A10E0050F08CEF50F08DEF50F0E093D9BF94EF50F092EF50F09BEF50F0000E0501866F18
:20A12E00010E856F9FEF50F0D8C685F5D9C686F5D6C687F5D7C688F5000E05018A6F4F0E72
:20A14E00896F0901D56BD8EF50F005018907D8A08A07860E8925D96E090E8A21DA6E83C52E
:20A16E0064F584C565F5000E676F0A0E666FE3EC68F005016451300FDF6E8507D8A0860705
:20A18E008707D8A0880783C564F584C565F5000E676F0A0E666F97EC67F064C583F565C562
:20A1AE0084F5050189518A11D8B4E0EF50F0E2EF50F00DEF51F083518411D8A4E9EF50F0B7
:20A1CE00EBEF50F0ACEF50F086BFF8EF50F0865106E18505D8B0F6EF50F0F8EF50F0ACEF59
:20A1EE0050F088BF03EF51F0885108E18705D8A003EF51F005EF51F00DEF51F00601E0B392
:20A20E000BEF51F00DEF51F0ACEF50F081C578F582C579F5860E050189257A6F090E8A2182
:20A22E007B6F87C57CF588C57DF51EEC63F0120021EE89F2100EDE6AE806FDE2890E0501E1
:20A24E00646F060E656F87C666F588C667F5000E696F110E686FE5EC6AF0550E0601896F7A
:20A26E00020E0501796F020EE5EC6EF079C59AF67AC59BF6900E0501646F060E656F9AC636
:20A28E0066F59BC667F5000E696F020E686FE5EC6AF0020E0501796F060EE5EC6EF079C521
:20A2AE009CF67AC59DF6920E0501646F060E656F9CC666F59DC667F5000E696F020E686F82
:20A2CE00E5EC6AF0890E0501646F060E656F0F0E666F20EC67F064C59EF665C59FF69EC6B8
:20A2EE0099F606019F51986FA06B5D0E756F3E0E766F890EA025D96EDA6A060EDA22DF5012
:20A30E000501FB6FFB510601776F786BAEEC70F0100E0601A06196EF51F098EF51F09EEF68
:20A32E0051F06A0E756F3E0E766FAEEC70F00601A02B100EA065A6EF51F0A8EF51F07CEF39
:20A34E0051F0890E0501646F060E656F000E676F000E666F000E696F110E686F71EC6EF0F8
:20A36E001200000E0501666F570E656FF80E676F070E686F000E6A6F020E696F37EC6AF087
:20A38E000009D8B4CDEF51F0CFEF51F0B8EF51F0000E0501666F570E656F5C0E676F050EC1
:20A3AE00686F000E6A6F010E696F63EC6AF00009D8B4E4EF51F0E6EF51F0CFEF51F0680E0D
:20A3CE0005016C6FE40EE82EFED76C2FFCD700005CC54FF5680E05016C6FE40EE82EFED7AA
:20A3EE006C2FFCD70000C00E4F18D8A401EF52F003EF52F005EF52F045EF52F0000E05010A
:20A40E00666F570E656FE70E676F090E686F000E6A6F130E696F37EC6AF00009D8B41AEF6C
:20A42E0052F01CEF52F005EF52F0680E05016C6FE40EE82EFED76C2FFCD70000000E050193
:20A44E00666F570E656FF80E676F070E686F000E6A6F030E696F63EC6AF00009D8B43AEFE1
:20A46E0052F03CEF52F025EF52F02A0E05016C6F8D0EE82EFED76C2FFCD700D0D00E050108
:20A48E006C6FC90EE82EFED76C2FFCD700D01200000E06010C150501ED6F000E06010D15F2
:20A4AE000501EE6F800E06010E150501EF6F7F0E06010F150501F06FED51EE11EF11F011B4
:20A4CE00D8A46CEF52F06EEF52F077EF52F0000E06010C6F000E0D6F000E0E6F000E0F6FDD
:20A4EE00000E060110150501ED6F000E060111150501EE6F800E060112150501EF6F7F0E67
:20A50E00060113150501F06FED51EE11EF11F011D8A494EF52F096EF52F09FEF52F0000E75
:20A52E000601106F000E116F000E126F000E136F06010FAFA5EF52F0A7EF52F0B0EF52F086
:20A54E000C6D0D1FD8B00D2B0E1FD8B00E2B800E0F5713AFB5EF52F0B7EF52F0C0EF52F025
:20A56E00106D111FD8B0112B121FD8B0122B800E1357000E0C1B000E0D1B000E0E1B800E3E
:20A58E000F1B000E101B000E111B000E121B800E131B10510C5D11510D5912510E59135159
:20A5AE000F59D8B0DDEF52F0DFEF52F0E2EF52F0D890E3EF52F0D880120014C664F515C678
:20A5CE0065F516C666F517C667F585EC59F0050164516511D8A4F6EF52F0F8EF52F002EFFB
:20A5EE0053F018C614F619C615F61AC616F61BC617F677EF53F018C664F519C665F51AC665
:20A60E0066F51BC667F585EC59F0050164516511D8A414EF53F016EF53F020EF53F014C673
:20A62E0014F615C615F616C616F617C617F677EF53F014C664F515C665F516C666F517C625
:20A64E0067F537EC6BF064C5F1F565C5F2F518C664F519C665F51AC666F51BC667F537ECE7
:20A66E006BF005016451F11909E16551F219D8B443EF53F045EF53F05BEF53F014C664F5C9
:20A68E0015C665F516C666F517C667F537EC6BF0050164516511D8A457EF53F059EF53F0C8
:20A6AE0016EF53F0F8EF52F014C60CF615C60DF616C60EF617C60FF618C610F619C611F6D5
:20A6CE001AC612F61BC613F64FEC52F00601D8A073EF53F075EF53F016EF53F0F8EF52F0E1
:20A6EE0012001CC664F51DC665F51EC666F51FC667F585EC59F0050164516511D8A48AEF62
:20A70E0053F08CEF53F096EF53F020C61CF621C61DF622C61EF623C61FF60BEF54F020C652
:20A72E0064F521C665F522C666F523C667F585EC59F0050164516511D8A4A8EF53F0AAEF0F
:20A74E0053F0B4EF53F01CC61CF61DC61DF61EC61EF61FC61FF60BEF54F01CC664F51DC68A
:20A76E0065F51EC666F51FC667F537EC6BF064C5F3F565C5F4F520C664F521C665F522C6E7
:20A78E0066F523C667F537EC6BF005016451F31909E16551F419D8B4D7EF53F0D9EF53F079
:20A7AE00EFEF53F01CC664F51DC665F51EC666F51FC667F537EC6BF0050164516511D8A447
:20A7CE00EBEF53F0EDEF53F08CEF53F0AAEF53F01CC60CF61DC60DF61EC60EF61FC60FF6F9
:20A7EE0020C610F621C611F622C612F623C613F64FEC52F00601D8A007EF54F009EF54F01D
:20A80E008CEF53F0AAEF53F0120021EE89F2100EDE6AE806FDE2890E0501646F060E656F69
:20A82E0087C666F588C667F5000E696F110E686FE5EC6AF0550E0601896F040E0501796F4F
:20A84E00540EE5EC6EF079C59AF67AC59BF6900E0501646F060E656F9AC666F59BC667F5E4
:20A86E00000E696F040E686FE5EC6AF0030E0501796F5C0EE5EC6EF079C59CF67AC59DF696
:20A88E00060120EE02F09C51D9269D51DA22DF50946F890E0501646F060E656F0F0E666F51
:20A8AE0020EC67F064C59EF665C59FF69EC699F606019F51986FA06B5D0E756F3E0E766F2F
:20A8CE00890EA025D96EDA6A060EDA22DF500501FB6FFB510601776F786BAEEC70F0100EA0
:20A8EE000601A0617DEF54F07FEF54F085EF54F06A0E756F3E0E766FAEEC70F00601A02BCF
:20A90E00100EA0658DEF54F08FEF54F063EF54F0890E0501646F060E656F000E676F000EA4
:20A92E00666F000E696F110E686F71EC6EF0120021EE9EF2100EDE6AE806FDE29E0E050107
:20A94E00646F060E656F9BC666F59CC667F5000E696F110E686FE5EC6AF0650E0601A5612D
:20A96E00BBEF54F0BDEF54F0C5EF54F0320EA561C3EF54F0C5EF54F0C9EF54F0C2EC61F0C4
:20A98E002EEF55F02E0E05016C6F000E6D6F000E6E6FA5C66FF5D6EC65F0550E06019E6FF8
:20A9AE002E0E05016A6F000E6B6F000E6C6FE1EC6CF00601A56F9E0E0501646F060E656FEC
:20A9CE000F0E666F20EC67F064C5AFF665C5B0F6AFC6AEF60601B051AD6FB16B5D0E756FCE
:20A9EE003E0E766F9E0EB125D96EDA6A060EDA22DF509D6F9D51776F786BAEEC70F0100EF1
:20AA0E000601B1610DEF55F00FEF55F015EF55F06A0E756F3E0E766FAEEC70F00601B12BD8
:20AA2E00100EB1651DEF55F01FEF55F0F5EF54F09E0E0501646F060E656F000E676F000EA9
:20AA4E00666F000E696F110E686F71EC6EF0120064C5D9F465C5DAF466C5DFF4050120EE6A
:20AA6E0001F06451D9266551DA2267C5DEF468C5DEF469C5DEF46AC5DEF420EE05F06451BB
:20AA8E00D9266551DA226BC5DEF46CC5DEF46DC5DEF46EC5DEF420EE09F06451D926655178
:20AAAE00DA226FC5DEF470C5DEF471C5DEF472C5DEF420EE15F06451D9266551DA2273C5BD
:20AACE00DEF474C5DEF475C5DEF476C5DEF420EE19F06451D9266551DA2277C5DEF478C5AA
:20AAEE00DEF479C5DEF47AC5DEF420EE0DF06451D9266551DA22000EDE6E000EDE6E480EDA
:20AB0E00DE6E440EDD6E20EE11F06451D9266551DA22000EDE6E000EDE6E480EDE6EC40EA1
:20AB2E00DD6E20EE1DF06451D9266551DA22000EDE6E000EDE6E000EDE6E000EDD6E20EEC6
:20AB4E0021F06451D9266551DA22000EDE6E000EDE6E000EDE6E000EDD6E20EE25F0645131
:20AB6E00D9266551DA227BC5DEF47CC5DDF41200C80E0501756F000E766F000E776F000E2B
:20AB8E00786F6D51736F6CC574F5EAEF55F005017551761177117811D8A4D8EF55F0DAEFB3
:20ABAE0055F0DCEF55F04EEF56F07507000E765B775B785B150E0501716FC60EE82EFED7E7
:20ABCE00712FFCD70000000E0501666F530E656F730E676F050E686F000E6A6F020E696FC6
:20ABEE0037EC6AF00009D8B4FFEF55F001EF56F0CEEF55F0C80E0501756F000E766F000E09
:20AC0E00776F000E786F28EF56F005017551761177117811D8A416EF56F018EF56F01AEF6D
:20AC2E0056F04EEF56F07507000E765B775B785B150E0501716FC60EE82EFED7712FFCD702
:20AC4E000000000E0501666F530E656F6EC567F56FC568F5020E7025696F6A6B000E6A23BB
:20AC6E0063EC6AF00009D8B43FEF56F041EF56F00CEF56F0090E0501726F1E0E716FE40E61
:20AC8E00E82EFED7712FFCD7722FFAD7000012000601263527350501FA6FFA51D8A45AEF87
:20ACAE0056F05CEF56F067EF56F0000E0601246F000E256F000E266F000E276FDBEF56F072
:20ACCE0024C6F5F525C6F6F526C6F7F527C6F8F5200E77EF56F0D890F833F733F633F53322
:20ACEE00E82E72EF56F0F551F96F0601268FFF0E2417FF0E2517FF0E2617000E2717960E54
:20AD0E000501FA5FFABF90EF56F08EEF56F0A8EF56F0FA51800A970FD8B098EF56F09AEF4F
:20AD2E0056F09CEF56F05CEF56F00601D89027332633253324330501FA3F9CEF56F0C2EFCB
:20AD4E0056F01F0EFA65AEEF56F0B0EF56F0BAEF56F05CEF56F00601D89024372537263748
:20AD6E0027370501FA07FA51D8A4C0EF56F0C2EF56F0B2EF56F0F951D8B4C8EF56F0CAEF3A
:20AD8E0056F0D3EF56F00601271F261F251F246D000E25232623272324C624F625C625F6FD
:20ADAE0026C626F627C627F61200E20EF66EE20EF76E000EF86E02EED6F110EE24F0090072
:20ADCE00F5C4EEF4E550E150FAE11A0EF66EE00EF76E000EF86E02EECAF010EE30F0090065
:20ADEE00F5C4EEF4E550E150FAE12E0EF66EE60EF76E000EF86E01EEF0F310EE0EF0090025
:20AE0E00F5C4EEF4E550E150FAE1FA0EF66EE60EF76E000EF86E01EEEBF210EE0AF0090042
:20AE2E00F5C4EEF4E550E150FAE1C40EF66EE70EF76E000EF86E0900F5C45DF50900F5C44E
:20AE4E005EF503EE00F0640EEE6AE806FDE102EE00F3AC0EEE6AE806FDE102EE00F2EE0E7B
:20AE6E00EE6AE806FDE102EE00F1D60EEE6AE806FDE102EE00F0CA0EEE6AE806FDE101EEEC
:20AE8E0000F3E10EEE6AE806FDE101EED0F21B0EEE6AE806FDE10501FE6BFD6BFC6B01EE73
:20AEAE0030F12D0EEE6AE806FDE10401080E5D6F300E5E6F000E5F6F000139EF72F00501A5
:20AECE0020EE08F06451D9266551DA22DF50D8B473EF57F075EF57F0A1EF57F020EE08F00C
:20AEEE006451D9266551DA22150EDF6081EF57F083EF57F08BEF57F020EE08F06451D92691
:20AF0E006551DA22140EDF6E20EE08F06451D9266551DA22630EDF6497EF57F099EF57F046
:20AF2E00A1EF57F020EE08F06451D9266551DA22640EDF6E20EE08F06451D9266551DA2295
:20AF4E00DF500601E96F050120EE0AF06451D9266551DA22DF50D8B4B7EF57F0B9EF57F04A
:20AF6E00E5EF57F020EE0AF06451D9266551DA221F0EDF60C5EF57F0C7EF57F0CFEF57F0D1
:20AF8E0020EE0AF06451D9266551DA221E0EDF6E20EE0AF06451D9266551DA22630EDF649A
:20AFAE00DBEF57F0DDEF57F0E5EF57F020EE0AF06451D9266551DA22640EDF6E20EE0AF00F
:20AFCE006451D9266551DA22DF500601E86F120021EE89F2100EDE6AE806FDE2890E050104
:20AFEE00646F060E656F87C666F588C667F5000E696F110E686FE5EC6AF0550E0601896FCD
:20B00E00300E05016A6F000E6B6F000E6C6FE1EC6CF00601906F310E05016A6F000E6B6FFF
:20B02E00000E6C6FE1EC6CF00601916F320E05016A6F000E6B6F000E6C6FE1EC6CF00601C9
:20B04E00926F890E0501646F060E656F0F0E666F20EC67F064C59AF665C59BF69AC699F6D1
:20B06E0006019B51986F9C6B5D0E756F3E0E766F890E9C25D96EDA6A060EDA22DF50050119
:20B08E00FB6FFB510601776F786BAEEC70F0100E06019C6155EF58F057EF58F05DEF58F052
:20B0AE006A0E756F3E0E766FAEEC70F006019C2B100E9C6565EF58F067EF58F03BEF58F062
:20B0CE00890E0501646F060E656F000E676F000E666F000E696F110E686F71EC6EF012009A
:20B0EE000501646F05016405D8A480EF58F082EF58F09EEF58F0000E08019B6F000E9A6F01
:20B10E00000E926F000E936F000E946F000E956F000E966F000E976F000E986F000E996F8D
:20B12E00000E0601DD6F000EDC6FFEEF58F0020E6419D8A4A5EF58F0A7EF58F0C3EF58F055
:20B14E00000E0801746F000E736F000E6B6F000E6C6F000E6D6F000E6E6F000E6F6F000E57
:20B16E00706F000E716F000E726F000E0601DB6F000EDA6FFEEF58F0030E6419D8A4CAEF57
:20B18E0058F0CCEF58F0FEEF58F0000E08019B6F000E9A6F000E926F000E936F000E946FB9
:20B1AE00000E956F000E966F000E976F000E986F000E996F000E746F000E736F000E6B6F54
:20B1CE00000E6C6F000E6D6F000E6E6F000E6F6F000E706F000E716F000E726F000E0601D8
:20B1EE00DD6F000EDC6F000EDB6F000EDA6F12000501796B77BF08EF59F006EF59F012EF3C
:20B20E0059F0771F761F751F746D000E752376237723010E796F73BF19EF59F017EF59F095
:20B22E0023EF59F0731F721F711F706D000E712372237323010E791B000E7A6F000E7B6FB6
:20B24E00000E7C6F000E7D6F7451751176117711D8B434EF59F036EF59F06CEF59F0010E7A
:20B26E00786F40EF59F0D8907437753776377737782B77AF45EF59F047EF59F03AEF59F010
:20B28E00D8907A377B377C377D377451705D755171597651725977517359D8A059EF59F01D
:20B2AE005BEF59F064EF59F07451705F7551715B7651725B7751735B7A81D890773376334B
:20B2CE0075337433782F47EF59F07951D8B472EF59F074EF59F07CEF59F07D1F7C1F7B1FBA
:20B2EE007A6D000E7B237C237D237AC570F57BC571F57CC572F57DC573F512001AC76EF57C
:20B30E001BC76FF51CC770F51DC771F564C56EF565C56FF566C570F567C571F56EC568F57B
:20B32E006FC569F570C56AF571C56BF5180EA6EF59F00501D8906B336A3369336833E82E49
:20B34E00A0EF59F068516C6F6D6B6C516D11D8A4B3EF59F0B5EF59F0D5EF59F0D8906E35F4
:20B36E00686F6F35696F70356A6F71356B6F685169116A116B11D8A4C7EF59F0C9EF59F0C8
:20B38E00CFEF59F0000E656F020E646F04EF5AF0000E656F030E646F04EF5AF06C296D1180
:20B3AE00D8A4DCEF59F0DEEF59F000EF5AF06EC568F56FC569F570C56AF571C56BF5090E3D
:20B3CE00D890683769376A376B37E82EE7EF59F0685169116A116B11D8B4F8EF59F0FBEF70
:20B3EE0059F0010EFCEF59F0000E646F656B04EF5AF0000E656F040E646F120021EE89F262
:20B40E00100EDE6AE806FDE2890E0501646F060E656F87C666F588C667F5000E696F110E3C
:20B42E00686FE5EC6AF0550E0601896F2E0E05016A6F000E6B6F000E6C6FE1EC6CF006017E
:20B44E00906F5AC724F65BC725F65CC726F65DC727F64FEC56F006012451926F890E05014C
:20B46E00646F060E656F0F0E666F20EC67F064C59AF665C59BF69AC699F606019B51986F51
:20B48E009C6B5D0E756F3E0E766F890E9C25D96EDA6A060EDA22DF500501FB6FFB51060132
:20B4AE00776F786BAEEC70F0100E06019C6162EF5AF064EF5AF06AEF5AF06A0E756F3E0E16
:20B4CE00766FAEEC70F006019C2B100E9C6572EF5AF074EF5AF048EF5AF0890E0501646F49
:20B4EE00060E656F000E676F000E666F000E696F110E686F71EC6EF01200E8EC5BF0090EB0
:20B50E0006018A6F1E0E896FE40EE82EFED7892FFCD78A2FFAD7000083EC4EF0E806D8A4F0
:20B52E009BEF5AF09DEF5AF0FFEF5AF0010E0601EA6F87C6D9F488C6DAF4550EDF6E87C679
:20B54E0064F588C665F50F0E0501666F20EC67F064C58BF665C58CF6060120EE10F087513E
:20B56E00D9268851DA228BC6DFF420EE0FF08751D9268851DA228C51DF6E8D6B5D0E756F9B
:20B58E003E0E766F8D518725D96E000E8821DA6EDF50896F8951776F786BAEEC70F0100EBA
:20B5AE0006018D61DDEF5AF0DFEF5AF0E5EF5AF06A0E756F3E0E766FAEEC70F006018D2BF6
:20B5CE00100E8D65EDEF5AF0EFEF5AF0C5EF5AF087C664F588C665F5000E0501676F000EBB
:20B5EE00666F000E696F110E686F71EC6EF0FF0012002FEC5FF0546E5450D8B409EF5BF021
:20B60E000BEF5BF025EF5BF053505418D8B412EF5BF014EF5BF028EF5BF05404D8A41AEF04
:20B62E005BF01CEF5BF021EF5BF0030E16EC69F073EF5BF054C553F528EF5BF0536A060160
:20B64E00E76BF6EC45F005017EC599F57FC59AF59B6B9C6B000ECCEC49F099C54EF79AC5BB
:20B66E004FF79BC550F79CC551F75704D8B442EF5BF044EF5BF04DEF5BF00601E605D8A450
:20B68E004BEF5BF04DEF5BF065EF5BF0D8900601DF31756FDE31746F74C699F575C69AF50A
:20B6AE0005019B6B9C6B000ECCEC49F099C54EF79AC54FF79BC550F79CC551F7D2EC67F0BD
:20B6CE00E806D8B46DEF5BF06FEF5BF071EF5BF073EF5BF032EC4FF01200C80E0501BB6FC5
:20B6EE00000EBC6F000EBD6F000EBE6F6D51736F6CC574F5BF6B9AEF5BF0BF516E25D96E6C
:20B70E00000E6F21DA6EBF51716F726B020E7127000E7223730E7125E16E050E7221E26EC1
:20B72E00DFC4E7F4BF2B7051BF5DD8A0A1EF5BF0A3EF5BF084EF5BF0C1EF5BF00501BB51BB
:20B74E00BC11BD11BE11D8A4AFEF5BF0B1EF5BF0B3EF5BF0E7EF5BF0BB07000EBC5BBD5B14
:20B76E00BE5B150E0501716FC60EE82EFED7712FFCD70000000E0501666F530E656F730EC8
:20B78E00676F050E686F020E7025696F6A6B000E6A2337EC6AF00009D8B4D8EF5BF0DAEF01
:20B7AE005BF0A5EF5BF0090E0501726F1E0E716FE40EE82EFED7712FFCD7722FFAD7000085
:20B7CE00120021EEF0F311EE71F1050EDBC4E3F4E806FCE2710E0501646F050E656F060E4E
:20B7EE00666F0EEC6BF064C579F565C57AF505017A51776F79C578F5F80E6C6F030E6D6FB1
:20B80E00000E6E6F71C56FF5D6EC65F0F90E05016C6F030E6D6F000E6E6F72C56FF5D6EC61
:20B82E0065F0FA0E05016C6F030E6D6F000E6E6F73C56FF5D6EC65F0FB0E05016C6F030E36
:20B84E006D6F000E6E6F74C56FF5D6EC65F0FC0E05016C6F030E6D6F000E6E6F75C56FF5FE
:20B86E00D6EC65F0FD0E05016C6F030E6D6F000E6E6F76C56FF5D6EC65F0FE0E05016C6F3C
:20B88E00030E6D6F000E6E6F77C56FF5D6EC65F0FF0E05016C6F030E6D6F000E6E6F78C508
:20B8AE006FF5D6EC65F01200050120EE03F07951D9267A51DA22DF50646F20EE02F079518A
:20B8CE00D9267A51DA22DF50A1EC66F064C57BF565C57CF5460E05017B5D050E7C59D8A0BC
:20B8EE007BEF5CF07DEF5CF081EF5CF0050E7C6F460E7B6F580E7B5D020E7C59D8B08AEFB0
:20B90E005CF08CEF5CF090EF5CF0020E7C6F580E7B6F7BC5DEF67CC5DFF620EE07F07951F7
:20B92E00D9267A51DA22DF50646F20EE06F07951D9267A51DA22DF50A1EC66F064C57DF5F0
:20B94E0065C57EF505017E5109E1960E7D5DD8A0B3EF5CF0B5EF5CF0B9EF5CF0000E7E6FBA
:20B96E00960E7D6F7E5107E13C0E7D5DD8B0C2EF5CF0C4EF5CF0C8EF5CF0000E7E6F3C0E82
:20B98E007D6F7DC545F57EC546F51200750E0501646F080E656F010E666F0A0E676FD70EA4
:20B9AE00686FA30E696F3D0E6A6F6F0E6B6F120E6C6F030E6D6F3B0E6E6F9A0E6F6F990E63
:20B9CE00706F190E716F3E0E726F000E736F000E746F480E756F450E766F000E776F000EF1
:20B9EE00786F000E796F000E7A6F000E7C6F000E7B6F2FEC55F04E0E0501646F080E656FF5
:20BA0E00020E666F9A0E676F990E686F990E696F3E0E6A6F170E6B6FB70E6C6FD10E6D6F39
:20BA2E00380E6E6F170E6F6FB70E706FD10E716F380E726F000E736F000E746F480E756F2D
:20BA4E00450E766F000E776F000E786F000E796F000E7A6F000E7C6F000E7B6F2FEC55F079
:20BA6E001200000E05016C6F000E6B6F64C5D9F465C5DAF4DEC4F6F4DDC4F7F4000EF86E55
:20BA8E000800F5502A0AD8A44FEF5DF051EF5DF084EF5DF064C5D9F465C5DAF4DE2A000EBF
:20BAAE00DD2266C5D9F467C5DAF4DFC468F5020EDE26DFC469F5000EDD2268C5D9F469C53D
:20BACE00DAF4DEC46BF5DDC46CF59AEF5DF00A0E6B03F3C468F5F4C469F56C03F3506927BE
:20BAEE006A5168256B6F000E69216C6F64C5D9F465C5DAF4DE2A000EDD2264C5D9F465C580
:20BB0E00DAF4DEC4F6F4DDC4F7F4000EF86E0800F550D00F6A6F090E6A6598EF5DF09AEF75
:20BB2E005DF06EEF5DF06BC564F56CC565F5120005016A516B11D8B4A7EF5DF0A9EF5DF049
:20BB4E00B2EF5DF06A516B11D8A4B0EF5DF0B2EF5DF0B7EF5DF06851DAEC6BF004EF5EF04E
:20BB6E0020EE09F06A51D9266B51DA22DE50DE10D8B4C4EF5DF0C6EF5DF0E1EF5DF020EE69
:20BB8E0009F06A51D9266B51DA2210EE02F06A51E1266B51E222DE50E65CE650800A706FAB
:20BBAE00DE50800A7059D8B0DFEF5DF0E1EF5DF004EF5EF020EE02F06A51D9266B51DA2283
:20BBCE00DEC46CF5DDC46DF56AC5D9F46BC5DAF4DEC46EF5DDC46FF56C516E25D96E6D51F8
:20BBEE006F21DA6E68C5DFF420EE02F06A51D9266B51DA22DE2A000EDD22120032C768F570
:20BC0E0033C769F534C76AF535C76BF58DEC65F068C578F569C579F56AC57AF56BC57BF5C6
:20BC2E0058EF5EF0020EB2EC60F0020EFEEC70F0020E90EC5FF0020E77EC58F0020E05EC72
:20BC4E006DF0F5EC72F064C532F765C533F766C534F767C535F7020E0601F16F68EF5EF0C6
:20BC6E0005017B517A110BE1F50E785D010E7959D8A044EF5EF046EF5EF068EF5EF0020E83
:20BC8E00EAEC70F0F5EC72F064C532F765C533F766C534F767C535F7030E0601F16F68EFFA
:20BCAE005EF00601F151010AD8B419EF5EF0030AD8B437EF5EF0010AD8B468EF5EF068EF52
:20BCCE005EF0120036C768F537C769F538C76AF539C76BF58DEC65F068C578F569C579F57E
:20BCEE006AC57AF56BC57BF5BCEF5EF0010EB2EC60F0010EFEEC70F0010E90EC5FF0010EC0
:20BD0E0077EC58F0010E05EC6DF0F5EC72F064C536F765C537F766C538F767C539F7020E56
:20BD2E000601F26FCCEF5EF005017B517A110BE1F50E785D010E7959D8A0A8EF5EF0AAEF8C
:20BD4E005EF0CCEF5EF0010EEAEC70F0F5EC72F064C536F765C537F766C538F767C539F792
:20BD6E00030E0601F26FCCEF5EF00601F251010AD8B47DEF5EF0030AD8B49BEF5EF0010A1C
:20BD8E00D8B4CCEF5EF0CCEF5EF012000501696B67BFD6EF5EF0D4EF5EF0DCEF5EF0666DD5
:20BDAE00671FD8B0672B010E696F65BFE3EF5EF0E1EF5EF0E9EF5EF0646D651FD8B0652BF9
:20BDCE00010E691B000E6B6F000E6A6F66516711D8B4F4EF5EF0F6EF5EF01EEF5FF0010E69
:20BDEE00686FFEEF5EF0D89066376737682B67AF03EF5FF005EF5FF0FAEF5EF0D8906A3713
:20BE0E006B376651645D67516559D8A011EF5FF013EF5FF018EF5FF06651645F6751655B24
:20BE2E006A81D89067336633682F05EF5FF06951D8B424EF5FF026EF5FF02AEF5FF06A6D49
:20BE4E006B1FD8B06B2B6AC564F56BC565F512005E04D8B435EF5FF037EF5FF03AEF5FF0BA
:20BE6E00010E8FEF5FF00601EA05D8A441EF5FF043EF5FF045EF5FF037EF5FF0020EE6195F
:20BE8E00D8A44CEF5FF04EEF5FF050EF5FF037EF5FF0E951D8A456EF5FF058EF5FF062EFCE
:20BEAE005FF0E851D8A45EEF5FF060EF5FF062EF5FF037EF5FF05A505B10D8B469EF5FF0D9
:20BECE006BEF5FF076EF5FF058505910D8B472EF5FF074EF5FF076EF5FF037EF5FF05A5025
:20BEEE005B10D8B47DEF5FF07FEF5FF082EF5FF0020E8FEF5FF058505910D8B489EF5FF0C4
:20BF0E008BEF5FF08EEF5FF0030E8FEF5FF0000E12000501666F05016605D8A499EF5FF0E1
:20BF2E009BEF5FF0AFEF5FF0C50E646F070E656FE3EC66F0000E07014E6F000E4F6F000ECC
:20BF4E00506F000E516F010E0601F46FF0EF5FF0020E6619D8A4B6EF5FF0B8EF5FF0C8EFF3
:20BF6E005FF0B70E646F070E656FE3EC66F0000E0501FD6F000EFC6F010E0601F36FF0EF6E
:20BF8E005FF0030E6619D8A4CFEF5FF0D1EF5FF0F0EF5FF0C50E646F070E656FE3EC66F03A
:20BFAE00B70E0501646F070E656FE3EC66F0010E0601F06FE56B000E07014E6F000E4F6F63
:20BFCE00000E506F000E516F010E0601F46FC3EF5FF01200BE6AB00EBF6EC06AC16AC26A98
:20BFEE00400EC36E0401026B300E0A6F126B1A6B226B2A6BDF0EC66E8F0EC76E6F0EC86EC1
:20C00E00D00EC96E0F0ECA6E9E0ECB6EDF0E006F0F0E086F4F0E106FD10E186F070E206FED
:20C02E009E0E286F016B800E096F116B196B216B296B03690B6913691B69070E236F2B6902
:20C04E0004690C6914691C690F0E246F2C690201896B886B876B866B150E726F1C0E196F26
:20C06E001A0E1B6F200E156F0C0E716F370E0D6F0D0E706F380E0E6F0401056B066B076B7E
:14C08E000D6B0E6B0F6B156B166B176B256B266B276B1200EB
:20C0A400D8C42DF5A2EC72F00009D8B45CEF60F05EEF60F066EF60F0030E3C6E0201979B6C
:20C0C40052EC6EF0AEEF60F0ADEC72F00009D8B46EEF60F070EF60F082EF60F081EC72F057
:20C0E4000009D8B478EF60F07AEF60F082EF60F0010E3C6E020197994BEC71F0AEEF60F005
:20C104008CEC72F00009D8B48AEF60F08CEF60F09CEF60F081EC72F00009D8B494EF60F006
:20C1240096EF60F09CEF60F0020E3C6E020197997EEF60F097EC72F00009D8B4A4EF60F044
:20C14400A6EF60F0ACEF60F0030E3C6E0201979DAEEF60F0020197993C502DC5D8F411009E
:20C164000501666F05016605D8A4BBEF60F0BDEF60F0C7EF60F0000E656F000E646F71ECD7
:20C1840073F0D7EC73F00CEF61F0020E6619D8A4CEEF60F0D0EF60F0DAEF60F0000E656FA4
:20C1A400000E646F6BEC73F0D5EC73F00CEF61F0020E6619D8A4E1EF60F0E3EF60F0E5EF4F
:20C1C40060F00CEF61F0020E6619D8A4ECEF60F0EEEF60F0F0EF60F00CEF61F0050E66194F
:20C1E400D8A4F7EF60F0F9EF60F00CEF61F0000E656F000E646F71EC73F0D7EC73F0000E4E
:16C204000501656F000E646F6BEC73F0D5EC73F00CEF61F012002D
:20C21C00FAC401F5FBC402F5B39E77A018EF61F01AEF61F03CEF61F076A01FEF61F021EF7D
:20C23C0061F03CEF61F076900601D051D111D211D8B42BEF61F02DEF61F063EF61F002D841
:20C25C003AEF61F00500FA6ED051FD6ED151FE6ED251FF6EFA50120063EF61F077A241EFE9
:20C27C0061F043EF61F063EF61F076A248EF61F04AEF61F063EF61F07692070188518911DB
:20C29C008A11D8B454EF61F056EF61F063EF61F002D863EF61F00500FA6E8851FD6E895186
:20C2BC00FE6E8A51FF6EFA50120002C5FBF401C5FAF41100FAC405F5FBC406F5B59E86A0EC
:20C2DC0072EF61F074EF61F096EF61F085A079EF61F07BEF61F096EF61F0859007018251A7
:20C2FC0083118411D8B485EF61F087EF61F0BDEF61F002D894EF61F00500FA6E8251FD6E8B
:20C31C008351FE6E8451FF6EFA501200BDEF61F086A29BEF61F09DEF61F0BDEF61F085A222
:20C33C00A2EF61F0A4EF61F0BDEF61F0859207017F5180118111D8B4AEEF61F0B0EF61F0A2
:20C35C00BDEF61F002D8BDEF61F00500FA6E7F51FD6E8051FE6E8151FF6EFA50120006C5A2
:20C37C00FBF405C5FAF4110022EED6F111EE87F2100EDBC4E3F4E806FCE2870E0501646FCC
:20C39C00060E656F0F0E666F20EC67F064C598F665C599F606019951966F98C697F69A6BEE
:20C3BC005D0E756F3E0E766F870E9A25D96EDA6A060EDA22DF500501FB6FFB510601776F1A
:20C3DC00786BAEEC70F0100E06019A61F8EF61F0FAEF61F000EF62F06A0E756F3E0E766F04
:20C3FC00AEEC70F006019A2B100E9A6508EF62F00AEF62F0DEEF61F0870E0501646F060E0A
:20C41C00656F000E676F000E666F000E696F110E686F71EC6EF012000501696B65BF23EFAC
:20C43C0062F021EF62F029EF62F0646D651FD8B0652B010E696F67BF30EF62F02EEF62F068
:20C45C0034EF62F0666D671FD8B0672B66516711D8B43BEF62F03DEF62F061EF62F0010E72
:20C47C00686F45EF62F0D89066376737682B67AF4AEF62F04CEF62F041EF62F06651645DE5
:20C49C0067516559D8A055EF62F057EF62F05BEF62F06651645F6751655BD890673366333B
:20C4BC00682F4CEF62F06951D8B467EF62F069EF62F06DEF62F0646D651FD8B0652B64C560
:20C4DC0064F565C565F51200000E050164156C6F000E65156D6F800E66156E6F7F0E671596
:20C4FC006F6F6C516D116E116F11D8A488EF62F08AEF62F092EF62F0000E646F000E656F62
:20C51C00000E666F000E676F000E68156C6F000E69156D6F800E6A156E6F7F0E6B156F6F95
:20C53C006C516D116E116F11D8A4A7EF62F0A9EF62F0B1EF62F0000E686F000E696F000E8C
:20C55C006A6F000E6B6F685164190FE1695165190CE16A51661909E16B516719D8B4C1EF17
:20C57C0062F0C3EF62F0C6EF62F0D890C7EF62F0D8801200116A1150080DCB0EF324D96E40
:20C59C00080EF420DA6EDE50DE10D8B4D8EF62F0DAEF62F014EF63F01150080DCB0EF32475
:20C5BC00D96E080EF420DA6EDE06000EDD5A1150080DCB0EF324D96E080EF420DA6EDE5030
:20C5DC00DE10D8A4F4EF62F0F6EF62F014EF63F01150080DCA0EF324D96E080EF420DA6EF5
:20C5FC00010EDF6E1150080DCD0EF324D96E080EF420DA6E1150080DCB0EF324E16E080ED7
:20C61C00F420E26EDEC4E6F4DDC4E5F4112A050E11641BEF63F01DEF63F0C9EF62F0120009
:20C63C000601E0A124EF63F026EF63F030EF63F07AC571F57BC572F578C573F579C574F57E
:20C65C0099EC6CF005017DBF38EF63F036EF63F03CEF63F0000E7D6F000E7C6F000E806F3B
:20C67C00000E7F6F4FEF63F0000E696F200E686F78C56AF579C56BF59FEC5DF005017F4B44
:20C69C00802B7C517F5D8051800A7E6F7D51800A7E59D8A05CEF63F05EEF63F042EF63F079
:20C6BC000601E0B164EF63F066EF63F070EF63F07AC571F57BC572F578C573F579C574F52E
:20C6DC0099EC6CF01200A290180E0701616F9A0E626F000E636FA2923E0E676FDE0E686FA9
:20C6FC00000E696F0201A26BA46BA56BA66BA76BA86BA96BAA6BB00EAB6F800EAC6F080E13
:20C71C00AD6F820EAE6F060EAF6F2E0EB06FB16B800EB26FB36BE60E0501646FE70E656F28
:20C73C00000E666FA7EC71F0E40E0501646FE70E656F000E666F95EC71F0E20E0501646FE4
:20C75C00E70E656F000E666F83EC71F0000E07019A6F000E996F4B6A4A6A200E0501FE6F02
:20C77C00496A486A476AA28012007EC586F57FC587F580C588F581C589F5D4EF63F08207B0
:20C79C00D8A08307864B872B884B892B050182518311D8B4DCEF63F0DEEF63F0EFEF63F009
:20C7BC0088C5D9F489C5DAF486C5E1F487C5E2F4DE50E618D8B4EDEF63F0EFEF63F0CDEF11
:20C7DC0063F082518311D8A4F6EF63F0F8EF63F0FEEF63F0000E7F6F000E7E6F10EF64F00B
:20C7FC0086C5D9F487C5DAF4DF50846F88C5D9F489C5DAF4DF50856F8551845D7E6F7F6BE2
:20C81C00D8A07F071200050164516511D8A419EF64F01BEF64F01DEF64F05DEF64F064C55C
:20C83C00D9F465C5DAF4000EDE6E000EDE6E000EDE6E000EDD6E20EE04F06451D926655144
:20C85C00DA22000EDE6E000EDE6E000EDE6E000EDD6E20EE08F06451D9266551DA22000EDF
:20C87C00DE6E000EDE6E000EDE6E000EDD6E20EE0CF06451D9266551DA22DE6ADE6ADE6AFB
:20C89C00DD6A20EE10F06451D9266551DA22E80EDE6E030EDE6E000EDE6E000EDD6E12005D
:20C8BC00050164516511D8A466EF64F068EF64F06AEF64F0AAEF64F064C5D9F465C5DAF4D3
:20C8DC0066C5DEF467C5DEF468C5DEF469C5DEF420EE04F06451D9266551DA2266C5DEF4DD
:20C8FC0067C5DEF468C5DEF469C5DEF420EE08F06451D9266551DA2266C5DEF467C5DEF4B8
:20C91C0068C5DEF469C5DEF420EE0CF06451D9266551DA22DE6ADE6ADE6ADD6A20EE10F05F
:1AC93C006451D9266551DA226AC5DEF46BC5DEF46CC5DEF46DC5DEF412005F
:20C95800D8C42BF502019BA5B4EF64F0B6EF64F0C1EF64F09AA5BBEF64F0BDEF64F0C1EFDF
:20C9780064F05EEC71F0F6EF64F09BAFC6EF64F0C8EF64F0E2EF64F09AAFCDEF64F0CFEFCD
:20C9980064F0E2EF64F03B50D8B4D5EF64F0D7EF64F0DEEF64F03B6A9A919A9F38EC71F00E
:20C9B800F6EF64F04BEC71F0BDEF64F09BA3E7EF64F0E9EF64F0F6EF64F09AA3EEEF64F053
:20C9D800F0EF64F0F6EF64F0BDEC73F002019A93F6EF64F02BC5D8F41100D68A000ED6BE8F
:20C9F800010E0501676FD69E550E0401596FAA0E596F59915F6B300E5E6F080E5D6F550E0C
:20CA1800596FAA0E596F5981050167B102D0D69E01D0D68E030165876589658F66816683A1
:20CA380069916993699569976D97AF90D680D60E0501646FE70E656F000E666F56EC73F043
:20CA5800B490D682D80E0501646FE70E656F000E666F4FEC73F0B890D684DA0E0501646FB6
:20CA7800E70E656F000E666F48EC73F0120064C5D9F465C5DAF4DF500601E96FE951D8B407
:20CA980050EF65F052EF65F066EF65F0150EE96158EF65F05AEF65F05CEF65F0140EE96FE9
:20CAB800630EE96562EF65F064EF65F066EF65F0640EE96F050120EE04F06451D92665516B
:20CAD800DA22DF500601E86FE851D8B476EF65F078EF65F08CEF65F01F0EE8617EEF65F072
:20CAF80080EF65F082EF65F01E0EE86F630EE86588EF65F08AEF65F08CEF65F0640EE86F20
:20CB18001200F5EC72F064C574F565C575F566C576F567C577F505016851745D695175593C
:20CB38006A5176596B517759D8A0A5EF65F0A7EF65F0B5EF65F06851745D686F6951755999
:20CB5800696F6A5176596A6F6B5177596B6FD5EF65F0681D6C6F691D6D6F6A1D6E6F6B1D55
:20CB78006F6F74516C25706F75516D21716F76516E21726F77516F21736F010E7025686F6A
:20CB9800000E7121696F000E72216A6F000E73216B6F120005016E5109E1040E6D5DD8A0FA
:20CBB800E0EF65F0E2EF65F0E4EF65F019EF66F0AA0E656F550E646F77EC73F0000E0501F1
:20CBD8006C25646F000E6D21656F380E6E21666F6FC567F5DDEC69F0680E0501706FE40EC0
:20CBF800E82EFED7702FFCD7000076EC72F00009D8A409EF66F00BEF66F001EF66F02CEC7B
:20CC180072F0E806D8A413EF66F015EF66F017EF66F0B1EC73F0AEEC73F012000701A14B1F
:20CC3800A22BF40EA11906E1A205D8A426EF66F028EF66F03DEF66F0C1B22DEF66F030EFEB
:20CC580066F0010E31EF66F0000EFF0A126E1246C1501218FD0B1218C16E000EA26F000E29
:20CC7800A16F010E3D26000E3E223F2240220601D351D411D511D8A44CEF66F04EEF66F053
:20CC980050EF66F05DEF66F002D85DEF66F00500FA6ED351FD6ED451FE6ED551FF6EFA505F
:20CCB800120012002E0E05016A6F000E6B6F000E6C6FE1EC6CF0FF0AD8A46DEF66F06FEF8E
:20CCD80066F085EF66F02E0E05016C6F000E6D6F000E6E6F460E6F6FD6EC65F0000E0601CC
:20CCF800EB6F000EEC6F8C0EED6F420EEE6FA0EF66F02E0E05016A6F000E6B6F000E6C6FE5
:20CD1800E1EC6CF00501A76FA751996F9A6B9B6B9C6B000ECCEC49F099C5EBF69AC5ECF625
:20CD38009BC5EDF69CC5EEF612000501786F050178390F0B746F78510F0B756F64390F0B22
:20CD5800766F64510F0B776F76510A0DF3C466F5F4C467F57551640DF3C468F5F4C469F5BC
:20CD780074516A6F6B6BE80E6A03F3C46CF5F4C46DF56B03F3506D27030E6A03F3506D27F8
:20CD980068516C256E6F69516D216F6F66516E25706F67516F21716F77517025726F000E91
:20CDB8007121736F72C564F573C565F51200050164516511D8A4EBEF66F0EDEF66F0EFEFC6
:20CDD80066F01FEF67F064C5D9F465C5DAF4000EDE6E000EDE6E000EDE6E000EDD6E20EE1D
:20CDF80004F06451D9266551DA22000EDE6E000EDE6E000EDE6E000EDD6E20EE08F064519F
:20CE1800D9266551DA22000EDE6E000EDE6E000EDE6E000EDD6E20EE0CF06451D92665516E
:20CE3800DA22DE6ADD6A120005016A696B6947EF67F064C5D9F465C5DAF4DF506A19696F8B
:20CE5800644B652B070E6925F66EF76A320EF722F86A000EF8220800F5506B196A6F070E71
:20CE78006925F66EF76A310EF722F86A000EF8220800F5C46BF566076629D8A44EEF67F038
:20CE980050EF67F025EF67F06B516AC567F5686B67C568F5676B6711646F6851656F12001A
:20CEB8000601CF6BCF51080DCA0EF324D96E080EF420DA6EDF50D8B46CEF67F06EEF67F01B
:20CED8008CEF67F0CF51080DCA0EF324D96E080EF420DA6EDF6ACF51080DCF0EF324D96ED2
:20CEF800080EF420DA6E02D88CEF67F00500FA6EDE50FD6EDE50FE6EDE50FF6EFA50120065
:20CF18000601CF2B050ECF6594EF67F096EF67F05EEF67F01200000E0501696F000E686F74
:20CF380066516711D8B4A3EF67F0A5EF67F0CDEF67F0010E6A6FADEF67F0D89066376737B9
:20CF58006A2B67AFB2EF67F0B4EF67F0A9EF67F0D890683769376651645D67516559D8A020
:20CF7800C0EF67F0C2EF67F0C7EF67F06651645F6751655B6881D890673366336A2FB4EFCC
:20CF980067F068C564F569C565F512005550D8A4D8EF67F0DAEF67F0E9EF67F0F5EC72F031
:20CFB80064C53EF765C53FF766C540F767C541F7010E556E000E0BEF68F03EC768F53FC73B
:20CFD80069F540C76AF541C76BF58DEC65F068C578F569C579F56AC57AF56BC57BF50501C5
:20CFF8007B517A110BE1E90E785D030E7959D8A008EF68F00AEF68F0E6EF67F0010E1200C2
:20D0180005016A6F24EF68F066C564F567C565F571EC73F0D7EC73F042EF68F066C564F5B1
:20D0380067C565F56BEC73F0D5EC73F042EF68F005016A51686F696B6951000AD8B42FEF11
:20D0580068F042EF68F06851010AD8B410EF68F0030AD8B41AEF68F0010AD8B442EF68F016
:20D07800070AD8B442EF68F042EF68F01200000E05016C6F000E6D6F000E6E6F000E6F6F27
:20D0980064A151EF68F053EF68F05BEF68F068516C2769516D236A516E236B516F23D89007
:20D0B800683769376A376B37D89067336633653364336451651166116711D8A46EEF68F0C1
:20D0D80070EF68F04CEF68F06CC564F56DC565F56EC566F56FC567F512007E6A020E7F6EC3
:20D0F800806A7F0E816E0C0E826E836A846A856A866A886A896A8A6A8B6A8C6AB59CB59E86
:20D1180085908592A59EA59CD00E0501646FE70E656F000E666F25EC73F0CE0E0501646FBB
:20D13800E70E656F000E666F1EEC73F0D20E0501646FE70E656F000E666F2CEC73F0800E50
:20D15800876E12006F6A020E706E716A7F0E726E0C0E736E746A756A766A776A796A7A6A61
:20D178007B6A7C6A7D6AB39CB39E76907692A39EA39CCA0E0501646FE70E656F000E666F5A
:20D198003AEC73F0C80E0501646FE70E656F000E666F33EC73F0CC0E0501646FE70E656F95
:20D1B800000E666F41EC73F0800E786E1200050166516711D8B4EBEF68F0EDEF68F011EF37
:20D1D80069F0010E686FF5EF68F0D89066376737682B67AFFAEF68F0FCEF68F0F1EF68F0B4
:20D1F8006651645D67516559D8A005EF69F007EF69F00BEF69F06651645F6751655BD89068
:20D2180067336633682FFCEF68F064C564F565C565F5120005017E6F2EEF69F069EC5EF0C5
:20D2380048EF69F005EC5EF048EF69F0DBEC73F0030E90EC5FF0050EB2EC60F069EC5EF0CD
:20D258001EEF69F005017E517C6F7D6B7D51000AD8B439EF69F048EF69F07C51010AD8B4CF
:20D278001AEF69F0030AD8B41EEF69F0010AD8B422EF69F048EF69F012000301F39FD96BB8
:20D29800DA6BDB6BDC6BDF6BE06BE56BE76BEC6BEE6BEF6BD86BF06BF16BF26BF46B180E87
:20D2B800F56F100EF66FF76B030EF86F1F0EFA6F020EF96F000E0701916F000E926F000E54
:20D2D800936F000E8E6F000E8F6F000E906F4E6AAF949F94B090A090840E0301F36F120068
:20D2F800FEEC72F01CC526F71DC527F71EC528F71FC529F7640E0601E2618DEF69F08FEFB7
:20D3180069F09EEF69F0A8EC6FF0246E480E0601E225D96EDA6A0B0EDA2224C5DFF4E22B64
:20D33800ADEF69F0E26B480E1C6E0B0E1D6E000E1F6E000E1E6E000E216E640E206E3CEC15
:20D358006FF01200A30E0501646F070E656F000E666F000E676F000E686F000E696FB80E79
:20D378006A6F0B0E6B6F000E6C6F000E6D6F5EEC64F09C0E0501646F080E656F000E666F08
:20D39800000E676F000E686F000E696FC80E6A6F000E6B6F000E6C6F000E6D6F5EEC64F0BE
:20D3B8001200000ED6BE010E05016B6F66C545F064C568F565C569F566C56AF569C568F52F
:20D3D8006AC569F56A6B68510001446F64C543F067C546F04151F80B0309416FD69E0001E2
:20D3F8004DC542F04C50426F408105016BB102D0D69E01D0D68EF80E0001411712000501AF
:20D4180067BF11EF6AF013EF6AF01DEF6AF064C564F565C565F566C566F567C567F536EF79
:20D438006AF064C568F565C569F566C56AF567C56BF5681F691F6A1F6B1F682B000E692307
:20D458006A236B2368C564F569C565F56AC566F56BC567F5120005016B6B55EC70F00009DD
:20D47800D8A441EF6AF043EF6AF060EF6AF0010E306E65C531F566C532F53B6A67C533F511
:20D4980068C534F569C535F56AC536F5000E376E000E386E000E3A6E000E396E3C6A02EC06
:20D4B8006FF0010E05016B6F05016B51120005016B6B55EC70F00009D8A46DEF6AF06FEF1C
:20D4D8006AF08CEF6AF0010E306E65C531F566C532F53B6A67C537F568C538F569C539F503
:20D4F8006AC53AF5000E336E000E346E000E366E000E356E3C6A25EC71F0010E05016B6FED
:20D5180005016B5112006FC673F670C674F6A4EF6AF06DC65DF66EC65EF6730E06015F6F90
:20D53800060E606F71C661F672C662F6A9EC31F073C6F6F474C6F7F4000EF86E0800F55013
:20D558000009D8A4B2EF6AF0B4EF6AF095EF6AF0000E06016E6F000E6D6F1200B8EC51F085
:20D57800000E05016D6F000E6C6FA60E6E6F0A0E6F6F460E706FBFEC55F0D00E0501A86F15
:20D59800C90EE82EFED7A82FFCD700D0A60E0501796F0A0E7A6F5BEC5CF0A60E0501646F74
:20D5B8000A0E656F43EC65F06DEC70F05EEC66F0120066C56CF567C56DF564C56AF565C5AC
:20D5D8006BF5FFEF6AF06CC5D9F46DC5DAF4DF506E6F6C4B6D2B6AC5D9F46BC5DAF46EC505
:20D5F800DFF46A4B6B2B05016807D8A06907682906E16929D8A40BEF6BF00DEF6BF0EFEF88
:20D618006AF01200000E0501686F000E696F000E6A6F000E6B6F6C6B29EF6BF06C51642556
:20D63800D96E000E6521DA6EDF50676F67516827000E69236A236B236C2B66516C5DD8A01F
:20D6580030EF6BF032EF6BF01AEF6BF068C564F569C565F5120016C76CF517C76DF518C7DB
:20D678006EF519C76FF564C56CF565C56DF566C56EF567C56FF56CC568F56DC569F56EC566
:20D698006AF56FC56BF5200E58EF6BF00501D8906B336A3369336833E82E52EF6BF068C5F0
:20D6B80064F569C565F51200040E0201946F800E956F080E966F030E9C6F9A6B9B6B976B71
:20D6D8008D6BC3EC72F002019B919B95948F050EE82EFED7000000000000000000000000A9
:20D6F800000002019A919A959B85000E07018B6F000E8C6F000E8D6F1200030E0501796F61
:20D718005C0EE5EC6EF079C57EF57AC57FF5FB0E0501806F070E816F000E836F030E826FEF
:20D73800C3EC63F005017E517F11D8B4A6EF6BF0A8EF6BF0B1EF6BF0FB0EC06F070EC16F84
:20D75800030EC26F5C0E25EC70F01200FAC41AF5FBC41BF541C517F542C518F528EC6DF04F
:20D778000701E751E811E911D8B4C5EF6BF0C7EF6BF0D4EF6BF002D8D4EF6BF00500FA6E2F
:20D79800E751FD6EE851FE6EE951FF6EFA501200B1981BC5FBF41AC5FAF411000501676F54
:20D7B800D1EC73F0680E0501666FE40EE82EFED7662FFCD7000045EC72F00009D8B4EFEF95
:20D7D8006BF0F1EF6BF0E7EF6BF00501675101EC6CF02A0E0501666F8D0EE82EFED7662F35
:20D7F800FCD700D0D9EC73F012000501656FA2B208EF6CF00AEF6CF00EEF6CF065C5A3F246
:20D8180026EF6CF00501FE51D8B415EF6CF017EF6CF026EF6CF0200E4B24D96EDA6A0A0E2B
:20D83800DA2265C5DFF44B281F0B646F64C54BF5A292FE07A282120003011E911F6B206BC7
:20D85800030E216F050E1D6FFE0E1C6F1D510501646F03011C51416E64C542F5E00E07011C
:20D87800E76FE70EE86F000EE96F000EE46F000EE56F000EE66FB198A188B19A050E03018E
:20D898001E6F1200D8C461F5FAC462F5FBC463F50701E151E211E311D8B45DEF6CF05FEF10
:20D8B8006CF06CEF6CF002D86CEF6CF00500FA6EE151FD6EE251FE6EE351FF6EFA50120006
:20D8D800B99663C5FBF462C5FAF461C5D8F411000601E26B220E0501646F090E656F000E5C
:20D8F800676F000E666F000E696F640E686F71EC6EF0480E0501646F0B0E656F000E676F6D
:20D91800000E666F000E696F640E686F71EC6EF00601E16BCFEC73F01200000E0501776FA5
:20D93800000E766FACEF6CF075C568F5696B73C56AF574C56BF59FEC5DF00501764B772B09
:20D9580076517125D96E77517221DA6EDF50756F7551D8A4BAEF6CF0BCEF6CF0A0EF6CF01C
:20D978001200000E0601041B000E051B000E061B800E071B00C6D9F501C6DAF502C6DBF57A
:20D9980003C6DCF504C6DDF505C6DEF506C6DFF507C6E0F5FCEC2CF0D9C500F6DAC501F62B
:20D9B800DBC502F6DCC503F6120005016C5109E1040E6B5DD8A0EBEF6CF0EDEF6CF0F0EFBF
:20D9D8006CF0000E04EF6DF0000E6A256D6F000E6B216E6F380E6C216F6F6DC564F56EC516
:20D9F80065F56FC566F53DEC70F00501706F705112000501666F05016605D8A40EEF6DF0C3
:20DA180010EF6DF018EF6DF0A30E646F070E656F11EC64F027EF6DF0020E6619D8A41FEFE4
:20DA38006DF021EF6DF027EF6DF09C0E646F080E656F11EC64F0120003011EA52EEF6DF086
:20DA580030EF6DF046EF6DF01EB135EF6DF038EF6DF0010E39EF6DF0000E196E18501D6FAF
:1EDA780017C51CF319B002D01E9102D003011E814AEF6DF018501D6F17C51CF312005F
:20DA9800FAC403F5FBC404F5B39C0701855186118711D8B45AEF6DF05CEF6DF069EF6DF015
:20DAB80002D869EF6DF00500FA6E8551FD6E8651FE6E8751FF6EFA50120004C5FBF403C5AD
:20DAD800FAF41100FAC407F5FBC408F5B59C07017C517D117E11D8B47CEF6DF07EEF6DF058
:20DAF8008BEF6DF002D88BEF6DF00500FA6E7C51FD6E7D51FE6E7E51FF6EFA50120008C542
:20DB1800FBF407C5FAF41100FAC413F5FBC414F50701ED51EE11EF11D8B49DEF6DF09FEF5D
:20DB38006DF0ACEF6DF002D8ACEF6DF00500FA6EED51FD6EEE51FE6EEF51FF6EFA501200DC
:20DB5800B19E14C5FBF413C5FAF41100FAC415F5FBC416F50701EA51EB11EC11D8B4BFEFB7
:20DB78006DF0C1EF6DF0CEEF6DF002D8CEEF6DF00500FA6EEA51FD6EEB51FE6EEC51FF6EB0
:20DB9800FA501200B19616C5FBF415C5FAF411009C0E0601146F080E156F2EC616F62FC664
:20DBB80017F630C618F631C619F6C80E1A6F000E1B6F000E1C6F000E1D6FE7EC37F014C638
:20DBD8002EF615C62FF616C630F617C631F61200A30E0601146F070E156F2EC616F62FC628
:20DBF80017F630C618F631C619F6B80E1A6F0B0E1B6F000E1C6F000E1D6FE7EC37F014C6FD
:20DC18002EF615C62FF616C630F617C631F6120064C568F565C569F566C5F6F467C5F7F476
:20DC38000501664B672B000EF86E68C5D9F469C5DAF4684B692B0800F5C4DFF4DF50D8A493
:20DC580030EF6EF032EF6EF018EF6EF01200FEEC71F0E1EC72F0D7EC72F0CDEC5CF0AEECFB
:20DC780069F0BAEC6AF0900E0501646FC50E656F000E666F64EC73F0DB0E0501716F070E9B
:20DC9800726F7FEC4BF089EC6BF01200C3EC73F08CEC73F00FEC73F0A1EC73F00201949F92
:20DCB800EBEC72F002019B919B95948F050EE82EFED7000000000000000000000000000093
:20DCD80002019A919A959B85120064C56AF565C56BF57FEF6EF06AC5D9F46BC5DAF466C59A
:20DCF800DFF46A4B6B2B05016807D8A06907682906E16929D8A48BEF6EF08DEF6EF077EFF3
:20DD18006EF0120005016451651166116711D8B498EF6EF09AEF6EF0A2EF6EF0000E641B87
:20DD3800000E651B000E661B800E671B64C564F565C565F566C566F567C567F51200050172
:20DD5800686F68C5ECF30301F39DF381F3B1B7EF6EF0B9EF6EF0B2EF6EF0EB510501676FFB
:20DD7800666B0301EA5105016625646F0301000E05016721656F1200CDEC72F0F1EC5FF04A
:20DD980049EC69F012EC71F028EC6CF099EC70F084EC70F091EC73F060EC6BF0ABEC73F0D8
:20DDB800AEEC68F079EC68F071EC63F0F9EC64F0120005017D6F7DC56CF505016D6BD30E4D
:20DDD8006E6F070E6F6F79C570F5BFEC55F0680E05017C6FE40EE82EFED77C2FFCD7000006
:20DDF800D30E0501796F070E7A6F120035503610D8B409EF6FF00BEF6FF018EF6FF035503A
:20DE180082EC73F03B50D8B414EF6FF016EF6FF018EF6FF0B4EC73F03150312487EC73F027
:20DE3800B7EC73F01200200E0501FE6126EF6FF028EF6FF03AEF6FF0200E4A24D96EDA6A86
:20DE58000A0EDA22DF500201A36F4A281F0B296E29C54AF50501FE2B3BEF6FF0A2921200F4
:20DE78001CC522F51DC523F54AEF6FF022C5D9F423C5DAF41EC5DFF4224A232A2006D8A089
:20DE98002106202806E12128D8A455EF6FF057EF6FF042EF6FF0120005016BBF5EEF6FF089
:20DEB80060EF6FF066EF6FF06AC56AF56BC56BF572EF6FF06AC56CF56BC56DF56C1F6D1FD1
:20DED8006C4B6D2B6CC56AF56DC56BF512001EC7E9F51FC7EAF520C7EBF521C7ECF508C6C1
:20DEF800E9F509C6EAF50AC6EBF50BC6ECF50501EC9FE9C508F6EAC509F6EBC50AF6ECC5D0
:20DF18000BF612005E04D8B494EF6FF096EF6FF098EF6FF0A7EF6FF00601E505D8B49FEF3C
:20DF38006FF0A1EF6FF0A3EF6FF0A7EF6FF0EDEC71F0DCEC71F01200000E4824D96EDA6A1B
:20DF58000A0EDA22DF501D6E48281F0B1C6E1CC548F5A2904750D8B4BCEF6FF0BEEF6FF02E
:20DF7800BFEF6FF04706A2801D501200070179517A117B11D8B4CBEF6FF0CDEF6FF0DAEF1C
:20DF98006FF002D8DAEF6FF00500FA6E7951FD6E7A51FE6E7B51FF6EFA5012001200070180
:20DFB800765177117811D8B4E4EF6FF0E6EF6FF0F3EF6FF002D8F3EF6FF00500FA6E7651EF
:20DFD800FD6E7751FE6E7851FF6EFA50120012000701735174117511D8B4FDEF6FF0FFEF4A
:20DFF8006FF00CEF70F002D80CEF70F00500FA6E7351FD6E7451FE6E7551FF6EFA501200BE
:20E018001200000A000A0000B60000140014001CDF00003200320050E70000500050004A64
:20E03800E7000064006400307A0000E803E8030EE6000501C46FC4C56CF505016D6BC0C51F
:20E058006EF5C1C56FF5C2C570F574EC5BF0D00E0501C36FC90EE82EFED7C32FFCD700D057
:20E07800120066C545F064C567F565C568F566C569F568C567F569C568F50501696B6751DB
:20E098000001446F64C543F0F80E4117408146511200010E0501646F3050D8A45EEF70F0FF
:20E0B80060EF70F06AEF70F0020198AF66EF70F068EF70F06AEF70F00501646B05016451E1
:20E0D8001200010E05016A6F000E6B6F000E6C6FE1EC6CF00701946F030E05016A6F000E25
:20E0F8006B6F000E6C6FE1EC6CF00701956F1200010E0301326F316B336B1F0E2F6F2E6BAC
:20E11800C60E0701E16FE70EE26F000EE36FB996A986DF0E0301306F1200010E0301266F4D
:20E13800256B276B1F0E236F226BDE0E0701EA6FE70EEB6F000EEC6FB196A186DF0E0301F5
:20E15800246F1200770E0601856F060E866F000E6D6F000E6E6F75C66FF676C670F6850ECF
:20E17800716F060E726F8FEC6AF012000501646F050164A1CAEF70F0CCEF70F0CDEF70F097
:20E19800C08E64A3D2EF70F0D4EF70F0D5EF70F0BE8A12000501646F050164A1DEEF70F03F
:20E1B800E0EF70F0E1EF70F0C18A64A3E6EF70F0E8EF70F0E9EF70F0C38012000501646FC4
:20E1D800050164A1F2EF70F0F4EF70F0F5EF70F0C09E64A3FAEF70F0FCEF70F0FDEF70F00F
:20E1F800BE9A12000501646F050164A106EF71F008EF71F009EF71F0C19A64A30EEF71F0F2
:20E2180010EF71F011EF71F0C39012003D0E0301196F186B570E1B6FDC0E0701ED6FE70E34
:20E23800EE6F000EEF6FB19EA18E810E03011A6F120039503A10D8B42CEF71F02EEF71F0F8
:20E2580031EF71F0395082EC73F0D880313487EC73F0B7EC73F0120039503A10D8B43FEF93
:20E2780071F041EF71F044EF71F0395099EC73F0D880313495EC73F0BAEC73F01200BDEC2A
:20E2980073F0C0EC73F00009D8B455EF71F057EF71F05DEF71F0000E99EC73F0000E9DECD9
:20E2B80073F01200306A000E326E3168000E336E000E346E000E376E000E386EC3EC73F018
:20E2D8008CEC73F0A1EC73F01200AA5A01FF0004080200000000000000000009000000002E
:20E2F80000000000000900000000000000000501645165116611D8B48CEF71F08EEF71F00F
:20E3180094EF71F064C56AF765C56BF766C56CF712000501645165116611D8B49EEF71F029
:20E33800A0EF71F0A6EF71F064C56DF765C56EF766C56FF712000501645165116611D8B4EC
:20E35800B0EF71F0B2EF71F0B8EF71F064C570F765C571F766C572F71200050164516511A2
:20E378006611D8B4C2EF71F0C4EF71F0CAEF71F064C55EF765C55FF766C560F712000501AA
:20E3980074510008766F76C575F571C56CF572C56DF573C56EF575C56FF5D6EC65F012007C
:20E3B800B00E0601466F080E476F580E486F050E496FF30E4A6F060E4B6F110E8FEC3BF0CA
:20E3D8001200BD0E0601466F080E476F5A0E486F050E496FF40E4A6F060E4B6F1C0E8FECA8
:20E3F8003BF01200D9EC73F0DBEC73F0010EFEEC70F0020EFEEC70F0010EEAEC70F0020E6E
:06E41800EAEC70F01200B6
:20E42000D8C42EF5C6EC73F037C5D9F438C5DAF4DF6E374A382A2EC5D8F41100D8C460F583
:20E4400033C5D9F434C5DAF4334A342ADF509DEC73F060C5D8F41100000141AF32EF72F0C4
:20E4600034EF72F037EF72F0010E38EF72F0000E1200C8EC6EF0D68ED68C33EC6EF05CEC3A
:20E4800067F03FEF72F081EF18F00501FE51D8A44CEF72F04FEF72F0010E50EF72F0000E51
:02E4A000120068
:20E4A400FAC409F5FBC40AF5AF90C2EC6FF00AC5FBF409C5FAF41100FAC40BF5FBC40CF589
:20E4C400B490DBEC6FF00CC5FBF40BC5FAF41100FAC40DF5FBC40EF5B890F4EC6FF00EC563
:20E4E400FBF40DC5FAF41100000140B17CEF72F07FEF72F0010E80EF72F0000E12000201C6
:20E5040095BB87EF72F08AEF72F0010E8BEF72F0000E1200020198B792EF72F095EF72F0CE
:20E52400010E96EF72F0000E1200020197BD9DEF72F0A0EF72F0010EA1EF72F0000E12006A
:20E54400020197BBA8EF72F0ABEF72F0010EACEF72F0000E1200020198A7B3EF72F0B6EF56
:20E5640072F0010EB7EF72F0000E1200FAC427F5FBC428F50CEC4DF028C5FBF427C5FAF45D
:20E584001100A584A586A580A58202019B859B839B8F97811200600E0001AD6FAF6BB36B6E
:20E5A400080EB16FB06BAC6B1200F80E0501646FD20E656F000E666FB9EC71F01200340E0D
:20E5C4000501646FCC0E656F000E666F5DEC73F01200A584A586A580A58202019B859B832E
:20E5E4009B8F978112003DC564F53EC565F53FC566F540C567F512003DC51CF53EC51DF511
:20E604003FC51EF540C51FF51200DB0E0501C06F070EC16FC8EC4DF01200A594A596A590A5
:20E62400A59202019B6B976B120006050403020101000000C000001264C57FF765C580F75A
:20E6440066C581F7120064C582F765C583F766C584F7120064C57CF765C57DF766C57EF729
:20E66400120064C588F765C589F766C58AF7120064C5D0F665C5D1F666C5D2F6120064C566
:20E6840085F765C586F766C587F7120064C573F765C574F766C575F7120064C576F765C507
:20E6A40077F766C578F7120064C579F765C57AF766C57BF7120064C5EDF765C5EEF766C512
:20E6C400EFF7120064C5D3F665C5D4F666C5D5F6120064C589F4050165518A6E120064C5BB
:20E6E4007AF4050165517B6E1200050165514C6E64C54DF5120000008C4203010101010128
:20E704000501646F64C58DF212000501646F64C58FF212000201979B979D97991200C30E51
:20E724000301D76F12002A6E2AC58FF212002C6E2CC58DF212002F6E2FC58CF2120002011F
:20E74400996B99851200EDEC35F012005EEC41F01200B1EC73F012004C6A4D6A1200000152
:20E76400419F12000201948D12000201948B12000201948B12000201949D120002018D51DE
:0EE78400120002019A6B120002018B5112006A
:20E794001FEC6FF01100A2901200A2801200C1861200C38A12008784120078841200C19638
:06E7B4001200C39A1200DE
:20E7BC00AF941100B0901100010112001200120012001200120012001100120012001200D1
:0CE7DC00120012001200120012001200C5
:020000040001F9
:04FFFC00FFFFFFFF05
:020000040030CA
:080000008FFFEFFF9FFFFFFFE0
:01000900FFF7
:00000001FF
