:0430000081EF18F054
:103008009E349E349E349E34400C9E34400C9E3434
:10301800CB339E3498349E349E349E349E349E34F2
:103028009934400C400C400C9E349E349E349E349F
:103038009E349E349E34AB319A309E349E349A31FD
:1030480004348B349E349E34400C400C9E349E34A1
:103058009E349E349E34400C9E349E347831922B9C
:10306800D1339E349E349E349E349E349E349E3496
:10307800B633BD33E22DD72A400C9E348931BF2B9D
:103088009E349E349E349E349E349E349E349E34A8
:103098009E349E349E349E34400C9E34400C400C2A
:1030A800D7339E349E349E349E349E349E349E3450
:1030B8009E349E349E34E8309E349E349E349E3432
:1030C8009E349E349E349E349E349E349E349E3468
:1030D8009E349E349E349E349E349E349E349E3458
:1030E800400C9E349E349E34400C400C400C400CE6
:1030F8009E349E349E349E34FF008DEF51F00000C4
:10310800C0C101C30302C2C60607C705C5C404CCB3
:103118000C0DCD0FCFCE0E0ACACB0BC90908C8D8E3
:103128001819D91BDBDA1A1EDEDF1FDD1D1CDC14A3
:10313800D4D515D71716D6D21213D311D1D010F073
:103148003031F133F3F23236F6F737F53534F43CF3
:10315800FCFD3DFF3F3EFEFA3A3BFB39F9F83828C3
:10316800E8E929EB2B2AEAEE2E2FEF2DEDEC2CE4E3
:103178002425E527E7E62622E2E323E12120E0A053
:103188006061A163A3A26266A6A767A56564A46C33
:10319800ACAD6DAF6F6EAEAA6A6BAB69A9A8687863
:1031A800B8B979BB7B7ABABE7E7FBF7DBDBC7CB423
:1031B8007475B577B7B67672B2B373B17170B05033
:1031C8009091519353529296565797559594549C73
:1031D8005C5D9D5F9F9E5E5A9A9B5B995958988843
:1031E8004849894B8B8A4A4E8E8F4F8D4D4C8C4463
:1031F80084854587474686824243834181804000D3
:10320800C1814001C0804101C0804100C1814001AD
:10321800C0804100C1814000C1814001C08041019E
:10322800C0804100C1814000C1814001C08041008F
:10323800C1814001C0804101C0804100C18140017D
:10324800C0804100C1814000C1814001C08041006F
:10325800C1814001C0804101C0804100C18140005E
:10326800C1814001C0804101C0804100C18140014D
:10327800C0804100C1814000C1814001C08041013E
:10328800C0804100C1814000C1814001C08041002F
:10329800C1814001C0804101C0804100C18140001E
:1032A800C1814001C0804101C0804100C18140010D
:1032B800C0804100C1814000C1814001C0804100FF
:1032C800C1814001C0804101C0804100C1814001ED
:1032D800C0804100C1814000C1814001C0804101DE
:1032E800C0804100C1814000C1814001C0804100CF
:1032F800C1814001C0804101C0804100C1814000BE
:10330800C0C101C30302C2C60607C705C5C404CCB1
:103318000C0DCD0FCFCE0E0ACACB0BC90908C8D8E1
:103328001819D91BDBDA1A1EDEDF1FDD1D1CDC14A1
:10333800D4D515D71716D6D21213D311D1D010F071
:103348003031F133F3F23236F6F737F53534F43CF1
:10335800FCFD3DFF3F3EFEFA3A3BFB39F9F83828C1
:10336800E8E929EB2B2AEAEE2E2FEF2DEDEC2CE4E1
:103378002425E527E7E62622E2E323E12120E0A051
:103388006061A163A3A26266A6A767A56564A46C31
:10339800ACAD6DAF6F6EAEAA6A6BAB69A9A8687861
:1033A800B8B979BB7B7ABABE7E7FBF7DBDBC7CB421
:1033B8007475B577B7B67672B2B373B17170B05031
:1033C8009091519353529296565797559594549C71
:1033D8005C5D9D5F9F9E5E5A9A9B5B995958988841
:1033E8004849894B8B8A4A4E8E8F4F8D4D4C8C4461
:1033F80084854587474686824243834181804000D1
:10340800C1814001C0804101C0804100C1814001AB
:10341800C0804100C1814000C1814001C08041019C
:10342800C0804100C1814000C1814001C08041008D
:10343800C1814001C0804101C0804100C18140017B
:10344800C0804100C1814000C1814001C08041006D
:10345800C1814001C0804101C0804100C18140005C
:10346800C1814001C0804101C0804100C18140014B
:10347800C0804100C1814000C1814001C08041013C
:10348800C0804100C1814000C1814001C08041002D
:10349800C1814001C0804101C0804100C18140001C
:1034A800C1814001C0804101C0804100C18140010B
:1034B800C0804100C1814000C1814001C0804100FD
:1034C800C1814001C0804101C0804100C1814001EB
:1034D800C0804100C1814000C1814001C0804101DC
:1034E800C0804100C1814000C1814001C0804100CD
:1034F800C1814001C0804101C0804100C1814000BC
:10350800C0C101C30302C2C60607C705C5C404CCAF
:103518000C0DCD0FCFCE0E0ACACB0BC90908C8D8DF
:103528001819D91BDBDA1A1EDEDF1FDD1D1CDC149F
:10353800D4D515D71716D6D21213D311D1D010F06F
:103548003031F133F3F23236F6F737F53534F43CEF
:10355800FCFD3DFF3F3EFEFA3A3BFB39F9F83828BF
:10356800E8E929EB2B2AEAEE2E2FEF2DEDEC2CE4DF
:103578002425E527E7E62622E2E323E12120E0A04F
:103588006061A163A3A26266A6A767A56564A46C2F
:10359800ACAD6DAF6F6EAEAA6A6BAB69A9A868785F
:1035A800B8B979BB7B7ABABE7E7FBF7DBDBC7CB41F
:1035B8007475B577B7B67672B2B373B17170B0502F
:1035C8009091519353529296565797559594549C6F
:1035D8005C5D9D5F9F9E5E5A9A9B5B99595898883F
:1035E8004849894B8B8A4A4E8E8F4F8D4D4C8C445F
:1035F80084854587474686824243834181804000CF
:10360800C1814001C0804101C0804100C1814001A9
:10361800C0804100C1814000C1814001C08041019A
:10362800C0804100C1814000C1814001C08041008B
:10363800C1814001C0804101C0804100C181400179
:10364800C0804100C1814000C1814001C08041006B
:10365800C1814001C0804101C0804100C18140005A
:10366800C1814001C0804101C0804100C181400149
:10367800C0804100C1814000C1814001C08041013A
:10368800C0804100C1814000C1814001C08041002B
:10369800C1814001C0804101C0804100C18140001A
:1036A800C1814001C0804101C0804100C181400109
:1036B800C0804100C1814000C1814001C0804100FB
:1036C800C1814001C0804101C0804100C1814001E9
:1036D800C0804100C1814000C1814001C0804101DA
:1036E800C0804100C1814000C1814001C0804100CB
:1036F800C1814001C0804101C0804100C1814000BA
:10370800C0C101C30302C2C60607C705C5C404CCAD
:103718000C0DCD0FCFCE0E0ACACB0BC90908C8D8DD
:103728001819D91BDBDA1A1EDEDF1FDD1D1CDC149D
:10373800D4D515D71716D6D21213D311D1D010F06D
:103748003031F133F3F23236F6F737F53534F43CED
:10375800FCFD3DFF3F3EFEFA3A3BFB39F9F83828BD
:10376800E8E929EB2B2AEAEE2E2FEF2DEDEC2CE4DD
:103778002425E527E7E62622E2E323E12120E0A04D
:103788006061A163A3A26266A6A767A56564A46C2D
:10379800ACAD6DAF6F6EAEAA6A6BAB69A9A868785D
:1037A800B8B979BB7B7ABABE7E7FBF7DBDBC7CB41D
:1037B8007475B577B7B67672B2B373B17170B0502D
:1037C8009091519353529296565797559594549C6D
:1037D8005C5D9D5F9F9E5E5A9A9B5B99595898883D
:1037E8004849894B8B8A4A4E8E8F4F8D4D4C8C445D
:1037F80084854587474686824243834181804000CD
:10380800C1814001C0804101C0804100C1814001A7
:10381800C0804100C1814000C1814001C080410198
:10382800C0804100C1814000C1814001C080410089
:10383800C1814001C0804101C0804100C181400177
:10384800C0804100C1814000C1814001C080410069
:10385800C1814001C0804101C0804100C181400058
:10386800C1814001C0804101C0804100C181400147
:10387800C0804100C1814000C1814001C080410138
:10388800C0804100C1814000C1814001C080410029
:10389800C1814001C0804101C0804100C181400018
:1038A800C1814001C0804101C0804100C181400107
:1038B800C0804100C1814000C1814001C0804100F9
:1038C800C1814001C0804101C0804100C1814001E7
:1038D800C0804100C1814000C1814001C0804101D8
:1038E800C0804100C1814000C1814001C0804100C9
:1038F800C1814001C0804101C0804100C1814000B8
:10390800C0C101C30302C2C60607C705C5C404CCAB
:103918000C0DCD0FCFCE0E0ACACB0BC90908C8D8DB
:103928001819D91BDBDA1A1EDEDF1FDD1D1CDC149B
:10393800D4D515D71716D6D21213D311D1D010F06B
:103948003031F133F3F23236F6F737F53534F43CEB
:10395800FCFD3DFF3F3EFEFA3A3BFB39F9F83828BB
:10396800E8E929EB2B2AEAEE2E2FEF2DEDEC2CE4DB
:103978002425E527E7E62622E2E323E12120E0A04B
:103988006061A163A3A26266A6A767A56564A46C2B
:10399800ACAD6DAF6F6EAEAA6A6BAB69A9A868785B
:1039A800B8B979BB7B7ABABE7E7FBF7DBDBC7CB41B
:1039B8007475B577B7B67672B2B373B17170B0502B
:1039C8009091519353529296565797559594549C6B
:1039D8005C5D9D5F9F9E5E5A9A9B5B99595898883B
:1039E8004849894B8B8A4A4E8E8F4F8D4D4C8C445B
:1039F80084854587474686824243834181804000CB
:103A0800C1814001C0804101C0804100C1814001A5
:103A1800C0804100C1814000C1814001C080410196
:103A2800C0804100C1814000C1814001C080410087
:103A3800C1814001C0804101C0804100C181400175
:103A4800C0804100C1814000C1814001C080410067
:103A5800C1814001C0804101C0804100C181400056
:103A6800C1814001C0804101C0804100C181400145
:103A7800C0804100C1814000C1814001C080410136
:103A8800C0804100C1814000C1814001C080410027
:103A9800C1814001C0804101C0804100C181400016
:103AA800C1814001C0804101C0804100C181400105
:103AB800C0804100C1814000C1814001C0804100F7
:103AC800C1814001C0804101C0804100C1814001E5
:103AD800C0804100C1814000C1814001C0804101D6
:103AE800C0804100C1814000C1814001C0804100C7
:103AF800C1814001C0804101C0804100C1814000B6
:103B0800C0C101C30302C2C60607C705C5C404CCA9
:103B18000C0DCD0FCFCE0E0ACACB0BC90908C8D8D9
:103B28001819D91BDBDA1A1EDEDF1FDD1D1CDC1499
:103B3800D4D515D71716D6D21213D311D1D010F069
:103B48003031F133F3F23236F6F737F53534F43CE9
:103B5800FCFD3DFF3F3EFEFA3A3BFB39F9F83828B9
:103B6800E8E929EB2B2AEAEE2E2FEF2DEDEC2CE4D9
:103B78002425E527E7E62622E2E323E12120E0A049
:103B88006061A163A3A26266A6A767A56564A46C29
:103B9800ACAD6DAF6F6EAEAA6A6BAB69A9A8687859
:103BA800B8B979BB7B7ABABE7E7FBF7DBDBC7CB419
:103BB8007475B577B7B67672B2B373B17170B05029
:103BC8009091519353529296565797559594549C69
:103BD8005C5D9D5F9F9E5E5A9A9B5B995958988839
:103BE8004849894B8B8A4A4E8E8F4F8D4D4C8C4459
:103BF80084854587474686824243834181804000C9
:103C0800C1814001C0804101C0804100C1814001A3
:103C1800C0804100C1814000C1814001C080410194
:103C2800C0804100C1814000C1814001C080410085
:103C3800C1814001C0804101C0804100C181400173
:103C4800C0804100C1814000C1814001C080410065
:103C5800C1814001C0804101C0804100C181400054
:103C6800C1814001C0804101C0804100C181400143
:103C7800C0804100C1814000C1814001C080410134
:103C8800C0804100C1814000C1814001C080410025
:103C9800C1814001C0804101C0804100C181400014
:103CA800C1814001C0804101C0804100C181400103
:103CB800C0804100C1814000C1814001C0804100F5
:103CC800C1814001C0804101C0804100C1814001E3
:103CD800C0804100C1814000C1814001C0804101D4
:103CE800C0804100C1814000C1814001C0804100C5
:103CF800C1814001C0804101C0804100C181407440
:103D0800B4000000008ECA0006C3000000008ACF7D
:103D1800000000000000000000000000000000009B
:103D2800000000000000000000000000000000008B
:103D3800000000000090CE000000006CCE0048CECD
:103D48000024CE0000000072C10000000020BF0067
:103D580078BF000000000000000000001ACC00003E
:103D680000000000004348317C493A252E32667C29
:103D7800563A252E32667C503A252E32667C5057AC
:103D88004D3A25647C0A0D20004348327C493A2587
:103D98002E32667C563A252E32667C503A252E32D3
:103DA800667C50574D3A25647C0A0D200053503AE2
:103DB800252E32667C55524745313A25647C55524A
:103DC8004745323A25647C200A0D200054656D7001
:103DD8003A252E32667C0A0D200056696E3A256413
:103DE8007C200A0D200050726F3A25647C0A0D2051
:0F3DF800002530325800696E66006E616E000063
:103E08000601446B1EC645F61FC646F620C647F691
:103E180021C648F648BF15EF1FF013EF1FF029EF32
:103E28001FF0010E446F45C663F546C664F547C6E4
:103E380065F548C666F530EC64F063C545F664C5BB
:103E480046F665C547F666C548F6000E06014A6F90
:103E5800000E496FC4C638F6C5C639F64451D8B401
:103E680038EF1FF03AEF1FF04EEF1FF04451D8A47F
:103E780040EF1FF042EF1FF048EF1FF0000E2A6FCF
:103E88002B0E296F4CEF1FF0000E2A6F2D0E296F95
:103E980029C644F645C663F546C664F547C665F5C2
:103EA80048C666F513EC50F0050163056411D8A403
:103EB80060EF1FF062EF1FF099EF1FF00601445109
:103EC800D8B469EF1FF06BEF1FF074EF1FF044C612
:103ED80064F93807D8A03907000E4A6F010E496FF8
:103EE800640E49250501636F090E06014A21050183
:103EF800646FFE0E656F3D0E666FB8EC63F00601E9
:103F0800FD0E3827FF0E39231CC677F51DC678F538
:103F1800640E0501796F090E7A6F38C67BF539C6CC
:103F28007CF5E7EC59F079EF24F045C663F546C611
:103F380064F547C665F548C666F513EC50F005010B
:103F480063516411D8A4ABEF1FF0ADEF1FF0D0EFB1
:103F58001FF006014451D8B4B4EF1FF0B6EF1FF0BC
:103F6800BFEF1FF044C664F93807D8A03907000E20
:103F78004A6F010E496F640E49250501636F090EEA
:103F880006014A210501646F020E656F3E0E666FD9
:103F9800B8EC63F083EF1FF0000E06014B6F000EC4
:103FA8004C6F800E4D6F3F0E4E6F000E336F000E3C
:103FB800326F45C663F546C664F547C665F548C61B
:103FC80066F5000E0501676F000E686F000E696FD9
:103FD800000E6A6F3BEC59F00501D8B0F6EF1FF000
:103FE800F8EF1FF0F2EF20F005EF20F034C64BF6A3
:103FF80035C64CF636C64DF637C64EF60601324B78
:10400800332B4BC6BFF54CC6C0F54DC6C1F54EC6E1
:10401800C2F5000E0501C36F000EC46F200EC56FF8
:10402800410EC66FDCEC2BF0BFC534F6C0C535F6C3
:10403800C1C536F6C2C537F606013451455D0501DE
:10404800636F0601355146590501646F0601365103
:1040580047590501656F0601375148590501666FD3
:1040680064EC5FF0050166BF45EF20F0665165110D
:10407800641109E1020E635DD8A045EF20F047EF17
:1040880020F0FAEF1FF034C600F635C601F636C642
:1040980002F637C603F645C604F646C605F647C611
:1040A80006F648C607F65AEC49F00601D8A05FEFB5
:1040B80020F061EF20F0FAEF1FF04B51455D05014C
:1040C800636F06014C5146590501646F06014D5155
:1040D80047590501656F06014E5148590501666F3C
:1040E80064EC5FF0050166BF87EF20F0665165114B
:1040F800641107E1020E635DD8B085EF20F087EF09
:1041080020F0D8EF20F04BC645F64CC646F64DC613
:1041180047F64EC648F6F2EF20F04BC6A6F54CC659
:10412800A7F54DC6A8F54EC6A9F5000E0501AA6F5C
:10413800000EAB6F200EAC6F410EAD6FDAEC35F0B0
:10414800A6C54BF6A7C54CF6A8C54DF6A9C54EF6AB
:1041580006013207D8A033074B51455D0501636F4F
:1041680006014C5146590501646F06014D514759E6
:104178000501656F06014E5148590501666F64ECEB
:104188005FF0050166BFD6EF20F066516511641136
:1041980007E1020E635DD8B0D4EF20F0D6EF20F02F
:1041A800D8EF20F087EF20F045C600F646C601F6A6
:1041B80047C602F648C603F64BC604F64CC605F6D3
:1041C8004DC606F64EC607F65AEC49F00601D8A0C9
:1041D800F0EF20F0F2EF20F091EF20F022C62CF65D
:1041E8002CC62DF60601C7BFFCEF20F0FEEF20F02D
:1041F80004EF21F0C6C625F6C7C626F608EF21F05B
:10420800000E266F060E256F25C630F626C631F637
:10421800304B312B660E2D19D8A415EF21F017EF6E
:1042280021F037EF21F033BF1EEF21F01CEF21F012
:104238002AEF21F0000E4B6F000E4C6F800E4D6F71
:104248003F0E4E6F000E336F000E326F670E2C1943
:10425800D8B431EF21F033EF21F037EF21F03251AC
:10426800302733513123000E436F000E426F45C68D
:104278003AF646C63BF647C63CF648C63DF64BC638
:1042880034F64CC635F64DC636F64EC637F6C9EF87
:1042980021F03AC6A6F53BC6A7F53CC6A8F53DC62B
:1042A800A9F54BC6AAF54CC6ABF54DC6ACF54EC63E
:1042B800ADF5DAEC35F0A6C5BFF5A7C5C0F5A8C5BC
:1042C800C1F5A9C5C2F589EC3FF0BFC53EF6C0C52A
:1042D8003FF6C1C540F6C2C541F63EC618F63FC610
:1042E80019F640C61AF641C61BF6EBEC4DF018C697
:1042F8002EF619C62FF63AC6D8F53BC6D9F53CC6F0
:10430800DAF53DC6DBF53EC6C3F53FC6C4F540C683
:10431800C5F541C6C6F54BC6BFF54CC6C0F54DC67A
:10432800C1F54EC6C2F5DCEC2BF0BFC5DCF5C0C547
:10433800DDF5C1C5DEF5C2C5DFF53FEC62F0D8C5D5
:104348003AF6D9C53BF6DAC53CF6DBC53DF64BC6B1
:10435800A6F54CC6A7F54DC6A8F54EC6A9F5000E9C
:104368000501AA6F000EAB6F200EAC6F410EAD6F4A
:10437800DAEC35F0A6C54BF6A7C54CF6A8C54DF640
:10438800A9C54EF60601424B432B3051425D4351BD
:10439800800A0501FB6F06013151800A0501FB59AE
:1043A800D8A0D9EF21F0DBEF21F04DEF21F04BC67B
:1043B800BFF54CC6C0F54DC6C1F54EC6C2F5000ED8
:1043C800C36F000EC46FA00EC56F400EC66FDCEC45
:1043D8002BF0BFC53EF6C0C53FF6C1C540F6C2C505
:1043E80041F63AC600F63BC601F63CC602F63DC6A3
:1043F80003F63EC604F63FC605F640C606F641C6B5
:1044080007F65AEC49F00601D8B00DEF22F00FEF8D
:1044180022F019EF22F0000E3E6F000E3F6F000EE3
:10442800406F000E416F43EF22F03AC663F53BC67A
:1044380064F53CC665F53DC666F53EC667F53FC6FC
:1044480068F540C669F541C66AF53BEC59F00501C7
:10445800D8A031EF22F033EF22F043EF22F006012B
:104468002EB139EF22F03BEF22F043EF22F0000E9D
:104478003E6F000E3F6F000E406F000E416F45C645
:1044880063F546C664F547C665F548C666F53EC693
:1044980067F53FC668F540C669F541C66AF580EC20
:1044A80029F063C53AF664C53BF665C53CF666C5B2
:1044B8003DF63AC600F63BC601F63CC602F63DC6D6
:1044C80003F6000E0501C36F000EC46F200EC56F02
:1044D800410EC66F34C6BFF535C6C0F536C6C1F540
:1044E80037C6C2F5DCEC2BF0BFC504F6C0C505F62F
:1044F800C1C506F6C2C507F65AEC49F00601D8A0B0
:1045080088EF22F08AEF22F0B3EF22F0324B332B00
:1045180034C6BFF535C6C0F536C6C1F537C6C2F5CF
:10452800000E0501C36F000EC46F200EC56F410E4B
:10453800C66FDCEC2BF0BFC534F6C0C535F6C1C577
:1045480036F6C2C537F6660E06012D19D8A4AFEFA8
:1045580022F0B1EF22F0B3EF22F0304B312B34C60A
:104568004BF635C64CF636C64DF637C64EF632C64D
:1045780023F633C624F62B6B000E286F000E276F28
:10458800000E436F000E426FB0EF23F03AC6A6F557
:104598003BC6A7F53CC6A8F53DC6A9F54BC6AAF586
:1045A8004CC6ABF54DC6ACF54EC6ADF5DAEC35F0FC
:1045B800A6C5BFF5A7C5C0F5A8C5C1F5A9C5C2F56B
:1045C80089EC3FF0BFC53EF6C0C53FF6C1C540F611
:1045D800C2C541F63EC618F63FC619F640C61AF6D9
:1045E80041C61BF6EBEC4DF0060119BF07EF23F0AF
:1045F800195107E10A0E185DD8B005EF23F007EF4F
:1046080023F017EF23F03EC618F63FC619F640C64A
:104618001AF641C61BF6EBEC4DF018C62EF619C675
:104628002FF61BEF23F0000E2F6F090E2E6F0601D9
:104638002B51D8A422EF23F024EF23F04CEF23F0E2
:1046480024BF2BEF23F029EF23F04CEF23F0640E67
:104658004925D96E090E4A21DA6E2E0EDF6E494BB6
:104668004A2B3807D8A03907010E2B6F4CEF23F0DF
:10467800640E4925D96E090E4A21DA6E300EDF6EB6
:10468800494B4A2B3807D8A039072707D8A028074D
:1046980027512811D8A453EF23F055EF23F03CEF0E
:1046A80023F0640E4925D96E090E4A21DA6E2E517F
:1046B800300FDF6E494B4A2B3807D8A039073AC666
:1046C800D8F53BC6D9F53CC6DAF53DC6DBF53EC69E
:1046D800C3F53FC6C4F540C6C5F541C6C6F54BC6C9
:1046E800BFF54CC6C0F54DC6C1F54EC6C2F5DCECEB
:1046F8002BF0BFC5DCF5C0C5DDF5C1C5DEF5C2C50B
:10470800DFF53FEC62F0D8C53AF6D9C53BF6DAC515
:104718003CF6DBC53DF64BC6A6F54CC6A7F54DC61F
:10472800A8F54EC6A9F5000E0501AA6F000EAB6FDD
:10473800200EAC6F410EAD6FDAEC35F0A6C54BF626
:10474800A7C54CF6A8C54DF6A9C54EF60601230720
:10475800D8A02407424B432B3051425D4351800A75
:104768000501FB6F06013151800A0501FB59D8B0DC
:10477800C0EF23F0C2EF23F0D1EF23F006014ABFC8
:10478800CFEF23F04A5109E14B0E495DD8A0CFEF96
:1047980023F0D1EF23F0CAEF22F0000E0601436F99
:1047A8004F0E426F640E4225D96E090E4321DA6E10
:1047B800DF6A640E0501FB6F090EFC6F06014951A3
:1047C8000501FB5F06014A510501FC5B06014251E8
:1047D8000501FB25636F060143510501FC21646F48
:1047E800640E656F090E666F49C667F54AC668F5B7
:1047F80067EC60F006014951425D496F4A514359DF
:104808004A6F4451D8A40BEF24F00EEF24F0010EA8
:104818000FEF24F0000E426F436BDCA316EF24F079
:1048280018EF24F04EEF24F029EF24F00601490791
:10483800D8A04A07640E4925D96E090E4A21DA6EB6
:10484800300EDF6E3807D8A039073851425D435122
:10485800800A0501FB6F06013951800A0501FB59E1
:10486800D8B039EF24F03BEF24F04EEF24F00601E6
:104878004951425D4351800A0501FB6F06014A51C7
:10488800800A0501FB59D8A04CEF24F04EEF24F024
:104898001AEF24F006014451D8B455EF24F057EF2D
:1048A80024F062EF24F04907D8A04A07640E49258E
:1048B800D96E090E4A21DA6E44C6DFF44251385FD8
:1048C8004351395B1CC677F51DC678F5640E49253A
:1048D8000501796F090E06014A2105017A6F38C66C
:1048E8007BF539C67CF5E7EC59F012001EC6D8F501
:1048F8001FC6D9F520C6DAF521C6DBF522C6DCF5D8
:1049080023C6DDF524C6DEF525C6DFF53FEC62F0EB
:10491800D8C546F6D9C547F6DAC548F6DBC549F61F
:1049280046C6E0F547C6E1F548C6E2F549C6E3F5EF
:10493800F7EC64F0E0C54EF6E1C54FF6E2C550F677
:10494800E3C551F6060120EE05F01C51D9261D518C
:10495800DA22DEC44AF6DEC44BF6DEC44CF6DEC408
:104968004DF6000E006F000E016F480E026F420EEA
:10497800036F4EC604F64FC605F650C606F651C676
:1049880007F65AEC49F00601D8B0CDEF24F0CFEF86
:1049980024F0ECEF24F04AC6BFF54BC6C0F54CC670
:1049A800C1F54DC6C2F5CD0E0501C36FCC0EC46F5F
:1049B800CC0EC56F3D0EC66FDCEC2BF0BFC54AF6BA
:1049C800C0C54BF6C1C54CF6C2C54DF658EF25F02B
:1049D800000E006F000E016FA00E026F410E036FF4
:1049E8004EC604F64FC605F650C606F651C607F67B
:1049F8005AEC49F00601D8B004EF25F006EF25F08F
:104A080023EF25F04AC6BFF54BC6C0F54CC6C1F525
:104A18004DC6C2F59A0E0501C36F990EC46F990E63
:104A2800C56F3E0EC66FDCEC2BF0BFC54AF6C0C59D
:104A38004BF6C1C54CF6C2C54DF658EF25F04EC62B
:104A480000F64FC601F650C602F651C603F6000E30
:104A5800046F000E056FA00E066F400E076F5AEC2C
:104A680049F00601D8B03BEF25F03DEF25F058EFAF
:104A780025F04AC6BFF54BC6C0F54CC6C1F54DC6B4
:104A8800C2F5000E0501C36F000EC46F000EC56F9E
:104A9800400EC66FDCEC2BF0BFC54AF6C0C54BF61E
:104AA800C1C54CF6C2C54DF6060120EE01F01C51F9
:104AB800D9261D51DA22DEC4BFF5DEC4C0F5DEC436
:104AC800C1F5DEC4C2F546C6C3F547C6C4F548C637
:104AD800C5F549C6C6F5DCEC2BF0BFC526F6C0C542
:104AE80027F6C1C528F6C2C529F64EC600F64FC638
:104AF80001F650C602F651C603F6000E0601046F11
:104B0800000E056F480E066F420E076F5AEC49F00B
:104B18000601D8B092EF25F094EF25F073EF27F057
:104B280046C652F647C653F648C654F649C655F621
:104B3800000E006F000E016FF00E026F410E036F42
:104B48004EC604F64FC605F650C606F651C607F619
:104B58005AEC49F00601D8B0B4EF25F0B6EF25F0CD
:104B6800FCEF25F0000E006F000E016F200E026FA3
:104B7800420E036F52C604F653C605F654C606F62F
:104B880055C607F65AEC49F00601D8B0CEEF25F025
:104B9800D0EF25F0D8EF25F0000E526F000E536FBE
:104BA800200E546F420E556F52C600F653C601F6DA
:104BB80054C602F655C603F6000E046F000E056FC4
:104BC800200E066FC20E076F5AEC49F00601D8B0E6
:104BD800F0EF25F0F2EF25F0CFEF26F0000E526F40
:104BE800000E536F200E546FC20E556FCFEF26F094
:104BF800000E006F000E016F200E026F410E036F52
:104C08004EC604F64FC605F650C606F651C607F658
:104C18005AEC49F00601D8B014EF26F016EF26F04A
:104C28008BEF26F04EC6BFF54FC6C0F550C6C1F58E
:104C380051C6C2F5CD0E0501C36FCC0EC46F4C0E24
:104C4800C56F3F0EC66FDCEC2BF0BFC53EF6C0C586
:104C58003FF6C1C540F6C2C541F63EC600F63FC69E
:104C680001F640C602F641C603F652C604F653C61C
:104C780005F654C606F655C607F65AEC49F006017D
:104C8800D8B049EF26F04BEF26F053EF26F03EC69A
:104C980052F63FC653F640C654F641C655F652C6BC
:104CA80000F653C601F654C602F655C603F63EC6CC
:104CB80063F53FC664F540C665F541C666F530EC58
:104CC80064F063C504F664C505F665C506F666C5F1
:104CD80007F65AEC49F00601D8B075EF26F077EFE1
:104CE80026F0CFEF26F03EC663F53FC664F540C612
:104CF80065F541C666F530EC64F063C552F664C5E7
:104D080053F665C554F666C555F6CFEF26F0000E86
:104D1800006F000E016FA00E026F400E036F52C6A7
:104D280004F653C605F654C606F655C607F65AECF9
:104D380049F00601D8B0A3EF26F0A5EF26F0ADEFB5
:104D480026F0000E526F000E536FA00E546F400EE7
:104D5800556F52C600F653C601F654C602F655C63C
:104D680003F6000E046F000E056FA00E066FC00E4E
:104D7800076F5AEC49F00601D8B0C5EF26F0C7EF27
:104D880026F0CFEF26F0000E526F000E536FA00EE4
:104D9800546FC00E556F52C6BFF553C6C0F554C602
:104DA800C1F555C6C2F5060120EE05F01C51D926FD
:104DB8001D51DA22DEC4AAF5DEC4ABF5DEC4ACF5BB
:104DC800DEC4ADF54AC6A6F54BC6A7F54CC6A8F590
:104DD8004DC6A9F5DAEC35F0A6C5C3F5A7C5C4F5E7
:104DE800A8C5C5F5A9C5C6F5DCEC2BF0BFC552F6BC
:104DF800C0C553F6C1C554F6C2C555F6060120EE26
:104E08001DF01C51D9261D51DA22DEC463F5DEC41B
:104E180064F5DEC465F5DEC466F552C667F553C6AB
:104E280068F554C669F555C66AF580EC29F006019F
:104E380020EE1DF01C51D9261D51DA22050163C54B
:104E4800DEF464C5DEF465C5DEF466C5DEF406018D
:104E580020EE11F01C51D9261D51DA22DEC410F6BD
:104E6800DEC411F6DEC412F6DEC413F620EE1DF021
:104E78001C51D9261D51DA22DEC408F6DEC409F613
:104E8800DEC40AF6DEC40BF620EE0DF01C51D9265E
:104E98001D51DA22DEC40CF6DEC40DF6DEC40EF6B1
:104EA800DEC40FF6EFEC49F008C614F609C615F68D
:104EB8000AC616F60BC617F683EC4AF0060120EE72
:104EC8001DF01C51D9261D51DA2210C6DEF411C678
:104ED800DEF412C6DEF413C6DEF481EF27F020EE0E
:104EE8001DF01C51D9261D51DA22000EDE6E000E6F
:104EF800DE6E000EDE6E000EDD6E20EE1DF01C5123
:104F0800D9261D51DA22DEC4BFF5DEC4C0F5DEC4E1
:104F1800C1F5DEC4C2F54AC6C3F54BC6C4F54CC6D6
:104F2800C5F54DC6C6F5DCEC2BF0BFC52AF6C0C5E5
:104F38002BF6C1C52CF6C2C52DF6060120EE21F0D0
:104F48001C51D9261D51DA22DEC4DCF5DEC4DDF59C
:104F5800DEC4DEF5DEC4DFF546C6D8F547C6D9F5AA
:104F680048C6DAF549C6DBF53FEC62F0D8C5BFF5AF
:104F7800D9C5C0F5DAC5C1F5DBC5C2F5060120EE15
:104F880009F01C51D9261D51DA22DEC4C3F5DEC44E
:104F9800C4F5DEC4C5F5DEC4C6F5DCEC2BF0BFC530
:104FA8003AF6C0C53BF6C1C53CF6C2C53DF6330E60
:104FB8000501C36F330EC46F330EC56F3F0EC66F46
:104FC8003AC6BFF53BC6C0F53CC6C1F53DC6C2F5FD
:104FD800DCEC2BF0BFC563F5C0C564F5C1C565F54C
:104FE800C2C566F59A0E0501C36F990EC46F990E76
:104FF800C56F3E0EC66F18C7BFF519C7C0F51AC7EB
:10500800C1F51BC7C2F5DCEC2BF0BFC567F5C0C501
:1050180068F5C1C569F5C2C56AF580EC29F063C5B4
:105028003AF664C53BF665C53CF666C53DF63AC634
:1050380018F73BC619F73CC61AF73DC61BF7060119
:1050480020EE21F01C51D9261D51DA2246C6DEF485
:1050580047C6DEF448C6DEF449C6DEF42AC667F55C
:105068002BC668F52CC669F52DC66AF526C663F504
:1050780027C664F528C665F529C666F580EC29F0CB
:1050880063C52EF664C52FF665C530F666C531F6DC
:105098002EC663F52FC664F530C665F531C666F5CC
:1050A8003AC667F53BC668F53CC669F53DC66AF57C
:1050B80080EC29F063C542F664C543F665C544F63D
:1050C80066C545F61CC6D9F41DC6DAF4DE04D8A4B4
:1050D80070EF28F072EF28F0F3EF28F0060145BFD3
:1050E8007AEF28F078EF28F084EF28F0000E326F7E
:1050F800000E336F000E346FBF0E356F8CEF28F043
:10510800000E326F000E336F000E346F3F0E356F96
:1051180042C667F543C668F544C669F545C66AF5EB
:1051280032C663F533C664F534C665F535C666F52B
:1051380080EC29F063C518F664C519F665C51AF63A
:1051480066C51BF6EBEC4DF006011851CE27195138
:10515800CF23000E0C6F000E0D6F480E0E6F450E1C
:105168000F6FCEC698F5CFC699F50501000E99BF09
:10517800FF0E9A6F9B6F010E77EC43F098C508F607
:1051880099C509F69AC50AF69BC50BF6EFEC49F0E6
:1051980008C614F609C615F60AC616F60BC617F69B
:1051A800000E0601106F000E116F000E126F000E38
:1051B800136F83EC4AF010C618F611C619F612C61A
:1051C8001AF613C61BF6EBEC4DF018C6CEF619C648
:1051D800CFF6CEC61CF6CFC61DF67FEF29F01CC64B
:1051E800D9F41DC6DAF4020EDE18D8A4FEEF28F0B2
:1051F80000EF29F07FEF29F0060145BF08EF29F0FD
:1052080006EF29F012EF29F0000E366F000E376F07
:10521800000E386FBF0E396F1AEF29F0000E366F87
:10522800000E376F000E386F3F0E396F42C667F5B4
:1052380043C668F544C669F545C66AF536C663F5DA
:1052480037C664F538C665F539C666F580EC29F0C9
:1052580063C518F664C519F665C51AF666C51BF662
:10526800EBEC4DF006011851CC271951CD23000E57
:105278000C6F000E0D6F480E0E6F450E0F6FCCC6EB
:1052880098F5CDC699F50501000E99BFFF0E9A6FE6
:105298009B6F010E77EC43F098C508F699C509F69F
:1052A8009AC50AF69BC50BF6EFEC49F008C614F64A
:1052B80009C615F60AC616F60BC617F6000E06013D
:1052C800106F000E116F000E126F000E136F83EC3B
:1052D8004AF010C618F611C619F612C61AF613C601
:1052E8001BF6EBEC4DF018C6CCF619C6CDF6CCC6BD
:1052F8001CF6CDC61DF6120005016651800B6F6FB6
:1053080066516625716F65AF8CEF29F08EEF29F035
:105318008FEF29F071817151D8B495EF29F097EF8B
:1053280029F0ABEF29F07129D8A49DEF29F09FEF60
:1053380029F0A7EF29F0000E636F000E646F000ECE
:10534800656F000E666F658F666BB3EF29F0000E10
:10535800636F000E646F000E656F000E666F6A5112
:10536800800B706F6F517019D8B4BDEF29F0BFEF83
:1053780029F0C0EF29F06F8D6A516A25706F69AF07
:10538800C8EF29F0CAEF29F0CBEF29F070817051EE
:10539800D8B4D1EF29F0D3EF29F0E7EF29F070293D
:1053A800D8A4D9EF29F0DBEF29F0E3EF29F0000EBC
:1053B800676F000E686F000E696F000E6A6F698F65
:1053C8006A6BEFEF29F0000E676F000E686F000E32
:1053D800696F000E6A6F7151705DD8B0F6EF29F0F1
:1053E800F8EF29F01FEF2AF06FADFDEF29F0FFEF7E
:1053F80029F001EF2AF0800E6F1B71C572F570C598
:1054080071F572C570F563C572F567C563F572C548
:1054180067F564C572F568C564F572C568F565C554
:1054280072F569C565F572C569F566C572F56AC52F
:1054380066F572C56AF5726B715170C56BF56C6B68
:105448006B5F000E6C5B6CBF33EF2AF06C5109E1A7
:105458001A0E6B5DD8A033EF2AF035EF2AF06CEF07
:105468002AF06351641165116611D8A43EEF2AF041
:1054780041EF2AF0010E42EF2AF0000E726F000E83
:10548800636F000E646F000E656F000E666F70C567
:1054980071F575EF2AF072A154EF2AF056EF2AF051
:1054A8005CEF2AF0D89072310109726F5EEF2AF032
:1054B800D890723363A163EF2AF065EF2AF066EFA4
:1054C8002AF0728F66356633653364336333712B24
:1054D8007051715DD8A073EF2AF075EF2AF04FEF85
:1054E8002AF06FBD7AEF2AF07CEF2AF0BCEF2AF0A1
:1054F8007151D8A482EF2AF084EF2AF08EEF2AF0B7
:10550800000E636F000E646F000E656F000E666F0D
:10551800DBEF2BF0675163276851642369516523DA
:105528006A51662366A19BEF2AF09DEF2AF049EFA6
:105538002BF072A1A2EF2AF0A4EF2AF0AAEF2AF02A
:10554800D89072310109726FACEF2AF0D89072339B
:1055580063A1B1EF2AF0B3EF2AF0B4EF2AF0728F0B
:1055680066356633653364336333712B49EF2BF04B
:105578006751635D68516459695165596651800A7C
:105588006B6F6A51800A6B59D8B0CDEF2AF0CFEF14
:105598002AF0FAEF2AF06351675D6B6F645168591E
:1055A8006C6F655169596D6F66516A596E6FFF0E60
:1055B8006B25636FFF0E6C21646FFF0E6D21656FA5
:1055C800FF0E6E21666F800E6F1B726D7251D8A42C
:1055D800F0EF2AF0F2EF2AF002EF2BF0010E63272A
:1055E800000E64236523662302EF2BF06751635F87
:1055F8006851645B6951655B6A51665B635164110C
:1056080065116611D8A40BEF2BF00DEF2BF042EFCC
:105618002BF07251D8A413EF2BF015EF2BF042EFBB
:105628002BF0000E636F000E646F000E656F000EA6
:10563800666FDBEF2BF0D8906337643765376637D2
:1056480072AF29EF2BF02BEF2BF02CEF2BF06381AF
:1056580072A131EF2BF033EF2BF037EF2BF0D8801E
:10566800723739EF2BF0D89072377151D8B43FEFB9
:105678002BF041EF2BF042EF2BF0710765AF47EFAE
:105688002BF049EF2BF01FEF2BF0706B72AF4FEF41
:105698002BF051EF2BF069EF2BF072C56BF57F0EF5
:1056A8006B17D8B45AEF2BF05CEF2BF060EF2BF0B0
:1056B800010E706F69EF2BF063A165EF2BF067EFB8
:1056C8002BF069EF2BF05CEF2BF07051D8B46FEF33
:1056D8002BF071EF2BF09CEF2BF0010E6327000EDF
:1056E80064236523662366A17CEF2BF07EEF2BF005
:1056F8009CEF2BF063C56BF564C56CF565C56DF55E
:1057080066C56EF56E356E336D336C336B336BC5B2
:1057180063F56CC564F56DC565F56EC566F57129EB
:10572800D8B499EF2BF09BEF2BF09CEF2BF0712B5B
:105738007129D8B4A2EF2BF0A4EF2BF0ACEF2BF02B
:105748007151D8A4AAEF2BF0ACEF2BF0BDEF2BF0E2
:10575800000E636F000E646F000E656F000E666FBB
:105768007151D8A4BAEF2BF0BCEF2BF0BDEF2BF0A2
:105778006F6B71A1C2EF2BF0C4EF2BF0C7EF2BF0CA
:10578800658FC8EF2BF0659FD8907131666F6FAF4A
:10579800D0EF2BF0D2EF2BF0D3EF2BF0668F63C551
:1057A80063F564C564F565C565F566C566F51200FB
:1057B8000501C251800BCB6FC251C225D16FC1AF59
:1057C800E8EF2BF0EAEF2BF0EBEF2BF0D181D15182
:1057D800D8B4F1EF2BF0F3EF2BF006EF2CF0D12932
:1057E800D8A4F9EF2BF0FBEF2BF003EF2CF0000E11
:1057F800BF6F000EC06F000EC16F000EC26FC18F69
:105808000EEF2CF0000EBF6F000EC06F000EC16FC0
:10581800000EC26FC651800BCB1BC651C625CC6F7C
:10582800C5AF19EF2CF01BEF2CF01CEF2CF0CC813E
:10583800CC51D8B422EF2CF024EF2CF037EF2CF019
:10584800CC29D8A42AEF2CF02CEF2CF034EF2CF034
:10585800000EC36F000EC46F000EC56F000EC66F3A
:10586800C58F3FEF2CF0000EC36F000EC46F000E03
:10587800C56F000EC66FCC51D8B445EF2CF047EF7A
:105888002CF04FEF2CF0D151D8A44DEF2CF04FEF66
:105898002CF059EF2CF0000EBF6F000EC06F000EF9
:1058A800C16F000EC26FEFEF2DF0C551BF03F3C4F7
:1058B800D6F5F4C4D7F5D651CD6FCE6BCF6BD06B80
:1058C800D751D26FD36BD46BD56BC451C003F3C41B
:1058D800D6F5F4C4D7F5D651CD27000ECE23CF2365
:1058E800D023D751D227000ED323D423D523C35195
:1058F800C103F3C4D6F5F4C4D7F5D651CD27000EAD
:10590800CE23CF23D023D751D227000ED323D4239D
:10591800D523CFC5D0F5CEC5CFF5CDC5CEF5CD6B4A
:10592800C351C003F3C4D6F5F4C4D7F5D651CD2777
:10593800D751CE23000ECF23000ED023C451BF036E
:10594800F3C4D6F5F4C4D7F5D651CD27D751CE2315
:10595800000ECF23000ED023CFC5D0F5CEC5CFF58E
:10596800CDC5CEF5CD6BC351BF03F3C4D6F5F4C492
:10597800D7F5D651CD27D751CE23000ECF23000E11
:10598800D023C551C003F3C4D6F5F4C4D7F5D65116
:10599800D227D751D323000ED423000ED523C451C8
:1059A800C103F3C4D6F5F4C4D7F5D651D227D751DD
:1059B800D323000ED423000ED523C551C103F3C44D
:1059C800D6F5F4C4D7F5D651C76FD751C86FC96B90
:1059D800CA6BC9C5CAF5C8C5C9F5C7C5C8F5C76B77
:1059E800C751D227C851D323C951D423CA51D5236B
:1059F800CDC5C7F5CEC5C8F5CFC5C9F5D0C5CAF55B
:105A0800190E0CEF2DF0D890CA33C933C833C733F9
:105A1800E82E07EF2DF0C751D227C851D323C9511B
:105A2800D423CA51D523CFC5D0F5CEC5CFF5CDC522
:105A3800CEF5CD6BCC51D1C5C7F5C86BC727000EC5
:105A4800C823820EC725D66FFF0EC821D76F42EF35
:105A58002DF0D890D237D337D437D537D0AF37EFEA
:105A68002DF039EF2DF03AEF2DF0D281D890CD37C7
:105A7800CE37CF37D037D607D8A0D707D4AF47EF20
:105A88002DF049EF2DF02DEF2DF0CC6BD0AF4FEF6F
:105A98002DF051EF2DF075EF2DF0FF0ECD15C76FDE
:105AA800FF0ECE15C86FFF0ECF15C96F7F0ED0152C
:105AB800CA6FC751C811C911CA11D8B466EF2DF001
:105AC80068EF2DF06CEF2DF0010ECC6F75EF2DF017
:105AD800D2A171EF2DF073EF2DF075EF2DF068EF77
:105AE8002DF0CC51D8B47BEF2DF07DEF2DF0A1EF48
:105AF8002DF0010ED227000ED323D423D523D5A110
:105B080088EF2DF08AEF2DF0A1EF2DF0D2C5C7F563
:105B1800D3C5C8F5D4C5C9F5D5C5CAF5CA35CA337C
:105B2800C933C833C733C7C5D2F5C8C5D3F5C9C546
:105B3800D4F5CAC5D5F5D64BD72BD7BFACEF2DF0CA
:105B4800D75108E1D629D8A0ACEF2DF0AEEF2DF053
:105B5800B8EF2DF0000ED26F000ED36F800ED46F09
:105B68007F0ED56FE5EF2DF0D7BFC5EF2DF0D751DC
:105B780006E1D605D8B0C3EF2DF0C5EF2DF0D0EF74
:105B88002DF0000ED26F000ED36F000ED46F000EF2
:105B9800D56FCB6BE5EF2DF0D6C5D1F5FF0ED2173B
:105BA800FF0ED3177F0ED417000ED517D1A1DFEF44
:105BB8002DF0E1EF2DF0E2EF2DF0D48FD890D13118
:105BC800D56FCB51D513D2C5BFF5D3C5C0F5D4C554
:105BD800C1F5D5C5C2F5120006011E6F1C0E0601DF
:105BE8001E19D8A4FAEF2DF0FCEF2DF003EF2FF0DB
:105BF800000E0501C36F000EC46F110EC56F430E72
:105C0800C66F000EAA6F000EAB6F7A0EAC6F440E13
:105C1800AD6F1C0E9DEC41F005016BC598F56CC588
:105C280099F59A6B9B6B000E77EC43F098C5A6F537
:105C380099C5A7F59AC5A8F59BC5A9F5DAEC35F07D
:105C4800A6C5BFF5A7C5C0F5A8C5C1F5A9C5C2F5C4
:105C5800DCEC2BF0BFC518F6C0C519F6C1C51AF69D
:105C6800C2C51BF6EBEC4DF018C6CAF619C6CBF642
:105C7800160E68EC3EF0D8C51FF6D9C520F6DAC571
:105C880021F6DBC522F6000E0501AA6F000EAB6FE8
:105C98007A0EAC6F440EAD6FCAC698F5CBC699F5AF
:105CA8009A6B9B6B000E77EC43F098C5C3F599C5CA
:105CB800C4F59AC5C5F59BC5C6F51FC6BFF520C670
:105CC800C0F521C6C1F522C6C2F5DCEC2BF0BFC574
:105CD800A6F5C0C5A7F5C1C5A8F5C2C5A9F5DAECF2
:105CE80035F0A6C518F6A7C519F6A8C51AF6A9C5A8
:105CF8001BF6EBEC4DF018C6ABF719C6ACF7260E41
:105D08000601CA5D020ECB59D8B08DEF2EF08FEF89
:105D18002EF09AEF2EF0CB5107E1970ECA5DD8B05E
:105D280098EF2EF09AEF2EF0A2EF2EF0010EF46FFE
:105D3800000E1D6F010E1C6F00EF30F0CB5107E114
:105D48001F0ECA5DD8B0ABEF2EF0ADEF2EF0B5EF59
:105D58002EF0020EF46F000E1D6F020E1C6F00EF86
:105D680030F0CD0E0501C36FCC0EC46F8C0EC56F1D
:105D78003F0EC66F47C598F548C599F59A6B9B6B5A
:105D8800000E77EC43F098C5BFF599C5C0F59AC5E4
:105D9800C1F59BC5C2F5DCEC2BF0BFC500F6C0C54C
:105DA80001F6C1C502F6C2C503F6ABC798F5ACC784
:105DB80099F505019A6B9B6B000E77EC43F098C53B
:105DC80004F699C505F69AC506F69BC507F65AEC7A
:105DD80049F00601D8B0F3EF2EF0F5EF2EF0FDEF05
:105DE8002EF0030EF46F000E1D6F020E1C6F00EFF5
:105DF80030F0000E1D6F000E1C6F00EF30F0110E1A
:105E08001E19D8A40AEF2FF00CEF2FF0FDEF2EF09B
:105E1800000E0501C36F000EC46F110EC56F430E4F
:105E2800C66F000EAA6F000EAB6F7A0EAC6F440EF1
:105E3800AD6F110E9DEC41F005016BC598F56CC571
:105E480099F59A6B9B6B000E77EC43F098C5A6F515
:105E580099C5A7F59AC5A8F59BC5A9F5DAEC35F05B
:105E6800A6C5BFF5A7C5C0F5A8C5C1F5A9C5C2F5A2
:105E7800DCEC2BF0BFC518F6C0C519F6C1C51AF67B
:105E8800C2C51BF6EBEC4DF018C6C8F619C6C9F624
:105E9800040E68EC3EF0D8C51FF6D9C520F6DAC561
:105EA80021F6DBC522F6000E0501AA6F000EAB6FC6
:105EB8007A0EAC6F440EAD6FC8C698F5C9C699F591
:105EC8009A6B9B6B000E77EC43F098C5C3F599C5A8
:105ED800C4F59AC5C5F59BC5C6F51FC6BFF520C64E
:105EE800C0F521C6C1F522C6C2F5DCEC2BF0BFC552
:105EF800A6F5C0C5A7F5C1C5A8F5C2C5A9F5DAECD0
:105F080035F0A6C518F6A7C519F6A8C51AF6A9C585
:105F18001BF6EBEC4DF018C6A9F719C6AAF72C0E1C
:105F28000601C85D010EC959D8A09DEF2FF09FEF5B
:105F38002FF0A7EF2FF0040EF46F000E1D6F010E67
:105F48001C6F00EF30F0C95107E1150EC85DD8B0DD
:105F5800B0EF2FF0B2EF2FF0BAEF2FF0050EF46F7D
:105F6800000E1D6F020E1C6F00EF30F0CD0E050104
:105F7800C36FCC0EC46F8C0EC56F3F0EC66F45C580
:105F880098F546C599F59A6B9B6B000E77EC43F034
:105F980098C5BFF599C5C0F59AC5C1F59BC5C2F5A9
:105FA800DCEC2BF0BFC500F6C0C501F6C1C502F692
:105FB800C2C503F6A9C798F5AAC799F505019A6B52
:105FC8009B6B000E77EC43F098C504F699C505F66F
:105FD8009AC506F69BC507F65AEC49F00601D8B0F3
:105FE800F8EF2FF0FAEF2FF0FDEF2EF0060EF46F1A
:105FF800000E1D6F020E1C6F120051C6D9F452C656
:10600800DAF4DEC4F6F4DDC4F7F4000EF86E080026
:10601800F550250AD8A413EF30F015EF30F0F9EF5A
:1060280031F051C6D9F452C6DAF4DE2A000EDD2268
:10603800000E0601C56F000EC46FC4C6DCF6C66943
:10604800C769576B48EF30F0DC8351C6D9F452C6A4
:10605800DAF4DE2A000EDD2248EF30F0010E576F29
:1060680048EF30F051C6D9F452C6DAF4DEC4F6F47B
:10607800DDC4F7F4000EF86E0800F550300AD8B405
:1060880028EF30F032EF30F05751D8B44EEF30F0FF
:1060980050EF30F036EF30F051C663F552C664F574
:1060A80053C665F554C666F557EC53F063C5C4F698
:1060B80064C5C5F60601C5BF66EF30F064EF30F081
:1060C8006BEF30F0DC81C46DC51FD8B0C52B51C64D
:1060D800D9F452C6DAF4DEC4F6F4DDC4F7F4000EDF
:1060E800F86E0800F5502E0AD8A47DEF30F07FEF47
:1060F80030F094EF30F051C6D9F452C6DAF4DE2A03
:10610800000EDD2251C663F552C664F553C665F527
:1061180054C666F557EC53F063C5C6F664C5C7F6B2
:1061280051C6D9F452C6DAF4DEC45DF6DDC45EF6B3
:106138005DC6F6F45EC6F7F4000EF86E0800F5507A
:10614800640AD8B4AAEF30F0ACEF30F0BCEF30F00E
:106158005DC6F6F45EC6F7F4000EF86E0800F5505A
:10616800690AD8A4BAEF30F0BCEF30F0EBEF30F0AA
:1061780053C6D9F454C6DAF4DFC455F6020EDE2647
:10618800DFC456F6000EDD2255C6D9F456C6DAF439
:10619800DEC459F6DDC45AF6010E06015D25556FB9
:1061A800000E5E21566F51C6D9F452C6DAF455C6B0
:1061B800DEF456C6DDF44FC680F550C681F559C6E3
:1061C80082F55AC683F595EC42F010EF32F05DC6C1
:1061D800F6F45EC6F7F4000EF86E0800F550580A9B
:1061E800D8A4F9EF30F0FBEF30F03AEF31F053C6B6
:1061F800D9F454C6DAF4DFC455F6020EDE26DFC43D
:1062080056F6000EDD2255C6D9F456C6DAF4DEC4B9
:1062180059F6DDC45AF6010E06015D25556F000ECC
:106228005E21566F51C6D9F452C6DAF455C6DEF46B
:1062380056C6DDF42CEF31F04FC680F550C681F517
:1062480059C682F55AC683F51CEC48F010EF32F0B7
:106258005DC6F6F45EC6F7F4000EF86E0800F55059
:10626800580AD8B420EF31F03AEF31F051C6D9F4DA
:1062780052C6DAF4DEC45DF6DDC45EF65DC6F6F439
:106288005EC6F7F4000EF86E0800F5C458F658EF2D
:1062980031F05D4B5E2B68EF31F06C0E586F68EF94
:1062A80031F0586B68EF31F0060158514C0AD8B4F8
:1062B8004DEF31F02A0AD8B451EF31F00A0AD8B4B8
:1062C8004DEF31F055EF31F05DC6F6F45EC6F7F4E8
:1062D800000EF86E0800F550660AD8A476EF31F083
:1062E80078EF31F0F0EF31F0AEEF31F053C6D9F47A
:1062F80054C6DAF4DFC455F6040EDE26DFC456F6BB
:10630800000EDD2255C6D9F456C6DAF4DEC459F6B5
:10631800DEC45AF6DEC45BF6DEC45CF6B9EF31F0D3
:1063280053C6D9F454C6DAF4DFC455F6040EDE2693
:10633800DFC456F6000EDD2255C6D9F456C6DAF487
:10634800DEC459F6DEC45AF6DEC45BF6DEC45CF67B
:10635800B9EF31F058514C0AD8B494EF31F0200A13
:10636800D8B47AEF31F0B9EF31F0010E5D25556FF1
:10637800000E5E21566F51C6D9F452C6DAF455C6DE
:10638800DEF456C6DDF4E2EF31F04FC61CF650C617
:106398001DF659C61EF65AC61FF65BC620F65CC621
:1063A80021F65DC6F6F45EC6F7F4000EF86E080036
:1063B800F5C422F604EC1FF010EF32F05DC6F6F4D7
:1063C8005EC6F7F4000EF86E0800F550660AD8B4F9
:1063D800C9EF31F0F0EF31F051C6D9F452C6DAF412
:1063E800DE2A000EDD2210EF32F051C6D9F452C673
:1063F800DAF4DEC4F6F4DDC4F7F4000EF86E080033
:10640800F5500501676F686B4FC669F550C66AF5A8
:10641800BEEC53F0F0EF31F01200030E13EC64F011
:1064280063C5ECF564C5EDF5000E0501AA6FF00E25
:10643800AB6F7F0EAC6F450EAD6FECC598F5EDC533
:1064480099F5000E99BFFF0E9A6F9B6F010E77ECBE
:1064580043F098C5A6F599C5A7F59AC5A8F59BC5B3
:10646800A9F5DAEC35F0A6C5BFF5A7C5C0F5A8C5EE
:10647800C1F5A9C5C2F56F0E0501C36F120EC46F31
:10648800830EC56F400EC66FDCEC2BF0BFC5F6F56A
:10649800C0C5F7F5C1C5F8F5C2C5F9F5F6C530F7B9
:1064A800F7C531F7F8C532F7F9C533F74FEC68F09F
:1064B80063C5F2F564C5F3F565C5F4F566C5F5F58C
:1064C8002CC767F52DC768F52EC769F52FC76AF57C
:1064D8005BEC5CF067C5EEF568C5EFF569C5F0F5EE
:1064E8006AC5F1F528C7DCF529C7DDF52AC7DEF549
:1064F8002BC7DFF5F6C5D8F5F7C5D9F5F8C5DAF530
:10650800F9C5DBF53FEC62F0D8C5E0F5D9C5E1F592
:10651800DAC5E2F5DBC5E3F5F7EC64F0E0C500F6B3
:10652800E1C501F6E2C502F6E3C503F6CD0E0601A4
:10653800046FCC0E056F4C0E066F3D0E076F5AECBC
:1065480049F00601D8B0ABEF32F0ADEF32F0B8EF5A
:1065580032F0050EE361B3EF32F0B5EF32F0B9EF88
:1065680032F0E32BB9EF32F0E36BF6C528F7F7C545
:1065780029F7F8C52AF7F9C52BF7EBEF33F0F56BD8
:10658800040EE365CAEF32F0CCEF32F0FAEF33F0E5
:10659800F6C500F6F7C501F6F8C502F6F9C503F623
:1065A800660E046F660E056FE60E066F3F0E076FE8
:1065B8005AEC49F00601D8A0E4EF32F0E6EF32F0E9
:1065C8001CEF33F0F6C500F6F7C501F6F8C502F67C
:1065D800F9C503F6CD0E046FCC0E056F0C0E066FD1
:1065E800400E076F5AEC49F00601D8B0FEEF32F0C2
:1065F80000EF33F01CEF33F00501F151F0110BE11E
:10660800E80EEE5D030EEF59D8A00DEF33F00FEF53
:1066180033F0FAEF33F0010E0601E46FF2C52CF700
:10662800F3C52DF7F4C52EF7F5C52FF7FAEF33F0BC
:10663800F6C500F6F7C501F6F8C502F6F9C503F682
:106648009A0E046F990E056F190E066F400E076FAC
:106658005AEC49F00601D8A034EF33F036EF33F0A6
:1066680012EF33F00501F151F0110BE1E80EEE5D88
:10667800030EEF59D8A043EF33F045EF33F04AEF5C
:1066880033F0020E0601E46F12EF33F0FAEF33F045
:10669800010EF56F040EE36554EF33F056EF33F057
:1066A800FAEF33F0660E006F660E016FA60E026FEA
:1066B8003F0E036FF6C504F6F7C505F6F8C506F6EE
:1066C800F9C507F65AEC49F00601D8A06EEF33F089
:1066D80070EF33F08BEF33F00501F151F0110BE15E
:1066E800E80EEE5D030EEF59D8A07DEF33F07FEF93
:1066F80033F0FAEF33F00601E46BF2C52CF7F3C57B
:106708002DF7F4C52EF7F5C52FF7FAEF33F0F6C5D8
:1067180000F6F7C501F6F8C502F6F9C503F69A0EB4
:10672800046F990E056F190E066F400E076F5AEC2D
:1067380049F00601D8A0A3EF33F0A5EF33F012EF2C
:1067480033F00501F151F0110BE1E80EEE5D030E97
:10675800EF59D8A0B2EF33F0B4EF33F04AEF33F08B
:1067680045EF33F0020EF56F040EE365BEEF33F02C
:10677800C0EF33F0FAEF33F0660E006F660E016F6C
:10678800A60E026F3F0E036FF6C504F6F7C505F6B1
:10679800F8C506F6F9C507F65AEC49F00601D8A07F
:1067A800D8EF33F0DAEF33F0FAEF33F00501F151B7
:1067B800F0110BE1D00EEE5D070EEF59D8A0E7EF10
:1067C80033F0E9EF33F0FAEF33F07FEF33F0E451D1
:1067D800000AD8B4C3EF32F0010AD8B44CEF33F052
:1067E800030AD8B4B6EF33F0FAEF33F0120006011B
:1067F80008510911D8A403EF34F005EF34F00FEF76
:1068080034F0000E086F000E096F000E0A6F000EBC
:106818000B6FD9EF35F04FEC68F063C51AF664C515
:106828001BF665C51CF666C51DF6060120EE08F0C8
:106838000851D9260951DA22DEC463F5DEC464F5AD
:10684800DEC465F5DEC466F50AC667F50BC668F5ED
:106858000CC669F50DC66AF53BEC59F00501D8B0D0
:1068680038EF34F03AEF34F0C9EF34F0060120EE97
:1068780008F00851D9260951DA220AC6DEF40BC6F7
:10688800DEF40CC6DEF40DC6DEF408C6D9F409C67B
:10689800DAF4DEC400F6DEC401F6DEC402F6DEC4B5
:1068A80003F60AC604F60BC605F60CC606F60DC6B0
:1068B80007F65AEC49F00601D8B065EF34F067EFF7
:1068C80034F097EF34F008C6D9F409C6DAF410EEBC
:1068D80004F00851E1260951E222DEC4E6F4DEC4E0
:1068E800E6F4DEC4E6F4DEC4E6F420EE0CF008516B
:1068F800D9260951DA221AC6DEF41BC6DEF41CC6F4
:10690800DEF41DC6DEF420EE10F00851D926095138
:10691800DA220EC6DEF40FC6DEF410C6DEF411C6A7
:10692800DEF4C9EF34F020EE04F00851D9260951FD
:10693800DA220AC6DEF40BC6DEF40CC6DEF40DC697
:10694800DEF408C6D9F409C6DAF40AC6DEF40BC6C2
:10695800DEF40CC6DEF40DC6DEF420EE0CF00851B1
:10696800D9260951DA221AC6DEF41BC6DEF41CC683
:10697800DEF41DC6DEF420EE10F00851D9260951C8
:10698800DA22DE6ADE6ADE6ADD6A060120EE10F0CF
:106998000851D9260951DA22DE50DE10DE10DE1049
:1069A800D8A4D9EF34F0DBEF34F0E9EF34F008C6BF
:1069B800D9F409C6DAF4DEC408F6DEC409F6DEC482
:1069C8000AF6DEC40BF6D9EF35F020EE0CF00851CC
:1069D800D9260951DA22DEC467F5DEC468F5DEC4BB
:1069E80069F5DEC46AF55BEC5CF067C51EF668C540
:1069F8001FF669C520F66AC521F6060120EE10F0DB
:106A08000851D9260951DA22DE501E5DDE501F5981
:106A1800DE502059DE502159D8A015EF35F017EF78
:106A280035F037EF35F020EE08F00851D926095136
:106A3800DA2208C6E1F409C6E2F4DEC4E6F4DEC4EC
:106A4800E6F4DEC4E6F4DEC4E6F408C6D9F409C602
:106A5800DAF4DEC408F6DEC409F6DEC40AF6DEC4DB
:106A68000BF6D9EF35F01EC698F51FC699F520C666
:106A78009AF521C69BF5000E77EC43F098C5A6F56C
:106A880099C5A7F59AC5A8F59BC5A9F5060120EEF5
:106A980010F00851D9260951DA22DEC498F5DEC46F
:106AA80099F5DEC49AF5DEC49BF5000E77EC43F049
:106AB80098C5AAF599C5ABF59AC5ACF59BC5ADF5D2
:106AC800DAEC35F0A6C512F6A7C513F6A8C514F674
:106AD800A9C515F612C6C3F513C6C4F514C6C5F57F
:106AE80015C6C6F5060120EE04F00851D92609514D
:106AF800DA22DEC4DCF5DEC4DDF5DEC4DEF5DEC494
:106B0800DFF520EE08F00851D9260951DA22DEC453
:106B1800D8F5DEC4D9F5DEC4DAF5DEC4DBF53FEC22
:106B280062F0D8C5BFF5D9C5C0F5DAC5C1F5DBC572
:106B3800C2F5DCEC2BF0BFC516F6C0C517F6C1C50B
:106B480018F6C2C519F616C663F517C664F518C651
:106B580065F519C666F5060120EE04F00851D92638
:106B68000951DA22DEC467F5DEC468F5DEC469F5CA
:106B7800DEC46AF580EC29F008C6D9F409C6DAF44F
:106B8800050163C5DEF464C5DEF465C5DEF466C5DB
:106B9800DEF408C6D9F409C6DAF4DEC408F6DEC4A1
:106BA80009F6DEC40AF6DEC40BF612000501A95187
:106BB800800BB66FA951A925BD6FA8AFE6EF35F0D8
:106BC800E8EF35F0E9EF35F0BD81BD51D8B4EFEF0E
:106BD80035F0F1EF35F005EF36F0BD29D8A4F7EF21
:106BE80035F0F9EF35F001EF36F0000EA66F000E24
:106BF800A76F000EA86F000EA96FA88FA96B0DEFE5
:106C080036F0000EA66F000EA76F000EA86F000EDC
:106C1800A96FAD51800BB61BAD51AD25BE6FACAFA2
:106C280018EF36F01AEF36F01BEF36F0BE81BE5182
:106C3800D8B421EF36F023EF36F037EF36F0BE291F
:106C4800D8A429EF36F02BEF36F033EF36F0000EEC
:106C5800AA6F000EAB6F000EAC6F000EAD6FAC8F5D
:106C6800AD6B3FEF36F0000EAA6F000EAB6F000E53
:106C7800AC6F000EAD6FAA51AB11AC11AD11D8A419
:106C880048EF36F04AEF36F062EF36F0000EA66FA6
:106C9800000EA76F000EA86F000EA96F800EA81334
:106CA8007F0EA913B651A913A6C5A6F5A7C5A7F5C2
:106CB800A8C5A8F5A9C5A9F5A2EF37F0BD51D8A474
:106CC80068EF36F06AEF36F074EF36F0000EA66F14
:106CD800000EA76F000EA86F000EA96FA2EF37F085
:106CE800BE51BDC5AEF5AF6BAE5F000EAF5B7F0E9C
:106CF800AE25B76F000EAF21B86FA6C5B2F5A7C510
:106D0800B3F5A8C5B4F5A9C5B5F5000EA66F000E74
:106D1800A76F000EA86F000EA96F000EB96F000EC6
:106D2800BA6F000EBB6F000EBC6FBE6BD4EF36F0AF
:106D3800BE51D8B4A2EF36F0A4EF36F0BBEF36F070
:106D4800D890B237B337B437B537D890A637A73706
:106D5800A837A937BCAFB3EF36F0B5EF36F0B6EFCA
:106D680036F0A681D890B937BA37BB37BC37AA51A5
:106D7800B25DAB51B359AC51B459AD51B559D8A066
:106D8800C8EF36F0CAEF36F0D3EF36F0BC8DAA5113
:106D9800B25FAB51B35BAC51B45BAD51B55BBE2BCD
:106DA800190EBE65DAEF36F0DCEF36F09CEF36F000
:106DB800B251B311B411B511D8B4E5EF36F0E7EF1D
:106DC80036F0FFEF36F0B981FFEF36F0D890A637EE
:106DD800A737A837A937BCAFF4EF36F0F6EF36F08F
:106DE800F7EF36F0A681D890B937BA37BB37BC373A
:106DF800B707D8A0B807A8AF04EF37F006EF37F009
:106E0800EAEF36F0BE6BBCAF0CEF37F00EEF37F0A1
:106E180032EF37F0FF0EB915AE6FFF0EBA15AF6F30
:106E2800FF0EBB15B06F7F0EBC15B16FAE51AF1121
:106E3800B011B111D8B423EF37F025EF37F029EFAF
:106E480037F0010EBE6F32EF37F0A6A12EEF37F004
:106E580030EF37F032EF37F025EF37F0BE51D8B4C6
:106E680038EF37F03AEF37F05EEF37F0010EA6272C
:106E7800000EA723A823A923A9A145EF37F047EFC0
:106E880037F05EEF37F0A6C5AEF5A7C5AFF5A8C5D4
:106E9800B0F5A9C5B1F5B135B133B033AF33AE33C1
:106EA800AEC5A6F5AFC5A7F5B0C5A8F5B1C5A9F596
:106EB800B74BB82BB8BF69EF37F0B85108E1B7291D
:106EC800D8A069EF37F06BEF37F076EF37F0000EA8
:106ED800B86FB769000EA66F000EA76F000EA86FF7
:106EE800000EA96FB8BF83EF37F0B85106E1B705B8
:106EF800D8B081EF37F083EF37F090EF37F0000E1E
:106F0800B86F000EB76F000EA66F000EA76F000EC9
:106F1800A86F000EA96FB66BB7C5BDF5BDA197EFF9
:106F280037F099EF37F09CEF37F0A88F9DEF37F0E7
:106F3800A89FD890BD31A96F56EF36F01200050111
:106F4800FD05D8B4AAEF37F0ACEF37F0B5EF37F05E
:106F5800030EFD19D8A4B3EF37F0B5EF37F05BEFA8
:106F680038F0000EAA6F000EAB6F7A0EAC6F440EAD
:106F7800AD6F1C0E9DEC41F005016BC598F56CC515
:106F880099F59A6B9B6B000E77EC43F098C5A6F5C4
:106F980099C5A7F59AC5A8F59BC5A9F5DAEC35F00A
:106FA800A6C5BFF5A7C5C0F5A8C5C1F5A9C5C2F551
:106FB800000E0501C36F000EC46F110EC56F430E9E
:106FC800C66FDCEC2BF0BFC56CF7C0C56DF7C1C54B
:106FD8006EF7C2C56FF7160E68EC3EF0D8C55AF6C4
:106FE800D9C55BF6DAC55CF6DBC55DF66CC7C3F5DB
:106FF8006DC7C4F56EC7C5F56FC7C6F55AC6BFF5E8
:107008005BC6C0F55CC6C1F55DC6C2F5DCEC2BF00D
:10701800BFC5A6F5C0C5A7F5C1C5A8F5C2C5A9F5E0
:10702800000E0501AA6F000EAB6F7A0EAC6F440E0E
:10703800AD6FDAEC35F0A6C568F7A7C569F7A8C53E
:107048006AF7A9C56BF7A8C622F6A9C623F6AAC689
:1070580024F6ABC625F698EC63F022C664F723C67F
:1070680065F724C666F725C667F7B50E06011C6FD7
:10707800070E1D6F64C71EF665C71FF666C720F6A4
:1070880067C721F668C722F669C723F66AC724F6D8
:107098006BC725F67AEC24F01CC6D2F61DC6D3F6CB
:1070A800D2C665F5D3C666F5010E98EC5DF0020E02
:1070B8000501FD19D8B463EF38F065EF38F06EEFCD
:1070C80038F0030EFD19D8A46CEF38F06EEF38F0E5
:1070D80026EF39F0000EAA6F000EAB6F7A0EAC6F78
:1070E800440EAD6F110E9DEC41F005016BC598F58E
:1070F8006CC599F59A6B9B6B000E77EC43F098C5BD
:10710800A6F599C5A7F59AC5A8F59BC5A9F5DAEC22
:1071180035F0A6C5BFF5A7C5C0F5A8C5C1F5A9C571
:10712800C2F5000E0501C36F000EC46F110EC56FC6
:10713800430EC66FDCEC2BF0BFC560F7C0C561F726
:10714800C1C562F7C2C563F7040E68EC3EF0D8C546
:107158005AF6D9C55BF6DAC55CF6DBC55DF660C7DD
:10716800C3F561C7C4F562C7C5F563C7C6F55AC696
:10717800BFF55BC6C0F55CC6C1F55DC6C2F5DCEC03
:107188002BF0BFC5A6F5C0C5A7F5C1C5A8F5C2C5F2
:10719800A9F5000E0501AA6F000EAB6F7A0EAC6F51
:1071A800440EAD6FDAEC35F0A6C55CF7A7C55DF700
:1071B800A8C55EF7A9C55FF7DAC698F5DBC699F5E5
:1071C80005019A6B9B6B000E77EC43F098C556F659
:1071D80099C557F69AC558F69BC559F656C622F66C
:1071E80057C623F658C624F659C625F678EC63F038
:1071F80022C658F723C659F724C65AF725C65BF79F
:10720800760E06011C6F080E1D6F58C71EF659C76B
:107218001FF65AC720F65BC721F65CC722F65DC782
:1072280023F65EC724F65FC725F67AEC24F01CC661
:10723800D0F61DC6D1F6D0C665F5D1C666F5020EE4
:1072480098EC5DF0120047C58BF548C58CF5C1C6B2
:107258007FF50501806B7FBF80077FC581F580C5FD
:1072680082F5000E82BFFF0E836F846F47C563F5FA
:1072780048C564F5656B666BFF51676F686B696B32
:107288006A6BCFEC5DF063C56FF564C570F565C5D5
:1072980071F566C572F5640E0501736F000E746FA3
:1072A800000E756F000E766F8DEC4FF00501815161
:1072B8006F5D8D6F825170598E6F835171598F6FC9
:1072C80084517259906F90BF77EF39F090518F11B8
:1072D8008E1107E1140E8D5DD8B075EF39F077EF98
:1072E80039F07FEF39F0140E8D6F000E8E6F000E9F
:1072F8008F6F000E906F47507F6F4850806F816B83
:10730800826B8D517F5D8E5180598F518159825189
:10731800800A836F9051800A8359D8B096EF39F06C
:1073280098EF39F09EEF39F047C58DF548C58EF5D1
:107338008F6B906B8DC543F58EC544F5C2C67FF53E
:10734800806B7FBF80077FC581F580C582F5000E01
:1073580082BFFF0E836F846F45C563F546C564F52C
:10736800656B666BFE51676F686B696B6A6BCFEC18
:107378005DF063C56FF564C570F565C571F566C5E3
:1073880072F5640E0501736F000E746F000E756F51
:10739800000E766F8DEC4FF0050181516F5D8D6F9A
:1073A800825170598E6F835171598F6F8451725900
:1073B800906F90BFEDEF39F090518F118E1107E16A
:1073C800140E8D5DD8B0EBEF39F0EDEF39F0F5EF35
:1073D80039F0140E8D6F000E8E6F000E8F6F000E39
:1073E800906F45507F6F4650806F816B826B8D51D7
:1073F8007F5D8E5180598F5181598251800A836FE8
:107408009051800A8359D8B00CEF3AF00EEF3AF059
:1074180014EF3AF045C58DF546C58EF58F6B906B28
:107428008DC5DAF68EC5DBF60601DA514324D86F2E
:10743800DB514420D96FD85105018B5D0601D95124
:1074480005018C59D8B02BEF3AF02DEF3AF05EEFEA
:107458003AF0C3C67FF5806B7FBF80077FC581F593
:1074680080C582F5000E82BFFF0E836F846F435084
:107478000601D85D0501856F44500601D9590501FB
:10748800866F85518B5D876F86518C59886F896BA4
:10749800D8A0890789518A6F8151875D8D6F825184
:1074A80088598E6F835189598F6F84518A59906F8B
:1074B80064EF3AF043C58DF544C58EF58F6B906B3C
:1074C80090BF6BEF3AF069EF3AF073EF3AF0000EC5
:1074D8008D6F000E8E6F000E8F6F000E906F8B51A8
:1074E8007F6F8C51806F816B826B8D517F5D8E5168
:1074F80080598F5181598251800A836F9051800A37
:107508008359D8B08AEF3AF08CEF3AF092EF3AF01C
:107518008BC58DF58CC58EF58F6B906B8DC5B3F7CC
:107528008EC5B4F7B3C77DF5B4C77EF5120044C75E
:1075380067F545C768F546C769F547C76AF55BEC5F
:107548005CF067C59AF568C59BF569C59CF56AC581
:107558009DF540C767F541C768F542C769F543C758
:107568006AF55BEC5CF067C59EF568C59FF569C573
:10757800A0F56AC5A1F52C0E9DEC41F06BC5A2F5EE
:107588006CC5A3F55C50D8B4CCEF3AF0CEEF3AF026
:10759800E5EF3AF04FEC68F063C540F764C541F792
:1075A80065C542F766C543F74FEC68F063C544F715
:1075B80064C545F765C546F766C547F7010E536EBE
:1075C8005C6A5450D8A4EBEF3AF0EDEF3AF0E8EFEC
:1075D8003BF00501A151A0110BE1880E9E5D130E31
:1075E8009F59D8A0FAEF3AF0FCEF3AF0E8EF3BF0F9
:1075F800010E546EE8EF3BF05350D8A406EF3BF071
:1076080008EF3BF01BEF3BF09D519C110BE1B80ECE
:107618009A5D0B0E9B59D8A014EF3BF016EF3BF088
:1076280002EF3CF05F6A010E536E02EF3CF05450DB
:10763800D8A421EF3BF023EF3BF03BEF3BF0730E78
:10764800A25D060EA359D8A02CEF3BF02EEF3BF01D
:107658003BEF3BF0010E556E4FEC68F063C544F705
:1076680064C545F765C546F766C547F7536A5404C8
:10767800D8A441EF3BF043EF3BF002EF3CF0350E6E
:107688000501A25D080EA359D8A04DEF3BF04FEFBE
:107698003BF002EF3CF0010E556E4FEC68F063C50D
:1076A80044F764C545F765C546F766C547F7536AA5
:1076B80002EF3CF05A6A010E5F6E5404D8A467EFDB
:1076C8003BF069EF3BF09BEF3BF0A40EA25D060E8A
:1076D800A359D8B072EF3BF074EF3BF077EF3BF073
:1076E800556A51EF3BF0D70EA25D060EA359D8A0FC
:1076F80080EF3BF082EF3BF002EF3CF03A0EA25DE8
:10770800070EA359D8B08BEF3BF08DEF3BF002EF9B
:107718003CF0020E556E4FEC68F063C544F764C543
:1077280045F765C546F766C547F702EF3CF0545084
:10773800D8A4A1EF3BF0A3EF3BF002EF3CF0A40E7E
:10774800A25D060EA359D8B0ACEF3BF0AEEF3BF00C
:10775800B2EF3BF0010E546E74EF3BF0D70EA25D12
:10776800060EA359D8A0BBEF3BF0BDEF3BF002EFEC
:107778003CF03A0EA25D070EA359D8B0C6EF3BF015
:10778800C8EF3BF002EF3CF08DEF3BF0010E5A6E74
:10779800350EA25D080EA359D8A0D5EF3BF0D7EF60
:1077A8003BF0DBEF3BF0010E556E8FEF3BF0A40E84
:1077B800A25D060EA359D8B0E4EF3BF0E6EF3BF02C
:1077C80002EF3CF074EF3BF055500501986F996B50
:1077D8009951000AD8B4F3EF3BF002EF3CF098510E
:1077E800000AD8B400EF3BF0010AD8B45EEF3BF0D2
:1077F800030AD8B4CAEF3BF002EF3CF0120048C7C6
:1078080067F549C768F54AC769F54BC76AF55BEC80
:107818005CF067C57DF568C57EF569C57FF56AC505
:1078280080F5020E0501FF611CEF3CF01EEF3CF0F5
:1078380026EF3CF0010EFE6524EF3CF026EF3CF00D
:107848001EEF3DF05E04D8A42CEF3CF02EEF3CF088
:107858001EEF3DF04FEC68F063C548F764C549F783
:1078680065C54AF766C54BF7010E5D6E5E6A1EEF89
:107878003DF025EC69F0050180517F110BE1210EE7
:107888007D5D030E7E59D8A04CEF3CF04EEF3CF0E6
:107898003CEF3DF0010EFF6554EF3CF056EF3CF035
:1078A80061EF3CF0010EFE655CEF3CF05EEF3CF0F2
:1078B80061EF3CF0020E5D6E596A010EFF6567EFDD
:1078C8003CF069EF3CF074EF3CF0FE51D8A46FEF48
:1078D8003CF071EF3CF074EF3CF0030E5D6E586ABB
:1078E800FF51D8A47AEF3CF07CEF3CF087EF3CF0F6
:1078F800010EFE6582EF3CF084EF3CF087EF3CF030
:10790800040E5D6E576A4FEC68F063C548F764C5AE
:1079180049F765C54AF766C54BF73CEF3DF00EECF5
:1079280056F0010E0501FF659CEF3CF09EEF3CF020
:10793800ACEF3CF0FE51D8A4A4EF3CF0A6EF3CF02D
:10794800ACEF3CF0020E13EC60F0030E5D6E586A6B
:107958000501FF51D8A4B3EF3CF0B5EF3CF03CEF84
:107968003DF0010EFE65BBEF3CF0BDEF3CF03CEF97
:107978003DF0010E13EC60F0040E5D6E576A3CEFAB
:107988003DF031EC58F0010E0501FF65CEEF3CF0FB
:10799800D0EF3CF0DBEF3CF0010EFE65D6EF3CF09B
:1079A800D8EF3CF0DBEF3CF0020E5D6E596AFF51F8
:1079B800D8A4E1EF3CF0E3EF3CF03CEF3DF0010EE2
:1079C800FE65E9EF3CF0EBEF3CF03CEF3DF0010EDB
:1079D80013EC60F0C0EF3CF0D8EC57F0010E050155
:1079E800FF65F9EF3CF0FBEF3CF006EF3DF0010ED0
:1079F800FE6501EF3DF003EF3DF006EF3DF0020EAE
:107A08005D6E596A010EFF650CEF3DF00EEF3DF01B
:107A18003CEF3DF0FE51D8A414EF3DF016EF3DF0D9
:107A28003CEF3DF0020E13EC60F0030E5D6E586AF9
:107A38003CEF3DF05D5005017B6F7C6B7C51000A8B
:107A4800D8B429EF3DF03CEF3DF07B51010AD8B4A2
:107A58003DEF3CF0030AD8B493EF3CF0010AD8B4E8
:107A6800C5EF3CF0070AD8B4F0EF3CF03CEF3DF02E
:107A7800120020C767F521C768F522C769F523C733
:107A88006AF55BEC5CF067C59EF668C59FF669C54C
:107A9800A0F66AC5A1F60601A151A0119F1109E13E
:107AA8000B0E9E5DD8A05BEF3DF05DEF3DF069EFFA
:107AB8003DF0DE51D8B463EF3DF065EF3DF069EF7E
:107AC8003DF0010EE06F1BEC69F00601E005D8B44B
:107AD80070EF3DF072EF3DF074EF3DF067EF3EF070
:107AE8004E0E0501636F080E646FB40E656F090EC4
:107AF800666FDEC667F5686B67EC60F00601DE51FD
:107B0800FE0FA46F4E0E0501636F080E646FA4C6C6
:107B180065F5E6EC5CF063C5A1F764C5A2F74F0E06
:107B28000601A425D96EDA6A080EDA22DF509A6FA8
:107B38004E0EA425D96EDA6A080EDA22DF509B6F42
:107B48009B519D6F9C6B9A519C2507019F6F060165
:107B5800000E9D210701A06F9F51A11909E1A051B5
:107B6800A219D8B4BAEF3DF0BCEF3DF0C0EF3DF03C
:107B7800F6EC61F067EF3EF054C8A2F60601DE515C
:107B8800F70FA36FA251A319D8B4CDEF3DF0CFEFF3
:107B98003DF0D1EF3DF0BCEF3DF0100E08014F195C
:107BA800D8A4D9EF3DF0DBEF3DF0E8EF3DF00E0E45
:107BB8005119D8A4E2EF3DF0E4EF3DF0E8EF3DF0D5
:107BC80056C8FFF558C8FEF5AA0E4E19D8A4EFEF0F
:107BD8003DF0F1EF3DF0BCEF3DF05A0E4F19D8A43F
:107BE800F8EF3DF0FAEF3DF0BCEF3DF054EF3EF01A
:107BF8005005D8A402EF3EF004EF3EF00BEF3EF044
:107C08004E0E0601796F080E7A6FABEC4BF0020E40
:107C180008015019D8A413EF3EF015EF3EF0BCEF61
:107C28003DF04E0E0601796F080E7A6F53EC44F062
:107C3800BCEF3DF0020E5019D8A425EF3EF027EF17
:107C48003EF0BCEF3DF04E0E0601796F080E7A6FDC
:107C580011EC51F0BCEF3DF0020E5019D8A437EFEB
:107C68003EF039EF3EF0BCEF3DF04E0E0601796F65
:107C7800080E7A6F94EC40F0BCEF3DF0020E5019FC
:107C8800D8A449EF3EF04BEF3EF0BCEF3DF04E0E6E
:107C98000601796F080E7A6FB6EC46F0BCEF3DF03E
:107CA8005151010AD8B4FCEF3DF0160AD8B41EEFC2
:107CB8003EF0400AD8B430EF3EF00F0AD8B442EF95
:107CC8003EF0BCEF3DF012000501F46F160E050101
:107CD800F419D8A472EF3EF074EF3EF0EDEF3EF0E9
:107CE800160E9DEC41F06BC5ECF56CC5EDF5000E7C
:107CF8000501AA6FF00EAB6F7F0EAC6F450EAD6F2E
:107D0800ECC598F5EDC599F5000E99BFFF0E9A6F71
:107D18009B6F010E77EC43F098C5A6F599C5A7F5BA
:107D28009AC5A8F59BC5A9F5DAEC35F0A6C5BFF547
:107D3800A7C5C0F5A8C5C1F5A9C5C2F53D0E050181
:107D4800C36F0A0EC46F830EC56F400EC66FDCEC9E
:107D58002BF0BFC5DCF5C0C5DDF5C1C5DEF5C2C574
:107D6800DFF5D60E0501E06F0D0EE16FA60EE26F8E
:107D78003D0EE36FE0C5C3F5E1C5C4F5E2C5C5F541
:107D8800E3C5C6F5DCC5BFF5DDC5C0F5DEC5C1F583
:107D9800DFC5C2F5DCEC2BF0BFC5A6F5C0C5A7F55D
:107DA800C1C5A8F5C2C5A9F5CD0E0501AA6FCC0EAF
:107DB800AB6FCC0EAC6F3D0EAD6FDAEC35F0A6C5EF
:107DC800F0F5A7C5F1F5A8C5F2F5A9C5F3F56DEF6E
:107DD8003FF0040EF419D8A4F4EF3EF0F6EF3EF0AD
:107DE8006DEF3FF0040E9DEC41F06BC5EEF56CC5F0
:107DF800EFF5000E0501AA6FF00EAB6F7F0EAC6FAA
:107E0800450EAD6FEEC598F5EFC599F5000E99BF13
:107E1800FF0E9A6F9B6F010E77EC43F098C5A6F59D
:107E280099C5A7F59AC5A8F59BC5A9F5DAEC35F06B
:107E3800A6C5BFF5A7C5C0F5A8C5C1F5A9C5C2F5B2
:107E48006F0E0501C36F120EC46F830EC56F400E0F
:107E5800C66FDCEC2BF0BFC5E4F5C0C5E5F5C1C5C0
:107E6800E6F5C2C5E7F5420E0501E86F110EE96FA8
:107E78008A0EEA6F3D0EEB6FE8C5C3F5E9C5C4F598
:107E8800EAC5C5F5EBC5C6F5E4C5BFF5E5C5C0F55A
:107E9800E6C5C1F5E7C5C2F5DCEC2BF0BFC5A6F514
:107EA800C0C5A7F5C1C5A8F5C2C5A9F5CD0E050180
:107EB800AA6FCC0EAB6F4C0EAC6F3E0EAD6FDAEC0A
:107EC80035F0A6C5F0F5A7C5F1F5A8C5F2F5A9C521
:107ED800F3F5F0C5BFF5F1C5C0F5F2C5C1F5F3C5B9
:107EE800C2F5000E0501C36F000EC46F7A0EC56F90
:107EF800440EC66FDCEC2BF0BFC5D8F5C0C5D9F56C
:107F0800C1C5DAF5C2C5DBF5120008C7CFF509C748
:107F1800D0F50AC7D1F50BC7D2F5BFC5CFF5C0C597
:107F2800D0F5C1C5D1F5C2C5D2F5810E0501C36F23
:107F3800FF0EC46FCFC5C5F5D0C5C6F5D1C5C7F509
:107F4800D2C5C8F5180EAEEF3FF0D890C833C73386
:107F5800C633C533E82EA9EF3FF0C551C325CD6F11
:107F6800000EC421CE6FCEBFC3EF3FF0CE5109E162
:107F7800170ECD5DD8A0C3EF3FF0C5EF3FF0CFEFB0
:107F88003FF0BFC5BFF5C0C5C0F5C1C5C1F5C2C585
:107F9800C2F593EF40F0CEBFD4EF3FF0D6EF3FF0FD
:107FA80047EF40F0CDC5C3F5FF0EC46FFF0EC56F98
:107FB8007F0EC66F000EC76FC367E5EF3FF0EDEFAA
:107FC8003FF0C735C733C633C533C433C32FE0EFDB
:107FD8003FF0C4C5C9F5C5C5CAF5C6C5CBF5C7C503
:107FE800CCF50501C951CF15C36FCA51D015C46F5F
:107FF800CB51D115C56FCC51D215C66FC351C41121
:10800800C511C611D8A40BEF40F00DEF40F00FEFEB
:1080180040F0C5EF3FF0CFC5C3F5D0C5C4F5D1C515
:10802800C5F5D2C5C6F5200E1FEF40F0D890C6336F
:10803800C533C433C333E82E1AEF40F0C351C4111B
:10804800C511C611D8B42BEF40F02DEF40F035EF35
:1080580040F0C951CF27CA51D023CB51D123CC519D
:10806800D223C91DC36FCA1DC46FCB1DC56FCC1DDC
:10807800C66FC351CF17C451D017C551D117C651B8
:10808800D2178BEF40F0CFC5C3F5D0C5C4F5D1C525
:10809800C5F5D2C5C6F5200E57EF40F0D890C633C7
:1080A800C533C433C333E82E52EF40F0C351C41173
:1080B800C511C611D8A463EF40F065EF40F06FEF2B
:1080C80040F0000ECF6F000ED06F000ED16F000E83
:1080D800D26F8BEF40F0D890CF35C36FD035C46FD7
:1080E800D135C56FD235C66FC351C411C511C6117C
:1080F800D8B481EF40F083EF40F08BEF40F0000EF2
:10810800CF6F000ED06F800ED16FBF0ED26FCFC56C
:10811800BFF5D0C5C0F5D1C5C1F5D2C5C2F51200AD
:1081280021EE7CF2100EDE6AE806FDE27C0E050107
:10813800636F060E646F79C665F57AC666F5000E3C
:10814800686F110E676F67EC60F006018305D8A4AD
:10815800B0EF40F0B2EF40F0D3EF40F0040E05016D
:108168006B6F000E6C6F000E6D6F84C66EF55DEC64
:108178005DF0150E06017B6FC60EE82EFED77B2F2D
:10818800FCD70000040E0501696F000E6A6F000E2F
:108198006B6F63EC62F00601C16FFCEF40F0020EFA
:1081A8008319D8A4DAEF40F0DCEF40F0FCEF40F0A0
:1081B800040E05016B6F000E6C6F000E6D6F84C6A8
:1081C8006EF55DEC5DF0150E06017B6FC60EE82EB0
:1081D800FED77B2FFCD70000040E0501696F000E47
:1081E8006A6F000E6B6F63EC62F000080601C16FE6
:1081F8008505D8A402EF41F004EF41F025EF41F0E6
:10820800050E05016B6F000E6C6F000E6D6F86C654
:108218006EF55DEC5DF0150E06017B6FC60EE82E5F
:10822800FED77B2FFCD70000050E0501696F000EF5
:108238006A6F000E6B6F63EC62F00601C26F4EEF5F
:1082480041F0020E8519D8A42CEF41F02EEF41F031
:108258004EEF41F0050E05016B6F000E6C6F000EBE
:108268006D6F86C66EF55DEC5DF0150E06017B6FD1
:10827800C60EE82EFED77B2FFCD70000050E0501A1
:10828800696F000E6A6F000E6B6F63EC62F0000896
:108298000601C26F550E7C6F7C0E0501636F060EDA
:1082A800646F0F0E656FE6EC5CF063C58DF664C510
:1082B8008EF68DC68CF606018E518B6F8F6BF90E7C
:1082C800676F3D0E686F7C0E8F25D96EDA6A060ED1
:1082D800DA22DF507B6F7B51696F6A6B4FEC66F077
:1082E800100E06018F617BEF41F07DEF41F083EFC7
:1082F80041F0D20E676F3D0E686F4FEC66F00601D5
:108308008F2B100E8F658BEF41F08DEF41F063EFEF
:1083180041F07C0E0501636F060E646F000E656FF9
:10832800000E666F000E686F110E676F67EC60F0E5
:10833800120005018B6F000E0501936F000E926FFE
:108348008B5113EC64F0D89005019235D96E9335B2
:10835800DA6E730ED926050EDA2263C5DEF464C51B
:10836800DDF4924B932B93BFC3EF41F0935109E196
:108378000C0E925DD8A0C3EF41F0C5EF41F0A4EF19
:1083880041F0000E916F000E906F000E956F000E79
:10839800946F000E976F000E966F3AEF42F0D890E8
:1083A8009635D96E9735DA6E730ED926050EDA2210
:1083B80096C56FF597C570F5D8906F377037020E70
:1083C8006F27000E7023730E6F25E16E050E702166
:1083D800E26EDE50E65CDE50E658D8B0F6EF41F0CB
:1083E800F8EF41F038EF42F0D8909635D96E9735CE
:1083F800DA6E730ED926050EDA22DEC48CF5DDC4DA
:108408008DF596C56DF597C56EF5D8906D376E37B5
:10841800020E6D27000E6E23730E6D25D96E050EA4
:108428006E21DA6ED8909635E16E9735E26E730E4E
:10843800E126050EE222DEC4E6F4DDC4E5F496C5C5
:108448006DF597C56EF5D8906D376E37020E6D27AE
:10845800000E6E23730E6D25D96E050E6E21DA6E31
:108468008CC5DEF48DC5DDF4964B972B0B0E6D6F26
:10847800000E6E6F94516D5F95516E5B6D51965DF8
:108488009751800A6F6F6E51800A6F59D8A04FEFCD
:1084980042F051EF42F0D3EF41F0944B952B95BF4A
:1084A8005FEF42F0955109E10B0E945DD8A05FEFA4
:1084B80042F061EF42F0CDEF41F0000E956F020EF1
:1084C800946FD8909435D96E9535DA6E730ED92697
:1084D800050EDA22DE509027DD509123944B952B20
:1084E80095BF80EF42F0955109E10A0E945DD8A03E
:1084F80080EF42F082EF42F065EF42F090C563F5FD
:1085080091C564F5000E666F080E656FEBEC54F0CC
:1085180063C58EF564C58FF58EC56BF58FC56CF593
:108528001200050183BF9BEF42F09EEF42F0010E5F
:108538009FEF42F0000E8A6F0601C7BFA6EF42F018
:10854800A8EF42F0A9EF42F0DC93C7BFB0EF42F0CA
:10855800AEEF42F0B7EF42F0000E0501876F010E53
:10856800866FBBEF42F0C6C686F5C7C687F5C4C698
:1085780088F5C5C689F505018A51D8B4C6EF42F019
:10858800C8EF42F0DFEF42F08807D8A089078A5188
:10859800D8A4D1EF42F0D3EF42F0D9EF42F0000E69
:1085A800856F2B0E846FDDEF42F0000E856F2D0E68
:1085B800846F84C58AF5000E8C6F4F0E8B6F09018E
:1085C800B36B19EF43F005018B07D8A08C07640E35
:1085D8008B25D96E090E8C21DA6E82C563F583C5A9
:1085E80064F5000E666F0A0E656FE3EC58F063C51C
:1085F80069F564C56AF5DCEC64F005016951300F72
:10860800DF6E8607D8A087078807D8A0890782C5A4
:1086180063F583C564F5000E666F0A0E656FEBECB3
:1086280054F063C582F564C583F505018CBF25EF59
:1086380043F08C5108E18B05D8A025EF43F027EFD4
:1086480043F052EF43F082518311D8A42EEF43F048
:1086580030EF43F0E7EF42F087BF3DEF43F087513B
:1086680006E18605D8B03BEF43F03DEF43F0E7EF76
:1086780042F089BF48EF43F0895108E18805D8A046
:1086880048EF43F04AEF43F052EF43F00601DCB302
:1086980050EF43F052EF43F0E7EF42F005018A5103
:1086A800D8B459EF43F05BEF43F066EF43F08B0724
:1086B800D8A08C07640E8B25D96E090E8C21DA6E32
:1086C8008AC5DFF480C577F581C578F5640E8B25FA
:1086D800796F090E8C217A6F88C57BF589C57CF581
:1086E800E7EC59F012000501A06F0501A051D8B4BC
:1086F80080EF43F082EF43F0A4EF43F09BBF89EF94
:1087080043F087EF43F0A4EF43F098C59CF599C573
:108718009DF59AC59EF59BC59FF59C1F9D1F9E1FA5
:108728009F1F9C2B000E9D239E239F239CC5A2F573
:108738009DC5A3F59EC5A4F59FC5A5F5ACEF43F06F
:1087480098C5A2F599C5A3F59AC5A4F59BC5A5F545
:10875800985199119A119B11D8A4B5EF43F0B7EF2E
:1087680043F0C1EF43F0000E986F000E996F000EB2
:108778009A6F000E9B6F52EF44F0960EA16FCBEFED
:1087880043F0A12BD890A533A433A333A233000E12
:10879800A2159C6F000EA3159D6F000EA4159E6F69
:1087A800FE0EA5159F6F9C519D119E119F11D8A477
:1087B800E0EF43F0E2EF43F0C5EF43F0F0EF43F0B2
:1087C800A12B010EA227000EA323A423A523D89032
:1087D800A533A433A333A233000EA2159C6F000E59
:1087E800A3159D6F000EA4159E6FFF0EA5159F6F14
:1087F8009C519D119E119F11D8A405EF44F007EFDD
:1088080044F0E4EF43F00FEF44F0A107D890A2370B
:10881800A337A437A537A4BF14EF44F016EF44F0EC
:108828001EEF44F0020EA1611CEF44F01EEF44F06D
:1088380009EF44F0A1B123EF44F025EF44F026EF0F
:1088480044F0A49FD890A133A1C59CF59D6B9E6B65
:108858009F6B9CC59FF59E6B9D6B9C6B9C51A21357
:108868009D51A3139E51A4139F51A513A051D8B491
:1088780040EF44F042EF44F04AEF44F09BBF49EF29
:1088880044F047EF44F04AEF44F0A58FA2C598F5AD
:10889800A3C599F5A4C59AF5A5C59BF51200000EC8
:1088A80006018E6F000E8F6F000E906F000E916F95
:1088B80021EE7DF2100EDE6AE806FDE27D0E05016E
:1088C800636F060E646F79C665F57AC666F5000EA5
:1088D800686F110E676F67EC60F00601986B98512E
:1088E8007B6F7C6B070E7B27000E7C237D0E7B2520
:1088F800D96E060E7C21DA6E8E0E9825E16EE26A3C
:10890800060EE222DFC4E7F4150E06017B6FC60EE1
:10891800E82EFED77B2FFCD700000601982B030E0C
:10892800986599EF44F09BEF44F073EF44F08E0E96
:108938000501BF6F060EC06F040EC16F540EDDEC4B
:1089480065F0D00E06017B6FC90EE82EFED77B2F8F
:10895800FCD700D0550E06017D6F040E0501786F17
:10896800540E6AEC64F078C592F679C593F6840ED5
:108978000501636F060E646F92C665F593C666F5CA
:10898800000E686F040E676F67EC60F0030E050158
:10899800786F5C0E6AEC64F078C594F679C595F644
:1089A800060120EE02F09451D9269551DA22DF50C3
:1089B800886F7D0E0501636F060E646F0F0E656F7D
:1089C800E6EC5CF063C596F664C597F696C68DF638
:1089D800060197518C6F996BF90E676F3D0E686FA2
:1089E8007D0E9925D96EDA6A060EDA22DF507B6F82
:1089F8007B51696F6A6B4FEC66F0100E0601996146
:108A080008EF45F00AEF45F010EF45F0D20E676F1A
:108A18003D0E686F4FEC66F00601992B100E9965B4
:108A280018EF45F01AEF45F0F0EF44F07D0E050120
:108A3800636F060E646F000E666F000E656F000EA2
:108A4800686F110E676FF6EC63F0120038C767F5B0
:108A580039C768F53AC769F53BC76AF55BEC5CF05E
:108A680067C524F668C525F669C526F66AC527F6DA
:108A78001C0EF0EC2DF006011C51236FEB51D8B4FD
:108A880048EF45F04AEF45F064EF45F027512611CD
:108A98000BE1300E245D750E2559D8A056EF45F030
:108AA80058EF45F0F9EF45F0EB6B000ED76F000E6D
:108AB800D66F640E0501FF6FF9EF45F0F9EF45F049
:108AC800EA51D8B46AEF45F06CEF45F072EF45F023
:108AD800000ED76F010ED66FF9EF45F02305D8A425
:108AE80078EF45F07AEF45F0BEEF45F0ED51D8A4A8
:108AF80080EF45F082EF45F091EF45F04FEC68F0DC
:108B080063C538F764C539F765C53AF766C53BF7F5
:108B1800010E0601ED6FF9EF45F0275126110BE123
:108B2800E90E245D030E2559D8A09DEF45F09FEF6F
:108B380045F0F9EF45F0000ED76F010ED66F010E24
:108B4800EB6F4FEC68F063C538F764C539F765C556
:108B58003AF766C53BF70601ED6BE92B040EE965AC
:108B6800B8EF45F0BAEF45F062EF45F0010EEA6F55
:108B7800F9EF45F0020E2319D8A4C5EF45F0C7EF69
:108B880045F0F2EF45F0EC51D8A4CDEF45F0CFEF2A
:108B980045F0DEEF45F04FEC68F063C538F764C583
:108BA80039F765C53AF766C53BF7010E0601EC6F64
:108BB800F9EF45F027512611251109E1C90E245D69
:108BC800D8A0E9EF45F0EBEF45F0F9EF45F0000EDE
:108BD800D76F020ED66FEC6BF9EF45F0000ED76F2A
:108BE800000ED66FED6BEFEF45F012004B50020D03
:108BF800000EF324D96E080EF420DA6EDE6ADD6A00
:108C08000201B2A70AEF46F00CEF46F02EEF46F04D
:108C18004B50020D000EF324D96E080EF420DA6EC4
:108C28000801DF820701825183118411D8B41FEF34
:108C380046F021EF46F02EEF46F002D82EEF46F030
:108C48000500FA6E8251FD6E8351FE6E8451FF6EEF
:108C5800FA5012000201B2A334EF46F036EF46F0A4
:108C680058EF46F04B50020D000EF324D96E080E53
:108C7800F420DA6E0801DF8407017F518011811129
:108C8800D8B449EF46F04BEF46F058EF46F002D81B
:108C980058EF46F00500FA6E7F51FD6E8051FE6E6A
:108CA8008151FF6EFA5012000201B2AD5EEF46F03C
:108CB80060EF46F082EF46F04B50020D000EF324B1
:108CC800D96E080EF420DA6E0801DF8007017C51A6
:108CD8007D117E11D8B473EF46F075EF46F082EF40
:108CE80046F002D882EF46F00500FA6E7C51FD6E20
:108CF8007D51FE6E7E51FF6EFA501200A1C224F51E
:108D08004B281F0B256E4A502518D8A48EEF46F025
:108D180090EF46F092EF46F09DEF46F0480E4B2458
:108D2800D96EDA6A0A0EDA2224C5DFF425C54BF5B6
:108D3800492A0701705171117211D8B4A6EF46F093
:108D4800A8EF46F0B5EF46F002D8B5EF46F00500BB
:108D5800FA6E7051FD6E7151FE6E7251FF6EFA50CF
:108D68001200120021EE7CF2100EDE6AE806FDE227
:108D78007C0E0501636F060E646F79C665F57AC6C9
:108D880066F5000E686F110E676F67EC60F00601FC
:108D98008305D8A4D2EF46F0D4EF46F0F5EF46F0BD
:108DA800060E05016B6F000E6C6F000E6D6F84C6AA
:108DB8006EF55DEC5DF0150E06017B6FC60EE82EB4
:108DC800FED77B2FFCD70000060E0501696F000E49
:108DD8006A6F000E6B6F63EC62F00601C36F1EEFE3
:108DE80047F0020E8319D8A4FCEF46F0FEEF46F0D8
:108DF8001EEF47F0060E05016B6F000E6C6F000E3C
:108E08006D6F84C66EF55DEC5DF0150E06017B6F27
:108E1800C60EE82EFED77B2FFCD70000060E0501F4
:108E2800696F000E6A6F000E6B6F63EC62F00008EA
:108E38000601C36F550E7C6F7C0E0501636F060E2D
:108E4800646F0F0E656FE6EC5CF063C58DF664C564
:108E58008EF68DC68CF606018E518B6F8F6BF90ED0
:108E6800676F3D0E686F7C0E8F25D96EDA6A060E25
:108E7800DA22DF507B6F7B51696F6A6B4FEC66F0CB
:108E8800100E06018F614BEF47F04DEF47F053EF9F
:108E980047F0D20E676F3D0E686F4FEC66F0060123
:108EA8008F2B100E8F655BEF47F05DEF47F033EFC8
:108EB80047F07C0E0501636F060E646F000E656F48
:108EC800000E666F000E686F110E676F67EC60F03A
:108ED8001200F80E0501696F030E6A6F000E6B6FC2
:108EE80063EC62F00501786FF90E696F030E6A6F23
:108EF800000E6B6F63EC62F00501796FFA0E696F13
:108F0800030E6A6F000E6B6F63EC62F005017A6FF7
:108F1800FB0E696F030E6A6F000E6B6F63EC62F0F5
:108F280005017B6FFC0E696F030E6A6F000E6B6F95
:108F380063EC62F005017C6FFD0E696F030E6A6FCA
:108F4800000E6B6F63EC62F005017D6F060E7819F9
:108F5800D8A4B1EF47F0B3EF47F0DFEF47F0050EC5
:108F68007919D8A4BAEF47F0BCEF47F0DFEF47F024
:108F7800040E7A19D8A4C3EF47F0C5EF47F0DFEF26
:108F880047F0030E7B19D8A4CCEF47F0CEEF47F09B
:108F9800DFEF47F0020E7C19D8A4D5EF47F0D7EFE2
:108FA80047F0DFEF47F07D05D8B4DDEF47F0DFEF9E
:108FB80047F0E2EF47F0000E1BEF48F0FE0E696F36
:108FC800030E6A6F000E6B6F63EC62F00501766F3B
:108FD800FF0E696F030E6A6F000E6B6F63EC62F031
:108FE8000501776F775176C570F5716B70C571F5AE
:108FF800706B7011726F7151736F780E636F050E1D
:10900800646F060E656F3EEC60F063C574F564C569
:1090180075F505017451721907E175517319D8A4D2
:1090280018EF48F01AEF48F0DFEF47F0010E120092
:109038000601C7BF22EF48F024EF48F025EF48F0BB
:10904800DC93C7BF2CEF48F02AEF48F033EF48F025
:10905800000E0501886F010E876F37EF48F0C6C60E
:1090680087F5C7C688F5C4C689F5C5C68AF5000E52
:1090780005018D6F4F0E8C6F0901B36B77EF48F0C8
:1090880005018C07D8A08D0782510F0B8B6F0A0E34
:109098008B6151EF48F053EF48F057EF48F0300E2E
:1090A8008B2759EF48F0370E8B27640E8C25D96E25
:1090B800090E8D21DA6E8BC5DFF48707D8A08807E3
:1090C8008907D8A08A0782C584F583C585F5040E6B
:1090D800866FD89085338433862F6DEF48F084C52A
:1090E80082F585C583F505018DBF84EF48F08D5164
:1090F80009E1020E8C5DD8A084EF48F086EF48F0B5
:10910800B1EF48F082518311D8A48DEF48F08FEF6A
:1091180048F044EF48F088BF9CEF48F0885106E1DA
:109128008705D8B09AEF48F09CEF48F044EF48F034
:109138008ABFA7EF48F08A5108E18905D8A0A7EFB0
:1091480048F0A9EF48F0B1EF48F00601DCB3AFEF03
:1091580048F0B1EF48F044EF48F080C577F581C595
:1091680078F5640E05018C25796F090E8D217A6FCB
:1091780089C57BF58AC57CF5E7EC59F01200000E2D
:109188000501656F570E646FF80E666F070E676FFF
:10919800000E696F020E686F90EC5FF00009D8B49A
:1091A800D8EF48F0DAEF48F0C3EF48F0000E0501B9
:1091B800656F570E646F5B0E666F050E676F000E66
:1091C800696F010E686FBCEC5FF00009D8B4EFEF6F
:1091D80048F0F1EF48F0DAEF48F0680E05016B6FE0
:1091E800E40EE82EFED76B2FFCD700005BC551F5C7
:1091F800680E05016B6FE40EE82EFED76B2FFCD7C7
:109208000000C00E5118D8A40CEF49F00EEF49F039
:1092180010EF49F050EF49F0000E0501656F570E49
:10922800646FDC0E666F090E676F000E696F130EB0
:10923800686F90EC5FF00009D8B425EF49F027EF8C
:1092480049F010EF49F0680E05016B6FE40EE82E47
:10925800FED76B2FFCD70000000E0501656F570E77
:10926800646FF80E666F070E676F000E696F030E66
:10927800686FBCEC5FF00009D8B445EF49F047EFE0
:1092880049F030EF49F02A0E05016B6F8D0EE82E7C
:10929800FED76B2FFCD700D0D00E05016B6FC90E1F
:1092A800E82EFED76B2FFCD700D01200000E060167
:1092B80000150501E86F000E060101150501E96FAB
:1092C800800E060102150501EA6F7F0E06010315DF
:1092D8000501EB6FE851E911EA11EB11D8A477EF1A
:1092E80049F079EF49F082EF49F0000E0601006F6E
:1092F800000E016F000E026F000E036F000E0601D4
:1093080004150501E86F000E060105150501E96F52
:10931800800E060106150501EA6F7F0E0601071586
:109328000501EB6FE851E911EA11EB11D8A49FEFA1
:1093380049F0A1EF49F0AAEF49F0000E0601046FC9
:10934800000E056F000E066F000E076F060103AFD3
:10935800B0EF49F0B2EF49F0BBEF49F0006D011FE3
:10936800D8B0012B021FD8B0022B800E035707AFCD
:10937800C0EF49F0C2EF49F0CBEF49F0046D051F8B
:10938800D8B0052B061FD8B0062B800E0757000E45
:10939800001B000E011B000E021B800E031B000E9B
:1093A800041B000E051B000E061B800E071B045134
:1093B800005D055101590651025907510359D8B0AA
:1093C800E8EF49F0EAEF49F0EDEF49F0D890EEEF19
:1093D80049F0D880120008C663F509C664F50AC6C4
:1093E80065F50BC666F513EC50F005016351641181
:1093F800D8A401EF4AF003EF4AF00DEF4AF00CC68B
:1094080008F60DC609F60EC60AF60FC60BF682EF69
:109418004AF00CC663F50DC664F50EC665F50FC6B1
:1094280066F513EC50F0050163516411D8A41FEFE1
:109438004AF021EF4AF02BEF4AF008C608F609C6B1
:1094480009F60AC60AF60BC60BF682EF4AF008C6FA
:1094580063F509C664F50AC665F50BC666F590ECB2
:1094680060F063C5ECF564C5EDF50CC663F50DC693
:1094780064F50EC665F50FC666F590EC60F005015B
:109488006351EC1909E16451ED19D8B44EEF4AF073
:1094980050EF4AF066EF4AF008C663F509C664F56E
:1094A8000AC665F50BC666F590EC60F005016351D8
:1094B8006411D8A462EF4AF064EF4AF021EF4AF051
:1094C80003EF4AF008C600F609C601F60AC602F616
:1094D8000BC603F60CC604F60DC605F60EC606F650
:1094E8000FC607F65AEC49F00601D8A07EEF4AF0FD
:1094F80080EF4AF021EF4AF003EF4AF0120010C65D
:1095080063F511C664F512C665F513C666F513EC66
:1095180050F0050163516411D8A495EF4AF097EF14
:109528004AF0A1EF4AF014C610F615C611F616C691
:1095380012F617C613F616EF4BF014C663F515C6E8
:1095480064F516C665F517C666F513EC50F0050107
:1095580063516411D8A4B3EF4AF0B5EF4AF0BFEFF6
:109568004AF010C610F611C611F612C612F613C646
:1095780013F616EF4BF010C663F511C664F512C664
:1095880065F513C666F590EC60F063C5EEF564C545
:10959800EFF514C663F515C664F516C665F517C666
:1095A80066F590EC60F005016351EE1909E164512C
:1095B800EF19D8B4E2EF4AF0E4EF4AF0FAEF4AF0D4
:1095C80010C663F511C664F512C665F513C666F5CF
:1095D80090EC60F0050163516411D8A4F6EF4AF0ED
:1095E800F8EF4AF097EF4AF0B5EF4AF010C600F6E8
:1095F80011C601F612C602F613C603F614C604F61F
:1096080015C605F616C606F617C607F65AEC49F04B
:109618000601D8A012EF4BF014EF4BF097EF4AF089
:10962800B5EF4AF01200050120EE03F07851D92673
:109638007951DA22DF50636F20EE02F07851D92693
:109648007951DA22DF50A4EC5CF063C57AF564C581
:109658007BF5E80E05017A5D030E7B59D8A037EF3C
:109668004BF039EF4BF03DEF4BF0030E7B6FE80EFC
:109678007A6FF40E7A5D010E7B59D8B046EF4BF045
:1096880048EF4BF04CEF4BF0010E7B6FF40E7A6F06
:109698007AC547F57BC548F578C5D9F479C5DAF4B4
:1096A800DF50FF6F630EFF655CEF4BF05EEF4BF032
:1096B80060EF4BF0640EFF6F20EE07F07851D9266B
:1096C8007951DA22DF50636F20EE06F07851D926FF
:1096D8007951DA22DF50A4EC5CF063C57CF564C5EF
:1096E8007DF52C0E05017C5D010E7D59D8A07FEF1C
:1096F8004BF081EF4BF085EF4BF0010E7D6F2C0E98
:109708007C6F7D5107E1640E7C5DD8B08EEF4BF025
:1097180090EF4BF094EF4BF0000E7D6F640E7C6F72
:109728007CC545F57DC546F520EE04F07851D9266F
:109738007951DA22DF50FE6F630EFE65A6EF4BF01B
:10974800A8EF4BF0AAEF4BF0640EFE6F120021EE6B
:109758007CF2100EDE6AE806FDE27C0E0501636FFE
:10976800060E646F79C665F57AC666F5000E686FF1
:10977800110E676F67EC60F0550E06017C6F040EE2
:109788000501786F540E6AEC64F078C58DF679C5DA
:109798008EF6830E0501636F060E646F8DC665F540
:1097A8008EC666F5000E686F040E676F67EC60F092
:1097B800030E0501786F5C0E6AEC64F078C58FF6CD
:1097C80079C590F6060120EE02F08F51D926905106
:1097D800DA22DF50876F7C0E0501636F060E646F17
:1097E8000F0E656FE6EC5CF063C591F664C592F602
:1097F80091C68CF6060192518B6F936BF90E676FC9
:109808003D0E686F7C0E9325D96EDA6A060EDA2251
:10981800DF507B6F7B51696F6A6B4FEC66F0100EFF
:10982800060193611AEF4CF01CEF4CF022EF4CF05C
:10983800D20E676F3D0E686F4FEC66F00601932BF2
:10984800100E93652AEF4CF02CEF4CF002EF4CF021
:109858007C0E0501636F060E646F000E666F000EC6
:10986800656F000E686F110E676FF6EC63F01200FB
:1098780063C5D9F464C5DAF465C5DFF4050120EEE3
:1098880001F06351D9266451DA2266C5DEF467C552
:10989800DEF468C5DEF469C5DEF420EE05F0635138
:1098A800D9266451DA226AC5DEF46BC5DEF46CC5CC
:1098B800DEF46DC5DEF420EE09F06351D92664515B
:1098C800DA226EC5DEF46FC5DEF470C5DEF471C54C
:1098D800DEF420EE15F06351D9266451DA2272C500
:1098E800DEF473C5DEF474C5DEF475C5DEF420EE6F
:1098F80019F06351D9266451DA2276C5DEF477C5AA
:10990800DEF478C5DEF479C5DEF420EE0DF063519F
:10991800D9266451DA22000EDE6E000EDE6E480E85
:10992800DE6E440EDD6E20EE11F06351D9266451CF
:10993800DA22000EDE6E000EDE6E480EDE6EC40EFB
:10994800DD6E20EE1DF06351D9266451DA22000E37
:10995800DE6E000EDE6E000EDE6E000EDD6E20EE98
:1099680021F06351D9266451DA22000EDE6E000E12
:10997800DE6E000EDE6E000EDD6E20EE25F0635109
:10998800D9266451DA227AC5DEF47BC5DDF41200EB
:10999800C80E0501746F000E756F000E766F000E0D
:1099A800776F6C51726F6BC573F5F7EF4CF005016B
:1099B8007451751176117711D8A4E5EF4CF0E7EFE3
:1099C8004CF0E9EF4CF05BEF4DF07407000E755B5F
:1099D800765B775B150E0501706FC60EE82EFED715
:1099E800702FFCD70000000E0501656F530E646FE1
:1099F800720E666F050E676F000E696F020E686F54
:109A080090EC5FF00009D8B40CEF4DF00EEF4DF07C
:109A1800DBEF4CF0C80E0501746F000E756F000E79
:109A2800766F000E776F35EF4DF0050174517511A3
:109A380076117711D8A423EF4DF025EF4DF027EFDD
:109A48004DF05BEF4DF07407000E755B765B775B4E
:109A5800150E0501706FC60EE82EFED7702FFCD7C5
:109A68000000000E0501656F530E646F6DC566F545
:109A78006EC567F5020E6F25686F696B000E692366
:109A8800BCEC5FF00009D8B44CEF4DF04EEF4DF050
:109A980019EF4DF0090E0501716F1E0E706FE40E7F
:109AA800E82EFED7702FFCD7712FFAD700001200CE
:109AB80088EC54F0566E5650D8B465EF4DF067EF09
:109AC8004DF0A4EF4DF05604D8A46DEF4DF06FEFB4
:109AD8004DF074EF4DF0030E13EC60F0EAEF4DF02B
:109AE800020E5618D8A47BEF4DF07DEF4DF08BEFAA
:109AF8004DF0010E0501FF6584EF4DF086EF4DF046
:109B08008BEF4DF0010E13EC60F0A6EF4DF0030E55
:109B18005618D8A492EF4DF094EF4DF0A2EF4DF007
:109B2800010E0501FE659BEF4DF09DEF4DF0A2EF94
:109B38004DF0020E13EC60F0A6EF4DF0A6EF4DF0DD
:109B48000601F46B27EC39F005017DC598F57EC553
:109B580099F59A6B9B6B000E77EC43F098C5A8F6C5
:109B680099C5A9F69AC5AAF69BC5ABF65A04D8B406
:109B7800C0EF4DF0C2EF4DF0CBEF4DF00601F5050B
:109B8800D8A4C9EF4DF0CBEF4DF0E6EF4DF0A8C6E5
:109B9800A6F5A9C6A7F5AAC6A8F5ABC6A9F5000EED
:109BA8000501AA6F000EAB6F000EAC6F400EAD6FD3
:109BB800DAEC35F0A6C5A8F6A7C5A9F6A8C5AAF691
:109BC800A9C5ABF603EC3CF0A3EC37F01200060194
:109BD8001A351B350501FA6FFA51D8A4F6EF4DF086
:109BE800F8EF4DF003EF4EF0000E0601186F000E6F
:109BF800196F000E1A6F000E1B6F77EF4EF018C624
:109C0800F5F519C6F6F51AC6F7F51BC6F8F5200ED0
:109C180013EF4EF0D890F833F733F633F533E82ED8
:109C28000EEF4EF0F551F96F06011A8FFF0E181757
:109C3800FF0E1917FF0E1A17000E1B17960E0501B7
:109C4800FA5FFABF2CEF4EF02AEF4EF044EF4EF0D9
:109C5800FA51800A970FD8B034EF4EF036EF4EF035
:109C680038EF4EF0F8EF4DF00601D8901B331A3359
:109C7800193318330501FA3F38EF4EF05EEF4EF016
:109C88001F0EFA654AEF4EF04CEF4EF056EF4EF0CD
:109C9800F8EF4DF00601D890183719371A371B37E7
:109CA8000501FA07FA51D8A45CEF4EF05EEF4EF0CA
:109CB8004EEF4EF0F951D8B464EF4EF066EF4EF027
:109CC8006FEF4EF006011B1F1A1F191F186D000EAB
:109CD80019231A231B2318C618F619C619F61AC60B
:109CE8001AF61BC61BF6120034C767F535C768F5A8
:109CF80036C769F537C76AF55BEC5CF067C523F6CC
:109D080068C524F669C525F66AC526F6110EF0EC75
:109D18002DF01CC627F61DC628F6060127052811B2
:109D2800D8A499EF4EF09BEF4EF0C7EF4EF0E851F4
:109D3800D8A4A1EF4EF0A3EF4EF0B2EF4EF04FECE7
:109D480068F063C534F764C535F765C536F766C589
:109D580037F7010E0601E86F03EF4FF02651251182
:109D68000BE1E90E235D030E2459D8A0BEEF4EF097
:109D7800C0EF4EF003EF4FF0000ED56F010ED46F19
:109D8800E86B03EF4FF0020E27192811D8A4CFEF84
:109D98004EF0D1EF4EF0FCEF4EF0E751D8A4D7EFDC
:109DA8004EF0D9EF4EF0E8EF4EF04FEC68F063C597
:109DB80034F764C535F765C536F766C537F7010E5C
:109DC8000601E76F03EF4FF026512511241109E131
:109DD800C90E235DD8A0F3EF4EF0F5EF4EF003EF78
:109DE8004FF0000ED56F020ED46FE76B03EF4FF004
:109DF800000ED56F000ED46FE86BF9EF4EF012002D
:109E0800E20E0601676F3D0E686F2C0E9DEC41F067
:109E18006BC569F66CC56AF64FEC66F06D0E060107
:109E2800676F3D0E686F160E68EC3EF0D8C569F690
:109E3800D9C56AF6DAC56BF6DBC56CF66CC76DF684
:109E48006DC76EF66EC76FF66FC770F668C771F6A6
:109E580069C772F66AC773F66BC774F6D2C675F629
:109E6800D3C676F64FEC66F0910E0601676F3D0E8D
:109E7800686F040E68EC3EF0D8C569F6D9C56AF675
:109E8800DAC56BF6DBC56CF660C76DF661C76EF6B2
:109E980062C76FF663C770F65CC771F65DC772F686
:109EA8005EC773F65FC774F6D0C675F6D1C676F688
:109EB8004FEC66F0B50E0601676F3D0E686FA8C6D9
:109EC80069F6A9C66AF6AAC66BF6ABC66CF6FFC5F4
:109ED8006DF66E6BFEC56FF6706B4FEC66F0EE0EAE
:109EE8000601676F3D0E686FF4C669F66A6B4FEC42
:109EF80066F0D40E0601676F3D0E686F30C769F6CD
:109F080031C76AF632C76BF633C76CF64FEC66F0AA
:109F180012000501786B76BF96EF4FF094EF4FF083
:109F2800A0EF4FF0761F751F741F736D000E74231A
:109F380075237623010E786F72BFA7EF4FF0A5EF58
:109F48004FF0B1EF4FF0721F711F701F6F6D000E51
:109F5800702371237223010E781B000E796F000E97
:109F68007A6F000E7B6F000E7C6F73517411751140
:109F78007611D8B4C2EF4FF0C4EF4FF0FAEF4FF0BC
:109F8800010E776FCEEF4FF0D8907337743775376F
:109F98007637772B76AFD3EF4FF0D5EF4FF0C8EF8A
:109FA8004FF0D89079377A377B377C3773516F5DAC
:109FB800745170597551715976517259D8A0E7EF9B
:109FC8004FF0E9EF4FF0F2EF4FF073516F5F7451BC
:109FD800705B7551715B7651725B7981D89076337D
:109FE800753374337333772FD5EF4FF07851D8B476
:109FF80000EF50F002EF50F00AEF50F07C1F7B1F8B
:10A008007A1F796D000E7A237B237C2379C56FF53F
:10A018007AC570F57BC571F57CC572F5120010C75D
:10A028006DF511C76EF512C76FF513C770F563C5E7
:10A038006DF564C56EF565C56FF566C570F56DC5DA
:10A0480067F56EC568F56FC569F570C56AF5180ED0
:10A0580034EF50F00501D8906A33693368336733B9
:10A06800E82E2EEF50F067516B6F6C6B6B516C11D3
:10A07800D8A441EF50F043EF50F063EF50F0D89080
:10A088006D35676F6E35686F6F35696F70356A6FDC
:10A098006751681169116A11D8A455EF50F057EF4C
:10A0A80050F05DEF50F0000E646F020E636F92EF98
:10A0B80050F0000E646F030E636F92EF50F06B293F
:10A0C8006C11D8A46AEF50F06CEF50F08EEF50F09E
:10A0D8006DC567F56EC568F56FC569F570C56AF534
:10A0E800090ED8906737683769376A37E82E75EFF1
:10A0F80050F06751681169116A11D8B486EF50F0B1
:10A1080089EF50F0010E8AEF50F0000E636F646B18
:10A1180092EF50F0000E646F040E636F12002DEC86
:10A1280069F0010E5E6E000E0601A86F000EA96FA1
:10A13800000EAA6F000EAB6F0501FD6B010E87ECD8
:10A1480062F0020E87EC62F0000E0601D36F000E7B
:10A15800D26F000ED16F000ED06F000E0701686F2E
:10A16800000E696F000E6A6F000E6B6F000E5C6F59
:10A17800000E5D6F000E5E6F000E5F6F000EDB6FEE
:10A18800000EDA6F000ED26F000ED36F000ED46F80
:10A19800000ED56F000ED66F000ED76F000ED86F69
:10A1A800000ED96F000E08019C6F000E9B6F000E09
:10A1B800936F000E946F000E956F000E966F000E51
:10A1C800976F000E986F000E996F000E9A6F000E31
:10A1D8000601CF6F000ECE6F000ECD6F000ECC6F54
:10A1E800050E6DEC56F0010E9FEC66F0020E9FEC2A
:10A1F80066F0090E0501676F1E0E666FE40EE82E05
:10A20800FED7662FFCD7672FFAD70000010E8BEC1C
:10A2180066F0020E8BEC66F0120079EC52F0090E33
:10A2280006017C6F1E0E7B6FE40EE82EFED77B2F97
:10A23800FCD77C2FFAD700006DEC47F0E806D8A4CD
:10A2480028EF51F02AEF51F08CEF51F0010E060182
:10A25800F66F79C6D9F47AC6DAF4550EDF6E79C688
:10A2680063F57AC664F50F0E0501656FE6EC5CF0E0
:10A2780063C57DF664C57EF6060120EE10F07951BF
:10A28800D9267A51DA227DC6DFF420EE0FF0795113
:10A29800D9267A51DA227E51DF6E7F6BF90E676F0D
:10A2A8003D0E686F7F517925D96E000E7A21DA6EDE
:10A2B800DF507B6F7B51696F6A6B4FEC66F0100E55
:10A2C80006017F616AEF51F06CEF51F072EF51F0C7
:10A2D800D20E676F3D0E686F4FEC66F006017F2B5C
:10A2E800100E7F657AEF51F07CEF51F052EF51F08C
:10A2F80079C663F57AC664F5000E0501666F000E2F
:10A30800656F000E686F110E676FF6EC63F0FF0063
:10A3180012008A0EF66ED00EF76E000EF86E02EE80
:10A32800DCF110EE13F00900F5C4EEF4E550E1504D
:10A33800FAE1480EF66EC90EF76E000EF86E02EEE0
:10A34800C5F010EE38F00900F5C4EEF4E550E15020
:10A35800FAE1D20EF66ED00EF76E000EF86E01EE30
:10A36800F0F310EE0EF00900F5C4EEF4E550E150FC
:10A37800FAE1320EF66ED20EF76E000EF86E01EEAE
:10A388005CF110EE04F00900F5C4EEF4E550E1507C
:10A39800FAE102EE00F3640EEE6AE806FDE102EE71
:10A3A80000F2B00EEE6AE806FDE102EE00F1DC0E06
:10A3B800EE6AE806FDE102EE00F0C50EEE6AE80678
:10A3C800FDE101EE00F3E10EEE6AE806FDE101EEC3
:10A3D800A8F2500EEE6AE806FDE10501FF6BFE6B80
:10A3E800FD6B01EE30F12C0EEE6AE806FDE104018A
:10A3F800080E5D6F300E5E6F000E5F6F000161EF3B
:10A4080065F0C80E0501BA6F000EBB6F000EBC6F79
:10A41800000EBD6F6C51726F6BC573F5BE6B2BEF81
:10A4280052F0BE516D25D96E000E6E21DA6EBE5106
:10A43800706F716B020E7027000E7123720E7025FB
:10A44800E16E050E7121E26EDFC4E7F4BE2B6F5199
:10A45800BE5DD8A032EF52F034EF52F015EF52F053
:10A4680052EF52F00501BA51BB11BC11BD11D8A46D
:10A4780040EF52F042EF52F044EF52F078EF52F0D2
:10A48800BA07000EBB5BBC5BBD5B150E0501706FA8
:10A49800C60EE82EFED7702FFCD70000000E05016F
:10A4A800656F530E646F720E666F050E676F020E4E
:10A4B8006F25686F696B000E692390EC5FF00009E7
:10A4C800D8B469EF52F06BEF52F036EF52F0090E44
:10A4D8000501716F1E0E706FE40EE82EFED7702F07
:10A4E800FCD7712FFAD70000120021EEF0F311EE1D
:10A4F8006FF1050EDBC4E3F4E806FCE26F0E05011C
:10A50800636F050E646F060E656F3EEC60F063C501
:10A5180077F564C578F505017851756F77C576F5D7
:10A52800F80E6B6F030E6C6F000E6D6F6FC56EF5D6
:10A538005DEC5DF0F90E05016B6F030E6C6F000E9C
:10A548006D6F70C56EF55DEC5DF0FA0E05016B6F11
:10A55800030E6C6F000E6D6F71C56EF55DEC5DF0EE
:10A56800FB0E05016B6F030E6C6F000E6D6F72C5ED
:10A578006EF55DEC5DF0FC0E05016B6F030E6C6F04
:10A58800000E6D6F73C56EF55DEC5DF0FD0E050197
:10A598006B6F030E6C6F000E6D6F74C56EF55DEC1E
:10A5A8005DF0FE0E05016B6F030E6C6F000E6D6F94
:10A5B80075C56EF55DEC5DF0FF0E05016B6F030E62
:10A5C8006C6F000E6D6F76C56EF55DEC5DF0120078
:10A5D800B50E0501636F070E646F010E656FEC0E13
:10A5E800666F510E676FB80E686F3D0E696F6F0E1C
:10A5F8006A6F120E6B6F030E6C6F3B0E6D6F7B0EE6
:10A608006E6F140E6F6F2E0E706F3E0E716F000E10
:10A61800726F000E736F480E746F450E756F000EE3
:10A62800766F000E776F000E786F000E796F000E50
:10A638007B6F000E7A6F3CEC4CF0760E0501636F71
:10A64800080E646F020E656F9A0E666F990E676F3B
:10A65800990E686F3E0E696F0A0E6A6FD70E6B6FA0
:10A66800A30E6C6F3B0E6D6F6F0E6E6F120E6F6FD9
:10A67800830E706F3A0E716F000E726F000E736F5B
:10A68800480E746F450E756F000E766F000E776F6B
:10A69800000E786F000E796F000E7B6F000E7A6FD8
:10A6A8003CEC4CF01200000E05016B6F000E6A6F57
:10A6B80063C5D9F464C5DAF4DEC4F6F4DDC4F7F48E
:10A6C800000EF86E0800F5502A0AD8A46EEF53F071
:10A6D80070EF53F0A3EF53F063C5D9F464C5DAF40F
:10A6E800DE2A000EDD2265C5D9F466C5DAF4DFC4BA
:10A6F80067F5020EDE26DFC468F5000EDD2267C5A9
:10A70800D9F468C5DAF4DEC46AF5DDC46BF5B9EFCF
:10A7180053F00A0E6A03F3C467F5F4C468F56B03D3
:10A72800F3506827695167256A6F000E68216B6FBF
:10A7380063C5D9F464C5DAF4DE2A000EDD2263C5E8
:10A74800D9F464C5DAF4DEC4F6F4DDC4F7F4000E17
:10A75800F86E0800F550D00F696F090E6965B7EFFC
:10A7680053F0B9EF53F08DEF53F06AC563F56BC53D
:10A7780064F51200050169516A11D8B4C6EF53F0A7
:10A78800C8EF53F0D1EF53F069516A11D8A4CFEF55
:10A7980053F0D1EF53F0D6EF53F067515CEC61F012
:10A7A80023EF54F020EE09F06951D9266A51DA22D4
:10A7B800DE50DE10D8B4E3EF53F0E5EF53F000EFCE
:10A7C80054F020EE09F06951D9266A51DA2210EEC8
:10A7D80002F06951E1266A51E222DE50E65CE65059
:10A7E800800A6F6FDE50800A6F59D8B0FEEF53F0C1
:10A7F80000EF54F023EF54F020EE02F06951D9260F
:10A808006A51DA22DEC46BF5DDC46CF569C5D9F48A
:10A818006AC5DAF4DEC46DF5DDC46EF56B516D25DD
:10A82800D96E6C516E21DA6E67C5DFF420EE02F046
:10A838006951D9266A51DA22DE2A000EDD22120079
:10A8480024C767F525C768F526C769F527C76AF5D8
:10A858005BEC5CF067C579F568C57AF569C57BF589
:10A868006AC57CF571EF54F07C517B117A1109E1CE
:10A87800650E795DD8A043EF54F045EF54F087EFAB
:10A8880054F01FEC69F0010E526E4FEC68F063C58E
:10A8980024F764C525F765C526F766C527F787EF4A
:10A8A80054F07C517B117A1109E1650E795DD8A0CD
:10A8B80060EF54F062EF54F087EF54F021EC69F048
:10A8C800526A4FEC68F063C524F764C525F765C57F
:10A8D80026F766C527F787EF54F052500501776FC2
:10A8E800786B7851000AD8B47CEF54F087EF54F0B5
:10A8F8007751000AD8B438EF54F0010AD8B455EFAC
:10A9080054F087EF54F012005F04D8B48EEF54F07F
:10A9180090EF54F093EF54F0010EEAEF54F0060173
:10A92800F605D8A49AEF54F09CEF54F09EEF54F03B
:10A9380090EF54F0020EF519D8A4A5EF54F0A7EF44
:10A9480054F0A9EF54F090EF54F00501FF51D8A44A
:10A95800B0EF54F0B2EF54F0BCEF54F0FE51D8A46D
:10A96800B8EF54F0BAEF54F0BCEF54F090EF54F055
:10A978000601D651D711D8B4C4EF54F0C6EF54F03D
:10A98800D1EF54F0D451D511D8B4CDEF54F0CFEF66
:10A9980054F0D1EF54F090EF54F0D651D711D8B409
:10A9A800D8EF54F0DAEF54F0DDEF54F0020EEAEF8E
:10A9B80054F0D451D511D8B4E4EF54F0E6EF54F084
:10A9C800E9EF54F0030EEAEF54F0000E120005010F
:10A9D800686B66BFF4EF54F0F2EF54F0FAEF54F0FE
:10A9E800656D661FD8B0662B010E686F64BF01EFF6
:10A9F80055F0FFEF54F007EF55F0636D641FD8B0C2
:10AA0800642B010E681B000E6A6F000E696F65519A
:10AA18006611D8B412EF55F014EF55F03CEF55F02D
:10AA2800010E676F1CEF55F0D89065376637672BB6
:10AA380066AF21EF55F023EF55F018EF55F0D89099
:10AA480069376A376551635D66516459D8A02FEF3D
:10AA580055F031EF55F036EF55F06551635F6651AB
:10AA6800645B6981D89066336533672F23EF55F0AF
:10AA78006851D8B442EF55F044EF55F048EF55F01F
:10AA8800696D6A1FD8B06A2B69C563F56AC564F534
:10AA98001200BE6AB00EBF6EC06AC16AC26A400EBA
:10AAA800C36E0401026B300E0A6F126B1A6B226BB5
:10AAB8002A6BDF0EC66E8F0EC76E6F0EC86ED00E75
:10AAC800C96E0F0ECA6E9E0ECB6EDF0E006F0F0E94
:10AAD800086F4F0E106FD10E186F070E206F9E0E65
:10AAE800286F016B800E096F116B196B216B296B35
:10AAF80003690B6913691B69070E236F2B690469C6
:10AB08000C6914691C690F0E246F2C690201896B8A
:10AB1800886B876B866B150E726F1C0E196F1A0E79
:10AB28001B6F200E156F0C0E716F370E0D6F0D0E0B
:10AB3800706F380E0E6F0401056B066B076B0D6B9B
:10AB48000E6B0F6B156B166B176B256B266B276BD4
:02AB58001200E9
:10AB5C00D8C42CF5F1EC67F00009D8B4B8EF55F077
:10AB6C00BAEF55F0C2EF55F0030E3C6E0201979B05
:10AB7C00D7EC63F00AEF56F0FCEC67F00009D8B4A0
:10AB8C00CAEF55F0CCEF55F0DEEF55F0D0EC67F096
:10AB9C000009D8B4D4EF55F0D6EF55F0DEEF55F0F0
:10ABAC00010E3C6E02019799ECEC66F00AEF56F040
:10ABBC00DBEC67F00009D8B4E6EF55F0E8EF55F0A0
:10ABCC00F8EF55F0D0EC67F00009D8B4F0EF55F081
:10ABDC00F2EF55F0F8EF55F0020E3C6E020197992A
:10ABEC00DAEF55F0E6EC67F00009D8B400EF56F058
:10ABFC0002EF56F008EF56F0030E3C6E0201979DE3
:10AC0C000AEF56F0020197993C502CC5D8F411006C
:10AC1C0054C767F555C768F556C769F557C76AF540
:10AC2C005BEC5CF067C577F568C578F569C579F5B7
:10AC3C006AC57AF55DEF56F0010E63EC66F0020E14
:10AC4C0063EC66F04FEC68F063C554F764C555F7D8
:10AC5C0065C556F766C557F7010E596E6CEF56F081
:10AC6C0005017A517911781109E1C90E775DD8A0E7
:10AC7C0042EF56F044EF56F06CEF56F0010E77ECC5
:10AC8C0066F0020E77EC66F04FEC68F063C554F793
:10AC9C0064C555F765C556F766C557F7020E596E6C
:10ACAC006CEF56F0030E0501FD6F6CEF56F059502A
:10ACBC00000AD8B422EF56F0010AD8B436EF56F099
:10ACCC00030AD8B458EF56F06CEF56F01200050199
:10ACDC00656F05016505D8A476EF56F078EF56F050
:10ACEC0082EF56F0000E646F000E636FC9EC68F0D3
:10ACFC0029EC69F0C7EF56F0020E6519D8A489EF5C
:10AD0C0056F08BEF56F095EF56F0000E646F000E78
:10AD1C00636FC3EC68F027EC69F0C7EF56F0020ED6
:10AD2C006519D8A49CEF56F09EEF56F0A0EF56F0A4
:10AD3C00C7EF56F0020E6519D8A4A7EF56F0A9EF8D
:10AD4C0056F0ABEF56F0C7EF56F0050E6519D8A4C8
:10AD5C00B2EF56F0B4EF56F0C7EF56F0000E646F3A
:10AD6C00000E636FC9EC68F029EC69F0000E050168
:10AD7C00646F000E636FC3EC68F027EC69F0C7EFEB
:10AD8C0056F01200050120EE40F06351D9266451B3
:10AD9C00DA22DF50656F0F0E651720EE40F063511D
:10ADAC00D9266451DA22DF50666F66390F0B0A0D13
:10ADBC00F3506525696F20EE41F06351D92664513B
:10ADCC00DA22DF50656F0F0E651720EE41F06351EC
:10ADDC00D9266451DA22DF50666F66390F0B0A0DE3
:10ADEC00F35065256A6F6951640DF3C465F5F4C4BD
:10ADFC0066F56A5165250701F66F0501000E66219F
:10AE0C000701F76FE80E0501656F030E666F65515C
:10AE1C000701F603F3C467F5F4C468F5F703F350C0
:10AE2C000501682766510701F6030501F3506827F1
:0AAE3C0067C5F6F768C5F7F71200C6
:10AE4800FAC401F5FBC402F5B39E77A02EEF57F0C4
:10AE580030EF57F052EF57F076A035EF57F037EF55
:10AE680057F052EF57F076900601BB51BC11BD1157
:10AE7800D8B441EF57F043EF57F079EF57F002D8C5
:10AE880050EF57F00500FA6EBB51FD6EBC51FE6ED7
:10AE9800BD51FF6EFA50120079EF57F077A257EFC5
:10AEA80057F059EF57F079EF57F076A25EEF57F069
:10AEB80060EF57F079EF57F076920601B851B91163
:10AEC800BA11D8B46AEF57F06CEF57F079EF57F032
:10AED80002D879EF57F00500FA6EB851FD6EB951F6
:10AEE800FE6EBA51FF6EFA50120002C5FBF401C59E
:10AEF800FAF41100FAC405F5FBC406F5B59E86A060
:10AF080088EF57F08AEF57F0ACEF57F085A08FEF36
:10AF180057F091EF57F0ACEF57F085900601B2511A
:10AF2800B311B411D8B49BEF57F09DEF57F0D3EF9E
:10AF380057F002D8AAEF57F00500FA6EB251FD6E2D
:10AF4800B351FE6EB451FF6EFA501200D3EF57F0B2
:10AF580086A2B1EF57F0B3EF57F0D3EF57F085A2C1
:10AF6800B8EF57F0BAEF57F0D3EF57F085920601D4
:10AF7800AF51B011B111D8B4C4EF57F0C6EF57F0C4
:10AF8800D3EF57F002D8D3EF57F00500FA6EAF5160
:10AF9800FD6EB051FE6EB151FF6EFA50120006C53B
:10AFA800FBF405C5FAF411004CC767F54DC768F501
:10AFB8004EC769F54FC76AF55BEC5CF067C577F576
:10AFC80068C578F569C579F56AC57AF521EF58F04D
:10AFD800020E63EC66F04FEC68F063C54CF764C58D
:10AFE8004DF765C54EF766C54FF7010E576E30EF42
:10AFF80058F005017A517911781109E1650E775DEC
:10B00800D8A009EF58F00BEF58F030EF58F0020EC7
:10B0180077EC66F04FEC68F063C54CF764C54DF704
:10B0280065C54EF766C54FF7020E576E30EF58F0FC
:10B03800020E0501FD6F30EF58F05750000AD8B4E2
:10B04800ECEF57F0010AD8B4FDEF57F0030AD8B473
:10B058001CEF58F030EF58F0120050C767F551C791
:10B0680068F552C769F553C76AF55BEC5CF067C5CC
:10B0780077F568C578F569C579F56AC57AF57AEF1F
:10B0880058F0010E63EC66F04FEC68F063C550F7BA
:10B0980064C551F765C552F766C553F7010E586E7A
:10B0A80089EF58F005017A517911781109E1C90E33
:10B0B800775DD8A062EF58F064EF58F089EF58F048
:10B0C800010E77EC66F04FEC68F063C550F764C585
:10B0D80051F765C552F766C553F7020E586E89EFEA
:10B0E80058F0010E0501FD6F89EF58F05850000A1D
:10B0F800D8B445EF58F0010AD8B456EF58F0030A0F
:10B10800D8B475EF58F089EF58F01200000E070117
:10B11800686F000E696F000E6A6F000E6B6F050195
:10B12800FF6B000E0601A86F000EA96F000EAA6F34
:10B13800000EAB6F010E87EC62F0000E0601D36FB4
:10B14800000ED26F000E0701DB6F000EDA6F000EE3
:10B15800D26F000ED36F000ED46F000ED56F000EA5
:10B16800D66F000ED76F000ED86F000ED96F000E85
:10B178000601CF6F000ECE6F010E6DEC56F0090E72
:10B188000501676F1E0E666FE40EE82EFED7662F68
:10B19800FCD7672FFAD70000010E9FEC66F0290E46
:10B1A8000501676F960E666F7F0EE82EFED7662F35
:10B1B800FCD7672FFAD7010E8BEC66F01200050159
:10B1C800686B64BFECEF58F0EAEF58F0F2EF58F014
:10B1D800636D641FD8B0642B010E686F66BFF9EF0A
:10B1E80058F0F7EF58F0FDEF58F0656D661FD8B0CE
:10B1F800662B65516611D8B404EF59F006EF59F083
:10B208002AEF59F0010E676F0EEF59F0D8906537A5
:10B218006637672B66AF13EF59F015EF59F00AEF51
:10B2280059F06551635D66516459D8A01EEF59F015
:10B2380020EF59F024EF59F06551635F6651645B64
:10B24800D89066336533672F15EF59F06851D8B435
:10B2580030EF59F032EF59F036EF59F0636D641F53
:10B26800D8B0642B63C563F564C564F51200000E9D
:10B27800050163156B6F000E64156C6F800E651504
:10B288006D6F7F0E66156E6F6B516C116D116E11BF
:10B29800D8A451EF59F053EF59F05BEF59F0000E75
:10B2A800636F000E646F000E656F000E666F000E10
:10B2B80067156B6F000E68156C6F800E69156D6FE2
:10B2C8007F0E6A156E6F6B516C116D116E11D8A4DB
:10B2D80070EF59F072EF59F07AEF59F0000E676F7E
:10B2E800000E686F000E696F000E6A6F6751631970
:10B2F8000FE1685164190CE16951651909E16A5156
:10B308006619D8B48AEF59F08CEF59F08FEF59F0DD
:10B31800D89090EF59F0D8801200116A1150080D9A
:10B32800C60EF324D96E080EF420DA6EDE50DE1055
:10B33800D8B4A1EF59F0A3EF59F0DDEF59F011504F
:10B34800080DC60EF324D96E080EF420DA6EDE0658
:10B35800000EDD5A1150080DC60EF324D96E080EE2
:10B36800F420DA6EDE50DE10D8A4BDEF59F0BFEF3E
:10B3780059F0DDEF59F01150080DC50EF324D96EC0
:10B38800080EF420DA6E010EDF6E1150080DC80E9B
:10B39800F324D96E080EF420DA6E1150080DC60E8B
:10B3A800F324E16E080EF420E26EDEC4E6F4DDC498
:10B3B800E5F4112A060E1164E4EF59F0E6EF59F0AE
:10B3C80092EF59F012000601DCA1EDEF59F0EFEF12
:10B3D80059F0F9EF59F079C570F57AC571F577C567
:10B3E80072F578C573F51BEC62F005017CBF01EFBF
:10B3F8005AF0FFEF59F005EF5AF0000E7C6F000E7F
:10B408007B6F000E7F6F000E7E6F18EF5AF0000EF4
:10B41800686F200E676F77C569F578C56AF5BEEC69
:10B4280053F005017E4B7F2B7B517E5D7F51800A57
:10B438007D6F7C51800A7D59D8A025EF5AF027EFFF
:10B448005AF00BEF5AF00601DCB12DEF5AF02FEF4E
:10B458005AF039EF5AF079C570F57AC571F577C5A4
:10B4680072F578C573F51BEC62F01200A290F40E29
:10B478000701736F8B0E746F000E756FA292240E06
:10B48800796FCA0E7A6F000E7B6F0201A26BA46BF4
:10B49800A56BA66BA76BA86BA96BAA6BB00EAB6F5D
:10B4A800800EAC6F080EAD6F820EAE6F060EAF6FDA
:10B4B8002E0EB06FB16B800EB26FB36B8A0E0501A2
:10B4C800636FD20E646F000E656F36EC67F0880EFE
:10B4D8000501636FD20E646F000E656F24EC67F090
:10B4E800860E0501636FD20E646F000E656F12EC55
:10B4F80067F0000E0701986F000E976F4E6A4D6A4D
:10B50800200E4C6E4B6A4A6A496AA2801200000EED
:10B5180007015C6F000E5D6F000E5E6F000E5F6FBF
:10B528000501FE6B000E0601D16F000ED06F020EF2
:10B5380087EC62F0000E08019C6F000E9B6F000EF6
:10B54800936F000E946F000E956F000E966F000EAD
:10B55800976F000E986F000E996F000E9A6F000E8D
:10B568000601CD6F000ECC6F020E6DEC56F0090E81
:10B578000501676F1E0E666FE40EE82EFED7662F74
:10B58800FCD7672FFAD70000020E9FEC66F0290E51
:10B598000501676F960E666F7F0EE82EFED7662F41
:10B5A800FCD7672FFAD7020E8BEC66F012007DC528
:10B5B80085F57EC586F57FC587F580C588F5ECEFEE
:10B5C8005AF08107D8A08207854B862B874B882B9A
:10B5D800050181518211D8B4F4EF5AF0F6EF5AF010
:10B5E80007EF5BF087C5D9F488C5DAF485C5E1F4BF
:10B5F80086C5E2F4DE50E618D8B405EF5BF007EF35
:10B608005BF0E5EF5AF081518211D8A40EEF5BF0A0
:10B6180010EF5BF016EF5BF0000E7E6F000E7D6F93
:10B6280028EF5BF085C5D9F486C5DAF4DF50836F5F
:10B6380087C5D9F488C5DAF4DF50846F8451835DF7
:10B648007D6F7E6BD8A07E071200050163516411DF
:10B65800D8A431EF5BF033EF5BF035EF5BF075EFBB
:10B668005BF063C5D9F464C5DAF4000EDE6E000E33
:10B67800DE6E000EDE6E000EDD6E20EE04F063510D
:10B68800D9266451DA22000EDE6E000EDE6E000E40
:10B69800DE6E000EDD6E20EE08F06351D92664518F
:10B6A800DA22000EDE6E000EDE6E000EDE6E000E7A
:10B6B800DD6E20EE0CF06351D9266451DA22DE6A81
:10B6C800DE6ADE6ADD6A20EE10F06351D926645125
:10B6D800DA22E80EDE6E030EDE6E000EDE6E000E5F
:10B6E800DD6E1200050163516411D8A47EEF5BF092
:10B6F80080EF5BF082EF5BF0C2EF5BF063C5D9F4DB
:10B7080064C5DAF465C5DEF466C5DEF467C5DEF443
:10B7180068C5DEF420EE04F06351D9266451DA22BC
:10B7280065C5DEF466C5DEF467C5DEF468C5DEF41B
:10B7380020EE08F06351D9266451DA2265C5DEF49B
:10B7480066C5DEF467C5DEF468C5DEF420EE0CF0ED
:10B758006351D9266451DA22DE6ADE6ADE6ADD6A5E
:10B7680020EE10F06351D9266451DA2269C5DEF45F
:0EB778006AC5DEF46BC5DEF46CC5DEF41200AB
:10B78800D8C42AF502019BA5CCEF5BF0CEEF5BF0A5
:10B79800D9EF5BF09AA5D3EF5BF0D5EF5BF0D9EF6B
:10B7A8005BF0FFEC66F00EEF5CF09BAFDEEF5BF05A
:10B7B800E0EF5BF0FAEF5BF09AAFE5EF5BF0E7EFF5
:10B7C8005BF0FAEF5BF03B50D8B4EDEF5BF0EFEFD6
:10B7D8005BF0F6EF5BF03B6A9A919A9FD9EC66F0C2
:10B7E8000EEF5CF0ECEC66F0D5EF5BF09BA3FFEF9F
:10B7F8005BF001EF5CF00EEF5CF09AA306EF5CF0F3
:10B8080008EF5CF00EEF5CF00AEC69F002019A9325
:10B818000EEF5CF02AC5D8F41100D68A000ED6BE09
:10B82800010E0501666FD69E550E0401596FAA0ECA
:10B83800596F59915F6B300E5E6F080E5D6F550E34
:10B84800596FAA0E596F5981050166B102D0D69E6B
:10B8580001D0D68E030165876589658F6681668309
:10B8680069916993699569976D97AF90D6807A0EBB
:10B878000501636FD20E646F000E656FA8EC68F067
:10B88800B490D6827C0E0501636FD20E646F000EF1
:10B89800656FA1EC68F0B890D6847E0E0501636FE1
:10B8A800D20E646F000E656F9AEC68F012004FECD0
:10B8B80068F063C573F564C574F565C575F566C547
:10B8C80076F505016751735D685174596951755969
:10B8D8006A517659D8A073EF5CF075EF5CF083EF8E
:10B8E8005CF06751735D676F68517459686F69518F
:10B8F8007559696F6A5176596A6FA3EF5CF0671DD5
:10B908006B6F681D6C6F691D6D6F6A1D6E6F73516B
:10B918006B256F6F74516C21706F75516D21716F4C
:10B9280076516E21726F010E6F25676F000E7021C0
:10B93800686F000E7121696F000E72216A6F120024
:10B948000501776F050177390F0B736F77510F0B6F
:10B95800746F63390F0B756F63510F0B766F7551E9
:10B968000A0DF3C465F5F4C466F57451640DF3C4A7
:10B9780067F5F4C468F57351696F6A6BE80E69037B
:10B98800F3C46BF5F4C46CF56A03F3506C27030E2B
:10B998006903F3506C2767516B256D6F68516C21F3
:10B9A8006E6F65516D256F6F66516E21706F7651A0
:10B9B8006F25716F000E7021726F71C563F572C5C6
:10B9C80064F51200050169696A690DEF5DF063C5E8
:10B9D800D9F464C5DAF4DF506919686F634B642BD6
:10B9E800070E6825F66EF76A320EF722F86A000E1F
:10B9F800F8220800F5506A19696F070E6825F66E77
:10BA0800F76A310EF722F86A000EF8220800F5C42A
:10BA18006AF565076529D8A414EF5DF016EF5DF0A7
:10BA2800EBEF5CF06A5169C566F5676B66C567F54B
:10BA3800666B6611636F6751646F12000601A56B30
:10BA4800A551080DC50EF324D96E080EF420DA6E40
:10BA5800DF50D8B432EF5DF034EF5DF052EF5DF0B7
:10BA6800A551080DC50EF324D96E080EF420DA6E20
:10BA7800DF6AA551080DCA0EF324D96E080EF4200A
:10BA8800DA6E02D852EF5DF00500FA6EDE50FD6EF8
:10BA9800DE50FE6EDE50FF6EFA5012000601A52B36
:10BAA800060EA5655AEF5DF05CEF5DF024EF5DF0E2
:10BAB800120005016D5109E1040E6C5DD8A067EF15
:10BAC8005DF069EF5DF06BEF5DF097EF5DF0AA0E4A
:10BAD800646F550E636FBDEC68F0000E05016B25B1
:10BAE800636F000E6C21646F380E6D21656F6EC533
:10BAF80066F536EC5FF0BAEC67F00009D8A487EF7A
:10BB08005DF089EF5DF07FEF5DF088EC67F0E806A7
:10BB1800D8A491EF5DF093EF5DF095EF5DF0FEEC4A
:10BB280068F0F8EC68F012000501696FB0EF5DF09D
:10BB380065C563F566C564F5C9EC68F029EC69F07C
:10BB4800CEEF5DF065C563F566C564F5C3EC68F0D6
:10BB580027EC69F0CEEF5DF005016951676F686BFE
:10BB68006851000AD8B4BBEF5DF0CEEF5DF06751C5
:10BB7800010AD8B49CEF5DF0030AD8B4A6EF5DF0D3
:10BB8800010AD8B4CEEF5DF0070AD8B4CEEF5DF065
:10BB9800CEEF5DF01200000E05016B6F000E6C6FAA
:10BBA800000E6D6F000E6E6F63A1DDEF5DF0DFEFCD
:10BBB8005DF0E7EF5DF067516B2768516C236951C1
:10BBC8006D236A516E23D8906737683769376A37AB
:10BBD800D8906633653364336333635164116511F8
:10BBE8006611D8A4FAEF5DF0FCEF5DF0D8EF5DF0D8
:10BBF8006BC563F56CC564F56DC565F56EC566F511
:10BC080012007E6A020E7F6E806A7F0E816E0C0EB5
:10BC1800826E836A846A856A866A886A896A8A6A99
:10BC28008B6A8C6AB59CB59E85908592A59EA59CCD
:10BC3800720E0501636FD20E646F000E656F77ECAC
:10BC480068F0700E0501636FD20E646F000E656FA9
:10BC580070EC68F0740E0501636FD20E646F000E0D
:10BC6800656F7EEC68F0800E876E12006F6A020EB8
:10BC7800706E716A7F0E726E0C0E736E746A756ADE
:10BC8800766A776A796A7A6A7B6A7C6A7D6AB39C23
:10BC9800B39E76907692A39EA39C6C0E0501636F6B
:10BCA800D20E646F000E656F8CEC68F06A0E0501A9
:10BCB800636FD20E646F000E656F85EC68F06E0ED0
:10BCC8000501636FD20E646F000E656F93EC68F028
:10BCD800800E786E12000301F39FD96BDA6BDB6B71
:10BCE800DC6BDF6BE06BE56BE76BEC6BEE6BEF6BC4
:10BCF800D86BF06BF16BF26BF46B180EF56F100EDE
:10BD0800F66FF76B030EF86F1F0EFA6F020EF96FDE
:10BD1800000E0701946F000E956F000E966F000ECF
:10BD2800916F000E926F000E936F0601DD6BAF945A
:10BD38009F94B090A090840E0301F36F1200070146
:10BD4800A34BA42BC80EA319A411D8A4AEEF5EF080
:10BD5800B0EF5EF0B4EF5EF0000EA46F000EA36FBC
:10BD6800010E3D26000E3E223F2240220601BE5112
:10BD7800BF11C011D8A4C3EF5EF0C5EF5EF0C7EFE6
:10BD88005EF0D4EF5EF002D8D4EF5EF00500FA6EF4
:10BD9800BE51FD6EBF51FE6EC051FF6EFA501200CB
:10BDA800120058EC68F01BC520F71CC521F71DC50B
:10BDB80022F71EC523F7280E0601DE61E6EF5EF0C6
:10BDC800E8EF5EF0F7EF5EF047EC65F0236EB40E37
:10BDD8000601DE25D96EDA6A090EDA2223C5DFF4F8
:10BDE800DE2B06EF5FF0DE6BB40E1B6E090E1C6EC9
:10BDF800000E1E6E000E1D6E000E206E280E1F6EA9
:10BE0800C0EC64F01200B10E0501636F080E646F98
:10BE1800000E656F000E666F000E676F000E686F8C
:10BE2800B80E696F0B0E6A6F000E6B6F000E6C6FA9
:10BE380076EC5BF09D0E0501636F080E646F000ED3
:10BE4800656F000E666F000E676F000E686FE80E74
:10BE5800696F030E6A6F000E6B6F000E6C6F76ECE5
:10BE68005BF01200000ED6BE010E05016A6F65C5B3
:10BE780045F063C567F564C568F565C569F568C5C6
:10BE880067F569C568F5696B67510001446F63C55B
:10BE980043F066C546F04151F80B0309416FD69E41
:10BEA800000150C542F04F50426F408105016AB110
:10BEB80002D0D69E01D0D68EF80E0001411712008E
:10BEC800050166BF6AEF5FF06CEF5FF076EF5FF039
:10BED80063C563F564C564F565C565F566C566F54E
:10BEE8008FEF5FF063C567F564C568F565C569F5EB
:10BEF80066C56AF5671F681F691F6A1F672B000EF2
:10BF0800682369236A2367C563F568C564F569C54D
:10BF180065F56AC566F5120005016A6B0DEC66F0F9
:10BF28000009D8A49AEF5FF09CEF5FF0B9EF5FF0DB
:10BF3800010E306E64C531F565C532F53B6A66C5DC
:10BF480033F567C534F568C535F569C536F5000EAE
:10BF5800376E000E386E000E3A6E000E396E3C6A6F
:10BF680087EC64F0010E05016A6F05016A51120041
:10BF780005016A6B0DEC66F00009D8A4C6EF5FF006
:10BF8800C8EF5FF0E5EF5FF0010E306E64C531F584
:10BF980065C532F53B6A66C537F567C538F568C5C6
:10BFA80039F569C53AF5000E336E000E346E000E91
:10BFB800366E000E356E3C6AC6EC66F0010E050161
:10BFC8006A6F05016A51120061C665F662C666F6B7
:10BFD800FDEF5FF05FC64FF660C650F6650E0601CE
:10BFE800516F060E526F63C653F664C654F601ECE1
:10BFF80030F065C6F6F466C6F7F4000EF86E080071
:10C00800F5500009D8A40BEF60F00DEF60F0EEEFEB
:10C018005FF0000E0601606F000E5F6F12000501F1
:10C028006A6F23EF60F08AEC58F03DEF60F08BEC1C
:10C038005AF03DEF60F093EC50F03DEF60F00501F1
:10C048006A51686F696B6951000AD8B42EEF60F0C5
:10C058003DEF60F06851010AD8B417EF60F0030AA9
:10C06800D8B41BEF60F0010AD8B41FEF60F03DEFC1
:10C0780060F01200000E0501676F000E686F000E79
:10C08800696F000E6A6F6B6B59EF60F06B51632537
:10C09800D96E000E6421DA6EDF50666F665167272D
:10C0A800000E682369236A236B2B65516B5DD8A04A
:10C0B80060EF60F062EF60F04AEF60F067C563F52B
:10C0C80068C564F5120065C56BF566C56CF563C592
:10C0D80069F564C56AF581EF60F06BC5D9F46CC584
:10C0E800DAF4DF506D6F6B4B6C2B69C5D9F46AC5F8
:10C0F800DAF46DC5DFF4694B6A2B05016707D8A030
:10C108006807672906E16829D8A48DEF60F08FEFEA
:10C1180060F071EF60F012000CC76BF50DC76CF59D
:10C128000EC76DF50FC76EF563C56BF564C56CF585
:10C1380065C56DF566C56EF56BC567F56CC568F5C3
:10C148006DC569F56EC56AF5200EB1EF60F00501A1
:10C15800D8906A33693368336733E82EABEF60F001
:10C1680067C563F568C564F51200040E0201946F93
:10C17800800E956F080E966F030E9C6F9A6B9B6BE3
:10C18800976B8D6B13EC68F002019B919B95948FD4
:10C19800050EE82EFED70000000000000000000099
:10C1A8000000000002019A919A959B85000E0701F4
:10C1B8008E6F000E8F6F000E906F1200030E050138
:10C1C800786F5C0E6AEC64F078C57DF579C57EF50C
:10C1D800FB0E05017F6F070E806F000E826F030E46
:10C1E800816FDBEC5AF005017D517E11D8B4FFEF69
:10C1F80060F001EF61F00AEF61F0FB0EBF6F070E10
:10C20800C06F030EC16F5C0EDDEC65F01200C3EC6D
:10C2180048F0000E05016C6F000E6B6F680E6D6FB5
:10C228000A0E6E6F460E6F6FCCEC4CF0D00E050107
:10C238007E6FC90EE82EFED77E2FFCD700D0680E81
:10C248000501786F0A0E796F17EC4BF0680E05013F
:10C25800636F0A0E646FC8EC56F0CDEC62F0120002
:10C26800FAC419F5FBC41AF541C516F542C517F508
:10C27800AAEC62F00701E751E811E911D8B447EFD9
:10C2880061F049EF61F056EF61F002D856EF61F0C6
:10C298000500FA6EE751FD6EE851FE6EE951FF6E3A
:10C2A800FA501200B1981AC5FBF419C5FAF4110036
:10C2B8000501666F23EC69F0680E0501656FE40EF1
:10C2C800E82EFED7652FFCD70000C5EC67F0000903
:10C2D800D8B471EF61F073EF61F069EF61F00501B7
:10C2E800665183EC61F02A0E0501656F8D0EE82E0C
:10C2F800FED7652FFCD700D02BEC69F012000501A2
:10C30800646FA2B28AEF61F08CEF61F090EF61F098
:10C3180064C5A3F2A8EF61F04C50D8B496EF61F071
:10C3280098EF61F0A8EF61F0000E4E24D96EDA6A3A
:10C33800090EDA2264C5DFF44E281F0B0501636F6E
:10C3480063C54EF5A2924C06A282120003011E910B
:10C358001F6B206B030E216F050E1D6FFE0E1C6FE9
:10C368001D510501636F03011C51416E63C542F500
:10C37800840E0701E76FD20EE86F000EE96F000E1A
:10C38800E46F000EE56F000EE66FB198A188B19AD0
:10C39800050E03011E6F1200D8C460F5FAC461F5DA
:10C3A800FBC462F50701E151E211E311D8B4DFEFF4
:10C3B80061F0E1EF61F0EEEF61F002D8EEEF61F0CD
:10C3C8000500FA6EE151FD6EE251FE6EE351FF6E1B
:10C3D800FA501200B99662C5FBF461C5FAF460C55B
:10C3E800D8F411000601DE6B4E0E0501636F080ECE
:10C3F800646F000E666F000E656F000E686F280E82
:10C40800676FF6EC63F0B40E0501636F090E646F95
:10C41800000E666F000E656F000E686F280E676F5E
:10C42800F6EC63F00601E06B1DEC69F01200000EFB
:10C438000501766F000E756F2EEF62F074C567F513
:10C44800686B72C569F573C56AF5BEEC53F00501F2
:10C45800754B762B75517025D96E76517121DA6E30
:10C46800DF50746F7451D8A43CEF62F03EEF62F075
:10C4780022EF62F01200000E0501DC1B000EDD1B2E
:10C48800000EDE1B800EDF1BD8C563F5D9C564F529
:10C49800DAC565F5DBC566F5DCC567F5DDC568F5A4
:10C4A800DEC569F5DFC56AF580EC29F063C5D8F506
:10C4B80064C5D9F565C5DAF566C5DBF51200050171
:10C4C8006B5109E1040E6A5DD8A06DEF62F06FEF61
:10C4D80062F072EF62F0000E86EF62F0000E6925DE
:10C4E8006C6F000E6A216D6F380E6B216E6F6CC514
:10C4F80063F56DC564F56EC565F5F5EC65F0050188
:10C508006F6F6F5112000501656F05016505D8A4AD
:10C5180090EF62F092EF62F09AEF62F0B10E636F03
:10C52800080E646F29EC5BF0A9EF62F0020E651942
:10C53800D8A4A1EF62F0A3EF62F0A9EF62F09D0E1C
:10C54800636F080E646F29EC5BF0120003011EA5EF
:10C55800B0EF62F0B2EF62F0C8EF62F01EB1B7EF71
:10C5680062F0BAEF62F0010EBBEF62F0000E186ED7
:10C5780017501D6F16C51CF318B002D01E9102D0BB
:10C5880003011E81CCEF62F017501D6F16C51CF316
:10C598001200040E0501696F000E6A6F000E6B6FC2
:10C5A80063EC62F00601C16F050E0501696F000EAC
:10C5B8006A6F000E6B6F63EC62F00601C26F060EC5
:10C5C8000501696F000E6A6F000E6B6F63EC62F015
:06C5D8000601C36F120012
:10C5E000FAC403F5FBC404F5B39C0601B551B611BA
:10C5F000B711D8B4FEEF62F000EF63F00DEF63F017
:10C6000002D80DEF63F00500FA6EB551FD6EB6511C
:10C61000FE6EB751FF6EFA50120004C5FBF403C55D
:10C62000FAF41100FAC407F5FBC408F5B59C06013D
:10C63000AC51AD11AE11D8B420EF63F022EF63F02E
:10C640002FEF63F002D82FEF63F00500FA6EAC51C4
:10C65000FD6EAD51FE6EAE51FF6EFA50120008C570
:10C66000FBF407C5FAF41100FAC412F5FBC413F584
:10C670000701ED51EE11EF11D8B441EF63F043EF34
:10C6800063F050EF63F002D850EF63F00500FA6EEC
:10C69000ED51FD6EEE51FE6EEF51FF6EFA5012003D
:10C6A000B19E13C5FBF412C5FAF41100FAC414F5D7
:10C6B000FBC415F50701EA51EB11EC11D8B463EF97
:10C6C00063F065EF63F072EF63F002D872EF63F02E
:10C6D0000500FA6EEA51FD6EEB51FE6EEC51FF6EF5
:10C6E000FA501200B19615C5FBF414C5FAF4110006
:10C6F0009D0E0601086F080E096F22C60AF623C6B2
:10C700000BF624C60CF625C60DF6640E0E6F000E51
:10C710000F6F000E106F000E116FFBEC33F008C6A8
:10C7200022F609C623F60AC624F60BC625F6120021
:10C73000B10E0601086F080E096F22C60AF623C65D
:10C740000BF624C60CF625C60DF6B80E0E6F0B0EB2
:10C750000F6F000E106F000E116FFBEC33F008C668
:10C7600022F609C623F60AC624F60BC625F61200E1
:10C7700063C567F564C568F565C5F6F466C5F7F485
:10C780000501654B662B000EF86E67C5D9F468C5C8
:10C79000DAF4674B682B0800F5C4DFF4DF50D8A447
:10C7A000D4EF63F0D6EF63F0BCEF63F0120010EC4F
:10C7B00069F0D9EC68F061EC68F0EEEC68F0020129
:10C7C000949F3BEC68F002019B919B95948F050E22
:10C7D000E82EFED70000000000000000000000006E
:10C7E000000002019A919A959B85120063C569F534
:10C7F00064C56AF504EF64F069C5D9F46AC5DAF472
:10C8000065C5DFF4694B6A2B05016707D8A0680787
:10C81000672906E16829D8A410EF64F012EF64F0EC
:10C82000FCEF63F012000501676F67C5ECF30301CD
:10C83000F39DF381F3B11FEF64F021EF64F01AEF81
:10C8400064F0EB510501666F656B0301EA51050168
:10C850006525636F0301000E05016621646F1200F8
:10C8600005016351641165116611D8B43AEF64F0A3
:10C870003CEF64F044EF64F0000E631B000E641B99
:10C88000000E651B800E661B63C563F564C564F509
:10C8900065C565F566C566F512001DEC68F04DECE2
:10C8A00055F06FEC5EF0B3EC66F0AAEC61F03AEC98
:10C8B00066F025EC66F0DEEC68F0B9EC60F0FBECBD
:10C8C00068F03AEC5EF005EC5EF03AEC5AF011ECF0
:10C8D0005CF0120005017C6F7CC56BF505016C6B8B
:10C8E000DC0E6D6F070E6E6F78C56FF5CCEC4CF0FB
:10C8F000680E05017B6FE40EE82EFED77B2FFCD778
:10C900000000DC0E0501786F070E796F12003550BC
:10C910003610D8B48EEF64F090EF64F09DEF64F0C1
:10C920003550CFEC68F03B50D8B499EF64F09BEFF2
:10C9300064F09DEF64F001EC69F031503124D4ECE7
:10C9400068F004EC69F0120000640064007A7A0078
:10C950000064006400E4D10000F401F401EAD100B5
:10C96000000A000A00B89A0000140014005ACA0015
:10C97000000A000A0048A8000088138813089E00D7
:10C980001BC521F51CC522F5CEEF64F021C5D9F4F5
:10C9900022C5DAF41DC5DFF4214A222A1F06D8A0D9
:10C9A00020061F2806E12028D8A4D9EF64F0DBEF89
:10C9B00064F0C6EF64F0120005016ABFE2EF64F0B4
:10C9C000E4EF64F0EAEF64F069C569F56AC56AF5F9
:10C9D000F6EF64F069C56BF56AC56CF56B1F6C1FEB
:10C9E0006B4B6C2B6BC569F56CC56AF5120014C7EF
:10C9F000E4F515C7E5F516C7E6F517C7E7F5E0C591
:10CA0000E4F5E1C5E5F5E2C5E6F5E3C5E7F50501C1
:10CA1000E79FE4C5E0F5E5C5E1F5E6C5E2F5E7C564
:10CA2000E3F51200200E4C6018EF65F01AEF65F088
:10CA30002BEF65F0000E4D24D96EDA6A090EDA226A
:10CA4000DF500201A36F4D281F0B286E28C54DF53E
:10CA50004C2A2CEF65F0A29212005F04D8B433EF99
:10CA600065F035EF65F037EF65F046EF65F00501ED
:10CA7000FD51D8A43EEF65F040EF65F042EF65F060
:10CA800046EF65F02AEC45F078EC4EF01200480EC7
:10CA90004A24D96EDA6A0A0EDA22DF501C6E4A285E
:10CAA0001F0B1B6E1BC54AF5A2904950D8B45BEF13
:10CAB00065F05DEF65F05EEF65F04906A2801C5001
:10CAC00012004DEC64F0D68ED68CC5EC65F07A0E73
:10CAD0000601A76FC10EA66F810EE82EFED7A62F06
:10CAE000FCD7A72FFAD700D022EC5DF074EF65F0E9
:10CAF00081EF18F007018B518C118D11D8B483EFA1
:10CB000065F085EF65F092EF65F002D892EF65F081
:10CB10000500FA6E8B51FD6E8C51FE6E8D51FF6ECD
:10CB2000FA50120012000701885189118A11D8B4F5
:10CB30009CEF65F09EEF65F0ABEF65F002D8ABEFD0
:10CB400065F00500FA6E8851FD6E8951FE6E8A51BE
:10CB5000FF6EFA50120012000701855186118711ED
:10CB6000D8B4B5EF65F0B7EF65F0C4EF65F002D863
:10CB7000C4EF65F00500FA6E8551FD6E8651FE6EBC
:10CB80008751FF6EFA50120012005AEC67F031EC38
:10CB900068F027EC68F0ECEC52F007EC5FF00BEC7F
:10CBA00061F0220E0501636FB30E646F000E656FB6
:10CBB000B6EC68F0E2EC60F012000501C36FC3C58B
:10CBC0006BF505016C6BBFC56DF5C0C56EF5C1C5D4
:10CBD0006FF505EC52F0D00E0501C26FC90EE82EBC
:10CBE000FED7C22FFCD700D0120065C545F063C543
:10CBF00066F564C567F565C568F567C566F568C51A
:10CC000067F50501686B66510001446F63C543F029
:10CC1000F80E4117408146511200010E0501636F65
:10CC20003050D8A416EF66F018EF66F022EF66F0E9
:10CC3000020198AF1EEF66F020EF66F022EF66F07B
:10CC40000501636B050163511200010E0301326F90
:10CC5000316B336B1F0E2F6F2E6B680E0701E16F68
:10CC6000D20EE26F000EE36FB996A986DF0E0301C4
:10CC7000306F1200010E0301266F256B276B1F0E0C
:10CC8000236F226B820E0701EA6FD20EEB6F000E4C
:10CC9000EC6FB196A186DF0E0301246F1200690EBE
:10CCA0000601776F060E786F000E5F6F000E606FE3
:10CCB00067C661F668C662F6770E636F060E646F2C
:10CCC000E8EC5FF012000501636F050163A16BEFF3
:10CCD00066F06DEF66F06EEF66F0C08E63A373EFE3
:10CCE00066F075EF66F076EF66F0BE8A1200050119
:10CCF000636F050163A17FEF66F081EF66F082EF5D
:10CD000066F0C18A63A387EF66F089EF66F08AEF69
:10CD100066F0C38012000501636F050163A193EF04
:10CD200066F095EF66F096EF66F0C09E63A39BEF0A
:10CD300066F09DEF66F09EEF66F0BE9A1200050168
:10CD4000636F050163A1A7EF66F0A9EF66F0AAEF94
:10CD500066F0C19A63A3AFEF66F0B1EF66F0B2EF91
:10CD600066F0C39012003D0E0301196F186B570E49
:10CD70001B6F800E0701ED6FD20EEE6F000EEF6F8E
:10CD8000B19EA18E810E03011A6F120039503A1024
:10CD9000D8B4CDEF66F0CFEF66F0D2EF66F0395041
:10CDA000CFEC68F0D8803134D4EC68F004EC69F052
:10CDB000120039503A10D8B4E0EF66F0E2EF66F0B6
:10CDC000E5EF66F03950E6EC68F0D8803134E2ECFB
:10CDD00068F007EC69F012000AEC69F00DEC69F0FC
:10CDE0000009D8B4F6EF66F0F8EF66F0FEEF66F0F3
:10CDF000000EE6EC68F0000EEAEC68F01200306A13
:10CE0000000E326E3168000E336E000E346E000E6E
:10CE1000376E000E386E10EC69F0D9EC68F0EEEC6D
:10CE200068F012000501635164116511D8B41BEF5D
:10CE300067F01DEF67F023EF67F063C57CF764C50B
:10CE40007DF765C57EF71200050163516411651118
:10CE5000D8B42DEF67F02FEF67F035EF67F063C5BB
:10CE60007FF764C580F765C581F71200050163513E
:10CE700064116511D8B43FEF67F041EF67F047EFF9
:10CE800067F063C582F764C583F765C584F7120050
:10CE90000501635164116511D8B451EF67F053EF88
:10CEA00067F059EF67F063C570F764C571F765C542
:10CEB00072F712002BEC69F02DEC69F0010E9FEC7B
:10CEC00066F0020E9FEC66F0010E8BEC66F0020E2F
:06CED0008BEC66F012007D
:10CED800D8C42DF513EC69F037C5D9F438C5DAF4A0
:10CEE800DF6E374A382A2DC5D8F41100D8C42FF57B
:10CEF80033C5D9F434C5DAF4334A342ADF50EAECBE
:10CF080068F02FC5D8F41100000141AF8EEF67F02B
:10CF180090EF67F093EF67F0010E94EF67F0000E63
:02CF28001200F5
:10CF2C00FAC409F5FBC40AF5AF907AEC65F00AC5B2
:10CF3C00FBF409C5FAF41100FAC40BF5FBC40CF5AB
:10CF4C00B49093EC65F00CC5FBF40BC5FAF411002E
:10CF5C00FAC40DF5FBC40EF5B890ACEC65F00EC53B
:10CF6C00FBF40DC5FAF41100000140B1C0EF67F0FD
:10CF7C00C3EF67F0010EC4EF67F0000E12004C50C7
:10CF8C00D8A4CBEF67F0CEEF67F0010ECFEF67F0D0
:10CF9C00000E1200020195BBD6EF67F0D9EF67F0D7
:10CFAC00010EDAEF67F0000E1200020198B7E1EF04
:10CFBC0067F0E4EF67F0010EE5EF67F0000E12008A
:10CFCC00020197BDECEF67F0EFEF67F0010EF0EFA9
:10CFDC0067F0000E1200020197BBF7EF67F0FAEF53
:10CFEC0067F0010EFBEF67F0000E1200020198A72C
:10CFFC0002EF68F005EF68F0010E06EF68F0000E26
:02D00C00120010
:10D01000FAC426F5FBC427F5FAEC45F027C5FBF466
:10D0200026C5FAF41100A584A586A580A582020173
:10D030009B859B839B8F97811200600E0001AD6FD3
:10D04000AF6BB36B080EB16FB06BAC6B1200AA0E76
:10D050000501636FBD0E646F000E656F48EC67F0ED
:10D060001200460E0501636FBD0E646F000E656F02
:10D07000AFEC68F01200A584A586A580A582020108
:10D080009B859B839B8F9781120009000000000005
:0DD09000000000000900000000000000008A
:10D09E003DC563F53EC564F53FC565F540C566F50E
:10D0AE0012003DC51BF53EC51CF53FC51DF540C51F
:10D0BE001EF51200A594A596A590A59202019B6B54
:10D0CE00976B120006050403020101000000C00068
:10D0DE00000263C5AFF664C5B0F665C5B1F61200C1
:10D0EE0063C5B2F664C5B3F665C5B4F6120063C582
:10D0FE00ACF664C5ADF665C5AEF6120063C5B8F6FE
:10D10E0064C5B9F665C5BAF6120063C5BBF664C54B
:10D11E00BCF665C5BDF6120063C5B5F664C5B6F6B8
:10D12E0065C5B7F6120063C585F764C586F765C594
:10D13E0087F7120063C588F764C589F765C58AF756
:10D14E00120063C58BF764C58CF765C58DF71200A9
:10D15E0063C5EDF764C5EEF765C5EFF7120063C55D
:10D16E00BEF664C5BFF665C5C0F612000501645172
:10D17E004F6E63C550F5120063C589F40501645105
:10D18E008A6E120063C57AF4050164517B6E12003B
:10D19E000501636F63C58DF212000501636F63C5F0
:10D1AE008FF212000201979B979D97991200C30E62
:10D1BE000301D76F1200296E29C58FF212002B6E54
:10D1CE002BC58DF212002E6E2EC58CF212000201AE
:10D1DE00996B998512009BEC3AF0120011EC32F02B
:10D1EE0012004F6A506A1200FEEC68F01200000145
:10D1FE00419F12000201948D12000201948B1200C5
:10D20E000201948B12000201949D120002018D51B5
:10D21E00120002019A6B120002018B51120012ECE5
:10D22E0065F0110001050101A2901200A28012000A
:10D23E00C1921200C1821200C1861200C38A12006E
:10D24E008784120078841200C1961200C39A1200CD
:10D26000AF941100B09011001200120012001200D1
:06D2700012001200120082
:10D278001100120012001200120012001200120017
:04D28800120012007E
:020000040030CA
:080000008FFFEFFF9FFFFFFFE0
:01000900FFF7
:00000001FF
