:0430000081EF18F054
:103008001D371D371D371D37400C1D37400C1D3728
:1030180055361D3717371D371D371D371D371D37D7
:103028001837400C400C400C1D371D371D371D3715
:103038001D371D371D370C34FB321D371D37FB3349
:1030480088360C371D371D37400C400C1D371D378F
:103058001D371D371D37400C1D371D37D9334C2EF2
:103068005B361D371D371D371D371D371D371D377B
:1030780034363B361830EE2D400C1D37EA33792EA6
:103088001D371D371D371D371D371D371D371D3798
:103098001D371D371D371D37400C1D37400C400CA0
:1030A80061361D371D371D371D371D371D371D3735
:1030B8001D371D371D3749331D371D371D371D3740
:1030C8001D371D371D371D371D371D371D371D3758
:1030D8001D371D371D371D371D371D371D371D3748
:1030E800400C1D371D371D37400C400C400C400C60
:1030F8001D371D371D371D37FF0093EF56F00000B1
:10310800C0C101C30302C2C60607C705C5C404CCB3
:103118000C0DCD0FCFCE0E0ACACB0BC90908C8D8E3
:103128001819D91BDBDA1A1EDEDF1FDD1D1CDC14A3
:10313800D4D515D71716D6D21213D311D1D010F073
:103148003031F133F3F23236F6F737F53534F43CF3
:10315800FCFD3DFF3F3EFEFA3A3BFB39F9F83828C3
:10316800E8E929EB2B2AEAEE2E2FEF2DEDEC2CE4E3
:103178002425E527E7E62622E2E323E12120E0A053
:103188006061A163A3A26266A6A767A56564A46C33
:10319800ACAD6DAF6F6EAEAA6A6BAB69A9A8687863
:1031A800B8B979BB7B7ABABE7E7FBF7DBDBC7CB423
:1031B8007475B577B7B67672B2B373B17170B05033
:1031C8009091519353529296565797559594549C73
:1031D8005C5D9D5F9F9E5E5A9A9B5B995958988843
:1031E8004849894B8B8A4A4E8E8F4F8D4D4C8C4463
:1031F80084854587474686824243834181804000D3
:10320800C1814001C0804101C0804100C1814001AD
:10321800C0804100C1814000C1814001C08041019E
:10322800C0804100C1814000C1814001C08041008F
:10323800C1814001C0804101C0804100C18140017D
:10324800C0804100C1814000C1814001C08041006F
:10325800C1814001C0804101C0804100C18140005E
:10326800C1814001C0804101C0804100C18140014D
:10327800C0804100C1814000C1814001C08041013E
:10328800C0804100C1814000C1814001C08041002F
:10329800C1814001C0804101C0804100C18140001E
:1032A800C1814001C0804101C0804100C18140010D
:1032B800C0804100C1814000C1814001C0804100FF
:1032C800C1814001C0804101C0804100C1814001ED
:1032D800C0804100C1814000C1814001C0804101DE
:1032E800C0804100C1814000C1814001C0804100CF
:1032F800C1814001C0804101C0804100C1814000BE
:10330800C0C101C30302C2C60607C705C5C404CCB1
:103318000C0DCD0FCFCE0E0ACACB0BC90908C8D8E1
:103328001819D91BDBDA1A1EDEDF1FDD1D1CDC14A1
:10333800D4D515D71716D6D21213D311D1D010F071
:103348003031F133F3F23236F6F737F53534F43CF1
:10335800FCFD3DFF3F3EFEFA3A3BFB39F9F83828C1
:10336800E8E929EB2B2AEAEE2E2FEF2DEDEC2CE4E1
:103378002425E527E7E62622E2E323E12120E0A051
:103388006061A163A3A26266A6A767A56564A46C31
:10339800ACAD6DAF6F6EAEAA6A6BAB69A9A8687861
:1033A800B8B979BB7B7ABABE7E7FBF7DBDBC7CB421
:1033B8007475B577B7B67672B2B373B17170B05031
:1033C8009091519353529296565797559594549C71
:1033D8005C5D9D5F9F9E5E5A9A9B5B995958988841
:1033E8004849894B8B8A4A4E8E8F4F8D4D4C8C4461
:1033F80084854587474686824243834181804000D1
:10340800C1814001C0804101C0804100C1814001AB
:10341800C0804100C1814000C1814001C08041019C
:10342800C0804100C1814000C1814001C08041008D
:10343800C1814001C0804101C0804100C18140017B
:10344800C0804100C1814000C1814001C08041006D
:10345800C1814001C0804101C0804100C18140005C
:10346800C1814001C0804101C0804100C18140014B
:10347800C0804100C1814000C1814001C08041013C
:10348800C0804100C1814000C1814001C08041002D
:10349800C1814001C0804101C0804100C18140001C
:1034A800C1814001C0804101C0804100C18140010B
:1034B800C0804100C1814000C1814001C0804100FD
:1034C800C1814001C0804101C0804100C1814001EB
:1034D800C0804100C1814000C1814001C0804101DC
:1034E800C0804100C1814000C1814001C0804100CD
:1034F800C1814001C0804101C0804100C1814000BC
:10350800C0C101C30302C2C60607C705C5C404CCAF
:103518000C0DCD0FCFCE0E0ACACB0BC90908C8D8DF
:103528001819D91BDBDA1A1EDEDF1FDD1D1CDC149F
:10353800D4D515D71716D6D21213D311D1D010F06F
:103548003031F133F3F23236F6F737F53534F43CEF
:10355800FCFD3DFF3F3EFEFA3A3BFB39F9F83828BF
:10356800E8E929EB2B2AEAEE2E2FEF2DEDEC2CE4DF
:103578002425E527E7E62622E2E323E12120E0A04F
:103588006061A163A3A26266A6A767A56564A46C2F
:10359800ACAD6DAF6F6EAEAA6A6BAB69A9A868785F
:1035A800B8B979BB7B7ABABE7E7FBF7DBDBC7CB41F
:1035B8007475B577B7B67672B2B373B17170B0502F
:1035C8009091519353529296565797559594549C6F
:1035D8005C5D9D5F9F9E5E5A9A9B5B99595898883F
:1035E8004849894B8B8A4A4E8E8F4F8D4D4C8C445F
:1035F80084854587474686824243834181804000CF
:10360800C1814001C0804101C0804100C1814001A9
:10361800C0804100C1814000C1814001C08041019A
:10362800C0804100C1814000C1814001C08041008B
:10363800C1814001C0804101C0804100C181400179
:10364800C0804100C1814000C1814001C08041006B
:10365800C1814001C0804101C0804100C18140005A
:10366800C1814001C0804101C0804100C181400149
:10367800C0804100C1814000C1814001C08041013A
:10368800C0804100C1814000C1814001C08041002B
:10369800C1814001C0804101C0804100C18140001A
:1036A800C1814001C0804101C0804100C181400109
:1036B800C0804100C1814000C1814001C0804100FB
:1036C800C1814001C0804101C0804100C1814001E9
:1036D800C0804100C1814000C1814001C0804101DA
:1036E800C0804100C1814000C1814001C0804100CB
:1036F800C1814001C0804101C0804100C1814000BA
:10370800C0C101C30302C2C60607C705C5C404CCAD
:103718000C0DCD0FCFCE0E0ACACB0BC90908C8D8DD
:103728001819D91BDBDA1A1EDEDF1FDD1D1CDC149D
:10373800D4D515D71716D6D21213D311D1D010F06D
:103748003031F133F3F23236F6F737F53534F43CED
:10375800FCFD3DFF3F3EFEFA3A3BFB39F9F83828BD
:10376800E8E929EB2B2AEAEE2E2FEF2DEDEC2CE4DD
:103778002425E527E7E62622E2E323E12120E0A04D
:103788006061A163A3A26266A6A767A56564A46C2D
:10379800ACAD6DAF6F6EAEAA6A6BAB69A9A868785D
:1037A800B8B979BB7B7ABABE7E7FBF7DBDBC7CB41D
:1037B8007475B577B7B67672B2B373B17170B0502D
:1037C8009091519353529296565797559594549C6D
:1037D8005C5D9D5F9F9E5E5A9A9B5B99595898883D
:1037E8004849894B8B8A4A4E8E8F4F8D4D4C8C445D
:1037F80084854587474686824243834181804000CD
:10380800C1814001C0804101C0804100C1814001A7
:10381800C0804100C1814000C1814001C080410198
:10382800C0804100C1814000C1814001C080410089
:10383800C1814001C0804101C0804100C181400177
:10384800C0804100C1814000C1814001C080410069
:10385800C1814001C0804101C0804100C181400058
:10386800C1814001C0804101C0804100C181400147
:10387800C0804100C1814000C1814001C080410138
:10388800C0804100C1814000C1814001C080410029
:10389800C1814001C0804101C0804100C181400018
:1038A800C1814001C0804101C0804100C181400107
:1038B800C0804100C1814000C1814001C0804100F9
:1038C800C1814001C0804101C0804100C1814001E7
:1038D800C0804100C1814000C1814001C0804101D8
:1038E800C0804100C1814000C1814001C0804100C9
:1038F800C1814001C0804101C0804100C1814000B8
:10390800C0C101C30302C2C60607C705C5C404CCAB
:103918000C0DCD0FCFCE0E0ACACB0BC90908C8D8DB
:103928001819D91BDBDA1A1EDEDF1FDD1D1CDC149B
:10393800D4D515D71716D6D21213D311D1D010F06B
:103948003031F133F3F23236F6F737F53534F43CEB
:10395800FCFD3DFF3F3EFEFA3A3BFB39F9F83828BB
:10396800E8E929EB2B2AEAEE2E2FEF2DEDEC2CE4DB
:103978002425E527E7E62622E2E323E12120E0A04B
:103988006061A163A3A26266A6A767A56564A46C2B
:10399800ACAD6DAF6F6EAEAA6A6BAB69A9A868785B
:1039A800B8B979BB7B7ABABE7E7FBF7DBDBC7CB41B
:1039B8007475B577B7B67672B2B373B17170B0502B
:1039C8009091519353529296565797559594549C6B
:1039D8005C5D9D5F9F9E5E5A9A9B5B99595898883B
:1039E8004849894B8B8A4A4E8E8F4F8D4D4C8C445B
:1039F80084854587474686824243834181804000CB
:103A0800C1814001C0804101C0804100C1814001A5
:103A1800C0804100C1814000C1814001C080410196
:103A2800C0804100C1814000C1814001C080410087
:103A3800C1814001C0804101C0804100C181400175
:103A4800C0804100C1814000C1814001C080410067
:103A5800C1814001C0804101C0804100C181400056
:103A6800C1814001C0804101C0804100C181400145
:103A7800C0804100C1814000C1814001C080410136
:103A8800C0804100C1814000C1814001C080410027
:103A9800C1814001C0804101C0804100C181400016
:103AA800C1814001C0804101C0804100C181400105
:103AB800C0804100C1814000C1814001C0804100F7
:103AC800C1814001C0804101C0804100C1814001E5
:103AD800C0804100C1814000C1814001C0804101D6
:103AE800C0804100C1814000C1814001C0804100C7
:103AF800C1814001C0804101C0804100C1814000B6
:103B0800C0C101C30302C2C60607C705C5C404CCA9
:103B18000C0DCD0FCFCE0E0ACACB0BC90908C8D8D9
:103B28001819D91BDBDA1A1EDEDF1FDD1D1CDC1499
:103B3800D4D515D71716D6D21213D311D1D010F069
:103B48003031F133F3F23236F6F737F53534F43CE9
:103B5800FCFD3DFF3F3EFEFA3A3BFB39F9F83828B9
:103B6800E8E929EB2B2AEAEE2E2FEF2DEDEC2CE4D9
:103B78002425E527E7E62622E2E323E12120E0A049
:103B88006061A163A3A26266A6A767A56564A46C29
:103B9800ACAD6DAF6F6EAEAA6A6BAB69A9A8687859
:103BA800B8B979BB7B7ABABE7E7FBF7DBDBC7CB419
:103BB8007475B577B7B67672B2B373B17170B05029
:103BC8009091519353529296565797559594549C69
:103BD8005C5D9D5F9F9E5E5A9A9B5B995958988839
:103BE8004849894B8B8A4A4E8E8F4F8D4D4C8C4459
:103BF80084854587474686824243834181804000C9
:103C0800C1814001C0804101C0804100C1814001A3
:103C1800C0804100C1814000C1814001C080410194
:103C2800C0804100C1814000C1814001C080410085
:103C3800C1814001C0804101C0804100C181400173
:103C4800C0804100C1814000C1814001C080410065
:103C5800C1814001C0804101C0804100C181400054
:103C6800C1814001C0804101C0804100C181400143
:103C7800C0804100C1814000C1814001C080410134
:103C8800C0804100C1814000C1814001C080410025
:103C9800C1814001C0804101C0804100C181400014
:103CA800C1814001C0804101C0804100C181400103
:103CB800C0804100C1814000C1814001C0804100F5
:103CC800C1814001C0804101C0804100C1814001E3
:103CD800C0804100C1814000C1814001C0804101D4
:103CE800C0804100C1814000C1814001C0804100C5
:103CF800C1814001C0804101C0804100C18140ECC8
:103D0800BD0000000022D4008ACC000000003AD98F
:103D1800000000000000000000000000000000009B
:103D2800000000000000000000000000000000008B
:103D3800000000000024D80000000000D800DCD7F4
:103D480000B8D700000000F4CA00000000F8C8005E
:103D580050C900000000000000000000AED50000BF
:103D68000000000000269E783EEEE9913E13CECC7E
:103D78003EAAAA2A3FD1F717378071313F2D2D2D42
:103D88002D2D2D2D2D2D2D2D2D2D2D2D2D2D2D2D5B
:103D98002D2D2D2D2D2D2D2D2D2D2D2D2D2D2D2D4B
:103DA8002D0A0A004348317C493A252E32667C5652
:103DB8003A252E32667C503A252E32667C50574D75
:103DC8003A25647C0A0D004348327C493A252E3254
:103DD800667C563A252E32667C503A252E32667C11
:103DE80050574D3A25647C0A0D0053503A252E321F
:103DF800667C4C6576313A25647C4C6576323A258A
:103E0800647C0A0D0050726F73746174653A25649E
:103E18007C0A0D0050726F746570793A25647C0ACB
:103E28000D0054656D703A252E32667C0A0D0056D9
:103E3800696E3A25647C0A0D002530325800696E97
:093E480066006E616E00200000AE
:103E52000601526B2AC653F62BC654F62CC655F6EB
:103E62002DC656F656BF3AEF1FF038EF1FF04EEF51
:103E72001FF0010E526F53C664F554C665F555C660
:103E820066F556C667F5F7EC68F064C553F665C586
:103E920054F666C555F667C556F6000E0601586F0C
:103EA200000E576FC9C646F6CAC647F65251D8B475
:103EB2005DEF1FF05FEF1FF073EF1FF05251D8A4B8
:103EC20065EF1FF067EF1FF06DEF1FF0000E386F08
:103ED2002B0E376F71EF1FF0000E386F2D0E376FFC
:103EE20037C652F653C664F554C665F555C666F52F
:103EF20056C667F597EC55F0050164056511D8A41F
:103F020085EF1FF087EF1FF0BEEF1FF00601525141
:103F1200D8B48EEF1FF090EF1FF099EF1FF052C64A
:103F220062F94607D8A04707000E586F010E576F77
:103F3200620E57250501646F090E0601582105011D
:103F4200656F460E666F3E0E676F9CEC68F0060169
:103F5200FD0E4627FF0E472328C678F529C679F5B8
:103F6200620E05017A6F090E7B6F46C67CF547C665
:103F72007DF550EC5EF088EF24F053C664F554C62C
:103F820065F555C666F556C667F597EC55F0050119
:103F920064516511D8A4D0EF1FF0D2EF1FF0F5EFF6
:103FA2001FF006015251D8B4D9EF1FF0DBEF1FF01A
:103FB200E4EF1FF052C662F94607D8A04707000E89
:103FC200586F010E576F620E57250501646F090E77
:103FD200060158210501656F4A0E666F3E0E676F36
:103FE2009CEC68F0A8EF1FF0000E0601596F000E5E
:103FF2005A6F800E5B6F3F0E5C6F000E416F000EBA
:10400200406F53C664F554C665F555C666F556C687
:1040120067F5000E0501686F000E696F000E6A6F8A
:10402200000E6B6FA4EC5DF00501D8B01BEF20F021
:104032001DEF20F017EF21F02AEF20F042C659F6CB
:1040420043C65AF644C65BF645C65CF60601404BCB
:10405200412B59C6A7F55AC6A8F55BC6A9F55CC699
:10406200AAF5000E0501AB6F000EAC6F200EAD6F0E
:10407200410EAE6F9BEC31F0A7C542F6A8C543F6E0
:10408200A9C544F6AAC545F606014251535D05018C
:10409200646F0601435154590501656F060144518D
:1040A20055590501666F0601455156590501676F5D
:1040B20050EC64F0050167BF6AEF20F067516611AA
:1040C200651109E1020E645DD8A06AEF20F06CEF81
:1040D20020F01FEF20F042C60CF643C60DF644C690
:1040E2000EF645C60FF653C610F654C611F655C65F
:1040F20012F656C613F603EC50F00601D8A084EF70
:1041020020F086EF20F01FEF20F05951535D05019A
:10411200646F06015A5154590501656F06015B51DE
:1041220055590501666F06015C5156590501676FC5
:1041320050EC64F0050167BFACEF20F067516611E7
:10414200651107E1020E645DD8B0AAEF20F0ACEF72
:1041520020F0FDEF20F059C653F65AC654F65BC65E
:1041620055F65CC656F617EF21F059C6C0F55AC689
:10417200C1F55BC6C2F55CC6C3F5000E0501C46F8E
:10418200000EC56F200EC66F410EC76F9EEC37F052
:10419200C0C559F6C1C55AF6C2C55BF6C3C55CF6C1
:1041A20006014007D8A041075951535D0501646FCC
:1041B20006015A5154590501656F06015B51555963
:1041C2000501666F06015C5156590501676F50EC97
:1041D20064F0050167BFFBEF20F0675166116511BE
:1041E20007E1020E645DD8B0F9EF20F0FBEF20F09A
:1041F200FDEF20F0ACEF20F053C60CF654C60DF6DE
:1042020055C60EF656C60FF659C610F65AC611F620
:104212005BC612F65CC613F603EC50F00601D8A09A
:1042220015EF21F017EF21F0B6EF20F02EC63AF687
:104232003AC63BF60601CCBF21EF21F023EF21F075
:1042420029EF21F0CBC633F6CCC634F62DEF21F0A0
:10425200000E346F060E336F33C63EF634C63FF699
:104262003E4B3F2B660E3B19D8A43AEF21F03CEFB0
:1042720021F05CEF21F041BF43EF21F041EF21F04B
:104282004FEF21F0000E596F000E5A6F800E5B6FD8
:104292003F0E5C6F000E416F000E406F670E3A19C1
:1042A200D8B456EF21F058EF21F05CEF21F04051E5
:1042B2003E2741513F23000E516F000E506F53C6EF
:1042C20048F654C649F655C64AF656C64BF659C67E
:1042D20042F65AC643F65BC644F65CC645F6EEEFB6
:1042E20021F048C6C0F549C6C1F54AC6C2F54BC65B
:1042F200C3F559C6C4F55AC6C5F55BC6C6F55CC654
:10430200C7F59EEC37F0C0C5D9F5C1C5DAF5C2C50F
:10431200DBF5C3C5DCF5FCEC42F0D9C54CF6DAC5D9
:104322004DF6DBC54EF6DCC54FF64CC624F64DC63F
:1043320025F64EC626F64FC627F673EC53F024C672
:104342003CF625C63DF648C600F649C601F64AC601
:1043520002F64BC603F64CC6ABF54DC6ACF54EC6DF
:10436200ADF54FC6AEF559C6A7F55AC6A8F55BC658
:10437200A9F55CC6AAF59BEC31F0A7C504F6A8C561
:1043820005F6A9C506F6AAC507F601EC67F000C650
:1043920048F601C649F602C64AF603C64BF659C6A6
:1043A200C0F55AC6C1F55BC6C2F55CC6C3F5000EC0
:1043B2000501C46F000EC56F200EC66F410EC76F98
:1043C2009EEC37F0C0C559F6C1C55AF6C2C55BF6B8
:1043D200C3C55CF60601504B512B3E51505D515105
:1043E200800A2F6F3F51800A2F59D8A0FBEF21F08E
:1043F200FDEF21F072EF21F059C6A7F55AC6A8F5D4
:104402005BC6A9F55CC6AAF5000E0501AB6F000EEE
:10441200AC6FA00EAD6F400EAE6F9BEC31F0A7C536
:104422004CF6A8C54DF6A9C54EF6AAC54FF648C624
:104432000CF649C60DF64AC60EF64BC60FF64CC62A
:1044420010F64DC611F64EC612F64FC613F603EC21
:1044520050F00601D8B030EF22F032EF22F03CEFFC
:1044620022F0000E4C6F000E4D6F000E4E6F000ECC
:104472004F6F66EF22F048C664F549C665F54AC635
:1044820066F54BC667F54CC668F54DC669F54EC66E
:104492006AF54FC66BF5A4EC5DF00501D8A054EFA8
:1044A20022F056EF22F066EF22F006013CB15CEFFB
:1044B20022F05EEF22F066EF22F0000E4C6F000E4B
:1044C2004D6F000E4E6F000E4F6F53C6D9F554C696
:1044D200DAF555C6DBF556C6DCF54CC6DDF54DC63C
:1044E200DEF54EC6DFF54FC6E0F5EEEC2CF0D9C591
:1044F20048F6DAC549F6DBC54AF6DCC54BF648C6CE
:104502000CF649C60DF64AC60EF64BC60FF6000E5D
:104512000501AB6F000EAC6F200EAD6F410EAE6F9A
:1045220042C6A7F543C6A8F544C6A9F545C6AAF5ED
:104532009BEC31F0A7C510F6A8C511F6A9C512F675
:10454200AAC513F603EC50F00601D8A0ABEF22F097
:10455200ADEF22F0D6EF22F0404B412B42C6A7F539
:1045620043C6A8F544C6A9F545C6AAF5000E05013D
:10457200AB6F000EAC6F200EAD6F410EAE6F9BECB9
:1045820031F0A7C542F6A8C543F6A9C544F6AAC5A7
:1045920045F6660E06013B19D8A4D2EF22F0D4EFFD
:1045A20022F0D6EF22F03E4B3F2B42C659F643C6CD
:1045B2005AF644C65BF645C65CF640C631F641C6BD
:1045C20032F6396B000E366F000E356F000E516FEA
:1045D200000E506FD3EF23F048C6C0F549C6C1F5AF
:1045E2004AC6C2F54BC6C3F559C6C4F55AC6C5F587
:1045F2005BC6C6F55CC6C7F59EEC37F0C0C5D9F5FB
:10460200C1C5DAF5C2C5DBF5C3C5DCF5FCEC42F089
:10461200D9C54CF6DAC54DF6DBC54EF6DCC54FF60C
:104622004CC624F64DC625F64EC626F64FC627F6CC
:1046320073EC53F0060125BF2AEF23F0255107E161
:104642000A0E245DD8B028EF23F02AEF23F03AEFC8
:1046520023F04CC624F64DC625F64EC626F64FC6A6
:1046620027F673EC53F024C63CF625C63DF63EEF22
:1046720023F0000E3D6F090E3C6F06013951D8A49C
:1046820045EF23F047EF23F06FEF23F032BF4EEFF9
:1046920023F04CEF23F06FEF23F0620E5725D96E13
:1046A200090E5821DA6E2E0EDF6E574B582B460735
:1046B200D8A04707010E396F6FEF23F0620E57251E
:1046C200D96E090E5821DA6E300EDF6E574B582B19
:1046D2004607D8A047073507D8A036073551361107
:1046E200D8A476EF23F078EF23F05FEF23F0620E89
:1046F2005725D96E090E5821DA6E3C51300FDF6E04
:10470200574B582B4607D8A0470748C600F649C65C
:1047120001F64AC602F64BC603F64CC6ABF54DC6C9
:10472200ACF54EC6ADF54FC6AEF559C6A7F55AC69D
:10473200A8F55BC6A9F55CC6AAF59BEC31F0A7C546
:1047420004F6A8C505F6A9C506F6AAC507F601EC42
:1047520067F000C648F601C649F602C64AF603C625
:104762004BF659C6C0F55AC6C1F55BC6C2F55CC662
:10477200C3F5000E0501C46F000EC56F200EC66F93
:10478200410EC76F9EEC37F0C0C559F6C1C55AF647
:10479200C2C55BF6C3C55CF606013107D8A0320775
:1047A200504B512B3E51505D5151800A2F6F3F515A
:1047B200800A2F59D8B0E0EF23F0E2EF23F0F0EFB8
:1047C20023F058BFEEEF23F0585109E14B0E575D2D
:1047D200D8A0EEEF23F0F0EF23F0EDEF22F0000E81
:1047E200516F4F0E506F620E5025D96E090E512136
:1047F200DA6EDF6A620E2F6F090E306F57512F5F2C
:104802005851305B50512F250501646F06015151FB
:1048120030210501656F620E666F090E676F57C61C
:1048220068F558C669F528EC65F006015751505DE8
:10483200576F58515159586F5251D8A423EF24F051
:1048420026EF24F0010E27EF24F0000E506F516B7B
:10485200D7A32EEF24F030EF24F05EEF24F040EFE8
:1048620024F05707D8A05807620E5725D96E090EB3
:104872005821DA6E300EDF6E4607D8A04707465140
:10488200505D5151800A2F6F4751800A2F59D8B07D
:104892004DEF24F04FEF24F05EEF24F05751505DBE
:1048A2005151800A2F6F5851800A2F59D8A05CEFBE
:1048B20024F05EEF24F032EF24F05251D8B464EFCA
:1048C20024F066EF24F071EF24F05707D8A05807C0
:1048D200620E5725D96E090E5821DA6E52C6DFF4E0
:1048E2005051465F5151475B28C678F529C679F584
:1048F200620E572505017A6F090E0601582105013E
:104902007B6F46C67CF547C67DF550EC5EF0120023
:104912002AC600F62BC601F62CC602F62DC603F6F1
:104922002EC604F62FC605F630C606F631C607F6C1
:1049320001EC67F000C656F601C657F602C658F6F5
:1049420003C659F656C608F657C609F658C60AF6F9
:1049520059C60BF6DCEC69F008C65AF609C65BF6D6
:104962000AC65CF60BC65DF656C608F657C609F6C9
:1049720058C60AF659C60BF6DCEC69F008C60CF606
:1049820009C60DF60AC60EF60BC60FF6000E060194
:10499200106F000E116F800E126F3F0E136F03EC3B
:1049A20050F00601D8B0D8EF24F0DAEF24F0E2EFAD
:1049B20024F0000E566F000E576F000E586F000E57
:1049C200596F20EE05F02851D9262951DA22DEC48A
:1049D20052F6DEC453F6DEC454F6DEC455F6000EBB
:1049E2000C6F000E0D6F480E0E6F420E0F6F5AC6FF
:1049F20010F65BC611F65CC612F65DC613F603EC42
:104A020050F00601D8B008EF25F00AEF25F027EFA5
:104A120025F052C6A7F553C6A8F554C6A9F555C642
:104A2200AAF5CD0E0501AB6FCC0EAC6FCC0EAD6FFF
:104A32003D0EAE6F9BEC31F0A7C552F6A8C553F6FA
:104A4200A9C554F6AAC555F693EF25F0000E0C6FD2
:104A5200000E0D6FA00E0E6F410E0F6F5AC610F6AC
:104A62005BC611F65CC612F65DC613F603EC50F097
:104A72000601D8B03FEF25F041EF25F05EEF25F0BB
:104A820052C6A7F553C6A8F554C6A9F555C6AAF548
:104A92009A0E0501AB6F990EAC6F990EAD6F3E0E7B
:104AA200AE6F9BEC31F0A7C552F6A8C553F6A9C567
:104AB20054F6AAC555F693EF25F05AC60CF65BC616
:104AC2000DF65CC60EF65DC60FF6000E106F000EF8
:104AD200116FA00E126F400E136F03EC50F006011F
:104AE200D8B076EF25F078EF25F093EF25F052C697
:104AF200A7F553C6A8F554C6A9F555C6AAF5000EE2
:104B02000501AB6F000EAC6F000EAD6F400EAE6FC5
:104B12009BEC31F0A7C552F6A8C553F6A9C554F6C9
:104B2200AAC555F6060120EE01F02851D9262951D1
:104B3200DA22DEC4A7F5DEC4A8F5DEC4A9F5DEC418
:104B4200AAF556C6ABF557C6ACF558C6ADF559C66B
:104B5200AEF59BEC31F0A7C532F6A8C533F6A9C570
:104B620034F6AAC535F65AC60CF65BC60DF65CC617
:104B72000EF65DC60FF6000E0601106F000E116FE5
:104B8200480E126F420E136F03EC50F00601D8B0BC
:104B9200CDEF25F0CFEF25F0AEEF27F056C65EF64B
:104BA20057C65FF658C660F659C661F6000E0C6F1E
:104BB200000E0D6FF00E0E6F410E0F6F5AC610F6FB
:104BC2005BC611F65CC612F65DC613F603EC50F036
:104BD2000601D8B0EFEF25F0F1EF25F037EF26F020
:104BE200000E0C6F000E0D6F200E0E6F420E0F6F37
:104BF2005EC610F65FC611F660C612F661C613F6FF
:104C020003EC50F00601D8B009EF26F00BEF26F0C6
:104C120013EF26F0000E5E6F000E5F6F200E606FC6
:104C2200420E616F5EC60CF65FC60DF660C60EF6EA
:104C320061C60FF6000E106F000E116F200E126F7C
:104C4200C20E136F03EC50F00601D8B02BEF26F022
:104C52002DEF26F00AEF27F0000E5E6F000E5F6F59
:104C6200200E606FC20E616F0AEF27F0000E0C6F0C
:104C7200000E0D6F200E0E6F410E0F6F5AC610F60A
:104C82005BC611F65CC612F65DC613F603EC50F075
:104C92000601D8B04FEF26F051EF26F0C6EF26F00E
:104CA2005AC6A7F55BC6A8F55CC6A9F55DC6AAF506
:104CB200CD0E0501AB6FCC0EAC6F4C0EAD6F3F0E3F
:104CC200AE6F9BEC31F0A7C54AF6A8C54BF6A9C555
:104CD2004CF6AAC54DF64AC60CF64BC60DF64CC6A6
:104CE2000EF64DC60FF65EC610F65FC611F660C62A
:104CF20012F661C613F603EC50F00601D8B084EF49
:104D020026F086EF26F08EEF26F04AC65EF64BC6F8
:104D12005FF64CC660F64DC661F65EC60CF65FC61F
:104D22000DF660C60EF661C60FF64AC664F54BC6AE
:104D320065F54CC666F54DC667F5F7EC68F064C5D7
:104D420010F665C511F666C512F667C513F603ECD3
:104D520050F00601D8B0B0EF26F0B2EF26F00AEF1D
:104D620027F04AC664F54BC665F54CC666F54DC6D6
:104D720067F5F7EC68F064C55EF665C55FF666C573
:104D820060F667C561F60AEF27F0000E0C6F000EA1
:104D92000D6FA00E0E6F400E0F6F5EC610F65FC64F
:104DA20011F660C612F661C613F603EC50F0060166
:104DB200D8B0DEEF26F0E0EF26F0E8EF26F0000EA6
:104DC2005E6F000E5F6FA00E606F400E616F5EC679
:104DD2000CF65FC60DF660C60EF661C60FF6000E43
:104DE200106F000E116FA00E126FC00E136F03EC46
:104DF20050F00601D8B000EF27F002EF27F00AEFDB
:104E020027F0000E5E6F000E5F6FA00E606FC00E87
:104E1200616F5EC6A7F55FC6A8F560C6A9F561C653
:104E2200AAF5060120EE05F02851D9262951DA22E9
:104E3200DEC4C4F5DEC4C5F5DEC4C6F5DEC4C7F5FE
:104E420052C6C0F553C6C1F554C6C2F555C6C3F520
:104E52009EEC37F0C0C5ABF5C1C5ACF5C2C5ADF52A
:104E6200C3C5AEF59BEC31F0A7C55EF6A8C55FF6EB
:104E7200A9C560F6AAC561F6060120EE1DF028510B
:104E8200D9262951DA22DEC4D9F5DEC4DAF5DEC428
:104E9200DBF5DEC4DCF55EC6DDF55FC6DEF560C6B9
:104EA200DFF561C6E0F5EEEC2CF0060120EE1DF018
:104EB2002851D9262951DA220501D9C5DEF4DAC5ED
:104EC200DEF4DBC5DEF4DCC5DEF4060120EE11F013
:104ED2002851D9262951DA22DEC41CF6DEC41DF679
:104EE200DEC41EF6DEC41FF620EE1DF02851D926C0
:104EF2002951DA22DEC414F6DEC415F6DEC416F633
:104F0200DEC417F620EE0DF02851D9262951DA22F7
:104F1200DEC418F6DEC419F6DEC41AF6DEC41BF6C9
:104F220098EC50F014C620F615C621F616C622F6E5
:104F320017C623F62CEC51F0060120EE1DF0285185
:104F4200D9262951DA221CC6DEF41DC6DEF41EC69D
:104F5200DEF41FC6DEF4BCEF27F020EE1DF0285170
:104F6200D9262951DA22000EDE6E000EDE6E000E08
:104F7200DE6E000EDD6E20EE1DF02851D92629517D
:104F8200DA22DEC4A7F5DEC4A8F5DEC4A9F5DEC4C4
:104F9200AAF552C6ABF553C6ACF554C6ADF555C627
:104FA200AEF59BEC31F0A7C536F6A8C537F6A9C514
:104FB20038F6AAC539F6060120EE21F02851D92685
:104FC2002951DA22DEC404F6DEC405F6DEC406F692
:104FD200DEC407F656C600F657C601F658C602F6F4
:104FE20059C603F601EC67F000C6A7F501C6A8F59D
:104FF20002C6A9F503C6AAF5060120EE09F028515A
:10500200D9262951DA22DEC4ABF5DEC4ACF5DEC402
:10501200ADF5DEC4AEF59BEC31F0A7C546F6A8C5EA
:1050220047F6A9C548F6AAC549F6330E0501AB6F86
:10503200330EAC6F330EAD6F3F0EAE6F46C6A7F5A3
:1050420047C6A8F548C6A9F549C6AAF59BEC31F0B2
:10505200A7C5D9F5A8C5DAF5A9C5DBF5AAC5DCF55A
:105062009A0E0501AB6F990EAC6F990EAD6F3E0EA5
:10507200AE6F14C7A7F515C7A8F516C7A9F517C7C8
:10508200AAF59BEC31F0A7C5DDF5A8C5DEF5A9C5EB
:10509200DFF5AAC5E0F5EEEC2CF0D9C546F6DAC587
:1050A20047F6DBC548F6DCC549F646C614F747C6DF
:1050B20015F748C616F749C617F7060120EE21F084
:1050C2002851D9262951DA2256C6DEF457C6DEF413
:1050D20058C6DEF459C6DEF436C6DDF537C6DEF54F
:1050E20038C6DFF539C6E0F532C6D9F533C6DAF58A
:1050F20034C6DBF535C6DCF5EEEC2CF0D9C53AF654
:10510200DAC53BF6DBC53CF6DCC53DF63AC6D9F559
:105112003BC6DAF53CC6DBF53DC6DCF546C6DDF539
:1051220047C6DEF548C6DFF549C6E0F5EEEC2CF0E1
:10513200D9C54EF6DAC54FF6DBC550F6DCC551F6D9
:1051420028C6D9F429C6DAF4DE04D8A4ABEF28F0D5
:10515200ADEF28F02EEF29F0060151BFB5EF28F090
:10516200B3EF28F0BFEF28F0000E3E6F000E3F6F46
:10517200000E406FBF0E416FC7EF28F0000E3E6F6A
:10518200000E3F6F000E406F3F0E416F4EC6DDF5C1
:105192004FC6DEF550C6DFF551C6E0F53EC6D9F57D
:1051A2003FC6DAF540C6DBF541C6DCF5EEEC2CF085
:1051B200D9C524F6DAC525F6DBC526F6DCC527F601
:1051C20073EC53F006012451CF272551D023000E52
:1051D200186F000E196F480E1A6F450E1B6FCFC65F
:1051E20099F5D0C69AF50501000E9ABFFF0E9B6F86
:1051F2009C6F010EEAEC48F099C514F69AC515F6B3
:105202009BC516F69CC517F698EC50F014C620F60E
:1052120015C621F616C622F617C623F6000E06019B
:105222001C6F000E1D6F000E1E6F000E1F6F2CEC08
:1052320051F01CC624F61DC625F61EC626F61FC64C
:1052420027F673EC53F024C6CFF625C6D0F6CFC6A8
:1052520028F6D0C629F6BAEF29F028C6D9F429C60D
:10526200DAF4020EDE18D8A439EF29F03BEF29F068
:10527200BAEF29F0060151BF43EF29F041EF29F0BF
:105282004DEF29F0000E426F000E436F000E446F87
:10529200BF0E456F55EF29F0000E426F000E436FAF
:1052A200000E446F3F0E456F4EC6DDF54FC6DEF56C
:1052B20050C6DFF551C6E0F542C6D9F543C6DAF568
:1052C20044C6DBF545C6DCF5EEEC2CF0D9C524F678
:1052D200DAC525F6DBC526F6DCC527F673EC53F0F6
:1052E20006012451CD272551CE23000E186F000E42
:1052F200196F480E1A6F450E1B6FCDC699F5CEC6B3
:105302009AF50501000E9ABFFF0E9B6F9C6F010E6E
:10531200EAEC48F099C514F69AC515F69BC516F63F
:105322009CC517F698EC50F014C620F615C621F667
:1053320016C622F617C623F6000E06011C6F000ED3
:105342001D6F000E1E6F000E1F6F2CEC51F01CC65D
:1053520024F61DC625F61EC626F61FC627F673ECD2
:1053620053F024C6CDF625C6CEF6CDC628F6CEC657
:1053720029F6120004C742F605C743F606C744F6EB
:1053820007C745F608C642F609C643F60AC644F6FA
:105392000BC645F6000E0601296F000E286F455117
:1053A20009E1800E445DD8A0D9EF29F0DBEF29F0A6
:1053B200E2EF29F045AFE0EF29F0E2EF29F049EF03
:1053C2002AF0D89042350501E96F060143350501FF
:1053D200EA6F060144350501EB6F0601453505010B
:1053E200EC6FE951EA11EB11EC11D8A4FBEF29F0B3
:1053F200FDEF29F010EF2AF0000E0601426F000EB9
:10540200436F800E446FFF0E456F42C608F643C6D7
:1054120009F644C60AF645C60BF6EDEF2CF0060176
:1054220045AF16EF2AF018EF2AF028EF2AF0000E07
:105432000701766F210E756FFF0E0601426FFF0E98
:10544200436FFF0E446F7F0E456F06EF2AF0E70EA3
:105452002827FF0E292342C6A7F543C6A8F544C64E
:10546200A9F545C6AAF5000E0501AB6F000EAC6F9B
:10547200000EAD6F4C0EAE6F9BEC31F0A7C542F63D
:10548200A8C543F6A9C544F6AAC545F676EF2AF0A3
:10549200800E445D7F0E4559D8A052EF2AF054EF9A
:1054A2002AF05EEF2AF008C608F609C609F60AC60F
:1054B2000AF60BC60BF6EDEF2CF0800E441909E14B
:1054C2003F0E451942114311D8A46AEF2AF06CEF3E
:1054D2002AF076EF2AF0000E086F000E096F000E18
:1054E2000A6F000E0B6FEDEF2CF00D0E0601422736
:1054F200FB0E43234A0E4423000E452342C6E9F520
:1055020043C6EAF544C6EBF545C6ECF5180E90EF36
:105512002AF00501D890EC33EB33EA33E933E82E75
:105522008AEF2AF0810EE925ED6FFF0EEA21EE6F78
:10553200ED51060128270501EE5106012923FF0E30
:1055420042150501E96FFF0E060143150501EA6FD9
:105552007F0E060144150501EB6F000E060145158D
:105562000501EC6FF30EE9250601426F040E0501F9
:10557200EA210601436F350E0501EB210601446F56
:105582003F0E0501EC210601456F42C600F643C6F7
:1055920001F644C602F645C603F6000E046F000E7D
:1055A200056F800E066F3F0E076F01EC67F000C6B5
:1055B20042F601C643F602C644F603C645F642C6A3
:1055C200C0F543C6C1F544C6C2F545C6C3F5000ED3
:1055D2000501DD6F000EDE6F000EDF6F400EE06F23
:1055E20042C6D9F543C6DAF544C6DBF545C6DCF555
:1055F200EEEC2CF0D9C5C4F5DAC5C5F5DBC5C6F5A8
:10560200DCC5C7F59EEC37F0C0C532F6C1C533F62E
:10561200C2C534F6C3C535F632C6A7F533C6A8F5FA
:1056220034C6A9F535C6AAF532C6ABF533C6ACF514
:1056320034C6ADF535C6AEF59BEC31F0A7C536F6EE
:10564200A8C537F6A9C538F6AAC539F636C6A7F5EC
:1056520037C6A8F538C6A9F539C6AAF536C6ABF5D8
:1056620037C6ACF538C6ADF539C6AEF59BEC31F0B0
:10567200A7C53AF6A8C53BF6A9C53CF6AAC53DF6AC
:10568200130E0501DD6FCE0EDE6FCC0EDF6F3E0E08
:10569200E06F260EAB6F9E0EAC6F780EAD6F3E0EB6
:1056A200AE6F3AC6A7F53BC6A8F53CC6A9F53DC6FE
:1056B200AAF59BEC31F0A7C5D9F5A8C5DAF5A9C5BD
:1056C200DBF5AAC5DCF5EEEC2CF0D9C53EF6DAC561
:1056D2003FF6DBC540F6DCC541F63EC6A7F53FC640
:1056E200A8F540C6A9F541C6AAF53AC6ABF53BC630
:1056F200ACF53CC6ADF53DC6AEF59BEC31F0A7C5A9
:1057020010F6A8C511F6A9C512F6AAC513F6AA0E77
:105712000501DD6FAA0EDE6F2A0EDF6F3F0EE06F0E
:10572200EE0EAB6FE90EAC6F910EAD6F3E0EAE6F2B
:105732003AC6A7F53BC6A8F53CC6A9F53DC6AAF5EB
:105742009BEC31F0A7C5D9F5A8C5DAF5A9C5DBF5FB
:10575200AAC5DCF5EEEC2CF0D9C53EF6DAC53FF66B
:10576200DBC540F6DCC541F63EC6A7F53FC6A8F547
:1057720040C6A9F541C6AAF536C6ABF537C6ACF5A3
:1057820038C6ADF539C6AEF59BEC31F0A7C514F6B7
:10579200A8C515F6A9C516F6AAC517F614C6D9F5F1
:1057A20015C6DAF516C6DBF517C6DCF510C6DDF54B
:1057B20011C6DEF512C6DFF513C6E0F5EEEC2CF0ED
:1057C200D9C50CF6DAC50DF6DBC50EF6DCC50FF64B
:1057D200000E0501AB6F000EAC6F000EAD6F3F0EF9
:1057E200AE6F42C6A7F543C6A8F544C6A9F545C69D
:1057F200AAF59BEC31F0A7C53EF6A8C53FF6A9C5B0
:1058020040F6AAC541F63EC6A7F53FC6A8F540C672
:10581200A9F541C6AAF542C6ABF543C6ACF544C6E6
:10582200ADF545C6AEF59BEC31F0A7C52AF6A8C585
:105832002BF6A9C52CF6AAC52DF628C699F529C6B8
:105842009AF50501000E9ABFFF0E9B6F9C6F010E29
:10585200EAEC48F099C52EF69AC52FF69BC530F6AC
:105862009CC531F632C6ABF533C6ACF534C6ADF5E0
:1058720035C6AEF50CC6DDF50DC6DEF50EC6DFF596
:105882000FC6E0F52AC6D9F52BC6DAF52CC6DBF52C
:105892002DC6DCF5EEEC2CF0D9C5A7F5DAC5A8F5D6
:1058A200DBC5A9F5DCC5AAF59BEC31F0A7C518F656
:1058B200A8C519F6A9C51AF6AAC51BF6D10E050187
:1058C200AB6FF70EAC6F170EAD6F370EAE6F2EC605
:1058D200A7F52FC6A8F530C6A9F531C6AAF59BECE7
:1058E20031F0A7C5DDF5A8C5DEF5A9C5DFF5AAC566
:1058F200E0F518C6D9F519C6DAF51AC6DBF51BC6E6
:10590200DCF5EEEC2CF0D9C51CF6DAC51DF6DBC5CC
:105912001EF6DCC51FF62AC604F62BC605F62CC6F3
:1059220006F62DC607F61CC600F61DC601F61EC6F3
:1059320002F61FC603F601EC67F000C620F601C6A8
:1059420021F602C622F603C623F642C6DDF543C699
:10595200DEF544C6DFF545C6E0F520C6D9F521C619
:10596200DAF522C6DBF523C6DCF5EEEC2CF0D9C560
:1059720024F6DAC525F6DBC526F6DCC527F624C6ED
:10598200D9F525C6DAF526C6DBF527C6DCF5800E85
:105992000501AB6F710EAC6F310EAD6F3F0EAE6F86
:1059A2002EC6A7F52FC6A8F530C6A9F531C6AAF5A9
:1059B2009BEC31F0A7C5DDF5A8C5DEF5A9C5DFF57D
:1059C200AAC5E0F5EEEC2CF0D9C508F6DAC509F661
:1059D200DBC50AF6DCC50BF612000501DC51800BB3
:1059E200E56FDC51DC25E76FDBAFFAEF2CF0FCEF63
:1059F2002CF0FDEF2CF0E781E751D8B403EF2DF046
:105A020005EF2DF019EF2DF0E729D8A40BEF2DF0BB
:105A12000DEF2DF015EF2DF0000ED96F000EDA6F9D
:105A2200000EDB6F000EDC6FDB8FDC6B21EF2DF0E5
:105A3200000ED96F000EDA6F000EDB6F000EDC6F06
:105A4200E051800BE66FE551E619D8B42BEF2DF04B
:105A52002DEF2DF02EEF2DF0E58DE051E025E66FD4
:105A6200DFAF36EF2DF038EF2DF039EF2DF0E68174
:105A7200E651D8B43FEF2DF041EF2DF055EF2DF068
:105A8200E629D8A447EF2DF049EF2DF051EF2DF084
:105A9200000EDD6F000EDE6F000EDF6F000EE06F96
:105AA200DF8FE06B5DEF2DF0000EDD6F000EDE6F1D
:105AB200000EDF6F000EE06FE751E65DD8B064EFD5
:105AC2002DF066EF2DF08DEF2DF0E5AD6BEF2DF0A3
:105AD2006DEF2DF06FEF2DF0800EE51BE7C5E8F5B9
:105AE200E6C5E7F5E8C5E6F5D9C5E8F5DDC5D9F5BA
:105AF200E8C5DDF5DAC5E8F5DEC5DAF5E8C5DEF5B7
:105B0200DBC5E8F5DFC5DBF5E8C5DFF5DCC5E8F5A3
:105B1200E0C5DCF5E8C5E0F5E86BE751E6C5E1F57F
:105B2200E26BE15F000EE25BE2BFA1EF2DF0E2511A
:105B320009E11A0EE15DD8A0A1EF2DF0A3EF2DF03F
:105B4200DAEF2DF0D951DA11DB11DC11D8A4ACEF68
:105B52002DF0AFEF2DF0010EB0EF2DF0000EE86F3B
:105B6200000ED96F000EDA6F000EDB6F000EDC6FD5
:105B7200E6C5E7F5E3EF2DF0E8A1C2EF2DF0C4EFA3
:105B82002DF0CAEF2DF0D890E8310109E86FCCEF83
:105B92002DF0D890E833D9A1D1EF2DF0D3EF2DF02D
:105BA200D4EF2DF0E88FDC35DC33DB33DA33D93355
:105BB200E72BE651E75DD8A0E1EF2DF0E3EF2DF002
:105BC200BDEF2DF0E5BDE8EF2DF0EAEF2DF02AEF65
:105BD2002EF0E751D8A4F0EF2DF0F2EF2DF0FCEF0C
:105BE2002DF0000ED96F000EDA6F000EDB6F000E83
:105BF200DC6F49EF2FF0DD51D927DE51DA23DF5177
:105C0200DB23E051DC23DCA109EF2EF00BEF2EF0B9
:105C1200B7EF2EF0E8A110EF2EF012EF2EF018EFF2
:105C22002EF0D890E8310109E86F1AEF2EF0D890E3
:105C3200E833D9A11FEF2EF021EF2EF022EF2EF044
:105C4200E88FDC35DC33DB33DA33D933E72BB7EFDC
:105C52002EF0DD51D95DDE51DA59DF51DB59DC51CD
:105C6200800AE16FE051800AE159D8B03BEF2EF093
:105C72003DEF2EF068EF2EF0D951DD5DE16FDA5184
:105C8200DE59E26FDB51DF59E36FDC51E059E46F1B
:105C9200FF0EE125D96FFF0EE221DA6FFF0EE3213D
:105CA200DB6FFF0EE421DC6F800EE51BE86DE8512F
:105CB200D8A45EEF2EF060EF2EF070EF2EF0010E02
:105CC200D927000EDA23DB23DC2370EF2EF0DD511F
:105CD200D95FDE51DA5BDF51DB5BE051DC5BD9512E
:105CE200DA11DB11DC11D8A479EF2EF07BEF2EF064
:105CF200B0EF2EF0E851D8A481EF2EF083EF2EF012
:105D0200B0EF2EF0000ED96F000EDA6F000EDB6FCF
:105D1200000EDC6F49EF2FF0D890D937DA37DB3736
:105D2200DC37E8AF97EF2EF099EF2EF09AEF2EF0D6
:105D3200D981E8A19FEF2EF0A1EF2EF0A5EF2EF072
:105D4200D880E837A7EF2EF0D890E837E751D8B4DB
:105D5200ADEF2EF0AFEF2EF0B0EF2EF0E707DBAF96
:105D6200B5EF2EF0B7EF2EF08DEF2EF0E66BE8AF29
:105D7200BDEF2EF0BFEF2EF0D7EF2EF0E8C5E1F524
:105D82007F0EE117D8B4C8EF2EF0CAEF2EF0CEEF97
:105D92002EF0010EE66FD7EF2EF0D9A1D3EF2EF041
:105DA200D5EF2EF0D7EF2EF0CAEF2EF0E651D8B491
:105DB200DDEF2EF0DFEF2EF00AEF2FF0010ED927E4
:105DC200000EDA23DB23DC23DCA1EAEF2EF0ECEF7A
:105DD2002EF00AEF2FF0D9C5E1F5DAC5E2F5DBC501
:105DE200E3F5DCC5E4F5E435E433E333E233E133F0
:105DF200E1C5D9F5E2C5DAF5E3C5DBF5E4C5DCF5C5
:105E0200E729D8B407EF2FF009EF2FF00AEF2FF0B0
:105E1200E72BE729D8B410EF2FF012EF2FF01AEF8B
:105E22002FF0E751D8A418EF2FF01AEF2FF02BEF35
:105E32002FF0000ED96F000EDA6F000EDB6F000E2E
:105E4200DC6FE751D8A428EF2FF02AEF2FF02BEFC9
:105E52002FF0E56BE7A130EF2FF032EF2FF035EFA7
:105E62002FF0DB8F36EF2FF0DB9FD890E731DC6F1E
:105E7200E5AF3EEF2FF040EF2FF041EF2FF0DC8F38
:105E8200D9C5D9F5DAC5DAF5DBC5DBF5DCC5DCF554
:105E920012000601396F1C0E06013919D8A454EFFD
:105EA2002FF056EF2FF078EF30F0010EE0655CEF47
:105EB2002FF05EEF2FF078EF30F0000E0501C46F87
:105EC200000EC56F7A0EC66F440EC76F1C0E19EC1A
:105ED20046F005016CC599F56DC59AF59B6B9C6BF7
:105EE200000EEAEC48F099C5C0F59AC5C1F59BC50C
:105EF200C2F59CC5C3F59EEC37F0C0C5A7F5C1C578
:105F0200A8F5C2C5A9F5C3C5AAF5000E0501AB6F78
:105F1200000EAC6F110EAD6F430EAE6F9BEC31F005
:105F2200A7C53EF6A8C53FF6A9C540F6AAC541F6E3
:105F3200160E07EC3EF014C63AF615C63BF616C628
:105F42003CF617C63DF63EC6ABF53FC6ACF540C6BD
:105F5200ADF541C6AEF53AC6A7F53BC6A8F53CC6B7
:105F6200A9F53DC6AAF59BEC31F0A7C5C0F5A8C5B9
:105F7200C1F5A9C5C2F5AAC5C3F5000E0501C46FD6
:105F8200000EC56F7A0EC66F440EC76F9EEC37F0D7
:105F9200C0C531F6C1C532F6C2C533F6C3C534F643
:105FA200000E06010C6F000E0D6FF00E0E6F410E0B
:105FB2000F6F3EC610F63FC611F640C612F641C636
:105FC20013F603EC50F00601D8A0EAEF2FF0ECEF45
:105FD2002FF0F5EF2FF0010EDE6F000E0501F26FCC
:105FE200020EF16F9AEF31F03EC60CF63FC60DF687
:105FF20040C60EF641C60FF6000E106F800E116FEE
:10600200090E126F440E136F03EC50F00601D8B064
:106012000DEF30F00FEF30F029EF30F0000E0C6F83
:10602200000E0D6F160E0E6F430E0F6F3EC610F66A
:106032003FC611F640C612F641C613F603EC50F005
:106042000601D8A027EF30F029EF30F032EF30F020
:10605200020EDE6F000E0501F26F010EF16F9AEF74
:1060620031F0CD0E0501AB6FCC0EAC6F8C0EAD6F67
:106072003F0EAE6FD5C699F5D6C69AF59B6B9C6B53
:10608200000EEAEC48F099C5A7F59AC5A8F59BC59C
:10609200A9F59CC5AAF59BEC31F0A7C50CF6A8C5DD
:1060A2000DF6A9C50EF6AAC50FF631C610F632C610
:1060B20011F633C612F634C613F603EC50F006019D
:1060C200D8B066EF30F068EF30F071EF30F0030EC9
:1060D200DE6F000E0501F26F020EF16F9AEF31F0E2
:1060E200000E0501F26F000EF16F9AEF31F0110E02
:1060F2003919D8A47FEF30F081EF30F071EF30F032
:10610200010EDF6587EF30F089EF30F071EF30F08C
:10611200000E0501C46F000EC56F7A0EC66F440EE5
:10612200C76F110E19EC46F005016CC599F56DC5E6
:106132009AF59B6B9C6B000EEAEC48F099C5C0F592
:106142009AC5C1F59BC5C2F59CC5C3F59EEC37F057
:10615200C0C5A7F5C1C5A8F5C2C5A9F5C3C5AAF5AD
:10616200000E0501AB6F000EAC6F110EAD6F430E4A
:10617200AE6F9BEC31F0A7C542F6A8C543F6A9C5A0
:1061820044F6AAC545F6040E07EC3EF014C63AF6EC
:1061920015C63BF616C63CF617C63DF642C6ABF52B
:1061A20043C6ACF544C6ADF545C6AEF53AC6A7F54D
:1061B2003BC6A8F53CC6A9F53DC6AAF59BEC31F055
:1061C200A7C5C0F5A8C5C1F5A9C5C2F5AAC5C3F53D
:1061D200000E0501C46F000EC56F7A0EC66F440E25
:1061E200C76F9EEC37F0C0C535F6C1C536F6C2C5DD
:1061F20037F6C3C538F6000E06010C6F000E0D6FA0
:10620200A00E0E6F410E0F6F42C610F643C611F676
:1062120044C612F645C613F603EC50F00601D8A0A8
:1062220015EF31F017EF31F020EF31F0040EDE6F91
:10623200000E0501F26F020EF16F9AEF31F042C6C5
:106242000CF643C60DF644C60EF645C60FF6000E12
:10625200106F000E116F960E126F430E136F03EC48
:1062620050F00601D8B038EF31F03AEF31F054EF88
:1062720031F0000E0C6F000E0D6F480E0E6F420EC5
:106282000F6F42C610F643C611F644C612F645C653
:1062920013F603EC50F00601D8A052EF31F054EFA0
:1062A20031F05DEF31F0050EDE6F000E0501F26F89
:1062B200010EF16F9AEF31F0CD0E0501AB6FCC0EEE
:1062C200AC6F8C0EAD6F3F0EAE6FD3C699F5D4C6D0
:1062D2009AF59B6B9C6B000EEAEC48F099C5A7F50A
:1062E2009AC5A8F59BC5A9F59CC5AAF59BEC31F00A
:1062F200A7C50CF6A8C50DF6A9C50EF6AAC50FF6D8
:1063020035C610F636C611F637C612F638C613F67B
:1063120003EC50F00601D8B091EF31F093EF31F079
:1063220071EF30F0060EDE6F000E0501F26F020E05
:10633200F16F12000501AA51800BB36FAA51AA2571
:10634200B96FA9AFA7EF31F0A9EF31F0AAEF31F0A1
:10635200B981B951D8B4B0EF31F0B2EF31F0C5EF35
:1063620031F0B929D8A4B8EF31F0BAEF31F0C2EF69
:1063720031F0000EA76F000EA86F000EA96F000E7D
:10638200AA6FA98FCDEF31F0000EA76F000EA86F94
:10639200000EA96F000EAA6FAE51800BB31BAE5157
:1063A200AE25B46FADAFD8EF31F0DAEF31F0DBEFFD
:1063B20031F0B481B451D8B4E1EF31F0E3EF31F010
:1063C200F6EF31F0B429D8A4E9EF31F0EBEF31F078
:1063D200F3EF31F0000EAB6F000EAC6F000EAD6F3D
:1063E200000EAE6FAD8FFEEF31F0000EAB6F000E00
:1063F200AC6F000EAD6F000EAE6FB451D8B404EFA7
:1064020032F006EF32F00EEF32F0B951D8A40CEFB1
:1064120032F00EEF32F018EF32F0000EA76F000EDE
:10642200A86F000EA96F000EAA6FAEEF33F0AD5148
:10643200A703F3C4BEF5F4C4BFF5BE51B56FB66B86
:10644200B76BB86BBF51BA6FBB6BBC6BBD6BAC515A
:10645200A803F3C4BEF5F4C4BFF5BE51B527000EC0
:10646200B623B723B823BF51BA27000EBB23BC23E0
:10647200BD23AB51A903F3C4BEF5F4C4BFF5BE51AD
:10648200B527000EB623B723B823BF51BA27000E93
:10649200BB23BC23BD23B7C5B8F5B6C5B7F5B5C593
:1064A200B6F5B56BAB51A803F3C4BEF5F4C4BFF5A2
:1064B200BE51B527BF51B623000EB723000EB82335
:1064C200AC51A703F3C4BEF5F4C4BFF5BE51B52762
:1064D200BF51B623000EB723000EB823B7C5B8F5D7
:1064E200B6C5B7F5B5C5B6F5B56BAB51A703F3C4E1
:1064F200BEF5F4C4BFF5BE51B527BF51B623000E99
:10650200B723000EB823AD51A803F3C4BEF5F4C4FB
:10651200BFF5BE51BA27BF51BB23000EBC23000EEC
:10652200BD23AC51A903F3C4BEF5F4C4BFF5BE51FB
:10653200BA27BF51BB23000EBC23000EBD23AD51B1
:10654200A903F3C4BEF5F4C4BFF5BE51AF6FBF518A
:10655200B06FB16BB26BB1C5B2F5B0C5B1F5AFC535
:10656200B0F5AF6BAF51BA27B051BB23B151BC23C9
:10657200B251BD23B5C5AFF5B6C5B0F5B7C5B1F5D6
:10658200B8C5B2F5190ECBEF32F0D890B233B133B1
:10659200B033AF33E82EC6EF32F0AF51BA27B05165
:1065A200BB23B151BC23B251BD23B7C5B8F5B6C5A3
:1065B200B7F5B5C5B6F5B56BB451B9C5AFF5B06BA6
:1065C200AF27000EB023820EAF25BE6FFF0EB021A3
:1065D200BF6F01EF33F0D890BA37BB37BC37BD3746
:1065E200B8AFF6EF32F0F8EF32F0F9EF32F0BA81ED
:1065F200D890B537B637B737B837BE07D8A0BF0778
:10660200BCAF06EF33F008EF33F0ECEF32F0B46BCF
:10661200B8AF0EEF33F010EF33F034EF33F0FF0E7C
:10662200B515AF6FFF0EB615B06FFF0EB715B16F90
:106632007F0EB815B26FAF51B011B111B211D8B40B
:1066420025EF33F027EF33F02BEF33F0010EB46F69
:1066520034EF33F0BAA130EF33F032EF33F034EFEE
:1066620033F027EF33F0B451D8B43AEF33F03CEFC4
:1066720033F060EF33F0010EBA27000EBB23BC23C8
:10668200BD23BDA147EF33F049EF33F060EF33F0A4
:10669200BAC5AFF5BBC5B0F5BCC5B1F5BDC5B2F560
:1066A200B235B233B133B033AF33AFC5BAF5B0C5DB
:1066B200BBF5B1C5BCF5B2C5BDF5BE4BBF2BBFBF67
:1066C2006BEF33F0BF5108E1BE29D8A06BEF33F076
:1066D2006DEF33F077EF33F0000EBA6F000EBB6F41
:1066E200800EBC6F7F0EBD6FA4EF33F0BFBF84EF8F
:1066F20033F0BF5106E1BE05D8B082EF33F084EF2C
:1067020033F08FEF33F0000EBA6F000EBB6F000E46
:10671200BC6F000EBD6FB36BA4EF33F0BEC5B9F50D
:10672200FF0EBA17FF0EBB177F0EBC17000EBD1768
:10673200B9A19EEF33F0A0EF33F0A1EF33F0BC8F9D
:10674200D890B931BD6FB351BD13BAC5A7F5BBC55A
:10675200A8F5BCC5A9F5BDC5AAF512005FC6D9F456
:1067620060C6DAF4DEC4F6F4DDC4F7F4000EF86EA7
:106772000800F550250AD8A4C1EF33F0C3EF33F077
:10678200A7EF35F05FC6D9F460C6DAF4DE2A000E50
:10679200DD22000E0601CA6F000EC96FC9C6D7F608
:1067A200CB69CC69656BF6EF33F0D7835FC6D9F45A
:1067B20060C6DAF4DE2A000EDD22F6EF33F0010EB7
:1067C200656FF6EF33F05FC6D9F460C6DAF4DEC463
:1067D200F6F4DDC4F7F4000EF86E0800F550300A46
:1067E200D8B4D6EF33F0E0EF33F06551D8B4FCEF14
:1067F20033F0FEEF33F0E4EF33F05FC664F560C6CA
:1068020065F561C666F562C667F5C3EC58F064C506
:10681200C9F665C5CAF60601CABF14EF34F012EF15
:1068220034F019EF34F0D781C96DCA1FD8B0CA2B22
:106832005FC6D9F460C6DAF4DEC4F6F4DDC4F7F458
:10684200000EF86E0800F5502E0AD8A42BEF34F093
:106852002DEF34F042EF34F05FC6D9F460C6DAF4BB
:10686200DE2A000EDD225FC664F560C665F561C6EC
:1068720066F562C667F5C3EC58F064C5CBF665C52C
:10688200CCF65FC6D9F460C6DAF4DEC46BF6DDC4BA
:106892006CF66BC6F6F46CC6F7F4000EF86E0800E0
:1068A200F550640AD8B458EF34F05AEF34F06AEF76
:1068B20034F06BC6F6F46CC6F7F4000EF86E0800FE
:1068C200F550690AD8A468EF34F06AEF34F099EF12
:1068D20034F061C6D9F462C6DAF4DFC463F6020E9C
:1068E200DE26DFC464F6000EDD2263C6D9F464C678
:1068F200DAF4DEC467F6DDC468F6010E06016B2524
:10690200636F000E6C21646F5FC6D9F460C6DAF45F
:1069120063C6DEF464C6DDF45DC681F55EC682F54B
:1069220067C683F568C684F508EC48F0BEEF35F01B
:106932006BC6F6F46CC6F7F4000EF86E0800F5505C
:10694200580AD8A4A7EF34F0A9EF34F0E8EF34F0F6
:1069520061C6D9F462C6DAF4DFC463F6020EDE263B
:10696200DFC464F6000EDD2263C6D9F464C6DAF42D
:10697200DEC467F6DDC468F6010E06016B25636F9F
:10698200000E6C21646F5FC6D9F460C6DAF463C688
:10699200DEF464C6DDF4DAEF34F05DC681F55EC67E
:1069A20082F567C683F568C684F526EC4EF0BEEF25
:1069B20035F06BC6F6F46CC6F7F4000EF86E0800FC
:1069C200F550580AD8B4CEEF34F0E8EF34F05FC691
:1069D200D9F460C6DAF4DEC46BF6DDC46CF66BC6BD
:1069E200F6F46CC6F7F4000EF86E0800F5C466F60D
:1069F20006EF35F06B4B6C2B16EF35F06C0E666FB5
:106A020016EF35F0666B16EF35F0060166514C0A4B
:106A1200D8B4FBEF34F02A0AD8B4FFEF34F00A0AF4
:106A2200D8B4FBEF34F003EF35F06BC6F6F46CC666
:106A3200F7F4000EF86E0800F550660AD8A424EFA9
:106A420035F026EF35F09EEF35F05CEF35F061C69C
:106A5200D9F462C6DAF4DFC463F6040EDE26DFC4BC
:106A620064F6000EDD2263C6D9F464C6DAF4DEC42D
:106A720067F6DEC468F6DEC469F6DEC46AF667EF5E
:106A820035F061C6D9F462C6DAF4DFC463F6040EE7
:106A9200DE26DFC464F6000EDD2263C6D9F464C6C6
:106AA200DAF4DEC467F6DEC468F6DEC469F6DEC474
:106AB2006AF667EF35F066514C0AD8B442EF35F00A
:106AC200200AD8B428EF35F067EF35F0010E6B25B8
:106AD200636F000E6C21646F5FC6D9F460C6DAF48E
:106AE20063C6DEF464C6DDF490EF35F05DC628F6C9
:106AF2005EC629F667C62AF668C62BF669C62CF664
:106B02006AC62DF66BC6F6F46CC6F7F4000EF86E84
:106B12000800F5C42EF629EC1FF0BEEF35F06BC667
:106B2200F6F46CC6F7F4000EF86E0800F550660A2B
:106B3200D8B477EF35F09EEF35F05FC6D9F460C672
:106B4200DAF4DE2A000EDD22BEEF35F05FC6D9F49C
:106B520060C6DAF4DEC4F6F4DDC4F7F4000EF86EB3
:106B62000800F5500501686F696B5DC66AF55EC67F
:106B72006BF52AEC59F09EEF35F012000601145124
:106B82001511D8A4C7EF35F0C9EF35F0D3EF35F0C2
:106B9200000E146F000E156F000E166F000E176FA9
:106BA2009DEF37F04DEC6DF064C526F665C527F60E
:106BB20066C528F667C529F6060120EE08F01451CD
:106BC200D9261551DA22DEC464F5DEC465F5DEC4C9
:106BD20066F5DEC467F516C668F517C669F518C608
:106BE2006AF519C66BF5A4EC5DF00501D8B0FCEFAF
:106BF20035F0FEEF35F08DEF36F0060120EE08F0AD
:106C02001451D9261551DA2216C6DEF417C6DEF45F
:106C120018C6DEF419C6DEF414C6D9F415C6DAF4C1
:106C2200DEC40CF6DEC40DF6DEC40EF6DEC40FF6CC
:106C320016C610F617C611F618C612F619C613F6BE
:106C420003EC50F00601D8B029EF36F02BEF36F006
:106C52005BEF36F014C6D9F415C6DAF410EE04F080
:106C62001451E1261551E222DEC4E6F4DEC4E6F454
:106C7200DEC4E6F4DEC4E6F420EE0CF01451D926AC
:106C82001551DA2226C6DEF427C6DEF428C6DEF463
:106C920029C6DEF420EE10F01451D9261551DA225D
:106CA2001AC6DEF41BC6DEF41CC6DEF41DC6DEF414
:106CB2008DEF36F020EE04F01451D9261551DA2268
:106CC20016C6DEF417C6DEF418C6DEF419C6DEF404
:106CD20014C6D9F415C6DAF416C6DEF417C6DEF405
:106CE20018C6DEF419C6DEF420EE0CF01451D926D3
:106CF2001551DA2226C6DEF427C6DEF428C6DEF4F3
:106D020029C6DEF420EE10F01451D9261551DA22EC
:106D1200DE6ADE6ADE6ADD6A060120EE10F01451D8
:106D2200D9261551DA22DE50DE10DE10DE10D8A48C
:106D32009DEF36F09FEF36F0ADEF36F014C6D9F482
:106D420015C6DAF4DEC414F6DEC415F6DEC416F691
:106D5200DEC417F69DEF37F020EE0CF01451D92661
:106D62001551DA22DEC468F5DEC469F5DEC46AF5BF
:106D7200DEC46BF5C7EC60F068C52AF669C52BF670
:106D82006AC52CF66BC52DF6060120EE10F01451E3
:106D9200D9261551DA22DE502A5DDE502B59DE50FB
:106DA2002C59DE502D59D8A0D9EF36F0DBEF36F052
:106DB200FBEF36F020EE08F01451D9261551DA22F5
:106DC20014C6E1F415C6E2F4DEC4E6F4DEC4E6F469
:106DD200DEC4E6F4DEC4E6F414C6D9F415C6DAF469
:106DE200DEC414F6DEC415F6DEC416F6DEC417F6EB
:106DF2009DEF37F02AC699F52BC69AF52CC69BF55E
:106E02002DC69CF5000EEAEC48F099C5C0F59AC56E
:106E1200C1F59BC5C2F59CC5C3F5060120EE10F075
:106E22001451D9261551DA22DEC499F5DEC49AF539
:106E3200DEC49BF5DEC49CF5000EEAEC48F099C571
:106E4200C4F59AC5C5F59BC5C6F59CC5C7F59EECAC
:106E520037F0C0C51EF6C1C51FF6C2C520F6C3C5B0
:106E620021F61EC6ABF51FC6ACF520C6ADF521C690
:106E7200AEF5060120EE04F01451D9261551DA229E
:106E8200DEC404F6DEC405F6DEC406F6DEC407F68A
:106E920020EE08F01451D9261551DA22DEC400F68C
:106EA200DEC401F6DEC402F6DEC403F601EC67F0CE
:106EB20000C6A7F501C6A8F502C6A9F503C6AAF53C
:106EC2009BEC31F0A7C522F6A8C523F6A9C524F686
:106ED200AAC525F622C6D9F523C6DAF524C6DBF5FE
:106EE20025C6DCF5060120EE04F01451D926155111
:106EF200DA22DEC4DDF5DEC4DEF5DEC4DFF5DEC493
:106F0200E0F5EEEC2CF014C6D9F415C6DAF405015E
:106F1200D9C5DEF4DAC5DEF4DBC5DEF4DCC5DEF4A9
:106F220014C6D9F415C6DAF4DEC414F6DEC415F6B6
:106F3200DEC416F6DEC417F612000501C351800B3B
:106F4200D06FC351C325D76FC2AFAAEF37F0ACEFF2
:106F520037F0ADEF37F0D781D751D8B4B3EF37F070
:106F6200B5EF37F0C9EF37F0D729D8A4BBEF37F028
:106F7200BDEF37F0C5EF37F0000EC06F000EC16FE6
:106F8200000EC26F000EC36FC28FC36BD1EF37F01A
:106F9200000EC06F000EC16F000EC26F000EC36FF5
:106FA200C751800BD01BC751C725D86FC6AFDCEFC6
:106FB20037F0DEEF37F0DFEF37F0D881D851D8B4B1
:106FC200E5EF37F0E7EF37F0FBEF37F0D829D8A439
:106FD200EDEF37F0EFEF37F0F7EF37F0000EC46F59
:106FE200000EC56F000EC66F000EC76FC68FC76B4F
:106FF20003EF38F0000EC46F000EC56F000EC66FAF
:10700200000EC76FC451C511C611C711D8A40CEF29
:1070120038F00EEF38F026EF38F0000EC06F000E99
:10702200C16F000EC26F000EC36F800EC2137F0EBF
:10703200C313D051C313C0C5C0F5C1C5C1F5C2C584
:10704200C2F5C3C5C3F566EF39F0D751D8A42CEF0A
:1070520038F02EEF38F038EF38F0000EC06F000E27
:10706200C16F000EC26F000EC36F66EF39F0D851C8
:10707200D7C5C8F5C96BC85F000EC95B7F0EC825AE
:10708200D16F000EC921D26FC0C5CCF5C1C5CDF5F7
:10709200C2C5CEF5C3C5CFF5000EC06F000EC16FDD
:1070A200000EC26F000EC36F000ED36F000ED46FBE
:1070B200000ED56F000ED66FD86B98EF38F0D8510E
:1070C200D8B466EF38F068EF38F07FEF38F0D89038
:1070D200CC37CD37CE37CF37D890C037C137C2374C
:1070E200C337D6AF77EF38F079EF38F07AEF38F070
:1070F200C081D890D337D437D537D637C451CC5D79
:10710200C551CD59C651CE59C751CF59D8A08CEFD0
:1071120038F08EEF38F097EF38F0D68DC451CC5F4F
:10712200C551CD5BC651CE5BC751CF5BD82B190E73
:10713200D8659EEF38F0A0EF38F060EF38F0CC5110
:10714200CD11CE11CF11D8B4A9EF38F0ABEF38F092
:10715200C3EF38F0D381C3EF38F0D890C037C137CE
:10716200C237C337D6AFB8EF38F0BAEF38F0BBEF5B
:1071720038F0C081D890D337D437D537D637D10736
:10718200D8A0D207C2AFC8EF38F0CAEF38F0AEEFDE
:1071920038F0D86BD6AFD0EF38F0D2EF38F0F6EF48
:1071A20038F0FF0ED315C86FFF0ED415C96FFF0E4E
:1071B200D515CA6F7F0ED615CB6FC851C911CA112A
:1071C200CB11D8B4E7EF38F0E9EF38F0EDEF38F053
:1071D200010ED86FF6EF38F0C0A1F2EF38F0F4EFFD
:1071E20038F0F6EF38F0E9EF38F0D851D8B4FCEFC8
:1071F20038F0FEEF38F022EF39F0010EC027000E12
:10720200C123C223C323C3A109EF39F00BEF39F025
:1072120022EF39F0C0C5C8F5C1C5C9F5C2C5CAF566
:10722200C3C5CBF5CB35CB33CA33C933C833C8C595
:10723200C0F5C9C5C1F5CAC5C2F5CBC5C3F5D14BA9
:10724200D22BD2BF2DEF39F0D25108E1D129D8A0EB
:107252002DEF39F02FEF39F03AEF39F0000ED26FFF
:10726200D169000EC06F000EC16F000EC26F000E1A
:10727200C36FD2BF47EF39F0D25106E1D105D8B082
:1072820045EF39F047EF39F054EF39F0000ED26F85
:10729200000ED16F000EC06F000EC16F000EC26FE4
:1072A200000EC36FD06BD1C5D7F5D7A15BEF39F014
:1072B2005DEF39F060EF39F0C28F61EF39F0C29FB4
:1072C200D890D731C36F1AEF38F0120024C768F58F
:1072D20025C769F526C76AF527C76BF5C7EC60F0C5
:1072E20068C5F3F569C5F4F56AC5F5F56BC5F6F53C
:1072F200030E14EC69F064C5F1F565C5F2F5F1C54C
:1073020046F6F2C547F69EEC3CF046C6F7F547C690
:10731200F8F548C6F9F549C6FAF5F7C544F7F8C5D0
:1073220045F7F9C546F7FAC547F720C704F621C75E
:1073320005F622C706F623C707F6F7C500F6F8C515
:1073420001F6F9C502F6FAC503F601EC67F000C6CC
:1073520008F601C609F602C60AF603C60BF6DCEC0D
:1073620069F008C60CF609C60DF60AC60EF60BC67B
:107372000FF6000E0601106F000E116F800E126FD5
:107382003F0E136F03EC50F00601D8B0CBEF39F08B
:10739200CDEF39F0D8EF39F0050EDA61D3EF39F0DD
:1073A200D5EF39F0D9EF39F0DA2BD9EF39F0DA6BC2
:1073B200F7C520F7F8C521F7F9C522F7FAC523F773
:1073C20005EF3BF0DD6B040EDA65EAEF39F0ECEF26
:1073D20039F014EF3BF0F7C50CF6F8C50DF6F9C518
:1073E2000EF6FAC50FF6000E106F000E116F700E3A
:1073F200126F420E136F03EC50F00601D8A004EF97
:107402003AF006EF3AF03EEF3AF0F7C50CF6F8C55F
:107412000DF6F9C50EF6FAC50FF6000E106F000E46
:10742200116FA00E126F420E136F03EC50F00601A3
:10743200D8B01EEF3AF020EF3AF03EEF3AF00501F5
:10744200F651F5110BE1E80EF35D030EF459D8A0E5
:107452002DEF3AF02FEF3AF014EF3BF0010E060158
:10746200DB6F4DEC6DF064C524F765C525F766C585
:1074720026F767C527F714EF3BF0F7C50CF6F8C5FA
:107482000DF6F9C50EF6FAC50FF6000E106F000ED6
:10749200116FA00E126F420E136F03EC50F0060133
:1074A200D8A056EF3AF058EF3AF032EF3AF0050131
:1074B200F651F5110BE1E80EF35D030EF459D8A075
:1074C20065EF3AF067EF3AF06CEF3AF0020E060120
:1074D200DB6F32EF3AF014EF3BF0010EDD6F040E7A
:1074E200DA6576EF3AF078EF3AF014EF3BF0000EFF
:1074F2000C6F000E0D6F200E0E6F420E0F6FF7C550
:1075020010F6F8C511F6F9C512F6FAC513F603EC32
:1075120050F00601D8A090EF3AF092EF3AF0A5EFC2
:107522003AF00501F651F5110BE1E80EF35D030E99
:10753200F459D8A09FEF3AF0A1EF3AF014EF3BF0E4
:107542000601DB6B32EF3AF0F7C50CF6F8C50DF623
:10755200F9C50EF6FAC50FF6000E106F000E116F88
:10756200A00E126F420E136F03EC50F00601D8A06A
:10757200BDEF3AF0BFEF3AF032EF3AF00501F651C3
:10758200F5110BE1E80EF35D030EF459D8A0CCEF30
:107592003AF0CEEF3AF06CEF3AF067EF3AF0020EC3
:1075A200DD6F040EDA65D8EF3AF0DAEF3AF014EF55
:1075B2003BF0000E0C6F000E0D6F200E0E6F420E90
:1075C2000F6FF7C510F6F8C511F6F9C512F6FAC530
:1075D20013F603EC50F00601D8A0F2EF3AF0F4EF04
:1075E2003AF014EF3BF00501F651F5110BE1D00E24
:1075F200F35D070EF459D8A001EF3BF003EF3BF027
:1076020014EF3BF0A1EF3AF0DB51000AD8B4E3EFFC
:1076120039F0010AD8B46EEF3AF0030AD8B4D0EFC9
:107622003AF014EF3BF0120006014C6F4DEC6DF096
:1076320064C54EF665C54FF666C550F667C551F688
:10764200060120EE02F04651D9264751DA22DF50D8
:10765200D8B42EEF3BF030EF3BF06DEF3BF020EE75
:1076620008F04651D9264751DA22DEC468F5DEC455
:1076720069F5DEC46AF5DEC46BF5C7EC60F068C577
:1076820052F669C553F66AC554F66BC555F606013E
:10769200555154110BE1880E525D130E5359D8A067
:1076A20055EF3BF057EF3BF09DEF3CF020EE02F040
:1076B2004651D9264751DA22DF6A48C6D9F449C66B
:1076C200DAF4DF6A4AC6D9F44BC6DAF4010EDF6E89
:1076D2009DEF3CF09DEF3CF020EE03F04651D926A1
:1076E2004751DA22DF50D8B479EF3BF07BEF3BF021
:1076F20083EF3BF048C6D9F449C6DAF4010EDF6ED7
:107702009DEF3CF04C514AEC2FF00501F15106017E
:107712004D6F4D05D8A490EF3BF092EF3BF020EF78
:107722003CF046C6D9F447C6DAF4DF50D8A49CEF41
:107732003BF09EEF3BF0B4EF3BF020EE04F04651FD
:10774200D9264751DA224EC6DEF44FC6DEF450C6C1
:10775200DEF451C6DEF446C6D9F447C6DAF4010EA9
:10776200DF6E9DEF3CF020EE04F04651D9264751E2
:10777200DA22DEC468F5DEC469F5DEC46AF5DEC469
:107782006BF5C7EC60F068C552F669C553F66AC579
:1077920054F66BC555F60601555154110BE1E90E2D
:1077A200525D030E5359D8A0D9EF3BF0DBEF3BF00B
:1077B2009DEF3CF048C6D9F449C6DAF4010EDF6EFB
:1077C2004AC6D9F44BC6DAF4DF6A20EE02F046511B
:1077D200D9264751DA22010EDF6E20EE08F046511B
:1077E200D9264751DA224EC6DEF44FC6DEF450C621
:1077F200DEF451C6DEF446C6D9F447C6DAF4DF6ACF
:1078020020EE0CF04651D9264751DA22DF2A20EE2B
:107812000CF04651D9264751DA22040EDF6414EFE8
:107822003CF016EF3CF06BEF3BF020EE03F04651DC
:10783200D9264751DA22010EDF6E9DEF3CF0020E8F
:107842004D19D8A427EF3CF029EF3CF08CEF3CF027
:1078520020EE01F04651D9264751DA22DF50D8A452
:1078620035EF3CF037EF3CF04FEF3CF020EE04F008
:107872004651D9264751DA224EC6DEF44FC6DEF40F
:1078820050C6DEF451C6DEF420EE01F04651D92690
:107892004751DA22010EDF6E9DEF3CF020EE04F03C
:1078A2004651D9264751DA22DEC468F5DEC469F5AD
:1078B200DEC46AF5DEC46BF5C7EC60F068C552F64B
:1078C20069C553F66AC554F66BC555F6060155519E
:1078D2005411531109E1C90E525DD8A073EF3CF067
:1078E20075EF3CF09DEF3CF048C6D9F449C6DAF496
:1078F200020EDF6E20EE03F04651D9264751DA22FE
:10790200010EDF6E20EE01F04651D9264751DA22F0
:10791200DF6A9DEF3CF048C6D9F449C6DAF4DF6A63
:1079220046C6D9F447C6DAF4DF6A20EE01F04651C2
:10793200D9264751DA22DF6A1200000E06014A6F89
:10794200000E4B6FA00E4C6F400E4D6F6F0E4E6FC0
:10795200120E4F6F830E506F400E516F000E526F1A
:10796200400E536F1C0E546F460E556F000E566F2D
:10797200500E576FC30E586F470E596F000E5A6F55
:10798200000E5B6F7A0E5C6F450E5D6F330E5E6F9D
:10799200130E5F6F950E606F430E616F000E05014F
:1079A200DD6F000EDE6F800EDF6FBF0EE06F4EC622
:1079B200ABF54FC6ACF550C6ADF551C6AEF546C6F1
:1079C20099F547C69AF5000E9ABFFF0E9B6F9C6F02
:1079D200010EEAEC48F099C5A7F59AC5A8F59BC532
:1079E200A9F59CC5AAF59BEC31F0A7C5C4F5A8C5BD
:1079F200C5F5A9C5C6F5AAC5C7F54AC6ABF54BC6B6
:107A0200ACF54CC6ADF54DC6AEF5FF0E0501996F4E
:107A12000F0E9A6F000E9B6F000E9C6F000EEAEC29
:107A220048F099C5A7F59AC5A8F59BC5A9F59CC5C7
:107A3200AAF59BEC31F0A7C5C0F5A8C5C1F5A9C54B
:107A4200C2F5AAC5C3F59EEC37F0C0C5D9F5C1C5CC
:107A5200DAF5C2C5DBF5C3C5DCF5EEEC2CF0D9C511
:107A62006AF6DAC56BF6DBC56CF6DCC56DF66AC67E
:107A7200A7F56BC6A8F56CC6A9F56DC6AAF552C6E0
:107A8200ABF553C6ACF554C6ADF555C6AEF59BEC99
:107A920031F0A7C562F6A8C563F6A9C564F6AAC502
:107AA20065F656C6C4F557C6C5F558C6C6F559C6D5
:107AB200C7F562C6C0F563C6C1F564C6C2F565C640
:107AC200C3F59EEC37F0C0C56EF6C1C56FF6C2C5F0
:107AD20070F6C3C571F66EC608F66FC609F670C6B3
:107AE2000AF671C60BF6BBEC29F008C672F609C697
:107AF20073F60AC674F60BC675F672C6ABF573C694
:107B0200ACF574C6ADF575C6AEF55AC6C4F55BC61E
:107B1200C5F55CC6C6F55DC6C7F5000E0501C06FAA
:107B2200000EC16F800EC26F3F0EC36F9EEC37F026
:107B3200C0C5A7F5C1C5A8F5C2C5A9F5C3C5AAF5B3
:107B42009BEC31F0A7C5DDF5A8C5DEF5A9C5DFF5CB
:107B5200AAC5E0F55EC6C4F55FC6C5F560C6C6F542
:107B620061C6C7F5000E0501C06F000EC16F800E21
:107B7200C26F3F0EC36F9EEC37F0C0C5D9F5C1C5C9
:107B8200DAF5C2C5DBF5C3C5DCF5EEEC2CF0D9C5E0
:107B920076F6DAC577F6DBC578F6DCC579F6000E3F
:107BA2000501C06F000EC16F800EC26F3F0EC36F22
:107BB20076C6C4F577C6C5F578C6C6F579C6C7F5E3
:107BC2009EEC37F0C0C566F6C1C567F6C2C568F659
:107BD200C3C569F666C6D9F567C6DAF568C6DBF5C8
:107BE20069C6DCF5330E0501DD6F930EDE6F880E7C
:107BF200DF6FC30EE06FEEEC2CF0D9C546F6DAC5A6
:107C020047F6DBC548F6DCC549F6120006012C6FC3
:107C1200160E06012C19D8A411EF3EF013EF3EF018
:107C2200AFEF3EF0160E19EC46F06CC528F66DC5A6
:107C320029F6000E0501C46FF00EC56F7F0EC66FE8
:107C4200450EC76F28C699F529C69AF5000E9ABF48
:107C5200FF0E9B6F9C6F010EEAEC48F099C5C0F5D0
:107C62009AC5C1F59BC5C2F59CC5C3F59EEC37F01C
:107C7200C0C5A7F5C1C5A8F5C2C5A9F5C3C5AAF572
:107C82003D0E0501AB6F0A0EAC6F830EAD6F400E59
:107C9200AE6F9BEC31F0A7C518F6A8C519F6A9C5B9
:107CA2001AF6AAC51BF6410E06011C6F5C0E1D6F6B
:107CB200A80E1E6F3D0E1F6F1CC6ABF51DC6ACF5A0
:107CC2001EC6ADF51FC6AEF518C6A7F519C6A8F5AE
:107CD2001AC6A9F51BC6AAF59BEC31F0A7C5C0F5DB
:107CE200A8C5C1F5A9C5C2F5AAC5C3F5CD0E050142
:107CF200C46FCC0EC56FCC0EC66F3D0EC76F9EEC27
:107D020037F0C0C52DF6C1C52EF6C2C52FF6C3C5C4
:107D120030F62DC60CF62EC60DF62FC60EF630C660
:107D22000FF6660E0601106F660E116F660E126F69
:107D3200400E136F03EC50F00601D8A0A3EF3EF003
:107D4200A5EF3EF052EF3FF0660E2D6F660E2E6FDE
:107D5200660E2F6F400E306F52EF3FF0040E2C195B
:107D6200D8A4B6EF3EF0B8EF3EF052EF3FF0040E6B
:107D720019EC46F06CC52AF66DC52BF6000E05010E
:107D8200C46FF00EC56F7F0EC66F450EC76F2AC651
:107D920099F52BC69AF5000E9ABFFF0E9B6F9C6F4A
:107DA200010EEAEC48F099C5C0F59AC5C1F59BC52C
:107DB200C2F59CC5C3F59EEC37F0C0C5A7F5C1C599
:107DC200A8F5C2C5A9F5C3C5AAF56F0E0501AB6F2B
:107DD200120EAC6F830EAD6F400EAE6F9BEC31F0A6
:107DE200A7C520F6A8C521F6A9C522F6AAC523F67D
:107DF2002A0E0601246FFC0E256F8B0E266F3D0E98
:107E0200276F24C6ABF525C6ACF526C6ADF527C649
:107E1200AEF520C6A7F521C6A8F522C6A9F523C648
:107E2200AAF59BEC31F0A7C5C0F5A8C5C1F5A9C557
:107E3200C2F5AAC5C3F5CD0E0501C46FCC0EC56F40
:107E42004C0EC66F3E0EC76F9EEC37F0C0C52DF6C6
:107E5200C1C52EF6C2C52FF6C3C530F62DC60CF627
:107E62002EC60DF62FC60EF630C60FF6000E060110
:107E7200106F000E116F000E126F400E136F03ECA5
:107E820050F00601D8A048EF3FF04AEF3FF052EF22
:107E92003FF0000E2D6F000E2E6F000E2F6F400E62
:107EA200306F2DC6A7F52EC6A8F52FC6A9F530C688
:107EB200AAF5000E0501AB6F000EAC6F7A0EAD6F26
:107EC200440EAE6F9BEC31F0A7C514F6A8C515F6AB
:107ED200A9C516F6AAC517F6120030C768F531C74C
:107EE20069F532C76AF533C76BF5C7EC60F068C550
:107EF2009BF569C59CF56AC59DF56BC59EF52C0E73
:107F020019EC46F06CC59FF56DC5A0F55B50D8B471
:107F12008DEF3FF08FEF3FF09CEF3FF04DEC6DF0B7
:107F220064C530F765C531F766C532F767C533F703
:107F3200010E516E5B6A5250D8A4A2EF3FF0A4EF3B
:107F42003FF0AAEF40F005019E519D110BE1880E12
:107F52009B5D130E9C59D8A0B1EF3FF0B3EF3FF0F9
:107F6200AAEF40F0010E526EAAEF40F05150D8A491
:107F7200BDEF3FF0BFEF3FF0E9EF3FF09E519D11A3
:107F82000BE1B80E9B5D0B0E9C59D8A0CBEF3FF0D6
:107F9200CDEF3FF0D0EF3FF05C6A010E516E350E2F
:107FA2009F5D080EA059D8A0D9EF3FF0DBEF3FF05C
:107FB200C4EF40F0010E536E4DEC6DF064C530F726
:107FC20065C531F766C532F767C533F7C4EF40F0D0
:107FD2005250D8A4EFEF3FF0F1EF3FF009EF40F03D
:107FE200730E9F5D060EA059D8A0FAEF3FF0FCEF8A
:107FF2003FF009EF40F0010E536E4DEC6DF064C599
:1080020030F765C531F766C532F767C533F7516A90
:108012005204D8A40FEF40F011EF40F0C4EF40F04B
:10802200350E05019F5D080EA059D8A01BEF40F048
:108032001DEF40F0C4EF40F0010E536E4DEC6DF0B9
:1080420064C530F765C531F766C532F767C533F7E2
:10805200516AC4EF40F0576A010E5C6E5204D8A414
:1080620035EF40F037EF40F05FEF40F0A40E9F5D38
:10807200060EA059D8B040EF40F042EF40F045EF75
:1080820040F0536A1FEF40F0D70E9F5D060EA059D5
:10809200D8A04EEF40F050EF40F0C4EF40F03A0E5F
:1080A2009F5D070EA059D8B059EF40F05BEF40F04A
:1080B200C4EF40F0020E536EDDEF3FF05250D8A4F1
:1080C20065EF40F067EF40F0C4EF40F0A40E9F5D13
:1080D200060EA059D8B070EF40F072EF40F076EF84
:1080E20040F0010E526E42EF40F0D70E9F5D060E39
:1080F200A059D8A07FEF40F081EF40F0C4EF40F0EC
:108102003A0E9F5D070EA059D8B08AEF40F08CEF6F
:1081120040F0C4EF40F05BEF40F0010E576E350EB9
:108122009F5D080EA059D8A099EF40F09BEF40F058
:108132009DEF40F0DBEF3FF0A40E9F5D060EA059CD
:10814200D8B0A6EF40F0A8EF40F0C4EF40F042EF05
:1081520040F053500501996F9A6B9A51000AD8B4B6
:10816200B5EF40F0C4EF40F09951000AD8B4B7EF30
:108172003FF0010AD8B42CEF40F0030AD8B48EEFD6
:1081820040F0C4EF40F012001CC768F51DC769F546
:108192001EC76AF51FC76BF5C7EC60F068C5ACF681
:1081A20069C5ADF66AC5AEF66BC5AFF60601AF514D
:1081B200AE11AD1109E10B0EAC5DD8A0E3EF40F0BA
:1081C200E5EF40F0F1EF40F0D951D8B4EBEF40F0D9
:1081D200EDEF40F0F1EF40F0010ED86F1DEC6EF0C4
:1081E2000601D805D8B4F8EF40F0FAEF40F0FCEF02
:1081F20040F0EFEF41F0640E0501646F0A0E656F07
:10820200000E666F0A0E676FD9C668F5696B28ECB7
:1082120065F00601D951FE0FB66F640E0501646F59
:108222000A0E656FB6C666F5D2EC61F064C5B0F6AB
:1082320065C5B1F6650E0601B625D96EDA6A0A0E73
:10824200DA22DF50A86F640EB625D96EDA6A0A0EFA
:10825200DA22DF50A96FA951AB6FAA6BA851AA25E8
:10826200B26F000EAB21B36FB251B01909E1B35135
:10827200B119D8B43FEF41F041EF41F045EF41F081
:10828200B8EC66F0EFEF41F06ACAB4F6D951F70FD5
:10829200B56FB451B519D8B451EF41F053EF41F075
:1082A20055EF41F041EF41F0100E0A016519D8A4D3
:1082B2005DEF41F05FEF41F06FEF41F00E0E671995
:1082C200D8A466EF41F068EF41F06FEF41F0640E21
:1082D2000501646F0A0E656F00EC54F0AA0E0A01E4
:1082E2006419D8A477EF41F079EF41F041EF41F002
:1082F2005A0E6519D8A480EF41F082EF41F041EFA8
:1083020041F0DCEF41F06605D8A48AEF41F08CEF32
:1083120041F093EF41F0640E0601876F0A0E886FF9
:10832200C0EC51F0020E0A016619D8A49BEF41F08D
:108332009DEF41F041EF41F0640E0601876F0A0E96
:10834200886FC6EC49F041EF41F0020E6619D8A4DD
:10835200ADEF41F0AFEF41F041EF41F0640E0601A5
:10836200876F0A0E886F17EC56F041EF41F0020E4C
:108372006619D8A4BFEF41F0C1EF41F041EF41F0DF
:10838200640E0601876F0A0E886F07EC44F041EF16
:1083920041F0020E6619D8A4D1EF41F0D3EF41F0BB
:1083A20041EF41F0640E0601876F0A0E886F14ECEC
:1083B2004CF041EF41F06751010AD8B484EF41F02B
:1083C200160AD8B4A6EF41F0400AD8B4B8EF41F08B
:1083D2000F0AD8B4CAEF41F041EF41F01200D5C6FE
:1083E2008AF5D6C68BF50601C651D55D0501646FC7
:1083F2000601D6510501656F000E0601C6BFFF0ECC
:108402000501655B666B665B676B675B0601E05146
:108412000501686F696B6A6B6B6BBBEC62F064C5DC
:1084220070F565C571F566C572F567C573F5640EBD
:108432000501746F000E756F000E766F000E776F78
:1084420011EC55F070C58CF571C58DF572C58EF5C0
:1084520073C58FF505018FBF33EF42F031EF42F064
:108462003BEF42F0000E8C6F000E8D6F000E8E6F90
:10847200000E8F6F8CC546F58DC547F5C7C680F5D2
:10848200816B80BF810780510601D35D0501826F38
:1084920081510601D4590501836F82C564F583C5F4
:1084A20065F5666B676B0601DF510501686F696BE5
:1084B2006A6B6B6BBBEC62F064C570F565C571F5F8
:1084C20066C572F567C573F5640E0501746F000E1B
:1084D200756F000E766F000E776F11EC55F070C558
:1084E2008CF571C58DF572C58EF573C58FF50501D5
:1084F2008FBF80EF42F07EEF42F088EF42F0000E35
:108502008C6F000E8D6F000E8E6F000E8F6F8CC5FC
:10851200D1F68DC5D2F60601D15146240501886FE8
:108522000601D25147200501896F88518A5D895120
:108532008B59D8B09FEF42F0A1EF42F0BFEF42F06B
:108542004650885D806F47508959816FC6C682F553
:10855200836B82BF830782518A5D846F83518B59FB
:10856200856F8051845D8C6F815185598D6F8E6BC3
:10857200D8A08E078E518F6FC5EF42F046C58CF59D
:1085820047C58DF58E6B8F6B8FBFCCEF42F0CAEF74
:1085920042F0D4EF42F0000E8C6F000E8D6F000E91
:1085A2008E6F000E8F6F8A51806F8B51816F826B3D
:1085B200836B8C51805D8D5181598E5182598351CB
:1085C200800A846F8F51800A8459D8B0EBEF42F051
:1085D200EDEF42F0F3EF42F08AC58CF58BC58DF5D5
:1085E2008E6B8F6B8CC586F58DC587F586C57EF53E
:1085F20087C57FF5120000C7E9F501C7EAF502C792
:10860200EBF503C7ECF5D9C5E9F5DAC5EAF5DBC543
:10861200EBF5DCC5ECF5810E0501DD6FFF0EDE6FBB
:10862200E9C5DFF5EAC5E0F5EBC5E1F5ECC5E2F534
:10863200180E21EF43F0D890E233E133E033DF3319
:10864200E82E1CEF43F0DF51DD25E76F000EDE213F
:10865200E86FE8BF36EF43F0E85109E1170EE75D36
:10866200D8A036EF43F038EF43F042EF43F0D9C5DC
:10867200D9F5DAC5DAF5DBC5DBF5DCC5DCF506EFE5
:1086820044F0E8BF47EF43F049EF43F0BAEF43F05D
:10869200E7C5DDF5FF0EDE6FFF0EDF6F7F0EE06FC9
:1086A200000EE16FDD6758EF43F060EF43F0E13514
:1086B200E133E033DF33DE33DD2F53EF43F0DEC54A
:1086C200E3F5DFC5E4F5E0C5E5F5E1C5E6F505014D
:1086D200E351E915DD6FE451EA15DE6FE551EB1563
:1086E200DF6FE651EC15E06FDD51DE11DF11E011B5
:1086F200D8A47EEF43F080EF43F082EF43F038EFEF
:1087020043F0E9C5DDF5EAC5DEF5EBC5DFF5ECC5FD
:10871200E0F5200E92EF43F0D890E033DF33DE3302
:10872200DD33E82E8DEF43F0DD51DE11DF11E01174
:10873200D8B49EEF43F0A0EF43F0A8EF43F0E3512B
:10874200E927E451EA23E551EB23E651EC23E31D4B
:10875200DD6FE41DDE6FE51DDF6FE61DE06FDD51AD
:10876200E917DE51EA17DF51EB17E051EC17FEEF84
:1087720043F0E9C5DDF5EAC5DEF5EBC5DFF5ECC58D
:10878200E0F5200ECAEF43F0D890E033DF33DE335A
:10879200DD33E82EC5EF43F0DD51DE11DF11E011CC
:1087A200D8A4D6EF43F0D8EF43F0E2EF43F0000E47
:1087B200E96F000EEA6F000EEB6F000EEC6FFEEF3A
:1087C20043F0D890E935DD6FEA35DE6FEB35DF6FC8
:1087D200EC35E06FDD51DE11DF11E011D8B4F4EFBA
:1087E20043F0F6EF43F0FEEF43F0000EE96F000EA8
:1087F200EA6F800EEB6FBF0EEC6FE9C5D9F5EAC5E3
:10880200DAF5EBC5DBF5ECC5DCF5120021EE89F2F9
:10881200100EDE6AE806FDE2890E0501646F060E9F
:10882200656F87C666F588C667F5000E696F110E1B
:10883200686F28EC65F006019005D8A423EF44F098
:1088420025EF44F046EF44F0040E05016C6F000E74
:108852006D6F000E6E6F91C66FF549EC62F0150EEA
:108862000501FB6FC60EE82EFED7FB2FFCD70000DA
:10887200040E05016A6F000E6B6F000E6C6F25EC23
:1088820067F00601C66F6EEF44F0020E9019D8A48D
:108892004DEF44F04FEF44F06EEF44F0040E05014B
:1088A200706F000E716F000E726F91C673F524EC3B
:1088B2006CF0150E0501FB6FC60EE82EFED7FB2FDE
:1088C200FCD70000040E0501716F000E726F000EDE
:1088D200736F91EC6CF00601C66F9205D8A474EF29
:1088E20044F076EF44F097EF44F0050E05016C6F0B
:1088F200000E6D6F000E6E6F93C66FF549EC62F05D
:10890200150E0501FB6FC60EE82EFED7FB2FFCD716
:108912000000050E05016A6F000E6B6F000E6C6F92
:1089220025EC67F00601C76FBFEF44F0020E921903
:10893200D8A49EEF44F0A0EF44F0BFEF44F0050E40
:108942000501706F000E716F000E726F91C673F5A4
:1089520024EC6CF0150E0501FB6FC60EE82EFED757
:10896200FB2FFCD70000050E0501716F000E726F20
:10897200000E736F91EC6CF00601C76F550E896F94
:10898200890E0501646F060E656F0F0E666FD2ECDD
:1089920061F064C59AF665C59BF69AC699F606011A
:1089A2009B51986F9C6B410E756F3E0E766F890ED0
:1089B2009C25D96EDA6A060EDA22DF500501FB6FBA
:1089C200FB510601776F786B19EC6BF0100E060104
:1089D2009C61EEEF44F0F0EF44F0F6EF44F04E0EFF
:1089E200756F3E0E766F19EC6BF006019C2B100E24
:1089F2009C65FEEF44F000EF45F0D4EF44F0890EA1
:108A02000501646F060E656F000E666F000E676FDC
:108A1200000E696F110E686F28EC65F0120038C7FE
:108A220068F539C769F53AC76AF53BC76BF5C7EC14
:108A320060F068C562F669C563F66AC564F66BC51F
:108A420065F608EF46F0020E2DEC6BF04DEC6DF082
:108A520064C538F765C539F766C53AF767C53BF7A8
:108A6200020E0601F86F18EF46F0655164116311AA
:108A720009E1C90E625DD8A041EF45F043EF45F030
:108A820018EF46F0020E41EC6BF0030E0601F86F90
:108A920018EF46F0010EDC6F000E0501C46F000EE8
:108AA200C56F7A0EC66F440EC76F110E19EC46F0F1
:108AB20005016CC599F56DC59AF59B6B9C6B000E13
:108AC200EAEC48F099C5C0F59AC5C1F59BC5C2F557
:108AD2009CC5C3F59EEC37F0C0C5A7F5C1C5A8F586
:108AE200C2C5A9F5C3C5AAF5000E0501AB6F000EFC
:108AF200AC6F110EAD6F430EAE6F9BEC31F0A7C59C
:108B0200D7F7A8C5D8F7A9C5D9F7AAC5DAF7040EC9
:108B120007EC3EF014C666F615C667F616C668F68A
:108B220017C669F6D7C7ABF5D8C7ACF5D9C7ADF547
:108B3200DAC7AEF566C6A7F567C6A8F568C6A9F591
:108B420069C6AAF59BEC31F0A7C5C0F5A8C5C1F569
:108B5200A9C5C2F5AAC5C3F5000E0501C46F000E72
:108B6200C56F7A0EC66F440EC76F9EEC37F0C0C554
:108B7200D3F7C1C5D4F7C2C5D5F7C3C5D6F7D1C699
:108B820099F5D2C69AF505019B6B9C6B000EEAEC37
:108B920048F099C56AF69AC56BF69BC56CF69CC5FA
:108BA2006DF66AC62EF66BC62FF66CC630F66DC62B
:108BB20031F65CEC68F02EC6CFF72FC6D0F730C680
:108BC200D1F731C6D2F7810E0601286F070E296F41
:108BD200CFC72AF6D0C72BF6D1C72CF6D2C72DF6AF
:108BE200D3C72EF6D4C72FF6D5C730F6D6C731F67F
:108BF20089EC24F028C6DBF729C6DCF7DBC766F56B
:108C0200DCC767F5020E84EC62F018EF46F006014D
:108C1200F851010AD8B424EF45F0030AD8B436EF6C
:108C220045F0010AD8B44BEF45F018EF46F01200B8
:108C320005018C6F000E0501946F000E936F8C512D
:108C420014EC69F0D89005019335D96E9435DA6E3B
:108C5200740ED926050EDA2264C5DEF465C5DDF48C
:108C6200934B942B94BF3FEF46F0945109E10C0EC5
:108C7200935DD8A03FEF46F041EF46F020EF46F07B
:108C8200000E926F000E916F000E966F000E956FA0
:108C9200000E986F000E976FB6EF46F0D89097359A
:108CA200D96E9835DA6E740ED926050EDA2297C57A
:108CB20070F598C571F5D89070377137020E70272C
:108CC200000E7123740E7025E16E050E7121E26EA5
:108CD200DE50E65CDE50E658D8B072EF46F074EF34
:108CE20046F0B4EF46F0D8909735D96E9835DA6EE3
:108CF200740ED926050EDA22DEC48DF5DDC48EF59A
:108D020097C56EF598C56FF5D8906E376F37020E1E
:108D12006E27000E6F23740E6E25D96E050E6F211D
:108D2200DA6ED8909735E16E9835E26E740EE126D0
:108D3200050EE222DEC4E6F4DDC4E5F497C56EF565
:108D420098C56FF5D8906E376F37020E6E27000EFA
:108D52006F23740E6E25D96E050E6F21DA6E8DC5E6
:108D6200DEF48EC5DDF4974B982B0B0E6E6F000E62
:108D72006F6F95516E5F96516F5B6E51975D985113
:108D8200800A706F6F51800A7059D8A0CBEF46F0FD
:108D9200CDEF46F04FEF46F0954B962B96BFDBEFAB
:108DA20046F0965109E10B0E955DD8A0DBEF46F037
:108DB200DDEF46F049EF46F0000E966F020E956F1A
:108DC200D8909535D96E9635DA6E740ED926050E81
:108DD200DA22DE509127DD509223954B962B96BFD7
:108DE200FCEF46F0965109E10A0E955DD8A0FCEF22
:108DF20046F0FEEF46F0E1EF46F091C564F592C50C
:108E020065F5000E676F080E666F58EC5AF064C580
:108E12008FF565C590F58FC56CF590C56DF512009F
:108E22003CC768F53DC769F53EC76AF53FC76BF5B4
:108E3200C7EC60F068C562F669C563F66AC564F698
:108E42006BC565F6F7EF47F0010E2DEC6BF04DECBC
:108E52006DF064C53CF765C53DF766C53EF767C56D
:108E62003FF7020E0601F96F07EF48F065516411F2
:108E7200631109E1C90E625DD8A042EF47F044EFE9
:108E820047F007EF48F0010E41EC6BF0030E0601CC
:108E9200F96F07EF48F0010EDC6F000E0501C46F99
:108EA200000EC56F7A0EC66F440EC76F1C0E19EC0A
:108EB20046F005016CC599F56DC59AF59B6B9C6BE7
:108EC200000EEAEC48F099C5C0F59AC5C1F59BC5FC
:108ED200C2F59CC5C3F59EEC37F0C0C5A7F5C1C568
:108EE200A8F5C2C5A9F5C3C5AAF5000E0501AB6F69
:108EF200000EAC6F110EAD6F430EAE6F9BEC31F0F6
:108F0200A7C5EAF6A8C5EBF6A9C5ECF6AAC5EDF623
:108F1200160E07EC3EF014C666F615C667F616C6C0
:108F220068F617C669F6EAC6ABF5EBC6ACF5ECC651
:108F3200ADF5EDC6AEF566C6A7F567C6A8F568C677
:108F4200A9F569C6AAF59BEC31F0A7C5C0F5A8C57D
:108F5200C1F5A9C5C2F5AAC5C3F5000E0501C46FC6
:108F6200000EC56F7A0EC66F440EC76F9EEC37F0C7
:108F7200C0C5E6F6C1C5E7F6C2C5E8F6C3C5E9F65F
:108F820040C72EF641C72FF642C730F643C731F627
:108F92007CEC68F02EC6E2F62FC6E3F630C6E4F6A5
:108FA20031C6E5F6A80E0601286F070E296FE2C644
:108FB2002AF6E3C62BF6E4C62CF6E5C62DF6E6C67F
:108FC2002EF6E7C62FF6E8C630F6E9C631F689EC8A
:108FD20024F028C6EEF629C6EFF6EEC666F5EFC611
:108FE20067F5010E84EC62F007EF48F00601F951D3
:108FF200010AD8B425EF47F0030AD8B437EF47F097
:10900200010AD8B44CEF47F007EF48F0120005010F
:1090120084BF0EEF48F011EF48F0010E12EF48F056
:10902200000E8B6F0601CCBF19EF48F01BEF48F022
:109032001CEF48F0D793CCBF23EF48F021EF48F064
:109042002AEF48F0000E0501886F010E876F2EEFA0
:1090520048F0CBC687F5CCC688F5C9C689F5CAC61D
:109062008AF505018B51D8B439EF48F03BEF48F04F
:1090720052EF48F08907D8A08A078B51D8A444EF51
:1090820048F046EF48F04CEF48F0000E866F2B0E8A
:10909200856F50EF48F0000E866F2D0E856F85C5E7
:1090A2008BF5000E8D6F4F0E8C6F0901B16B8CEF3B
:1090B20048F005018C07D8A08D07620E8C25D96E69
:1090C200090E8D21DA6E83C564F584C565F5000E3F
:1090D200676F0A0E666F4CEC5DF064C56AF565C594
:1090E2006BF5C1EC69F005016A51300FDF6E87073D
:1090F200D8A088078907D8A08A0783C564F584C5E4
:1091020065F5000E676F0A0E666F58EC5AF064C57B
:1091120083F565C584F505018DBF98EF48F08D5143
:1091220008E18C05D8A098EF48F09AEF48F0C5EF17
:1091320048F083518411D8A4A1EF48F0A3EF48F07E
:109142005AEF48F088BFB0EF48F0885106E1870532
:10915200D8B0AEEF48F0B0EF48F05AEF48F08ABF0F
:10916200BBEF48F08A5108E18905D8A0BBEF48F06F
:10917200BDEF48F0C5EF48F00601D7B3C3EF48F0A2
:10918200C5EF48F05AEF48F005018B51D8B4CCEF47
:1091920048F0CEEF48F0D9EF48F08C07D8A08D0701
:1091A200620E8C25D96E090E8D21DA6E8BC5DFF425
:1091B20081C578F582C579F5620E8C257A6F090E24
:1091C2008D217B6F89C57CF58AC57DF550EC5EF0FB
:1091D20012000501A16F0501A151D8B4F3EF48F0C7
:1091E200F5EF48F017EF49F09CBFFCEF48F0FAEFBB
:1091F20048F017EF49F099C59DF59AC59EF59BC5B4
:109202009FF59CC5A0F59D1F9E1F9F1FA01F9D2B14
:10921200000E9E239F23A0239DC5A3F59EC5A4F502
:109222009FC5A5F5A0C5A6F51FEF49F099C5A3F501
:109232009AC5A4F59BC5A5F59CC5A6F599519A11A9
:109242009B119C11D8A428EF49F02AEF49F034EF82
:1092520049F0000E996F000E9A6F000E9B6F000E80
:109262009C6FC5EF49F0960EA26F3EEF49F0A22B1C
:10927200D890A633A533A433A333000EA3159D6F54
:10928200000EA4159E6F000EA5159F6FFE0EA6156B
:10929200A06F9D519E119F11A011D8A453EF49F0C8
:1092A20055EF49F038EF49F063EF49F0A22B010E78
:1092B200A327000EA423A523A623D890A633A53363
:1092C200A433A333000EA3159D6F000EA4159E6F49
:1092D200000EA5159F6FFF0EA615A06F9D519E1142
:1092E2009F11A011D8A478EF49F07AEF49F057EF17
:1092F20049F082EF49F0A207D890A337A437A537E7
:10930200A637A5BF87EF49F089EF49F091EF49F001
:10931200020EA2618FEF49F091EF49F07CEF49F024
:10932200A2B196EF49F098EF49F099EF49F0A59F65
:10933200D890A233A2C59DF59E6B9F6BA06B9DC575
:10934200A0F59F6B9E6B9D6B9D51A3139E51A41321
:109352009F51A513A051A613A151D8B4B3EF49F060
:10936200B5EF49F0BDEF49F09CBFBCEF49F0BAEF51
:1093720049F0BDEF49F0A68FA3C599F5A4C59AF5AA
:10938200A5C59BF5A6C59CF51200000E06019C6FB3
:10939200000E9D6F000E9E6F000E9F6F21EE8BF2EE
:1093A200100EDE6AE806FDE28B0E0501646F060E02
:1093B200656F87C666F588C667F5000E696F110E80
:1093C200686F28EC65F00601A66BA651896F8A6B5F
:1093D200070E8927000E8A238B0E8925D96E060E69
:1093E2008A21DA6E9C0EA625E16EE26A060EE22260
:1093F200DFC4E7F4150E0601896FC60EE82EFED70C
:10940200892FFCD700000601A62B030EA6650CEFE0
:109412004AF00EEF4AF0E6EF49F09C0E0501C06FEC
:10942200060EC16F040EC26F540EA7EC6AF0D00E86
:109432000601896FC90EE82EFED7892FFCD700D00E
:10944200550E06018B6F040E0501796F540E4EEC1A
:1094520069F079C5A0F67AC5A1F6920E0501646F8E
:10946200060E656FA0C666F5A1C667F5000E696FA8
:10947200040E686F28EC65F0030E0501796F5C0E2F
:109482004EEC69F079C5A2F67AC5A3F6060120EE84
:1094920002F0A251D926A351DA22DF50966F8B0E29
:1094A2000501646F060E656F0F0E666FD2EC61F0F8
:1094B20064C5A4F665C5A5F6A4C69BF60601A5512A
:1094C2009A6FA76B410E756F3E0E766F8B0EA725B6
:1094D200D96EDA6A060EDA22DF50896F8951776F08
:1094E200786B19EC6BF0100E0601A7617BEF4AF066
:1094F2007DEF4AF083EF4AF04E0E756F3E0E766FA7
:1095020019EC6BF00601A72B100EA7658BEF4AF042
:109512008DEF4AF063EF4AF08B0E0501646F060E81
:10952200656F000E676F000E666F000E696F110E99
:10953200686FDAEC68F012004A50020D000EF32454
:10954200D96E080EF420DA6EDE6ADD6A0201B2A775
:10955200ADEF4AF0AFEF4AF0D1EF4AF04A50020DB8
:10956200000EF324D96E080EF420DA6E0801DF82B1
:1095720007015A515B115C11D8B4C2EF4AF0C4EF33
:109582004AF0D1EF4AF002D8D1EF4AF00500FA6E64
:109592005A51FD6E5B51FE6E5C51FF6EFA50120025
:1095A2000201B2A3D7EF4AF0D9EF4AF0FBEF4AF03B
:1095B2004A50020D000EF324D96E080EF420DA6E22
:1095C2000801DF840701575158115911D8B4ECEF43
:1095D2004AF0EEEF4AF0FBEF4AF002D8FBEF4AF016
:1095E2000500FA6E5751FD6E5851FE6E5951FF6ECD
:1095F200FA5012000201B2AD01EF4BF003EF4BF053
:1096020025EF4BF04A50020D000EF324D96E080EDE
:10961200F420DA6E0801DF8007015451551156110A
:10962200D8B416EF4BF018EF4BF025EF4BF002D801
:1096320025EF4BF00500FA6E5451FD6E5551FE6E4A
:109642005651FF6EFA501200A1C225F54A281F0B8F
:10965200266E49502618D8A431EF4BF033EF4BF069
:1096620035EF4BF040EF4BF0000E4A24D96EDA6A28
:10967200090EDA2225C5DFF426C54AF5482A070174
:10968200485149114A11D8B449EF4BF04BEF4BF016
:1096920058EF4BF002D858EF4BF00500FA6E4851E4
:1096A200FD6E4951FE6E4A51FF6EFA5012001200D1
:1096B200050120EE03F07951D9267A51DA22DF50E2
:1096C200646F20EE02F07951D9267A51DA22DF5006
:1096D20053EC61F064C57BF565C57CF5460E05016A
:1096E2007B5D050E7C59D8A079EF4BF07BEF4BF0F8
:1096F2007FEF4BF0050E7C6F460E7B6F580E7B5D45
:10970200020E7C59D8B088EF4BF08AEF4BF08EEF07
:109712004BF0020E7C6F580E7B6F7BC5D5F67CC575
:10972200D6F679C5D9F47AC5DAF4DF500601E06FCE
:10973200E051D8B49FEF4BF0A1EF4BF0B5EF4BF0F7
:10974200150EE061A7EF4BF0A9EF4BF0ABEF4BF03A
:10975200140EE06F630EE065B1EF4BF0B3EF4BF028
:10976200B5EF4BF0640EE06F050120EE07F0795182
:10977200D9267A51DA22DF50646F20EE06F0795151
:10978200D9267A51DA22DF5053EC61F064C57DF5B7
:1097920065C57EF505017E5109E1960E7D5DD8A075
:1097A200D5EF4BF0D7EF4BF0DBEF4BF0000E7E6FB7
:1097B200960E7D6F7E5107E13C0E7D5DD8B0E4EFE1
:1097C2004BF0E6EF4BF0EAEF4BF0000E7E6F3C0EF3
:1097D2007D6F7DC5D3F67EC5D4F620EE04F07951B7
:1097E200D9267A51DA22DF500601DF6FDF51D8B471
:1097F200FDEF4BF0FFEF4BF013EF4CF01F0EDF616C
:1098020005EF4CF007EF4CF009EF4CF01E0EDF6F46
:10981200630EDF650FEF4CF011EF4CF013EF4CF0DD
:10982200640EDF6F120021EE89F2100EDE6AE80686
:10983200FDE2890E0501646F060E656F87C666F547
:1098420088C667F5000E696F110E686F28EC65F027
:1098520006019005D8A430EF4CF032EF4CF053EFF4
:109862004CF0060E05016C6F000E6D6F000E6E6FF0
:1098720091C66FF549EC62F0150E0501FB6FC60E3D
:10988200E82EFED7FB2FFCD70000060E05016A6FFB
:10989200000E6B6F000E6C6F25EC67F00601C86F4F
:1098A2007BEF4CF0020E9019D8A45AEF4CF05CEF0B
:1098B2004CF07BEF4CF0060E0501706F000E716FDD
:1098C200000E726F91C673F524EC6CF0150E050153
:1098D200FB6FC60EE82EFED7FB2FFCD70000060E4C
:1098E2000501716F000E726F000E736F91EC6CF0D8
:1098F2000601C86F550E896F890E0501646F060E49
:10990200656F0F0E666FD2EC61F064C59AF665C59D
:109912009BF69AC699F606019B51986F9C6B410E75
:10992200756F3E0E766F890E9C25D96EDA6A060E29
:10993200DA22DF500501FB6FFB510601776F786B6E
:1099420019EC6BF0100E06019C61AAEF4CF0ACEF23
:109952004CF0B2EF4CF04E0E756F3E0E766F19EC76
:109962006BF006019C2B100E9C65BAEF4CF0BCEF1D
:109972004CF090EF4CF0890E0501646F060E656F96
:10998200000E666F000E676F000E696F110E686F32
:1099920028EC65F01200F80E05016A6F030E6B6F7A
:1099A200000E6C6F25EC67F00501796FF90E6A6F96
:1099B200030E6B6F000E6C6F25EC67F005017A6F7A
:1099C200FA0E6A6F030E6B6F000E6C6F25EC67F078
:1099D20005017B6FFB0E6A6F030E6B6F000E6C6FDF
:1099E20025EC67F005017C6FFC0E6A6F030E6B6F4E
:1099F200000E6C6F25EC67F005017D6FFD0E6A6F3E
:109A0200030E6B6F000E6C6F25EC67F005017E6F25
:109A1200060E7919D8A410EF4DF012EF4DF03EEF7B
:109A22004DF0050E7A19D8A419EF4DF01BEF4DF049
:109A32003EEF4DF0040E7B19D8A422EF4DF024EF37
:109A42004DF03EEF4DF0030E7C19D8A42BEF4DF0F4
:109A52002DEF4DF03EEF4DF0020E7D19D8A434EFFC
:109A62004DF036EF4DF03EEF4DF07E05D8B43CEFB1
:109A72004DF03EEF4DF041EF4DF0000E7AEF4DF01C
:109A8200FE0E6A6F030E6B6F000E6C6F25EC67F0B3
:109A92000501776FFF0E6A6F030E6B6F000E6C6F1E
:109AA20025EC67F00501786F785177C571F5726B17
:109AB20071C572F5716B7111736F7251746F790E9A
:109AC200646F050E656F060E666FFFEC64F064C589
:109AD20075F565C576F505017551731907E176517E
:109AE2007419D8A477EF4DF079EF4DF03EEF4DF0B9
:109AF200010E120034C768F535C769F536C76AF535
:109B020037C76BF5C7EC60F068C570F669C571F6CA
:109B12006AC572F66BC573F6020E0601E06194EF38
:109B22004DF096EF4DF09EEF4DF0010EDF659CEF8C
:109B32004DF09EEF4DF010EF4EF0F505D8A4A4EFD6
:109B42004DF0A6EF4DF010EF4EF04DEC6DF064C508
:109B520034F765C535F766C536F767C537F7010EC1
:109B62000601F46FF56B10EF4EF023EC6EF0060178
:109B7200735172110BE1210E705D030E7159D8A061
:109B8200C5EF4DF0C7EF4DF025EF4EF0020EF46F2A
:109B92004DEC6DF064C534F765C535F766C536F72B
:109BA20067C537F725EF4EF0010EE065DBEF4DF0AC
:109BB200DDEF4DF0EEEF4DF0BAEC5AF0020AD8B4F8
:109BC200E5EF4DF0E7EF4DF0EEEF4DF0010E06013F
:109BD200F76F11EC47F0F1EF4DF0010E5BEC63F023
:109BE200010E0601DF65F8EF4DF0FAEF4DF00BEFD5
:109BF2004EF0BAEC5AF0030AD8B402EF4EF004EF7A
:109C02004EF00BEF4EF0010E0601F66F10EC45F030
:109C120025EF4EF0020E5BEC63F025EF4EF0F451AF
:109C22006E6F6F6B6F51000AD8B41AEF4EF025EFCA
:109C32004EF06E51010AD8B4B6EF4DF0030AD8B413
:109C4200D5EF4DF025EF4EF012000601CCBF2CEF00
:109C52004EF02EEF4EF02FEF4EF0D793CCBF36EFF3
:109C62004EF034EF4EF03DEF4EF0000E0501896FDD
:109C7200010E886F41EF4EF0CBC688F5CCC689F550
:109C8200C9C68AF5CAC68BF5000E05018E6F4F0E46
:109C92008D6F0901B16B81EF4EF005018D07D8A0E0
:109CA2008E0783510F0B8C6F0A0E8C615BEF4EF0A7
:109CB2005DEF4EF061EF4EF0300E8C2763EF4EF009
:109CC200370E8C27620E8D25D96E090E8E21DA6E23
:109CD2008CC5DFF48807D8A089078A07D8A08B072C
:109CE20083C585F584C586F5040E876FD8908633C3
:109CF2008533872F77EF4EF085C583F586C584F5CA
:109D020005018EBF8EEF4EF08E5109E1020E8D5D80
:109D1200D8A08EEF4EF090EF4EF0BBEF4EF0835195
:109D22008411D8A497EF4EF099EF4EF04EEF4EF01B
:109D320089BFA6EF4EF0895106E18805D8B0A4EF9D
:109D42004EF0A6EF4EF04EEF4EF08BBFB1EF4EF05D
:109D52008B5108E18A05D8A0B1EF4EF0B3EF4EF077
:109D6200BBEF4EF00601D7B3B9EF4EF0BBEF4EF0AA
:109D72004EEF4EF081C578F582C579F5620E050188
:109D82008D257A6F090E8E217B6F8AC57CF58BC576
:109D92007DF550EC5EF01200370E0601756F3E0E37
:109DA200766F2C0E19EC46F06CC577F66DC578F619
:109DB20019EC6BF0AC0E0601756F3D0E766F160E48
:109DC20007EC3EF014C677F615C678F616C679F695
:109DD20017C67AF6EAC67BF6EBC67CF6ECC67DF6CB
:109DE200EDC67EF6E6C67FF6E7C680F6E8C681F6E1
:109DF200E9C682F6EEC683F6EFC684F619EC6BF07E
:109E0200CF0E0601756F3D0E766F040E07EC3EF025
:109E120014C677F615C678F616C679F617C67AF618
:109E2200D7C77BF6D8C77CF6D9C77DF6DAC77EF6E8
:109E3200D3C77FF6D4C780F6D5C781F6D6C782F6D8
:109E4200DBC783F6DCC784F619EC6BF0F20E060171
:109E5200756F3D0E766F40C777F641C778F642C7F9
:109E620079F643C77AF6E0C67BF67C6BDFC67DF6F1
:109E72007E6B19EC6BF02A0E0601756F3E0E766F43
:109E820044C777F645C778F646C779F647C77AF6E4
:109E920019EC6BF01C0E0601756F3E0E766FDEC676
:109EA20077F6786B19EC6BF00D0E0601756F3E0EAE
:109EB200766FBAEC5AF00501FB6FFB510601776F22
:109EC200786B19EC6BF0850E0601756F3D0E766F9F
:109ED20019EC6BF01200000E0501666F570E656FEC
:109EE200FA0E676F070E686F000E6A6F020E696FD7
:109EF2007CEC64F00009D8B481EF4FF083EF4FF0AF
:109F02006CEF4FF0000E0501666F570E656F580E2D
:109F1200676F050E686F000E6A6F010E696FA8EC1D
:109F220064F00009D8B498EF4FF09AEF4FF083EF46
:109F32004FF0680E05016C6FE40EE82EFED76C2F11
:109F4200FCD7000058C550F5680E05016C6FE40E91
:109F5200E82EFED76C2FFCD70000C00E5018D8A4F4
:109F6200B5EF4FF0B7EF4FF0B9EF4FF0F9EF4FF019
:109F7200000E0501666F570E656FEA0E676F080ED9
:109F8200686F000E6A6F130E696F7CEC64F0000953
:109F9200D8B4CEEF4FF0D0EF4FF0B9EF4FF0680EDC
:109FA20005016C6FE40EE82EFED76C2FFCD7000083
:109FB200000E0501666F570E656FFA0E676F070E8A
:109FC200686F000E6A6F030E696FA8EC64F00009F7
:109FD200D8B4EEEF4FF0F0EF4FF0D9EF4FF02A0E7A
:109FE20005016C6F8D0EE82EFED76C2FFCD700D0CA
:109FF200D00E05016C6FC90EE82EFED76C2FFCD770
:10A0020000D01200000E06010C150501ED6F000EC6
:10A0120006010D150501EE6F800E06010E150501F4
:10A02200EF6F7F0E06010F150501F06FED51EE1176
:10A03200EF11F011D8A420EF50F022EF50F02BEFE7
:10A0420050F0000E06010C6F000E0D6F000E0E6F29
:10A05200000E0F6F000E060110150501ED6F000EC8
:10A06200060111150501EE6F800E0601121505019C
:10A07200EF6F7F0E060113150501F06FED51EE1122
:10A08200EF11F011D8A448EF50F04AEF50F053EF1F
:10A0920050F0000E0601106F000E116F000E126FCD
:10A0A200000E136F06010FAF59EF50F05BEF50F047
:10A0B20064EF50F00C6D0D1FD8B00D2B0E1FD8B0F1
:10A0C2000E2B800E0F5713AF69EF50F06BEF50F06D
:10A0D20074EF50F0106D111FD8B0112B121FD8B0B1
:10A0E200122B800E1357000E0C1B000E0D1B000EC0
:10A0F2000E1B800E0F1B000E101B000E111B000EFC
:10A10200121B800E131B10510C5D11510D5912516F
:10A112000E5913510F59D8B091EF50F093EF50F000
:10A1220096EF50F0D89097EF50F0D880120014C6F6
:10A1320064F515C665F516C666F517C667F597EC9C
:10A1420055F0050164516511D8A4AAEF50F0ACEFA7
:10A1520050F0B6EF50F018C614F619C615F61AC626
:10A1620016F61BC617F62BEF51F018C664F519C682
:10A1720065F51AC666F51BC667F597EC55F005013D
:10A1820064516511D8A4C8EF50F0CAEF50F0D4EF73
:10A1920050F014C614F615C615F616C616F617C6EE
:10A1A20017F62BEF51F014C664F515C665F516C601
:10A1B20066F517C667F551EC65F064C5F1F565C53E
:10A1C200F2F518C664F519C665F51AC666F51BC61A
:10A1D20067F551EC65F005016451F11909E165512A
:10A1E200F219D8B4F7EF50F0F9EF50F00FEF51F049
:10A1F20014C664F515C665F516C666F517C667F585
:10A2020051EC65F0050164516511D8A40BEF51F0D2
:10A212000DEF51F0CAEF50F0ACEF50F014C60CF64F
:10A2220015C60DF616C60EF617C60FF618C610F6A8
:10A2320019C611F61AC612F61BC613F603EC50F035
:10A242000601D8A027EF51F029EF51F0CAEF50F0E4
:10A25200ACEF50F012001CC664F51DC665F51EC6B3
:10A2620066F51FC667F597EC55F005016451651157
:10A27200D8A43EEF51F040EF51F04AEF51F020C622
:10A282001CF621C61DF622C61EF623C61FF6BFEF18
:10A2920051F020C664F521C665F522C666F523C6CF
:10A2A20067F597EC55F0050164516511D8A45CEF90
:10A2B20051F05EEF51F068EF51F01CC61CF61DC65E
:10A2C2001DF61EC61EF61FC61FF6BFEF51F01CC6B6
:10A2D20064F51DC665F51EC666F51FC667F551EC29
:10A2E20065F064C5F3F565C5F4F520C664F521C6CD
:10A2F20065F522C666F523C667F551EC65F00501E2
:10A302006451F31909E16551F419D8B48BEF51F096
:10A312008DEF51F0A3EF51F01CC664F51DC665F533
:10A322001EC666F51FC667F551EC65F0050164515E
:10A332006511D8A49FEF51F0A1EF51F040EF51F019
:10A342005EEF51F01CC60CF61DC60DF61EC60EF6CB
:10A352001FC60FF620C610F621C611F622C612F647
:10A3620023C613F603EC50F00601D8A0BBEF51F060
:10A37200BDEF51F040EF51F05EEF51F0120021EECF
:10A3820089F2100EDE6AE806FDE2890E0501646FAD
:10A39200060E656F87C666F588C667F5000E696F9B
:10A3A200110E686F28EC65F0550E0601896F040ED8
:10A3B2000501796F540E4EEC69F079C59AF67AC5AB
:10A3C2009BF6900E0501646F060E656F9AC666F5E0
:10A3D2009BC667F5000E696F040E686F28EC65F086
:10A3E200030E0501796F5C0E4EEC69F079C59CF69F
:10A3F2007AC59DF6060120EE02F09C51D9269D51A8
:10A40200DA22DF50946F890E0501646F060E656FC4
:10A412000F0E666FD2EC61F064C59EF665C59FF6BD
:10A422009EC699F606019F51986FA06B410E756FFB
:10A432003E0E766F890EA025D96EDA6A060EDA22F2
:10A44200DF500501FB6FFB510601776F786B19EC4A
:10A452006BF0100E0601A06131EF52F033EF52F0B3
:10A4620039EF52F04E0E756F3E0E766F19EC6BF0AF
:10A472000601A02B100EA06541EF52F043EF52F0FF
:10A4820017EF52F0890E0501646F060E656F000E1C
:10A49200676F000E666F000E696F110E686FDAEC5F
:10A4A20068F0120064C5D9F465C5DAF466C5DFF454
:10A4B200050120EE01F06451D9266551DA2267C503
:10A4C200DEF468C5DEF469C5DEF46AC5DEF420EEAA
:10A4D20005F06451D9266551DA226BC5DEF46CC5EC
:10A4E200DEF46DC5DEF46EC5DEF420EE09F06451D3
:10A4F200D9266551DA226FC5DEF470C5DEF471C566
:10A50200DEF472C5DEF420EE15F06451D9266551F1
:10A51200DA2273C5DEF474C5DEF475C5DEF476C5E1
:10A52200DEF420EE19F06451D9266551DA2277C59E
:10A53200DEF478C5DEF479C5DEF47AC5DEF420EE09
:10A542000DF06451D9266551DA22000EDE6E000E3E
:10A55200DE6E480EDE6E440EDD6E20EE11F06451AA
:10A56200D9266551DA22000EDE6E000EDE6E480E2E
:10A57200DE6EC40EDD6E20EE1DF06451D9266551EB
:10A58200DA22000EDE6E000EDE6E000EDE6E000EB1
:10A59200DD6E20EE21F06451D9266551DA22000EDB
:10A5A200DE6E000EDE6E000EDE6E000EDD6E20EE42
:10A5B20025F06451D9266551DA227BC5DEF47CC5CB
:10A5C200DDF41200C80E0501756F000E766F000EE5
:10A5D200776F000E786F6D51736F6CC574F50EEF67
:10A5E20053F005017551761177117811D8A4FCEF5B
:10A5F20052F0FEEF52F000EF53F072EF53F0750796
:10A60200000E765B775B785B150E0501716FC60EE7
:10A61200E82EFED7712FFCD70000000E0501666FF1
:10A62200530E656F730E676F050E686F000E6A6FCB
:10A63200020E696F7CEC64F00009D8B423EF53F08A
:10A6420025EF53F0F2EF52F0C80E0501756F000EC0
:10A65200766F000E776F000E786F4CEF53F00501A6
:10A662007551761177117811D8A43AEF53F03CEF77
:10A6720053F03EEF53F072EF53F07507000E765B26
:10A68200775B785B150E0501716FC60EE82EFED75B
:10A69200712FFCD70000000E0501666F530E656F27
:10A6A2006EC567F56FC568F5020E7025696F6A6B36
:10A6B200000E6A23A8EC64F00009D8B463EF53F0EB
:10A6C20065EF53F030EF53F0090E0501726F1E0E65
:10A6D200716FE40EE82EFED7712FFCD7722FFAD7D6
:10A6E200000012000601263527350501FA6FFA51DE
:10A6F200D8A47EEF53F080EF53F08BEF53F0000EAF
:10A702000601246F000E256F000E266F000E276FC4
:10A71200FFEF53F024C6F5F525C6F6F526C6F7F584
:10A7220027C6F8F5200E9BEF53F0D890F833F73395
:10A73200F633F533E82E96EF53F0F551F96F060133
:10A74200268FFF0E2417FF0E2517FF0E2617000E69
:10A752002717960E0501FA5FFABFB4EF53F0B2EF76
:10A7620053F0CCEF53F0FA51800A970FD8B0BCEFF8
:10A7720053F0BEEF53F0C0EF53F080EF53F00601F9
:10A78200D89027332633253324330501FA3FC0EF0F
:10A7920053F0E6EF53F01F0EFA65D2EF53F0D4EF09
:10A7A20053F0DEEF53F080EF53F00601D8902437D8
:10A7B2002537263727370501FA07FA51D8A4E4EFDF
:10A7C20053F0E6EF53F0D6EF53F0F951D8B4ECEF73
:10A7D20053F0EEEF53F0F7EF53F00601271F261F59
:10A7E200251F246D000E25232623272324C624F6A5
:10A7F20025C625F626C626F627C627F61200050127
:10A8020020EE08F06451D9266551DA22DF50D8B41F
:10A812000DEF54F00FEF54F03BEF54F020EE08F040
:10A822006451D9266551DA22150EDF601BEF54F010
:10A832001DEF54F025EF54F020EE08F06451D926B4
:10A842006551DA22140EDF6E20EE08F06451D9262B
:10A852006551DA22630EDF6431EF54F033EF54F0C6
:10A862003BEF54F020EE08F06451D9266551DA220C
:10A87200640EDF6E20EE08F06451D9266551DA22AB
:10A88200DF500601E06F050120EE0AF06451D9267F
:10A892006551DA22DF50D8B451EF54F053EF54F03F
:10A8A2007FEF54F020EE0AF06451D9266551DA2286
:10A8B2001F0EDF605FEF54F061EF54F069EF54F068
:10A8C20020EE0AF06451D9266551DA221E0EDF6E9F
:10A8D20020EE0AF06451D9266551DA22630EDF6454
:10A8E20075EF54F077EF54F07FEF54F020EE0AF05A
:10A8F2006451D9266551DA22640EDF6E20EE0AF029
:10A902006451D9266551DA22DF500601DF6F120049
:10A912000501646F05016405D8A492EF54F094EF29
:10A9220054F0B0EF54F0000E0701CE6F000ECD6F61
:10A93200000EC56F000EC66F000EC76F000EC86F07
:10A94200000EC96F000ECA6F000ECB6F000ECC6FE7
:10A95200000E0601D06F000ECF6F10EF55F0020E01
:10A962006419D8A4B7EF54F0B9EF54F0D5EF54F00E
:10A97200000E0701A76F000EA66F000E9E6F000E5D
:10A982009F6F000EA06F000EA16F000EA26F000E4F
:10A99200A36F000EA46F000EA56F000E0601CE6F0E
:10A9A200000ECD6F10EF55F0030E6419D8A4DCEF42
:10A9B20054F0DEEF54F010EF55F0000E0701CE6FA9
:10A9C200000ECD6F000EC56F000EC66F000EC76F72
:10A9D200000EC86F000EC96F000ECA6F000ECB6F5B
:10A9E200000ECC6F000EA76F000EA66F000E9E6FBA
:10A9F200000E9F6F000EA06F000EA16F000EA26FDF
:10AA0200000EA36F000EA46F000EA56F000E0601CC
:10AA1200D06F000ECF6F000ECE6F000ECD6F120002
:10AA22000501796B77BF1AEF55F018EF55F024EF57
:10AA320055F0771F761F751F746D000E75237623F0
:10AA42007723010E796F73BF2BEF55F029EF55F085
:10AA520035EF55F0731F721F711F706D000E712359
:10AA620072237323010E791B000E7A6F000E7B6F27
:10AA7200000E7C6F000E7D6F745175117611771187
:10AA8200D8B446EF55F048EF55F07EEF55F0010E81
:10AA9200786F52EF55F0D89074377537763777372D
:10AAA200782B77AF57EF55F059EF55F04CEF55F043
:10AAB200D8907A377B377C377D377451705D75510A
:10AAC20071597651725977517359D8A06BEF55F07D
:10AAD2006DEF55F076EF55F07451705F7551715B03
:10AAE2007651725B7751735B7A81D8907733763384
:10AAF20075337433782F59EF55F07951D8B484EF08
:10AB020055F086EF55F08EEF55F07D1F7C1F7B1FB1
:10AB12007A6D000E7B237C237D237AC570F57BC57D
:10AB220071F57CC572F57DC573F512000CC76EF523
:10AB32000DC76FF50EC770F50FC771F564C56EF5D9
:10AB420065C56FF566C570F567C571F56EC568F5C3
:10AB52006FC569F570C56AF571C56BF5180EB8EF6A
:10AB620055F00501D8906B336A3369336833E82EA8
:10AB7200B2EF55F068516C6F6D6B6C516D11D8A4CA
:10AB8200C5EF55F0C7EF55F0E7EF55F0D8906E35A9
:10AB9200686F6F35696F70356A6F71356B6F6851A9
:10ABA20069116A116B11D8A4D9EF55F0DBEF55F09A
:10ABB200E1EF55F0000E656F020E646F16EF56F06E
:10ABC200000E656F030E646F16EF56F06C296D115F
:10ABD200D8A4EEEF55F0F0EF55F012EF56F06EC537
:10ABE20068F56FC569F570C56AF571C56BF5090E33
:10ABF200D890683769376A376B37E82EF9EF55F026
:10AC0200685169116A116B11D8B40AEF56F00DEF51
:10AC120056F0010E0EEF56F0000E646F656B16EFE4
:10AC220056F0000E656F040E646F12007DEC57F053
:10AC3200090E06018A6F1E0E896FE40EE82EFED7FA
:10AC4200892FFCD78A2FFAD70000CCEC4CF0E8060B
:10AC5200D8A42EEF56F030EF56F092EF56F0010ED8
:10AC62000601E16F87C6D9F488C6DAF4550EDF6EA5
:10AC720087C664F588C665F50F0E0501666FD2ECCE
:10AC820061F064C58BF665C58CF6060120EE10F006
:10AC92008751D9268851DA228BC6DFF420EE0FF0D5
:10ACA2008751D9268851DA228C51DF6E8D6B410E85
:10ACB200756F3E0E766F8D518725D96E000E8821F5
:10ACC200DA6EDF50896F8951776F786B19EC6BF010
:10ACD200100E06018D6170EF56F072EF56F078EFAC
:10ACE20056F04E0E756F3E0E766F19EC6BF0060144
:10ACF2008D2B100E8D6580EF56F082EF56F058EFD7
:10AD020056F087C664F588C665F5000E0501676FC3
:10AD1200000E666F000E696F110E686FDAEC68F054
:10AD2200FF001200740EF66ED00EF76E000EF86E73
:10AD320002EEBAF010EE43F00900F5C4EEF4E5506D
:10AD4200E150FAE1CE0EF66EDA0EF76E000EF86EF4
:10AD520001EEF1F310EE0FF00900F5C4EEF4E55048
:10AD6200E150FAE1E20EF66EDB0EF76E000EF86EBF
:10AD720001EEF4F210EE06F00900F5C4EEF4E5502F
:10AD8200E150FAE1360EF66EDC0EF76E000EF86E4A
:10AD920001EE59F110EE04F00900F5C4EEF4E550AD
:10ADA200E150FAE102EE00F3AC0EEE6AE806FDE1D4
:10ADB20002EE00F2C80EEE6AE806FDE102EE00F1D4
:10ADC200FA0EEE6AE806FDE102EE00F0BA0EEE6A55
:10ADD200E806FDE101EE00F3E20EEE6AE806FDE1AF
:10ADE20001EEBAF23A0EEE6AE806FDE10501FC6BED
:10ADF20001EE30F1290EEE6AE806FDE10401080ECB
:10AE02005D6F300E5E6F000E5F6F00012BEF6AF018
:10AE1200C80E0501BB6F000EBC6F000EBD6F000EA9
:10AE2200BE6F6D51736F6CC574F5BF6B2FEF57F02A
:10AE3200BF516E25D96E000E6F21DA6EBF51716F50
:10AE4200726B020E7127000E7223730E7125E16E72
:10AE5200050E7221E26EDFC4E7F4BF2B7051BF5DB5
:10AE6200D8A036EF57F038EF57F019EF57F056EFFA
:10AE720057F00501BB51BC11BD11BE11D8A444EF5E
:10AE820057F046EF57F048EF57F07CEF57F0BB070B
:10AE9200000EBC5BBD5BBE5B150E0501716FC60E7D
:10AEA200E82EFED7712FFCD70000000E0501666F59
:10AEB200530E656F730E676F050E686F020E702575
:10AEC200696F6A6B000E6A237CEC64F00009D8B4E7
:10AED2006DEF57F06FEF57F03AEF57F0090E05019B
:10AEE200726F1E0E716FE40EE82EFED7712FFCD723
:10AEF200722FFAD70000120021EEF1F311EE70F179
:10AF0200050EDBC4E3F4E806FCE2700E0501646F93
:10AF1200050E656F060E666FFFEC64F064C578F58A
:10AF220065C579F505017951766F78C577F5F80E23
:10AF32006C6F030E6D6F000E6E6F70C56FF549EC8E
:10AF420062F0F90E05016C6F030E6D6F000E6E6FED
:10AF520071C56FF549EC62F0FA0E05016C6F030ED4
:10AF62006D6F000E6E6F72C56FF549EC62F0FB0EED
:10AF720005016C6F030E6D6F000E6E6F73C56FF57A
:10AF820049EC62F0FC0E05016C6F030E6D6F000E52
:10AF92006E6F74C56FF549EC62F0FD0E05016C6FC2
:10AFA200030E6D6F000E6E6F75C56FF549EC62F0A2
:10AFB200FE0E05016C6F030E6D6F000E6E6F76C58F
:10AFC2006FF549EC62F0FF0E05016C6F030E6D6FB9
:10AFD200000E6E6F77C56FF549EC62F01200A80E95
:10AFE2000501646F070E656F010E666F0A0E676FCB
:10AFF200D70E686FA30E696F3D0E6A6F6F0E6B6F8F
:10B00200120E6C6F030E6D6F3B0E6E6F9A0E6F6FAA
:10B01200990E706F190E716F3E0E726F000E736F84
:10B02200000E746F480E756F450E766F000E776FC7
:10B03200000E786F000E796F000E7A6F000E7C6F33
:10B04200000E7B6F53EC52F0810E0501646F070E08
:10B05200656F020E666F9A0E676F990E686F990E92
:10B06200696F3E0E6A6F170E6B6FB70E6C6FD10E63
:10B072006D6F380E6E6F170E6F6FB70E706FD10E49
:10B08200716F380E726F000E736F000E746F480E80
:10B09200756F450E766F000E776F000E786F000E9B
:10B0A200796F000E7A6F000E7C6F000E7B6F53EC8F
:10B0B20052F01200BAEC5AF0556E5550D8B464EF03
:10B0C20058F066EF58F080EF58F054505518D8B445
:10B0D2006DEF58F06FEF58F083EF58F05504D8A495
:10B0E20075EF58F077EF58F07CEF58F0030E5BECF9
:10B0F20063F0C2EF58F055C554F583EF58F0546A27
:10B102000601DE6BF0EC41F005017EC599F57FC5C5
:10B112009AF59B6B9C6B000EEAEC48F099C540F7E0
:10B122009AC541F79BC542F79CC543F75704D8B46B
:10B132009DEF58F09FEF58F0A8EF58F00601DD059B
:10B14200D8A4A6EF58F0A8EF58F0C0EF58F0D89066
:10B152000601D631756FD531746F74C699F575C60F
:10B162009AF505019B6B9C6B000EEAEC48F099C5C1
:10B1720040F79AC541F79BC542F79CC543F77BEC64
:10B182004DF01200000E05016C6F000E6B6F64C56E
:10B19200D9F465C5DAF4DEC4F6F4DDC4F7F4000EC2
:10B1A200F86E0800F5502A0AD8A4DAEF58F0DCEF5E
:10B1B20058F00FEF59F064C5D9F465C5DAF4DE2A08
:10B1C200000EDD2266C5D9F467C5DAF4DFC468F57E
:10B1D200020EDE26DFC469F5000EDD2268C5D9F451
:10B1E20069C5DAF4DEC46BF5DDC46CF525EF59F000
:10B1F2000A0E6B03F3C468F5F4C469F56C03F350EB
:10B2020069276A5168256B6F000E69216C6F64C5EE
:10B21200D9F465C5DAF4DE2A000EDD2264C5D9F45C
:10B2220065C5DAF4DEC4F6F4DDC4F7F4000EF86E98
:10B232000800F550D00F6A6F090E6A6523EF59F0C6
:10B2420025EF59F0F9EF58F06BC564F56CC565F55B
:10B25200120005016A516B11D8B432EF59F034EF84
:10B2620059F03DEF59F06A516B11D8A43BEF59F0F8
:10B272003DEF59F042EF59F068511EEC66F08FEF46
:10B2820059F020EE09F06A51D9266B51DA22DE50CC
:10B29200DE10D8B44FEF59F051EF59F06CEF59F07E
:10B2A20020EE09F06A51D9266B51DA2210EE02F033
:10B2B2006A51E1266B51E222DE50E65CE650800ADA
:10B2C200706FDE50800A7059D8B06AEF59F06CEF97
:10B2D20059F08FEF59F020EE02F06A51D9266B51E6
:10B2E200DA22DEC46CF5DDC46DF56AC5D9F46BC52E
:10B2F200DAF4DEC46EF5DDC46FF56C516E25D96EDD
:10B302006D516F21DA6E68C5DFF420EE02F06A51EA
:10B31200D9266B51DA22DE2A000EDD22120028C75E
:10B3220068F529C769F52AC76AF52BC76BF5C7EC1B
:10B3320060F068C578F569C579F56AC57AF56BC5B7
:10B342007BF5E3EF59F0020E3CEC5CF0020E69EC87
:10B352006BF0020E1BEC5BF0020E89EC54F0020E55
:10B3620049EC67F04DEC6DF064C528F765C529F727
:10B3720066C52AF767C52BF7020E0601F66FF3EFD3
:10B3820059F005017B517A110BE1F50E785D010E42
:10B392007959D8A0CFEF59F0D1EF59F0F3EF59F026
:10B3A200020E55EC6BF04DEC6DF064C528F765C5E7
:10B3B20029F766C52AF767C52BF7030E0601F66F54
:10B3C200F3EF59F00601F651010AD8B4A4EF59F08F
:10B3D200030AD8B4C2EF59F0010AD8B4F3EF59F016
:10B3E200F3EF59F012002CC768F52DC769F52EC787
:10B3F2006AF52FC76BF5C7EC60F068C578F569C5CB
:10B4020079F56AC57AF56BC57BF547EF5AF0010EFF
:10B412003CEC5CF0010E69EC6BF0010E1BEC5BF096
:10B42200010E89EC54F0010E49EC67F04DEC6DF021
:10B4320064C52CF765C52DF766C52EF767C52FF7CE
:10B44200020E0601F76F57EF5AF005017B517A1190
:10B452000BE1F50E785D010E7959D8A033EF5AF061
:10B4620035EF5AF057EF5AF0010E55EC6BF04DECF8
:10B472006DF064C52CF765C52DF766C52EF767C557
:10B482002FF7030E0601F76F57EF5AF00601F75137
:10B49200010AD8B408EF5AF0030AD8B426EF5AF0DA
:10B4A200010AD8B457EF5AF057EF5AF012000501CB
:10B4B200696B67BF61EF5AF05FEF5AF067EF5AF0BE
:10B4C200666D671FD8B0672B010E696F65BF6EEF9F
:10B4D2005AF06CEF5AF074EF5AF0646D651FD8B0F1
:10B4E200652B010E691B000E6B6F000E6A6F6651B1
:10B4F2006711D8B47FEF5AF081EF5AF0A9EF5AF0F2
:10B50200010E686F89EF5AF0D89066376737682B5B
:10B5120067AF8EEF5AF090EF5AF085EF5AF0D8905D
:10B522006A376B376651645D67516559D8A09CEFE5
:10B532005AF09EEF5AF0A3EF5AF06651645F6751DA
:10B54200655B6A81D89067336633682F90EF5AF053
:10B552006951D8B4AFEF5AF0B1EF5AF0B5EF5AF0E3
:10B562006A6D6B1FD8B06B2B6AC564F56BC565F548
:10B5720012005C04D8B4C0EF5AF0C2EF5AF0C5EF23
:10B582005AF0010E1AEF5BF00601E105D8A4CCEFE8
:10B592005AF0CEEF5AF0D0EF5AF0C2EF5AF0020E44
:10B5A200DD19D8A4D7EF5AF0D9EF5AF0DBEF5AF0F1
:10B5B200C2EF5AF0E051D8A4E1EF5AF0E3EF5AF0AB
:10B5C200EDEF5AF0DF51D8A4E9EF5AF0EBEF5AF061
:10B5D200EDEF5AF0C2EF5AF0F251F311D8B4F4EF92
:10B5E2005AF0F6EF5AF001EF5BF0F051F111D8B4D6
:10B5F200FDEF5AF0FFEF5AF001EF5BF0C2EF5AF0A5
:10B60200F251F311D8B408EF5BF00AEF5BF00DEFE3
:10B612005BF0020E1AEF5BF0F051F111D8B414EFA7
:10B622005BF016EF5BF019EF5BF0030E1AEF5BF0C5
:10B63200000E12000501666F05016605D8A424EF0D
:10B642005BF026EF5BF03AEF5BF0E20E646F060E02
:10B65200656F95EC61F0000E0701406F000E416FBF
:10B66200000E426F000E436F010E0601F96F7AEF72
:10B672005BF0020E6619D8A441EF5BF043EF5BF07A
:10B6820052EF5BF0CF0E646F070E656F95EC61F0C1
:10B69200000E0601D26F000ED16F010EF86F7AEF25
:10B6A2005BF0030E6619D8A459EF5BF05BEF5BF019
:10B6B2007AEF5BF0E20E646F060E656F95EC61F057
:10B6C200CF0E0501646F070E656F95EC61F0010EF8
:10B6D2000601F56FDC6B000E0701406F000E416F33
:10B6E200000E426F000E436F010E0601F96F4EEF1E
:10B6F2005BF01200BE6AB00EBF6EC06AC16AC26A57
:10B70200400EC36E0401026B300E0A6F126B1A6B8D
:10B71200226B2A6BDF0EC66E8F0EC76E6F0EC86E5F
:10B72200D00EC96E0F0ECA6E9E0ECB6EDF0E006F6C
:10B732000F0E086F4F0E106FD10E186F070E206F8D
:10B742009E0E286F016B800E096F116B196B216BB6
:10B75200296B03690B6913691B69070E236F2B6938
:10B7620004690C6914691C690F0E246F2C690201AB
:10B77200896B886B876B866B150E726F1C0E196F47
:10B782001A0E1B6F200E156F0C0E716F370E0D6F98
:10B792000D0E706F380E0E6F0401056B066B076B92
:10B7A2000D6B0E6B0F6B156B166B176B256B266B88
:04B7B200276B1200EF
:10B7B800D8C42DF5FAEC6CF00009D8B4E6EF5BF0CC
:10B7C800E8EF5BF0F0EF5BF0030E3C6E0201979B35
:10B7D800BBEC68F038EF5CF005EC6DF00009D8B40C
:10B7E800F8EF5BF0FAEF5BF00CEF5CF0D9EC6CF083
:10B7F8000009D8B402EF5CF004EF5CF00CEF5CF0E9
:10B80800010E3C6E02019799B6EC6BF038EF5CF0D4
:10B81800E4EC6CF00009D8B414EF5CF016EF5CF0BF
:10B8280026EF5CF0D9EC6CF00009D8B41EEF5CF0A0
:10B8380020EF5CF026EF5CF0020E3C6E0201979957
:10B8480008EF5CF0EFEC6CF00009D8B42EEF5CF078
:10B8580030EF5CF036EF5CF0030E3C6E0201979D12
:10B8680038EF5CF0020197993C502DC5D8F41100CF
:10B878000501666F05016605D8A445EF5CF047EF42
:10B888005CF051EF5CF0000E656F000E646FC8EC61
:10B898006DF027EC6EF096EF5CF0020E6619D8A4F6
:10B8A80058EF5CF05AEF5CF064EF5CF0000E656FE7
:10B8B800000E646FC2EC6DF025EC6EF096EF5CF054
:10B8C800020E6619D8A46BEF5CF06DEF5CF06FEFB9
:10B8D8005CF096EF5CF0020E6619D8A476EF5CF087
:10B8E80078EF5CF07AEF5CF096EF5CF0050E661985
:10B8F800D8A481EF5CF083EF5CF096EF5CF0000E6B
:10B90800656F000E646FC8EC6DF027EC6EF0000EEA
:10B918000501656F000E646FC2EC6DF025EC6EF0EA
:06B9280096EF5CF0120036
:10B93000FAC401F5FBC402F5B39E77A0A2EF5CF058
:10B94000A4EF5CF0C6EF5CF076A0A9EF5CF0ABEF83
:10B950005CF0C6EF5CF076900601C351C411C511CE
:10B96000D8B4B5EF5CF0B7EF5CF0EDEF5CF002D867
:10B97000C4EF5CF00500FA6EC351FD6EC451FE6E5B
:10B98000C551FF6EFA501200EDEF5CF077A2CBEFDD
:10B990005CF0CDEF5CF0EDEF5CF076A2D2EF5CF006
:10B9A000D4EF5CF0EDEF5CF076920601C051C1116E
:10B9B000C211D8B4DEEF5CF0E0EF5CF0EDEF5CF0CC
:10B9C00002D8EDEF5CF00500FA6EC051FD6EC1517A
:10B9D000FE6EC251FF6EFA50120002C5FBF401C5A3
:10B9E000FAF41100FAC405F5FBC406F5B59E86A06D
:10B9F000FCEF5CF0FEEF5CF020EF5DF085A003EF64
:10BA00005DF005EF5DF020EF5DF085900601BA5125
:10BA1000BB11BC11D8B40FEF5DF011EF5DF047EF33
:10BA20005DF002D81EEF5DF00500FA6EBA51FD6EB2
:10BA3000BB51FE6EBC51FF6EFA50120047EF5DF035
:10BA400086A225EF5DF027EF5DF047EF5DF085A260
:10BA50002CEF5DF02EEF5DF047EF5DF08592070172
:10BA600069516A116B11D8B438EF5DF03AEF5DF0AF
:10BA700047EF5DF002D847EF5DF00500FA6E6951BF
:10BA8000FD6E6A51FE6E6B51FF6EFA50120006C5D4
:10BA9000FBF405C5FAF411000501696B65BF55EFAC
:10BAA0005DF053EF5DF05BEF5DF0646D651FD8B046
:10BAB000652B010E696F67BF62EF5DF060EF5DF0AF
:10BAC00066EF5DF0666D671FD8B0672B6651671132
:10BAD000D8B46DEF5DF06FEF5DF093EF5DF0010EA8
:10BAE000686F77EF5DF0D89066376737682B67AF80
:10BAF0007CEF5DF07EEF5DF073EF5DF06651645DAD
:10BB000067516559D8A087EF5DF089EF5DF08DEF43
:10BB10005DF06651645F6751655BD890673366334B
:10BB2000682F7EEF5DF06951D8B499EF5DF09BEF1F
:10BB30005DF09FEF5DF0646D651FD8B0652B64C547
:10BB400064F565C565F51200000E050164156C6F9E
:10BB5000000E65156D6F800E66156E6F7F0E671592
:10BB60006F6F6C516D116E116F11D8A4BAEF5DF04B
:10BB7000BCEF5DF0C4EF5DF0000E646F000E656F0A
:10BB8000000E666F000E676F000E68156C6F000E7A
:10BB900069156D6F800E6A156E6F7F0E6B156F6F76
:10BBA0006C516D116E116F11D8A4D9EF5DF0DBEF00
:10BBB0005DF0E3EF5DF0000E686F000E696F000E40
:10BBC0006A6F000E6B6F685164190FE16951651956
:10BBD0000CE16A51661909E16B516719D8B4F3EFAA
:10BBE0005DF0F5EF5DF0F8EF5DF0D890F9EF5DF006
:10BBF000D8801200116A1150080DBB0EF324D96EC3
:10BC0000080EF420DA6EDE50DE10D8B40AEF5EF0D3
:10BC10000CEF5EF046EF5EF01150080DBB0EF32402
:10BC2000D96E080EF420DA6EDE06000EDD5A1150D1
:10BC3000080DBB0EF324D96E080EF420DA6EDE5028
:10BC4000DE10D8A426EF5EF028EF5EF046EF5EF03F
:10BC50001150080DBA0EF324D96E080EF420DA6ED6
:10BC6000010EDF6E1150080DBD0EF324D96E080EC3
:10BC7000F420DA6E1150080DBB0EF324E16E080EAD
:10BC8000F420E26EDEC4E6F4DDC4E5F4112A050E0C
:10BC900011644DEF5EF04FEF5EF0FBEF5DF01200D0
:10BCA0000601D7A156EF5EF058EF5EF062EF5EF04E
:10BCB0007AC571F57BC572F578C573F579C574F5EC
:10BCC000DDEC66F005017DBF6AEF5EF068EF5EF0C7
:10BCD0006EEF5EF0000E7D6F000E7C6F000E806FC9
:10BCE000000E7F6F81EF5EF0000E696F200E686FAF
:10BCF00078C56AF579C56BF52AEC59F005017F4BDB
:10BD0000802B7C517F5D8051800A7E6F7D51800A3F
:10BD10007E59D8A08EEF5EF090EF5EF074EF5EF08B
:10BD20000601D7B196EF5EF098EF5EF0A2EF5EF0FD
:10BD30007AC571F57BC572F578C573F579C574F56B
:10BD4000DDEC66F01200050120EE40F06451D926CA
:10BD50006551DA22DF50666F0F0E661720EE40F055
:10BD60006451D9266551DA22DF50676F67390F0BAE
:10BD70000A0DF35066256A6F20EE41F06451D92612
:10BD80006551DA22DF50666F0F0E661720EE41F024
:10BD90006451D9266551DA22DF50676F67390F0B7E
:10BDA0000A0DF35066256B6F6A51640DF3C466F596
:10BDB000F4C467F56B516625596E000E67215A6E03
:10BDC000E80E666F030E676F66515902F3C468F59B
:10BDD000F4C469F55A02F350692767515902F350C8
:10BDE000692768C559F569C55AF51200A2903A0E3F
:10BDF00007014B6F950E4C6F000E4D6FA292100E07
:10BE0000516FD30E526F000E536F0201A26BA46BE1
:10BE1000A56BA66BA76BA86BA96BAA6BB00EAB6FDB
:10BE2000800EAC6F080EAD6F820EAE6F060EAF6F58
:10BE30002E0EB06FB16B800EB26FB36B860E050124
:10BE4000646FDC0E656F000E666F00EC6CF0840EA4
:10BE50000501646FDC0E656F000E666FEEEC6BF033
:10BE6000820E0501646FDC0E656F000E666FDCEC00
:10BE70006BF0000E0701786F000E776F4C6A4B6A0B
:10BE8000200E0501FC6F4A6A496A486AA2801200C6
:10BE90007EC586F57FC587F580C588F581C589F59E
:10BEA00059EF5FF08207D8A08307864B872B884B1A
:10BEB000892B050182518311D8B461EF5FF063EFE4
:10BEC0005FF074EF5FF088C5D9F489C5DAF486C5F0
:10BED000E1F487C5E2F4DE50E618D8B472EF5FF003
:10BEE00074EF5FF052EF5FF082518311D8A47BEFC3
:10BEF0005FF07DEF5FF083EF5FF0000E7F6F000E6D
:10BF00007E6F95EF5FF086C5D9F487C5DAF4DF5010
:10BF1000846F88C5D9F489C5DAF4DF50856F8551FF
:10BF2000845D7E6F7F6BD8A07F071200050164518E
:10BF30006511D8A49EEF5FF0A0EF5FF0A2EF5FF075
:10BF4000E2EF5FF064C5D9F465C5DAF4000EDE6E89
:10BF5000000EDE6E000EDE6E000EDD6E20EE04F0D2
:10BF60006451D9266551DA22000EDE6E000EDE6EB7
:10BF7000000EDE6E000EDD6E20EE08F06451D92654
:10BF80006551DA22000EDE6E000EDE6E000EDE6EF1
:10BF9000000EDD6E20EE0CF06451D9266551DA22D8
:10BFA000DE6ADE6ADE6ADD6A20EE10F06451D926B0
:10BFB0006551DA22E80EDE6E030EDE6E000EDE6ED6
:10BFC000000EDD6E1200050164516511D8A4EBEF7F
:10BFD0005FF0EDEF5FF0EFEF5FF02FEF60F064C523
:10BFE000D9F465C5DAF466C5DEF467C5DEF468C564
:10BFF000DEF469C5DEF420EE04F06451D926655103
:10C00000DA2266C5DEF467C5DEF468C5DEF469C50C
:10C01000DEF420EE08F06451D9266551DA2266C5B7
:10C02000DEF467C5DEF468C5DEF469C5DEF420EE33
:10C030000CF06451D9266551DA22DE6ADE6ADE6AC6
:10C04000DD6A20EE10F06451D9266551DA226AC506
:10C05000DEF46BC5DEF46CC5DEF46DC5DEF41200F3
:10C06000D8C42BF502019BA538EF60F03AEF60F0E1
:10C0700045EF60F09AA53FEF60F041EF60F045EFCB
:10C0800060F0C9EC6BF07AEF60F09BAF4AEF60F0C4
:10C090004CEF60F066EF60F09AAF51EF60F053EF55
:10C0A00060F066EF60F03B50D8B459EF60F05BEFA2
:10C0B00060F062EF60F03B6A9A919A9FA3EC6BF09C
:10C0C0007AEF60F0B6EC6BF041EF60F09BA36BEFA2
:10C0D00060F06DEF60F07AEF60F09AA372EF60F0BD
:10C0E00074EF60F07AEF60F00CEC6EF002019A935E
:10C0F0007AEF60F02BC5D8F41100D68A000ED6BEB8
:10C10000010E0501676FD69E550E0401596FAA0EE8
:10C11000596F59915F6B300E5E6F080E5D6F550E53
:10C12000596FAA0E596F5981050167B102D0D69E89
:10C1300001D0D68E030165876589658F6681668328
:10C1400069916993699569976D97AF90D680760EDE
:10C150000501646FDC0E656F000E666FA7EC6DF075
:10C16000B490D682780E0501646FDC0E656F000E08
:10C17000666FA0EC6DF0B890D6847A0E0501646FFE
:10C18000DC0E656F000E666F99EC6DF012004DECE1
:10C190006DF064C574F565C575F566C576F567C55A
:10C1A00077F505016851745D695175596A51765981
:10C1B0006B517759D8A0DFEF60F0E1EF60F0EFEF5F
:10C1C00060F06851745D686F69517559696F6A51A3
:10C1D00076596A6F6B5177596B6F0FEF61F0681D7D
:10C1E0006C6F691D6D6F6A1D6E6F6B1D6F6F745183
:10C1F0006C25706F75516D21716F76516E21726F64
:10C2000077516F21736F010E7025686F000E7121D9
:10C21000696F000E72216A6F000E73216B6F12003E
:10C2200007017F4B802BF40E7F1906E18005D8A40F
:10C230001CEF61F01EEF61F033EF61F0C1B223EF4C
:10C2400061F026EF61F0010E27EF61F0000EFF0AAA
:10C25000126E1246C1501218FD0B1218C16E000E5C
:10C26000806F000E7F6F010E3D26000E3E223F22A2
:10C270004022415042104310D8A441EF61F043EFF7
:10C2800061F045EF61F052EF61F002D852EF61F0DA
:10C290000500FA6E4150FD6E4250FE6E4350FF6E37
:10C2A000FA50120012000501786F050178390F0B62
:10C2B000746F78510F0B756F64390F0B766F645183
:10C2C0000F0B776F76510A0DF3C466F5F4C467F56A
:10C2D0007551640DF3C468F5F4C469F574516A6F5F
:10C2E0006B6BE80E6A03F3C46CF5F4C46DF56B0375
:10C2F000F3506D27030E6A03F3506D2768516C25C8
:10C300006E6F69516D216F6F66516E25706F675149
:10C310006F21716F77517025726F000E7121736FED
:10C3200072C564F573C565F51200050164516511A8
:10C33000D8A49DEF61F09FEF61F0A1EF61F0D1EF24
:10C3400061F064C5D9F465C5DAF4000EDE6E000E46
:10C35000DE6E000EDE6E000EDD6E20EE04F0645127
:10C36000D9266551DA22000EDE6E000EDE6E000E5A
:10C37000DE6E000EDD6E20EE08F06451D9266551A8
:10C38000DA22000EDE6E000EDE6E000EDE6E000E95
:10C39000DD6E20EE0CF06451D9266551DA22DE6A9A
:10C3A000DD6A120005016A696B69F9EF61F064C525
:10C3B000D9F465C5DAF4DF506A19696F644B652BEF
:10C3C000070E6925F66EF76A320EF722F86A000E3C
:10C3D000F8220800F5506B196A6F070E6925F66E92
:10C3E000F76A310EF722F86A000EF8220800F5C449
:10C3F0006BF566076629D8A400EF62F002EF62F0E1
:10C40000D7EF61F06B516AC567F5686B67C568F572
:10C41000676B6711646F6851656F12000601B76B37
:10C42000B751080DBA0EF324D96E080EF420DA6E57
:10C43000DF50D8B41EEF62F020EF62F03EEF62F002
:10C44000B751080DBA0EF324D96E080EF420DA6E37
:10C45000DF6AB751080DBF0EF324D96E080EF42021
:10C46000DA6E02D83EEF62F00500FA6EDE50FD6E25
:10C47000DE50FE6EDE50FF6EFA5012000601B72B42
:10C48000050EB76546EF62F048EF62F010EF62F01C
:10C49000120005016E5109E1040E6D5DD8A053EF45
:10C4A00062F055EF62F057EF62F083EF62F0AA0E90
:10C4B000656F550E646FBCEC6DF0000E05016C25C8
:10C4C000646F000E6D21656F380E6E21666F6FC54B
:10C4D00067F522EC64F0CEEC6CF00009D8A473EFA1
:10C4E00062F075EF62F06BEF62F084EC6CF0E806DE
:10C4F000D8A47DEF62F07FEF62F081EF62F000EC94
:10C500006EF0FAEC6DF0120005016A6F9CEF62F0BC
:10C5100066C564F567C565F5C8EC6DF027EC6EF08F
:10C52000BAEF62F066C564F567C565F5C2EC6DF0FB
:10C5300025EC6EF0BAEF62F005016A51686F696B25
:10C540006951000AD8B4A7EF62F0BAEF62F06851FF
:10C55000010AD8B488EF62F0030AD8B492EF62F00F
:10C56000010AD8B4BAEF62F0070AD8B4BAEF62F0A1
:10C57000BAEF62F01200000E05016C6F000E6D6FD5
:10C58000000E6E6F000E6F6F64A1C9EF62F0CBEF0B
:10C5900062F0D3EF62F068516C2769516D236A51E4
:10C5A0006E236B516F23D890683769376A376B37C2
:10C5B000D89067336633653364336451651166110F
:10C5C0006711D8A4E6EF62F0E8EF62F0C4EF62F022
:10C5D0006CC564F56DC565F56EC566F56FC567F527
:10C5E00012007E6A020E7F6E806A7F0E816E0C0ED4
:10C5F000826E836A846A856A866A886A896A8A6AB8
:10C600008B6A8C6AB59CB59E85908592A59EA59CEB
:10C610006E0E0501646FDC0E656F000E666F76ECC2
:10C620006DF06C0E0501646FDC0E656F000E666FB9
:10C630006FEC6DF0700E0501646FDC0E656F000E1F
:10C64000666F7DEC6DF0800E876E12006F6A020ED1
:10C65000706E716A7F0E726E0C0E736E746A756AFC
:10C66000766A776A796A7A6A7B6A7C6A7D6AB39C41
:10C67000B39E76907692A39EA39C680E0501646F8C
:10C68000DC0E656F000E666F8BEC6DF0660E0501BB
:10C69000646FDC0E656F000E666F84EC6DF06A0EE1
:10C6A0000501646FDC0E656F000E666F92EC6DF035
:10C6B000800E786E120005017E6F73EF63F0F4EC6C
:10C6C00059F08DEF63F090EC59F08DEF63F02BECA7
:10C6D0006EF0030E1BEC5BF0050E3CEC5CF0F4EC32
:10C6E00059F063EF63F005017E517C6F7D6B7D51E6
:10C6F000000AD8B47EEF63F08DEF63F07C51010A3D
:10C70000D8B45FEF63F0030AD8B463EF63F0010AB3
:10C71000D8B467EF63F08DEF63F012000301F39F6D
:10C72000D96BDA6BDB6BDC6BDF6BE06BE56BE76BBC
:10C73000EC6BEE6BEF6BD86BF06BF16BF26BF46B39
:10C74000180EF56F100EF66FF76B030EF86F1F0ED5
:10C75000FA6F020EF96F000E0701726F000E736F11
:10C76000000E746F000E6F6F000E706F000E716F11
:10C770004F6AAF949F94B090A090840E0301F36F22
:10C78000120056EC6DF01CC51CF71DC51DF71EC52B
:10C790001EF71FC51FF7640E0601D961D2EF63F0C3
:10C7A000D4EF63F0E3EF63F011EC6AF0246E000E57
:10C7B0000601D925D96EDA6A0A0EDA2224C5DFF419
:10C7C000D92BF2EF63F0D96B000E1C6E0A0E1D6EB2
:10C7D000000E1F6E000E1E6E000E216E640E206E87
:10C7E000A5EC69F012008C0E0501646F080E656FF0
:10C7F000000E666F000E676F000E686F000E696FA7
:10C80000B80E6A6F0B0E6B6F000E6C6F000E6D6FC3
:10C81000E3EC5FF0780E0501646F080E656F000EA3
:10C82000666F000E676F000E686F000E696FC80EAE
:10C830006A6F000E6B6F000E6C6F000E6D6FE3EC95
:10C840005FF01200000ED6BE010E05016B6F66C5CB
:10C8500045F064C568F565C569F566C56AF569C5DD
:10C8600068F56AC569F56A6B68510001446F64C573
:10C8700043F067C546F04151F80B0309416FD69E5E
:10C8800000014EC542F04D50426F408105016BB131
:10C8900002D0D69E01D0D68EF80E000141171200AC
:10C8A000050167BF56EF64F058EF64F062EF64F083
:10C8B00064C564F565C565F566C566F567C567F564
:10C8C0007BEF64F064C568F565C569F566C56AF512
:10C8D00067C56BF5681F691F6A1F6B1F682B000E09
:10C8E00069236A236B2368C564F569C565F56AC564
:10C8F00066F56BC567F5120005016B6BD7EC6AF046
:10C900000009D8A486EF64F088EF64F0A5EF64F026
:10C91000010E306E65C531F566C532F53B6A67C5F7
:10C9200033F568C534F569C535F56AC536F5000EC9
:10C93000376E000E386E000E3A6E000E396E3C6A8D
:10C940006BEC69F0010E05016B6F05016B51120074
:10C9500005016B6BD7EC6AF00009D8A4B2EF64F064
:10C96000B4EF64F0D1EF64F0010E306E65C531F5BF
:10C9700066C532F53B6A67C537F568C538F569C5E0
:10C9800039F56AC53AF5000E336E000E346E000EAE
:10C99000366E000E356E3C6A90EC6BF0010E0501B0
:10C9A0006B6F05016B5112006FC673F670C674F69B
:10C9B000E9EF64F06DC65DF66EC65EF6730E0601B5
:10C9C0005F6F060E606F71C661F672C662F6AFECFD
:10C9D00033F073C6F6F474C6F7F4000EF86E080070
:10C9E000F5500009D8A4F7EF64F0F9EF64F0DAEF3E
:10C9F00064F0000E06016E6F000E6D6F1200000EE7
:10CA00000501686F000E696F000E6A6F000E6B6F94
:10CA10006C6B1AEF65F06C516425D96E000E6521C0
:10CA2000DA6EDF50676F67516827000E69236A234B
:10CA30006B236C2B66516C5DD8A021EF65F023EF62
:10CA400065F00BEF65F068C564F569C565F5120022
:10CA500066C56DF567C56EF564C56BF565C56CF5A6
:10CA600042EF65F06DC5D9F46EC5DAF4DF506A6F38
:10CA70006D4B6E2B6BC5D9F46CC5DAF46AC5DFF467
:10CA80006B4B6C2B05016807D8A06907682906E184
:10CA90006929D8A44EEF65F050EF65F032EF65F0EC
:10CAA000120008C76CF509C76DF50AC76EF50BC70C
:10CAB0006FF564C56CF565C56DF566C56EF567C542
:10CAC0006FF56CC568F56DC569F56EC56AF56FC51E
:10CAD0006BF5200E72EF65F00501D8906B336A3369
:10CAE00069336833E82E6CEF65F068C564F569C595
:10CAF00065F51200040E0201946F800E956F080E0A
:10CB0000966F030E9C6F9A6B9B6B976B8D6B1BECF8
:10CB10006DF002019B919B95948F050EE82EFED738
:10CB20000000000000000000000000000000020102
:10CB30009A919A959B85000E07016C6F000E6D6FA0
:10CB4000000E6E6F1200030E0501796F5C0E4EEC45
:10CB500069F079C57EF57AC57FF5FD0E0501806F18
:10CB6000070E816F000E836F030E826F48EC5FF03B
:10CB700005017E517F11D8B4C0EF65F0C2EF65F0BA
:10CB8000CBEF65F0FD0EC06F070EC16F030EC26FD5
:10CB90005C0EA7EC6AF012006CEC4FF0000E050181
:10CBA0006D6F000E6C6FB20E6E6F090E6F6F460EDA
:10CBB000706FE3EC52F0D00E05017F6FC90EE82EC6
:10CBC000FED77F2FFCD700D0B20E0501796F090E7A
:10CBD0007A6F59EC4BF0B20E0501646F090E656F68
:0ACBE000A3EC5EF08FEC67F012008A
:10CBEC00FAC41AF5FBC41BF544C517F545C518F571
:10CBFC006CEC67F00701E851E911EA11D8B409EFC0
:10CC0C0066F00BEF66F018EF66F002D818EF66F0DE
:10CC1C000500FA6EE851FD6EE951FE6EEA51FF6EA9
:10CC2C00FA501200B1981BC5FBF41AC5FAF41100A6
:10CC3C000501676F21EC6EF0680E0501666FE40E5E
:10CC4C00E82EFED7662FFCD700009DEC6CF0000997
:10CC5C00D8B433EF66F035EF66F02BEF66F00501D4
:10CC6C00675145EC66F02A0E0501666F8D0EE82EB5
:10CC7C00FED7662FFCD700D029EC6EF01200050110
:10CC8C00656FA2B24CEF66F04EEF66F052EF66F0B5
:10CC9C0065C5A3F26AEF66F00501FC51D8B459EFF3
:10CCAC0066F05BEF66F06AEF66F0200E4C24D96EEE
:10CCBC00DA6A090EDA2265C5DFF44C281F0B646FA3
:10CCCC0064C54CF5A292FC07A282120003011E91CE
:10CCDC001F6B206B030E216F050E1D6FFE0E1C6F5C
:10CCEC001D510501646F03011C51446E64C545F56B
:10CCFC00800E0701E86FDC0EE96F000EEA6F000E84
:10CD0C00E56F000EE66F000EE76FB198A188B19A3F
:10CD1C00050E03011E6F1200D8C461F5FAC462F54A
:10CD2C00FBC463F50701E251E311E411D8B4A1EFA0
:10CD3C0066F0A3EF66F0B0EF66F002D8B0EF66F0E5
:10CD4C000500FA6EE251FD6EE351FE6EE451FF6E8A
:10CD5C00FA501200B99663C5FBF462C5FAF461C5CA
:10CD6C00D8F411000601D96B640E0501646F0A0E2C
:10CD7C00656F000E676F000E666F000E696F640EB4
:10CD8C00686FDAEC68F0000E0501646F0A0E656FCF
:10CD9C00000E676F000E666F000E696F640E686F91
:10CDAC00DAEC68F00601D86B1FEC6EF01200000E86
:10CDBC000501776F000E766FF0EF66F075C568F5BC
:10CDCC00696B73C56AF574C56BF52AEC59F00501EE
:10CDDC00764B772B76517125D96E77517221DA6E9D
:10CDEC00DF50756F7551D8A4FEEF66F000EF67F059
:10CDFC00E4EF66F01200000E0601041B000E051B8A
:10CE0C00000E061B800E071B00C6D9F501C6DAF50D
:10CE1C0002C6DBF503C6DCF504C6DDF505C6DEF59A
:10CE2C0006C6DFF507C6E0F5EEEC2CF0D9C500F62A
:10CE3C00DAC501F6DBC502F6DCC503F61200050106
:10CE4C006C5109E1040E6B5DD8A02FEF67F031EF48
:10CE5C0067F034EF67F0000E48EF67F0000E6A25BC
:10CE6C006D6F000E6B216E6F380E6C216F6F6DC580
:10CE7C0064F56EC565F56FC566F5BFEC6AF0050126
:10CE8C00706F705112000501666F05016605D8A41C
:10CE9C0052EF67F054EF67F05CEF67F08C0E646F45
:10CEAC00080E656F96EC5FF06BEF67F0020E66197B
:10CEBC00D8A463EF67F065EF67F06BEF67F0780E5F
:10CECC00646F080E656F96EC5FF0120003011EA5EF
:10CEDC0072EF67F074EF67F08AEF67F01EB179EFCD
:10CEEC0067F07CEF67F0010E7DEF67F0000E196EB6
:10CEFC0018501D6F17C51CF319B002D01E9102D02B
:10CF0C0003011E818EEF67F018501D6F17C51CF3BF
:10CF1C001200040E05016A6F000E6B6F000E6C6F31
:10CF2C0025EC67F00601C66F050E05016A6F000E51
:10CF3C006B6F000E6C6F25EC67F00601C76F060E69
:10CF4C0005016A6F000E6B6F000E6C6F25EC67F0BD
:06CF5C000601C86F12007F
:10CF6400FAC403F5FBC404F5B39C0601BD51BE111C
:10CF7400BF11D8B4C0EF67F0C2EF67F0CFEF67F02E
:10CF840002D8CFEF67F00500FA6EBD51FD6EBE51B9
:10CF9400FE6EBF51FF6EFA50120004C5FBF403C5C8
:10CFA400FAF41100FAC407F5FBC408F5B59C0701AF
:10CFB400665167116811D8B4E2EF67F0E4EF67F0E7
:10CFC400F1EF67F002D8F1EF67F00500FA6E6651F1
:10CFD400FD6E6751FE6E6851FF6EFA50120008C56F
:10CFE400FBF407C5FAF41100FAC413F5FBC414F5F5
:10CFF4000701EE51EF11F011D8B403EF68F005EF1B
:10D0040068F012EF68F002D812EF68F00500FA6ECB
:10D01400EE51FD6EEF51FE6EF051FF6EFA501200AC
:10D02400B19E14C5FBF413C5FAF41100FAC415F546
:10D03400FBC416F50701EB51EC11ED11D8B425EF43
:10D0440068F027EF68F034EF68F002D834EF68F046
:10D054000500FA6EEB51FD6EEC51FE6EED51FF6E64
:10D06400FA501200B19616C5FBF415C5FAF4110076
:10D07400000A000A00B6B0000014001400EED30049
:10D084000032003200E8DB000050005000EEDB000C
:10D0940000640064008A810000881388139A9D004C
:10D0A400090000000000000000000900000000006A
:03D0B40000000079
:10D0B800780E0601146F080E156F2EC616F62FC6C9
:10D0C80017F630C618F631C619F6C80E1A6F000ED4
:10D0D8001B6F000E1C6F000E1D6FBFEC35F014C6E1
:10D0E8002EF615C62FF616C630F617C631F61200FC
:10D0F8008C0E0601146F080E156F2EC616F62FC675
:10D1080017F630C618F631C619F6B80E1A6F0B0E98
:10D118001B6F000E1C6F000E1D6FBFEC35F014C6A0
:10D128002EF615C62FF616C630F617C631F61200BB
:10D1380064C568F565C569F566C5F6F467C5F7F4AD
:10D148000501664B672B000EF86E68C5D9F469C5F2
:10D15800DAF4684B692B0800F5C4DFF4DF50D8A473
:10D16800B8EF68F0BAEF68F0A0EF68F0120012ECC0
:10D178006EF0D8EC6DF05FEC6DF0EDEC6DF0020147
:10D18800949F43EC6DF002019B919B95948F050E43
:10D19800E82EFED70000000000000000000000009C
:10D1A800000002019A919A959B85120064C56AF560
:10D1B80065C56BF5E8EF68F06AC5D9F46BC5DAF4B4
:10D1C80066C5DFF46A4B6B2B05016807D8A06907B1
:10D1D800682906E16929D8A4F4EF68F0F6EF68F049
:10D1E800E0EF68F0120005016451651166116711DE
:10D1F800D8B401EF69F003EF69F00BEF69F0000EA6
:10D20800641B000E651B000E661B800E671B64C541
:10D2180064F565C565F566C566F567C567F5120009
:10D228000501686F68C5ECF30301F39DF381F3B161
:10D2380020EF69F022EF69F01BEF69F0EB5105016F
:10D24800676F666B0301EA5105016625646F030188
:10D25800000E05016721656F120025EC6DF07BEC6F
:10D268005BF08EEC63F07DEC6BF06CEC66F004EC3C
:10D278006BF0EFEC6AF0DDEC6DF07AEC65F0FDEC4C
:10D288006DF026EC63F0F1EC62F0F6EC5EF07DEC0C
:10D2980060F0120005017D6F7DC56CF505016D6BB1
:10D2A800DD0E6E6F070E6F6F79C570F5E3EC52F007
:10D2B800680E05017C6FE40EE82EFED77C2FFCD7A4
:10D2C8000000DD0E0501796F070E7A6F12003550E8
:10D2D8003610D8B472EF69F074EF69F081EF69F035
:10D2E8003550CEEC6DF03B50D8B47DEF69F07FEF50
:10D2F80069F081EF69F003EC6EF031503124D3EC22
:10D308006DF006EC6EF01200200E0501FC618FEF47
:10D3180069F091EF69F0A3EF69F0200E4B24D96E04
:10D32800DA6A090EDA22DF500201A36F4B281F0BBD
:10D33800296E29C54BF50501FC2BA4EF69F0A292D3
:10D3480012001CC522F51DC523F5B3EF69F022C5EF
:10D35800D9F423C5DAF41EC5DFF4224A232A2006AD
:10D36800D8A02106202806E12128D8A4BEEF69F01C
:10D37800C0EF69F0ABEF69F0120005016BBFC7EFB2
:10D3880069F0C9EF69F0CFEF69F06AC56AF56BC556
:10D398006BF5DBEF69F06AC56CF56BC56DF56C1F55
:10D3A8006D1F6C4B6D2B6CC56AF56DC56BF5120066
:10D3B80010C7E9F511C7EAF512C7EBF513C7ECF585
:10D3C80008C6E9F509C6EAF50AC6EBF50BC6ECF599
:10D3D8000501EC9FE9C508F6EAC509F6EBC50AF6AA
:10D3E800ECC50BF612005C04D8B4FDEF69F0FFEF52
:10D3F80069F001EF6AF010EF6AF00601DC05D8B4B5
:10D4080008EF6AF00AEF6AF00CEF6AF010EF6AF0C2
:10D4180046EC6CF035EC6CF01200000E4924D96E25
:10D42800DA6A090EDA22DF501D6E49281F0B1C6EBE
:10D438001CC549F5A2904850D8B425EF6AF027EFEB
:10D448006AF028EF6AF04806A2801D50120031ECFD
:10D4580069F0D68ED68C8FEC6AF07A0E0601B96F19
:10D46800C10EB86F810EE82EFED7B82FFCD7B92FA2
:10D47800FAD700D00EEC62F03EEF6AF081EF18F0B8
:10D488000701635164116511D8B44DEF6AF04FEF8D
:10D498006AF05CEF6AF002D85CEF6AF00500FA6E99
:10D4A8006351FD6E6451FE6E6551FF6EFA501200B5
:10D4B80012000701605161116211D8B466EF6AF079
:10D4C80068EF6AF075EF6AF002D875EF6AF0050048
:10D4D800FA6E6051FD6E6151FE6E6251FF6EFA5038
:10D4E8001200120007015D515E115F11D8B47FEF81
:10D4F8006AF081EF6AF08EEF6AF002D88EEF6AF078
:10D508000500FA6E5D51FD6E5E51FE6E5F51FF6E55
:10D51800FA501200120057EC6CF039EC6DF02FEC59
:10D528006DF0F0EC57F0F3EC63F0CCEC65F0F40E32
:10D538000501646FBB0E656F000E666FB5EC6DF08C
:10D54800A3EC65F012000501C46FC4C56CF50501B4
:10D558006D6BC0C56EF5C1C56FF5C2C570F509EC38
:10D5680057F0D00E0501C36FC90EE82EFED7C32FA2
:10D57800FCD700D0120066C545F064C567F565C5DF
:10D5880068F566C569F568C567F569C568F5050193
:10D59800696B67510001446F64C543F0F80E411789
:10D5A800408146511200010E0501646F3050D8A425
:10D5B800E0EF6AF0E2EF6AF0ECEF6AF0020198AF90
:10D5C800E8EF6AF0EAEF6AF0ECEF6AF00501646BE5
:10D5D800050164511200010E0301326F316B336B88
:10D5E8001F0E2F6F2E6B640E0701E26FDC0EE36FC8
:10D5F800000EE46FB996A986DF0E0301306F1200A2
:10D60800010E0301266F256B276B1F0E236F226BFC
:10D618007E0E0701EB6FDC0EEC6F000EED6FB1961E
:10D62800A186DF0E0301246F1200770E0601856FB5
:10D63800060E866F000E6D6F000E6E6F75C66FF664
:10D6480076C670F6850E716F060E726FD4EC64F0B4
:10D6580012000501646F050164A135EF6BF037EF27
:10D668006BF038EF6BF0C08E64A33DEF6BF03FEFCB
:10D678006BF040EF6BF0BE8A12000501646F050184
:10D6880064A149EF6BF04BEF6BF04CEF6BF0C18A84
:10D6980064A351EF6BF053EF6BF054EF6BF0C38062
:10D6A80012000501646F050164A15DEF6BF05FEF87
:10D6B8006BF060EF6BF0C09E64A365EF6BF067EFF3
:10D6C8006BF068EF6BF0BE9A12000501646F0501FC
:10D6D80064A171EF6BF073EF6BF074EF6BF0C19AAC
:10D6E80064A379EF6BF07BEF6BF07CEF6BF0C3908A
:10D6F80012003D0E0301196F186B570E1B6F7C0E3D
:10D708000701EE6FDC0EEF6F000EF06FB19EA18E79
:10D71800810E03011A6F120039503A10D8B497EFEE
:10D728006BF099EF6BF09CEF6BF03950CEEC6DF02D
:10D73800D8803134D3EC6DF006EC6EF0120039501D
:10D748003A10D8B4AAEF6BF0ACEF6BF0AFEF6BF018
:10D758003950E5EC6DF0D8803134E1EC6DF009EC2E
:10D768006EF012000CEC6EF00FEC6EF00009D8B4FD
:10D77800C0EF6BF0C2EF6BF0C8EF6BF0000EE5EC9A
:10D788006DF0000EE9EC6DF01200306A000E326E9A
:10D798003168000E336E000E346E000E376E000EC8
:10D7A800386E12EC6EF0D8EC6DF0EDEC6DF0120006
:10D7B8000501645165116611D8B4E5EF6BF0E7EF28
:10D7C8006BF0EDEF6BF064C554F765C555F766C5AA
:10D7D80056F712000501645165116611D8B4F7EFC8
:10D7E8006BF0F9EF6BF0FFEF6BF064C557F765C5A9
:10D7F80058F766C559F7120005016451651166119D
:10D80800D8B409EF6CF00BEF6CF011EF6CF064C555
:10D818005AF765C55BF766C55CF7120005016451E8
:10D8280065116611D8B41BEF6CF01DEF6CF023EF97
:10D838006CF064C548F765C549F766C54AF7120034
:10D84800050173510008756F75C574F570C56CF5E1
:10D8580071C56DF572C56EF574C56FF549EC62F06A
:10D868001200A00E0601466F080E476FF00E486FB3
:10D87800060E496FF80E4A6F060E4B6F110E15EC27
:10D888003BF01200AD0E0601466F080E476FF20E10
:10D89800486F060E496FF90E4A6F060E4B6F1C0E45
:10D8A80015EC3BF0120029EC6EF02BEC6EF0010E3B
:10D8B80069EC6BF0020E69EC6BF0010E55EC6BF045
:10D8C800020E55EC6BF01200D8C42EF515EC6EF074
:10D8D80037C5D9F438C5DAF4DF6E374A382A2EC589
:10D8E800D8F41100D8C460F533C5D9F434C5DAF4D6
:10D8F800334A342ADF50E9EC6DF060C5D8F41100E2
:10D90800000141AF8AEF6CF08CEF6CF08FEF6CF098
:10D91800010E90EF6CF0000E120071C56AF572C529
:10D928006BF573C56CF525EC67F00501746F7451E0
:10D9380012000501FC51D8A4A4EF6CF0A7EF6CF01D
:0AD94800010EA8EF6CF0000E1200B3
:10D95400FAC409F5FBC40AF5AF9044EC6AF00AC5B1
:10D96400FBF409C5FAF41100FAC40BF5FBC40CF579
:10D97400B4905DEC6AF00CC5FBF40BC5FAF411002D
:10D98400FAC40DF5FBC40EF5B89076EC6AF00EC53A
:10D99400FBF40DC5FAF41100000140B1D4EF6CF0B2
:10D9A400D7EF6CF0010ED8EF6CF0000E12000201FC
:10D9B40095BBDFEF6CF0E2EF6CF0010EE3EF6CF07F
:10D9C400000E1200020198B7EAEF6CF0EDEF6CF074
:10D9D400010EEEEF6CF0000E1200020197BDF5EFA0
:10D9E4006CF0F8EF6CF0010EF9EF6CF0000E120021
:10D9F400020197BB00EF6DF003EF6DF0010E04EF31
:10DA04006DF0000E1200020198A70BEF6DF00EEFFF
:10DA14006DF0010E0FEF6DF0000E1200FAC427F541
:10DA2400FBC428F59DEC4AF028C5FBF427C5FAF49D
:10DA34001100A584A586A580A58202019B859B83F0
:10DA44009B8F97811200600E0001AD6FAF6BB36BBB
:10DA5400080EB16FB06BAC6B1200820E0501646FDF
:10DA6400C70E656F000E666F12EC6CF01200200E8C
:10DA74000501646FC20E656F000E666FAEEC6DF04B
:10DA84001200A584A586A580A58202019B859B839F
:10DA94009B8F978112003DC564F53EC565F53FC572
:10DAA40066F540C567F512003DC51CF53EC51DF57C
:10DAB4003FC51EF540C51FF51200A594A596A59077
:10DAC400A59202019B6B976B1200060504030201E9
:09DAD4000102030000C000000281
:10DADE0064C569F765C56AF766C56BF7120064C55C
:10DAEE00BAF665C5BBF666C5BCF6120064C566F728
:10DAFE0065C567F766C568F7120064C5C0F665C5EB
:10DB0E00C1F666C5C2F6120064C5C3F665C5C4F695
:10DB1E0066C5C5F6120064C5BDF665C5BEF666C51A
:10DB2E00BFF6120064C55DF765C55EF766C55FF7A3
:10DB3E00120064C560F765C561F766C562F712002D
:10DB4E0064C563F765C564F766C565F7120064C5FD
:10DB5E00EEF765C5EFF766C5F0F7120064C541F53F
:10DB6E0065C542F566C543F51200050165514D6E5A
:10DB7E0064C54EF5120064C589F4050165518A6EBF
:10DB8E00120064C57AF4050165517B6E1200050121
:10DB9E00646F64C58DF212000501646F64C58FF267
:10DBAE0012000201979B979D97991200C30E0301D5
:10DBBE00D76F12002A6E2AC58FF212002C6E2CC55A
:10DBCE008DF212002F6E2FC58CF212000201996B8E
:10DBDE00998512000301010101016EEC3FF0120064
:10DBEE0067EC39F012004D6A4E6A120000EC6EF0CE
:10DBFE0012000001419F12000201948D12000201D9
:10DC0E00948B12000201948B12000201949D12005B
:10DC1E0002018D51120002019A6B120002018B510A
:10DC2E00120088EC69F0110001000101A2901200AF
:10DC3E00A2801200C1861200C38A120087841200CD
:0CDC4E0078841200C1961200C39A1200E4
:10DC5C00AF941100B09011001200120012001200CB
:06DC6C001200120012007C
:10DC74001100120012001200120012001200120011
:04DC84001200120078
:020000040030CA
:080000008FFFEFFF9FFFFFFFE0
:01000900FFF7
:00000001FF
