:0430000081EF18F054
:103008002933293329332933400C2933400C2933F8
:103018005C3229332233293329332933293329339D
:103028002333400C400C400C2933293329332933EE
:103038002933293329332E301B2F293329331D30C7
:103048008F32183329332933400C400C2933293364
:10305800293329332933400C29332933FB2F042AF8
:103068006232293329332933293329332933293340
:10307800413248327A2C4929400C29330C30312A04
:103088002933293329332933293329332933293358
:103098002933293329332933400C2933400C400C78
:1030A80068322933293329332933293329332933FA
:1030B8002933293329337D2F2933293329332933D8
:1030C8002933293329332933293329332933293318
:1030D8002933293329332933293329332933293308
:1030E800400C293329332933400C400C400C400C48
:1030F8002933293329332933FF0053EF4DF00000DA
:10310800C0C101C30302C2C60607C705C5C404CCB3
:103118000C0DCD0FCFCE0E0ACACB0BC90908C8D8E3
:103128001819D91BDBDA1A1EDEDF1FDD1D1CDC14A3
:10313800D4D515D71716D6D21213D311D1D010F073
:103148003031F133F3F23236F6F737F53534F43CF3
:10315800FCFD3DFF3F3EFEFA3A3BFB39F9F83828C3
:10316800E8E929EB2B2AEAEE2E2FEF2DEDEC2CE4E3
:103178002425E527E7E62622E2E323E12120E0A053
:103188006061A163A3A26266A6A767A56564A46C33
:10319800ACAD6DAF6F6EAEAA6A6BAB69A9A8687863
:1031A800B8B979BB7B7ABABE7E7FBF7DBDBC7CB423
:1031B8007475B577B7B67672B2B373B17170B05033
:1031C8009091519353529296565797559594549C73
:1031D8005C5D9D5F9F9E5E5A9A9B5B995958988843
:1031E8004849894B8B8A4A4E8E8F4F8D4D4C8C4463
:1031F80084854587474686824243834181804000D3
:10320800C1814001C0804101C0804100C1814001AD
:10321800C0804100C1814000C1814001C08041019E
:10322800C0804100C1814000C1814001C08041008F
:10323800C1814001C0804101C0804100C18140017D
:10324800C0804100C1814000C1814001C08041006F
:10325800C1814001C0804101C0804100C18140005E
:10326800C1814001C0804101C0804100C18140014D
:10327800C0804100C1814000C1814001C08041013E
:10328800C0804100C1814000C1814001C08041002F
:10329800C1814001C0804101C0804100C18140001E
:1032A800C1814001C0804101C0804100C18140010D
:1032B800C0804100C1814000C1814001C0804100FF
:1032C800C1814001C0804101C0804100C1814001ED
:1032D800C0804100C1814000C1814001C0804101DE
:1032E800C0804100C1814000C1814001C0804100CF
:1032F800C1814001C0804101C0804100C1814000BE
:10330800C0C101C30302C2C60607C705C5C404CCB1
:103318000C0DCD0FCFCE0E0ACACB0BC90908C8D8E1
:103328001819D91BDBDA1A1EDEDF1FDD1D1CDC14A1
:10333800D4D515D71716D6D21213D311D1D010F071
:103348003031F133F3F23236F6F737F53534F43CF1
:10335800FCFD3DFF3F3EFEFA3A3BFB39F9F83828C1
:10336800E8E929EB2B2AEAEE2E2FEF2DEDEC2CE4E1
:103378002425E527E7E62622E2E323E12120E0A051
:103388006061A163A3A26266A6A767A56564A46C31
:10339800ACAD6DAF6F6EAEAA6A6BAB69A9A8687861
:1033A800B8B979BB7B7ABABE7E7FBF7DBDBC7CB421
:1033B8007475B577B7B67672B2B373B17170B05031
:1033C8009091519353529296565797559594549C71
:1033D8005C5D9D5F9F9E5E5A9A9B5B995958988841
:1033E8004849894B8B8A4A4E8E8F4F8D4D4C8C4461
:1033F80084854587474686824243834181804000D1
:10340800C1814001C0804101C0804100C1814001AB
:10341800C0804100C1814000C1814001C08041019C
:10342800C0804100C1814000C1814001C08041008D
:10343800C1814001C0804101C0804100C18140017B
:10344800C0804100C1814000C1814001C08041006D
:10345800C1814001C0804101C0804100C18140005C
:10346800C1814001C0804101C0804100C18140014B
:10347800C0804100C1814000C1814001C08041013C
:10348800C0804100C1814000C1814001C08041002D
:10349800C1814001C0804101C0804100C18140001C
:1034A800C1814001C0804101C0804100C18140010B
:1034B800C0804100C1814000C1814001C0804100FD
:1034C800C1814001C0804101C0804100C1814001EB
:1034D800C0804100C1814000C1814001C0804101DC
:1034E800C0804100C1814000C1814001C0804100CD
:1034F800C1814001C0804101C0804100C1814000BC
:10350800C0C101C30302C2C60607C705C5C404CCAF
:103518000C0DCD0FCFCE0E0ACACB0BC90908C8D8DF
:103528001819D91BDBDA1A1EDEDF1FDD1D1CDC149F
:10353800D4D515D71716D6D21213D311D1D010F06F
:103548003031F133F3F23236F6F737F53534F43CEF
:10355800FCFD3DFF3F3EFEFA3A3BFB39F9F83828BF
:10356800E8E929EB2B2AEAEE2E2FEF2DEDEC2CE4DF
:103578002425E527E7E62622E2E323E12120E0A04F
:103588006061A163A3A26266A6A767A56564A46C2F
:10359800ACAD6DAF6F6EAEAA6A6BAB69A9A868785F
:1035A800B8B979BB7B7ABABE7E7FBF7DBDBC7CB41F
:1035B8007475B577B7B67672B2B373B17170B0502F
:1035C8009091519353529296565797559594549C6F
:1035D8005C5D9D5F9F9E5E5A9A9B5B99595898883F
:1035E8004849894B8B8A4A4E8E8F4F8D4D4C8C445F
:1035F80084854587474686824243834181804000CF
:10360800C1814001C0804101C0804100C1814001A9
:10361800C0804100C1814000C1814001C08041019A
:10362800C0804100C1814000C1814001C08041008B
:10363800C1814001C0804101C0804100C181400179
:10364800C0804100C1814000C1814001C08041006B
:10365800C1814001C0804101C0804100C18140005A
:10366800C1814001C0804101C0804100C181400149
:10367800C0804100C1814000C1814001C08041013A
:10368800C0804100C1814000C1814001C08041002B
:10369800C1814001C0804101C0804100C18140001A
:1036A800C1814001C0804101C0804100C181400109
:1036B800C0804100C1814000C1814001C0804100FB
:1036C800C1814001C0804101C0804100C1814001E9
:1036D800C0804100C1814000C1814001C0804101DA
:1036E800C0804100C1814000C1814001C0804100CB
:1036F800C1814001C0804101C0804100C1814000BA
:10370800C0C101C30302C2C60607C705C5C404CCAD
:103718000C0DCD0FCFCE0E0ACACB0BC90908C8D8DD
:103728001819D91BDBDA1A1EDEDF1FDD1D1CDC149D
:10373800D4D515D71716D6D21213D311D1D010F06D
:103748003031F133F3F23236F6F737F53534F43CED
:10375800FCFD3DFF3F3EFEFA3A3BFB39F9F83828BD
:10376800E8E929EB2B2AEAEE2E2FEF2DEDEC2CE4DD
:103778002425E527E7E62622E2E323E12120E0A04D
:103788006061A163A3A26266A6A767A56564A46C2D
:10379800ACAD6DAF6F6EAEAA6A6BAB69A9A868785D
:1037A800B8B979BB7B7ABABE7E7FBF7DBDBC7CB41D
:1037B8007475B577B7B67672B2B373B17170B0502D
:1037C8009091519353529296565797559594549C6D
:1037D8005C5D9D5F9F9E5E5A9A9B5B99595898883D
:1037E8004849894B8B8A4A4E8E8F4F8D4D4C8C445D
:1037F80084854587474686824243834181804000CD
:10380800C1814001C0804101C0804100C1814001A7
:10381800C0804100C1814000C1814001C080410198
:10382800C0804100C1814000C1814001C080410089
:10383800C1814001C0804101C0804100C181400177
:10384800C0804100C1814000C1814001C080410069
:10385800C1814001C0804101C0804100C181400058
:10386800C1814001C0804101C0804100C181400147
:10387800C0804100C1814000C1814001C080410138
:10388800C0804100C1814000C1814001C080410029
:10389800C1814001C0804101C0804100C181400018
:1038A800C1814001C0804101C0804100C181400107
:1038B800C0804100C1814000C1814001C0804100F9
:1038C800C1814001C0804101C0804100C1814001E7
:1038D800C0804100C1814000C1814001C0804101D8
:1038E800C0804100C1814000C1814001C0804100C9
:1038F800C1814001C0804101C0804100C1814000B8
:10390800C0C101C30302C2C60607C705C5C404CCAB
:103918000C0DCD0FCFCE0E0ACACB0BC90908C8D8DB
:103928001819D91BDBDA1A1EDEDF1FDD1D1CDC149B
:10393800D4D515D71716D6D21213D311D1D010F06B
:103948003031F133F3F23236F6F737F53534F43CEB
:10395800FCFD3DFF3F3EFEFA3A3BFB39F9F83828BB
:10396800E8E929EB2B2AEAEE2E2FEF2DEDEC2CE4DB
:103978002425E527E7E62622E2E323E12120E0A04B
:103988006061A163A3A26266A6A767A56564A46C2B
:10399800ACAD6DAF6F6EAEAA6A6BAB69A9A868785B
:1039A800B8B979BB7B7ABABE7E7FBF7DBDBC7CB41B
:1039B8007475B577B7B67672B2B373B17170B0502B
:1039C8009091519353529296565797559594549C6B
:1039D8005C5D9D5F9F9E5E5A9A9B5B99595898883B
:1039E8004849894B8B8A4A4E8E8F4F8D4D4C8C445B
:1039F80084854587474686824243834181804000CB
:103A0800C1814001C0804101C0804100C1814001A5
:103A1800C0804100C1814000C1814001C080410196
:103A2800C0804100C1814000C1814001C080410087
:103A3800C1814001C0804101C0804100C181400175
:103A4800C0804100C1814000C1814001C080410067
:103A5800C1814001C0804101C0804100C181400056
:103A6800C1814001C0804101C0804100C181400145
:103A7800C0804100C1814000C1814001C080410136
:103A8800C0804100C1814000C1814001C080410027
:103A9800C1814001C0804101C0804100C181400016
:103AA800C1814001C0804101C0804100C181400105
:103AB800C0804100C1814000C1814001C0804100F7
:103AC800C1814001C0804101C0804100C1814001E5
:103AD800C0804100C1814000C1814001C0804101D6
:103AE800C0804100C1814000C1814001C0804100C7
:103AF800C1814001C0804101C0804100C181403A7C
:103B0800AE00000000E4C4000ABD0000000056C971
:103B1800000000000000000000000000000000009D
:103B2800000000000000000000000000000000008D
:103B38000000000000E0C800000000BCC80098C8F1
:103B48000074C800000000C6BB000000001CB900DB
:103B580074B90000000000000000000040C600002A
:103B680000000000004348317C493A252E32667C2B
:103B7800563A252E32667C503A252E32667C5057AE
:103B88004D3A25647C0A0D20004348327C493A2589
:103B98002E32667C563A252E32667C503A252E32D5
:103BA800667C50574D3A25647C0A0D200053503AE4
:103BB800252E32667C55524745313A25647C55524C
:103BC8004745323A25647C200A0D200054656D7003
:103BD8003A252E32667C0A0D200056696E3A256415
:103BE8007C200A0D200050726F3A25647C0A0D2053
:103BF800004545503A2530325800563A2564006948
:103C08006E66006E616E00000601446B1EC645F6C6
:103C18001FC646F620C647F621C648F648BF19EF24
:103C28001EF017EF1EF02DEF1EF0010E446F45C673
:103C380063F546C664F547C665F548C666F557ECAC
:103C480061F063C545F664C546F665C547F666C5C1
:103C580048F6000E06014A6F000E496FC0C638F6D6
:103C6800C1C639F64451D8B43CEF1EF03EEF1EF001
:103C780052EF1EF04451D8A444EF1EF046EF1EF058
:103C88004CEF1EF0000E2A6F2B0E296F50EF1EF01E
:103C9800000E2A6F2D0E296F29C644F645C663F516
:103CA80046C664F547C665F548C666F5D3EC4DF0DB
:103CB800050163056411D8A464EF1EF066EF1EF0D9
:103CC8009DEF1EF006014451D8B46DEF1EF06FEF62
:103CD8001EF078EF1EF044C660F93807D8A03907FF
:103CE800000E4A6F010E496F600E49250501636F8A
:103CF800090E06014A210501646F070E656F3C0E27
:103D0800666FDFEC60F00601FD0E3827FF0E3923E1
:103D18001CC677F51DC678F5600E0501796F090E8A
:103D28007A6F38C67BF539C67CF5CAEC56F07DEF5C
:103D380023F045C663F546C664F547C665F548C62B
:103D480066F5D3EC4DF0050163516411D8A4AFEFCB
:103D58001EF0B1EF1EF0D4EF1EF006014451D8B4A6
:103D6800B8EF1EF0BAEF1EF0C3EF1EF044C660F9BC
:103D78003807D8A03907000E4A6F010E496F600E48
:103D880049250501636F090E06014A210501646F83
:103D98000B0E656F3C0E666FDFEC60F087EF1EF070
:103DA800000E06014B6F000E4C6F800E4D6F3F0EDC
:103DB8004E6F000E336F000E326F45C663F546C670
:103DC80064F547C665F548C666F5000E0501676FD8
:103DD800000E686F000E696F000E6A6F1EEC56F0D9
:103DE8000501D8B0FAEF1EF0FCEF1EF0F6EF1FF059
:103DF80009EF1FF034C64BF635C64CF636C64DF6FD
:103E080037C64EF60601324B332B4BC6BFF54CC6B0
:103E1800C0F54DC6C1F54EC6C2F5000E0501C36F0B
:103E2800000EC46F200EC56F410EC66FE0EC2AF07D
:103E3800BFC534F6C0C535F6C1C536F6C2C537F6B6
:103E480006013451455D0501636F06013551465938
:103E58000501646F0601365147590501656F060172
:103E6800375148590501666F62EC5CF0050166BF81
:103E780049EF1FF066516511641109E1020E635D97
:103E8800D8A049EF1FF04BEF1FF0FEEF1EF034C62D
:103E980000F635C601F636C602F637C603F645C63D
:103EA80004F646C605F647C606F648C607F643ECC6
:103EB80048F00601D8A063EF1FF065EF1FF0FEEF92
:103EC8001EF04B51455D0501636F06014C51465983
:103ED8000501646F06014D5147590501656F0601DB
:103EE8004E5148590501666F62EC5CF0050166BFEA
:103EF8008BEF1FF066516511641107E1020E635DD7
:103F0800D8B089EF1FF08BEF1FF0DCEF1FF04BC626
:103F180045F64CC646F64DC647F64EC648F6F6EF89
:103F28001FF04BC6A6F54CC6A7F54DC6A8F54EC65C
:103F3800A9F5000E0501AA6F000EAB6F200EAC6F3D
:103F4800410EAD6FDEEC34F0A6C54BF6A7C54CF6B6
:103F5800A8C54DF6A9C54EF606013207D8A0330705
:103F68004B51455D0501636F06014C5146590501EA
:103F7800646F06014D5147590501656F06014E51A1
:103F880048590501666F62EC5CF0050166BFDAEF1F
:103F98001FF066516511641107E1020E635DD8B028
:103FA800D8EF1FF0DAEF1FF0DCEF1FF08BEF1FF0F8
:103FB80045C600F646C601F647C602F648C603F6E9
:103FC8004BC604F64CC605F64DC606F64EC607F6B1
:103FD80043EC48F00601D8A0F4EF1FF0F6EF1FF00D
:103FE80095EF1FF022C62CF62CC62DF60601C3BF8E
:103FF80000EF20F002EF20F008EF20F0C2C625F60F
:10400800C3C626F60CEF20F0000E266F060E256FAD
:1040180025C630F626C631F6304B312B660E2D19E3
:10402800D8A419EF20F01BEF20F03BEF20F033BFAE
:1040380022EF20F020EF20F02EEF20F0000E4B6F43
:10404800000E4C6F800E4D6F3F0E4E6F000E336F9B
:10405800000E326F670E2C19D8B435EF20F037EF09
:1040680020F03BEF20F03251302733513123000E3E
:10407800436F000E426F45C63AF646C63BF647C642
:104088003CF648C63DF64BC634F64CC635F64DC62A
:1040980036F64EC637F6CDEF20F03AC6A6F53BC643
:1040A800A7F53CC6A8F53DC6A9F54BC6AAF54CC66A
:1040B800ABF54DC6ACF54EC6ADF5DEEC34F0A6C595
:1040C800BFF5A7C5C0F5A8C5C1F5A9C5C2F593EC4C
:1040D8003FF0BFC53EF6C0C53FF6C1C540F6C2C5F4
:1040E80041F63EC618F63FC619F640C61AF641C64E
:1040F8001BF640EC4CF018C62EF619C62FF63AC639
:10410800D8F53BC6D9F53CC6DAF53DC6DBF53EC663
:10411800C3F53FC6C4F540C6C5F541C6C6F54BC68E
:10412800BFF54CC6C0F54DC6C1F54EC6C2F5E0ECAC
:104138002AF0BFC5DCF5C0C5DDF5C1C5DEF5C2C5D1
:10414800DFF568EC5FF0D8C53AF6D9C53BF6DAC5B5
:104158003CF6DBC53DF64BC6A6F54CC6A7F54DC6E5
:10416800A8F54EC6A9F5000E0501AA6F000EAB6FA3
:10417800200EAC6F410EAD6FDEEC34F0A6C54BF6E9
:10418800A7C54CF6A8C54DF6A9C54EF60601424B83
:10419800432B3051425D4351800A0501FB6F0601F4
:1041A8003151800A0501FB59D8A0DDEF20F0DFEF7F
:1041B80020F051EF20F04BC6BFF54CC6C0F54DC6F8
:1041C800C1F54EC6C2F5000EC36F000EC46FA00E37
:1041D800C56F400EC66FE0EC2AF0BFC53EF6C0C5FD
:1041E8003FF6C1C540F6C2C541F63AC600F63BC621
:1041F80001F63CC602F63DC603F63EC604F63FC6C7
:1042080005F640C606F641C607F643EC48F0060137
:10421800D8B011EF21F013EF21F01DEF21F0000EBF
:104228003E6F000E3F6F000E406F000E416F47EF6C
:1042380021F03AC663F53BC664F53CC665F53DC654
:1042480066F53EC667F53FC668F540C669F541C6DE
:104258006AF51EEC56F00501D8A035EF21F037EFCE
:1042680021F047EF21F006012EB13DEF21F03FEF9D
:1042780021F047EF21F0000E3E6F000E3F6F000E59
:10428800406F000E416F45C663F546C664F547C6E4
:1042980065F548C666F53EC667F53FC668F540C68B
:1042A80069F541C66AF584EC28F063C53AF664C539
:1042B8003BF665C53CF666C53DF63AC600F63BC614
:1042C80001F63CC602F63DC603F6000E0501C36FB3
:1042D800000EC46F200EC56F410EC66F34C6BFF501
:1042E80035C6C0F536C6C1F537C6C2F5E0EC2AF0CA
:1042F800BFC504F6C0C505F6C1C506F6C2C507F6B2
:1043080043EC48F00601D8A08CEF21F08EEF21F0A5
:10431800B7EF21F0324B332B34C6BFF535C6C0F5A5
:1043280036C6C1F537C6C2F5000E0501C36F000ECB
:10433800C46F200EC56F410EC66FE0EC2AF0BFC5F2
:1043480034F6C0C535F6C1C536F6C2C537F6660EB1
:1043580006012D19D8A4B3EF21F0B5EF21F0B7EF7E
:1043680021F0304B312B34C64BF635C64CF636C6E9
:104378004DF637C64EF632C623F633C624F62B6BF7
:10438800000E286F000E276F000E436F000E426F5D
:10439800B4EF22F03AC6A6F53BC6A7F53CC6A8F589
:1043A8003DC6A9F54BC6AAF54CC6ABF54DC6ACF54E
:1043B8004EC6ADF5DEEC34F0A6C5BFF5A7C5C0F511
:1043C800A8C5C1F5A9C5C2F593EC3FF0BFC53EF637
:1043D800C0C53FF6C1C540F6C2C541F63EC618F68F
:1043E8003FC619F640C61AF641C61BF640EC4CF01B
:1043F800060119BF0BEF22F0195107E10A0E185DEB
:10440800D8B009EF22F00BEF22F01BEF22F03EC6E6
:1044180018F63FC619F640C61AF641C61BF640EC18
:104428004CF018C62EF619C62FF61FEF22F0000E14
:104438002F6F090E2E6F06012B51D8A426EF22F0FC
:1044480028EF22F050EF22F024BF2FEF22F02DEFBB
:1044580022F050EF22F0600E4925D96E090E4A214C
:10446800DA6E2E0EDF6E494B4A2B3807D8A0390773
:10447800010E2B6F50EF22F0600E4925D96E090E00
:104488004A21DA6E300EDF6E494B4A2B3807D8A026
:1044980039072707D8A0280727512811D8A457EF8C
:1044A80022F059EF22F040EF22F0600E4925D96E34
:1044B800090E4A21DA6E2E51300FDF6E494B4A2B16
:1044C8003807D8A039073AC6D8F53BC6D9F53CC64F
:1044D800DAF53DC6DBF53EC6C3F53FC6C4F540C6B2
:1044E800C5F541C6C6F54BC6BFF54CC6C0F54DC6A9
:1044F800C1F54EC6C2F5E0EC2AF0BFC5DCF5C0C573
:10450800DDF5C1C5DEF5C2C5DFF568EC5FF0D8C5DD
:104518003AF6D9C53BF6DAC53CF6DBC53DF64BC6DF
:10452800A6F54CC6A7F54DC6A8F54EC6A9F5000ECA
:104538000501AA6F000EAB6F200EAC6F410EAD6F78
:10454800DEEC34F0A6C54BF6A7C54CF6A8C54DF66B
:10455800A9C54EF606012307D8A02407424B432BD2
:104568003051425D4351800A0501FB6F060131510C
:10457800800A0501FB59D8B0C4EF22F0C6EF22F03B
:10458800D5EF22F006014ABFD3EF22F04A5109E1E4
:104598004B0E495DD8A0D3EF22F0D5EF22F0CEEF35
:1045A80021F0000E0601436F4F0E426F600E422548
:1045B800D96E090E4321DA6EDF6A600E0501FB6FC2
:1045C800090EFC6F060149510501FB5F06014A51BE
:1045D8000501FC5B060142510501FB25636F0601DD
:1045E80043510501FC21646F600E656F090E666F0B
:1045F80049C667F54AC668F591EC5DF00601495170
:10460800425D496F4A5143594A6F4451D8A40FEF4C
:1046180023F012EF23F0010E13EF23F0000E426F88
:10462800436BDEA31AEF23F01CEF23F052EF23F0C5
:104638002DEF23F006014907D8A04A07600E492547
:10464800D96E090E4A21DA6E300EDF6E3807D8A00F
:1046580039073851425D4351800A0501FB6F060155
:104668003951800A0501FB59D8B03DEF23F03FEFDF
:1046780023F052EF23F006014951425D4351800A6D
:104688000501FB6F06014A51800A0501FB59D8A0B4
:1046980050EF23F052EF23F01EEF23F006014451B0
:1046A800D8B459EF23F05BEF23F066EF23F0490706
:1046B800D8A04A07600E4925D96E090E4A21DA6E3C
:1046C80044C6DFF44251385F4351395B1CC677F565
:1046D8001DC678F5600E49250501796F090E06019A
:1046E8004A2105017A6F38C67BF539C67CF5CAECD4
:1046F80056F012001EC6D8F51FC6D9F520C6DAF541
:1047080021C6DBF522C6DCF523C6DDF524C6DEF5B9
:1047180025C6DFF568EC5FF0D8C546F6D9C547F67B
:10472800DAC548F6DBC549F646C6E0F547C6E1F501
:1047380048C6E2F549C6E3F557EC62F0E0C54EF627
:10474800E1C54FF6E2C550F6E3C551F6060120EE85
:1047580005F01C51D9261D51DA22DEC44AF6DEC402
:104768004BF6DEC44CF6DEC44DF6000E006F000EAC
:10477800016F480E026F420E036F4EC604F64FC615
:1047880005F650C606F651C607F643EC48F0060192
:10479800D8B0D1EF23F0D3EF23F0F0EF23F04AC6DF
:1047A800BFF54BC6C0F54CC6C1F54DC6C2F5CD0E1A
:1047B8000501C36FCC0EC46FCC0EC56F3D0EC66F1E
:1047C800E0EC2AF0BFC54AF6C0C54BF6C1C54CF6A9
:1047D800C2C54DF65CEF24F0000E006F000E016FAD
:1047E800A00E026F410E036F4EC604F64FC605F6C3
:1047F80050C606F651C607F643EC48F00601D8B095
:1048080008EF24F00AEF24F027EF24F04AC6BFF59A
:104818004BC6C0F54CC6C1F54DC6C2F59A0E05018A
:10482800C36F990EC46F990EC56F3E0EC66FE0EC4C
:104838002AF0BFC54AF6C0C54BF6C1C54CF6C2C57D
:104848004DF65CEF24F04EC600F64FC601F650C692
:1048580002F651C603F6000E046F000E056FA00E97
:10486800066F400E076F43EC48F00601D8B03FEFE3
:1048780024F041EF24F05CEF24F04AC6BFF54BC6A4
:10488800C0F54CC6C1F54DC6C2F5000E0501C36F93
:10489800000EC46F000EC56F400EC66FE0EC2AF024
:1048A800BFC54AF6C0C54BF6C1C54CF6C2C54DF6E4
:1048B800060120EE01F01C51D9261D51DA22DEC472
:1048C800BFF5DEC4C0F5DEC4C1F5DEC4C2F546C618
:1048D800C3F547C6C4F548C6C5F549C6C6F5E0ECF4
:1048E8002AF0BFC526F6C0C527F6C1C528F6C2C539
:1048F80029F64EC600F64FC601F650C602F651C656
:1049080003F6000E0601046F000E056F480E066FD1
:10491800420E076F43EC48F00601D8B096EF24F03A
:1049280098EF24F077EF26F046C652F647C653F6BE
:1049380048C654F649C655F6000E006F000E016FC2
:10494800F00E026F410E036F4EC604F64FC605F611
:1049580050C606F651C607F643EC48F00601D8B033
:10496800B8EF24F0BAEF24F000EF25F0000E006F46
:10497800000E016F200E026F420E036F52C604F63E
:1049880053C605F654C606F655C607F643EC48F076
:104998000601D8B0D2EF24F0D4EF24F0DCEF24F0F5
:1049A800000E526F000E536F200E546F420E556F5B
:1049B80052C600F653C601F654C602F655C603F6AB
:1049C800000E046F000E056F200E066FC20E076FF3
:1049D80043EC48F00601D8B0F4EF24F0F6EF24F0E9
:1049E800D3EF25F0000E526F000E536F200E546F58
:1049F800C20E556FD3EF25F0000E006F000E016F49
:104A0800200E026F410E036F4EC604F64FC605F620
:104A180050C606F651C607F643EC48F00601D8B072
:104A280018EF25F01AEF25F08FEF25F04EC6BFF5E9
:104A38004FC6C0F550C6C1F551C6C2F5CD0E050129
:104A4800C36FCC0EC46F4C0EC56F3F0EC66FE0EC43
:104A58002AF0BFC53EF6C0C53FF6C1C540F6C2C57F
:104A680041F63EC600F63FC601F640C602F641C60C
:104A780003F652C604F653C605F654C606F655C6DE
:104A880007F643EC48F00601D8B04DEF25F04FEF9C
:104A980025F057EF25F03EC652F63FC653F640C6FE
:104AA80054F641C655F652C600F653C601F654C62A
:104AB80002F655C603F63EC663F53FC664F540C622
:104AC80065F541C666F557EC61F063C504F664C543
:104AD80005F665C506F666C507F643EC48F0060117
:104AE800D8B079EF25F07BEF25F0D3EF25F03EC65F
:104AF80063F53FC664F540C665F541C666F557ECF3
:104B080061F063C552F664C553F665C554F666C5CB
:104B180055F6D3EF25F0000E006F000E016FA00EC2
:104B2800026F400E036F52C604F653C605F654C60C
:104B380006F655C607F643EC48F00601D8B0A7EFCD
:104B480025F0A9EF25F0B1EF25F0000E526F000E09
:104B5800536FA00E546F400E556F52C600F653C6E1
:104B680001F654C602F655C603F6000E046F000E91
:104B7800056FA00E066FC00E076F43EC48F00601E4
:104B8800D8B0C9EF25F0CBEF25F0D3EF25F0000E14
:104B9800526F000E536FA00E546FC00E556F52C661
:104BA800BFF553C6C0F554C6C1F555C6C2F50601D2
:104BB80020EE05F01C51D9261D51DA22DEC4AAF5D3
:104BC800DEC4ABF5DEC4ACF5DEC4ADF54AC6A6F569
:104BD8004BC6A7F54CC6A8F54DC6A9F5DEEC34F0D2
:104BE800A6C5C3F5A7C5C4F5A8C5C5F5A9C5C6F525
:104BF800E0EC2AF0BFC552F6C0C553F6C1C554F65D
:104C0800C2C555F6060120EE1DF01C51D9261D51CE
:104C1800DA22DEC463F5DEC464F5DEC465F5DEC4FD
:104C280066F552C667F553C668F554C669F555C6A4
:104C38006AF584EC28F0060120EE1DF01C51D926F7
:104C48001D51DA22050163C5DEF464C5DEF465C5CD
:104C5800DEF466C5DEF4060120EE11F01C51D926FB
:104C68001D51DA22DEC410F6DEC411F6DEC412F6D7
:104C7800DEC413F620EE1DF01C51D9261D51DA2290
:104C8800DEC408F6DEC409F6DEC40AF6DEC40BF696
:104C980020EE0DF01C51D9261D51DA22DEC40CF687
:104CA800DEC40DF6DEC40EF6DEC40FF6D8EC48F00E
:104CB80008C614F609C615F60AC616F60BC617F680
:104CC8006CEC49F0060120EE1DF01C51D9261D514F
:104CD800DA2210C6DEF411C6DEF412C6DEF413C6FC
:104CE800DEF485EF26F020EE1DF01C51D9261D516B
:104CF800DA22000EDE6E000EDE6E000EDE6E000E94
:104D0800DD6E20EE1DF01C51D9261D51DA22DEC4BD
:104D1800BFF5DEC4C0F5DEC4C1F5DEC4C2F54AC6BF
:104D2800C3F54BC6C4F54CC6C5F54DC6C6F5E0EC93
:104D38002AF0BFC52AF6C0C52BF6C1C52CF6C2C5D8
:104D48002DF6060120EE21F01C51D9261D51DA223C
:104D5800DEC4DCF5DEC4DDF5DEC4DEF5DEC4DFF579
:104D680046C6D8F547C6D9F548C6DAF549C6DBF5CB
:104D780068EC5FF0D8C5BFF5D9C5C0F5DAC5C1F58F
:104D8800DBC5C2F5060120EE09F01C51D9261D51DC
:104D9800DA22DEC4C3F5DEC4C4F5DEC4C5F5DEC45C
:104DA800C6F5E0EC2AF0BFC53AF6C0C53BF6C1C56A
:104DB8003CF6C2C53DF6330E0501C36F330EC46F12
:104DC800330EC56F3F0EC66F3AC6BFF53BC6C0F57A
:104DD8003CC6C1F53DC6C2F5E0EC2AF0BFC563F597
:104DE800C0C564F5C1C565F5C2C566F59A0E05016D
:104DF800C36F990EC46F990EC56F3E0EC66F2CC750
:104E0800BFF52DC7C0F52EC7C1F52FC7C2F5E0EC19
:104E18002AF0BFC567F5C0C568F5C1C569F5C2C543
:104E28006AF584EC28F063C53AF664C53BF665C5B7
:104E38003CF666C53DF63AC62CF73BC62DF73CC690
:104E48002EF73DC62FF7060120EE21F01C51D9267A
:104E58001D51DA2246C6DEF447C6DEF448C6DEF443
:104E680049C6DEF42AC667F52BC668F52CC669F56F
:104E78002DC66AF526C663F527C664F528C665F506
:104E880029C666F584EC28F063C52EF664C52FF6AE
:104E980065C530F666C531F62EC663F52FC664F5CE
:104EA80030C665F531C666F53AC667F53BC668F59E
:104EB8003CC669F53DC66AF584EC28F063C542F640
:104EC80064C543F665C544F666C545F61CC6D9F4FF
:104ED8001DC6DAF4DE04D8A474EF27F076EF27F0C5
:104EE800F7EF27F0060145BF7EEF27F07CEF27F0AC
:104EF80088EF27F0000E326F000E336F000E346F0C
:104F0800BF0E356F90EF27F0000E326F000E336F33
:104F1800000E346F3F0E356F42C667F543C668F51D
:104F280044C669F545C66AF532C663F533C664F505
:104F380034C665F535C666F584EC28F063C518F601
:104F480064C519F665C51AF666C51BF640EC4CF043
:104F580006011851CC271951CD23000E0C6F000EF5
:104F68000D6F480E0E6F450E0F6FCCC698F5CDC667
:104F780099F50501000E99BFFF0E9A6F9B6F010E00
:104F880078EC42F098C508F699C509F69AC50AF66C
:104F98009BC50BF6D8EC48F008C614F609C615F6FA
:104FA8000AC616F60BC617F6000E0601106F000E9D
:104FB800116F000E126F000E136F6CEC49F010C6E3
:104FC80018F611C619F612C61AF613C61BF640ECE7
:104FD8004CF018C6CCF619C6CDF6CCC61CF6CDC614
:104FE8001DF683EF28F01CC6D9F41DC6DAF4020EAC
:104FF800DE18D8A402EF28F004EF28F083EF28F099
:10500800060145BF0CEF28F00AEF28F016EF28F04C
:10501800000E366F000E376F000E386FBF0E396FF7
:105028001EEF28F0000E366F000E376F000E386F37
:105038003F0E396F42C667F543C668F544C669F541
:1050480045C66AF536C663F537C664F538C665F5EC
:1050580039C666F584EC28F063C518F664C519F6F8
:1050680065C51AF666C51BF640EC4CF006011851EA
:10507800CA271951CB23000E0C6F000E0D6F480E76
:105088000E6F450E0F6FCAC698F5CBC699F5050188
:10509800000E99BFFF0E9A6F9B6F010E78EC42F0DD
:1050A80098C508F699C509F69AC50AF69BC50BF680
:1050B800D8EC48F008C614F609C615F60AC616F65E
:1050C8000BC617F6000E0601106F000E116F000ECA
:1050D800126F000E136F6CEC49F010C618F611C66B
:1050E80019F612C61AF613C61BF640EC4CF018C691
:1050F800CAF619C6CBF6CAC61CF6CBC61DF61200F0
:1051080005016651800B6F6F66516625716F65AF3B
:1051180090EF28F092EF28F093EF28F07181715109
:10512800D8B499EF28F09BEF28F0AFEF28F0712959
:10513800D8A4A1EF28F0A3EF28F0ABEF28F0000ED9
:10514800636F000E646F000E656F000E666F658FEB
:10515800666BB7EF28F0000E636F000E646F000EE9
:10516800656F000E666F6A51800B706F6F51701912
:10517800D8B4C1EF28F0C3EF28F0C4EF28F06F8D42
:105188006A516A25706F69AFCCEF28F0CEEF28F02E
:10519800CFEF28F070817051D8B4D5EF28F0D7EF51
:1051A80028F0EBEF28F07029D8A4DDEF28F0DFEF26
:1051B80028F0E7EF28F0000E676F000E686F000E0A
:1051C800696F000E6A6F698F6A6BF3EF28F0000E43
:1051D800676F000E686F000E696F000E6A6F71517D
:1051E800705DD8B0FAEF28F0FCEF28F023EF29F033
:1051F8006FAD01EF29F003EF29F005EF29F0800EDC
:105208006F1B71C572F570C571F572C570F563C510
:1052180072F567C563F572C567F564C572F568C54B
:1052280064F572C568F565C572F569C565F572C539
:1052380069F566C572F56AC566F572C56AF5726B79
:10524800715170C56BF56C6B6B5F000E6C5B6CBF5E
:1052580037EF29F06C5109E11A0E6B5DD8A037EFD2
:1052680029F039EF29F070EF29F0635164116511C5
:105278006611D8A442EF29F045EF29F0010E46EF58
:1052880029F0000E726F000E636F000E646F000E3F
:10529800656F000E666F70C571F579EF29F072A120
:1052A80058EF29F05AEF29F060EF29F0D8907231C1
:1052B8000109726F62EF29F0D890723363A167EF2A
:1052C80029F069EF29F06AEF29F0728F66356633A5
:1052D800653364336333712B7051715DD8A077EFF8
:1052E80029F079EF29F053EF29F06FBD7EEF29F00F
:1052F80080EF29F0C0EF29F07151D8A486EF29F08A
:1053080088EF29F092EF29F0000E636F000E646FAA
:10531800000E656F000E666FDFEF2AF06751632796
:1053280068516423695165236A51662366A19FEF1A
:1053380029F0A1EF29F04DEF2AF072A1A6EF29F08C
:10534800A8EF29F0AEEF29F0D89072310109726FF9
:10535800B0EF29F0D890723363A1B5EF29F0B7EF19
:1053680029F0B8EF29F0728F6635663365336433F8
:105378006333712B4DEF2AF06751635D68516459AF
:10538800695165596651800A6B6F6A51800A6B5979
:10539800D8B0D1EF29F0D3EF29F0FEEF29F063510F
:1053A800675D6B6F645168596C6F655169596D6FB2
:1053B80066516A596E6FFF0E6B25636FFF0E6C2185
:1053C800646FFF0E6D21656FFF0E6E21666F800E94
:1053D8006F1B726D7251D8A4F4EF29F0F6EF29F023
:1053E80006EF2AF0010E6327000E64236523662367
:1053F80006EF2AF06751635F6851645B6951655B2A
:105408006A51665B6351641165116611D8A40FEF88
:105418002AF011EF2AF046EF2AF07251D8A417EFBC
:105428002AF019EF2AF046EF2AF0000E636F000EFB
:10543800646F000E656F000E666FDFEF2AF0D8907C
:10544800633764376537663772AF2DEF2AF02FEF71
:105458002AF030EF2AF0638172A135EF2AF037EF96
:105468002AF03BEF2AF0D88072373DEF2AF0D89027
:1054780072377151D8B443EF2AF045EF2AF046EF5E
:105488002AF0710765AF4BEF2AF04DEF2AF023EFB2
:105498002AF0706B72AF53EF2AF055EF2AF06DEFD8
:1054A8002AF072C56BF57F0E6B17D8B45EEF2AF041
:1054B80060EF2AF064EF2AF0010E706F6DEF2AF0AA
:1054C80063A169EF2AF06BEF2AF06DEF2AF060EF25
:1054D8002AF07051D8B473EF2AF075EF2AF0A0EFD4
:1054E8002AF0010E6327000E64236523662366A154
:1054F80080EF2AF082EF2AF0A0EF2AF063C56BF55F
:1055080064C56CF565C56DF566C56EF56E356E33AB
:105518006D336C336B336BC563F56CC564F56DC562
:1055280065F56EC566F57129D8B49DEF2AF09FEF31
:105538002AF0A0EF2AF0712B7129D8B4A6EF2AF02F
:10554800A8EF2AF0B0EF2AF07151D8A4AEEF2AF0F4
:10555800B0EF2AF0C1EF2AF0000E636F000E646FFF
:10556800000E656F000E666F7151D8A4BEEF2AF069
:10557800C0EF2AF0C1EF2AF06F6B71A1C6EF2AF0D5
:10558800C8EF2AF0CBEF2AF0658FCCEF2AF0659FA1
:10559800D8907131666F6FAFD4EF2AF0D6EF2AF04A
:1055A800D7EF2AF0668F63C563F564C564F565C5F2
:1055B80065F566C566F512000501C251800BCB6F13
:1055C800C251C225D16FC1AFECEF2AF0EEEF2AF03D
:1055D800EFEF2AF0D181D151D8B4F5EF2AF0F7EFE7
:1055E8002AF00AEF2BF0D129D8A4FDEF2AF0FFEF1B
:1055F8002AF007EF2BF0000EBF6F000EC06F000EF1
:10560800C16F000EC26FC18F12EF2BF0000EBF6F7B
:10561800000EC06F000EC16F000EC26FC651800B26
:10562800CB1BC651C625CC6FC5AF1DEF2BF01FEFA6
:105638002BF020EF2BF0CC81CC51D8B426EF2BF0F7
:1056480028EF2BF03BEF2BF0CC29D8A42EEF2BF032
:1056580030EF2BF038EF2BF0000EC36F000EC46F45
:10566800000EC56F000EC66FC58F43EF2BF0000EFE
:10567800C36F000EC46F000EC56F000EC66FCC510D
:10568800D8B449EF2BF04BEF2BF053EF2BF0D1515F
:10569800D8A451EF2BF053EF2BF05DEF2BF0000E59
:1056A800BF6F000EC06F000EC16F000EC26FF3EF28
:1056B8002CF0C551BF03F3C4D6F5F4C4D7F5D651C1
:1056C800CD6FCE6BCF6BD06BD751D26FD36BD46B02
:1056D800D56BC451C003F3C4D6F5F4C4D7F5D6517D
:1056E800CD27000ECE23CF23D023D751D227000EAB
:1056F800D323D423D523C351C103F3C4D6F5F4C4AB
:10570800D7F5D651CD27000ECE23CF23D023D7519E
:10571800D227000ED323D423D523CFC5D0F5CEC5A9
:10572800CFF5CDC5CEF5CD6BC351C003F3C4D6F5C7
:10573800F4C4D7F5D651CD27D751CE23000ECF23A9
:10574800000ED023C451BF03F3C4D6F5F4C4D7F573
:10575800D651CD27D751CE23000ECF23000ED0230C
:10576800CFC5D0F5CEC5CFF5CDC5CEF5CD6BC351E0
:10577800BF03F3C4D6F5F4C4D7F5D651CD27D75116
:10578800CE23000ECF23000ED023C551C003F3C48F
:10579800D6F5F4C4D7F5D651D227D751D323000E66
:1057A800D423000ED523C451C103F3C4D6F5F4C4E1
:1057B800D7F5D651D227D751D323000ED423000EC4
:1057C800D523C551C103F3C4D6F5F4C4D7F5D651D2
:1057D800C76FD751C86FC96BCA6BC9C5CAF5C8C5E9
:1057E800C9F5C7C5C8F5C76BC751D227C851D32358
:1057F800C951D423CA51D523CDC5C7F5CEC5C8F5DF
:10580800CFC5C9F5D0C5CAF5190E10EF2CF0D89040
:10581800CA33C933C833C733E82E0BEF2CF0C7514E
:10582800D227C851D323C951D423CA51D523CFC5B0
:10583800D0F5CEC5CFF5CDC5CEF5CD6BCC51D1C504
:10584800C7F5C86BC727000EC823820EC725D66FB9
:10585800FF0EC821D76F46EF2CF0D890D237D33738
:10586800D437D537D0AF3BEF2CF03DEF2CF03EEFDF
:105878002CF0D281D890CD37CE37CF37D037D60756
:10588800D8A0D707D4AF4BEF2CF04DEF2CF031EF69
:105898002CF0CC6BD0AF53EF2CF055EF2CF079EF08
:1058A8002CF0FF0ECD15C76FFF0ECE15C86FFF0E7B
:1058B800CF15C96F7F0ED015CA6FC751C811C9114E
:1058C800CA11D8B46AEF2CF06CEF2CF070EF2CF002
:1058D800010ECC6F79EF2CF0D2A175EF2CF077EF99
:1058E8002CF079EF2CF06CEF2CF0CC51D8B47FEF82
:1058F8002CF081EF2CF0A5EF2CF0010ED227000E32
:10590800D323D423D523D5A18CEF2CF08EEF2CF004
:10591800A5EF2CF0D2C5C7F5D3C5C8F5D4C5C9F5D0
:10592800D5C5CAF5CA35CA33C933C833C733C7C59D
:10593800D2F5C8C5D3F5C9C5D4F5CAC5D5F5D64B72
:10594800D72BD7BFB0EF2CF0D75108E1D629D8A074
:10595800B0EF2CF0B2EF2CF0BCEF2CF0000ED26FB1
:10596800000ED36F800ED46F7F0ED56FE9EF2CF049
:10597800D7BFC9EF2CF0D75106E1D605D8B0C7EF8D
:105988002CF0C9EF2CF0D4EF2CF0000ED26F000EE3
:10599800D36F000ED46F000ED56FCB6BE9EF2CF0F0
:1059A800D6C5D1F5FF0ED217FF0ED3177F0ED41729
:1059B800000ED517D1A1E3EF2CF0E5EF2CF0E6EFC0
:1059C8002CF0D48FD890D131D56FCB51D513D2C507
:1059D800BFF5D3C5C0F5D4C5C1F5D5C5C2F512000C
:1059E80006011E6F1C0E06011E19D8A4FEEF2CF02E
:1059F80000EF2DF007EF2EF0000E0501C36F000E2B
:105A0800C46F110EC56F430EC66F000EAA6F000E4D
:105A1800AB6F7A0EAC6F440EAD6F1C0E9EEC40F06F
:105A280005016BC598F56CC599F59A6B9B6B000ED3
:105A380078EC42F098C5A6F599C5A7F59AC5A8F5DA
:105A48009BC5A9F5DEEC34F0A6C5BFF5A7C5C0F522
:105A5800A8C5C1F5A9C5C2F5E0EC2AF0BFC518F67E
:105A6800C0C519F6C1C51AF6C2C51BF640EC4CF004
:105A780018C6C8F619C6C9F6160E65EC3DF0D8C5A5
:105A88001FF6D9C520F6DAC521F6DBC522F6000EC9
:105A98000501AA6F000EAB6F7A0EAC6F440EAD6FA6
:105AA800C8C698F5C9C699F59A6B9B6B000E78EC39
:105AB80042F098C5C3F599C5C4F59AC5C5F59BC507
:105AC800C6F51FC6BFF520C6C0F521C6C1F522C65A
:105AD800C2F5E0EC2AF0BFC5A6F5C0C5A7F5C1C55B
:105AE800A8F5C2C5A9F5DEEC34F0A6C518F6A7C519
:105AF80019F6A8C51AF6A9C51BF640EC4CF018C64D
:105B0800A6F719C6A7F7260E0601C85D020EC959E1
:105B1800D8B091EF2DF093EF2DF09EEF2DF0C951F5
:105B280007E1970EC85DD8B09CEF2DF09EEF2DF0E1
:105B3800A6EF2DF0010EEF6F000E1D6F010E1C6F0A
:105B480004EF2FF0C95107E11F0EC85DD8B0AFEFC1
:105B58002DF0B1EF2DF0B9EF2DF0020EEF6F000E22
:105B68001D6F020E1C6F04EF2FF0CD0E0501C36FE1
:105B7800CC0EC46F8C0EC56F3F0EC66FDCC698F591
:105B8800DDC699F59A6B9B6B000E78EC42F098C5D0
:105B9800BFF599C5C0F59AC5C1F59BC5C2F5E0EC3E
:105BA8002AF0BFC500F6C0C501F6C1C502F6C2C5D8
:105BB80003F6A6C798F5A7C799F505019A6B9B6BDD
:105BC800000E78EC42F098C504F699C505F69AC51A
:105BD80006F69BC507F643EC48F00601D8B0F7EF88
:105BE8002DF0F9EF2DF001EF2EF0030EEF6F000E00
:105BF8001D6F020E1C6F04EF2FF0000E1D6F000EBC
:105C08001C6F04EF2FF0110E1E19D8A40EEF2EF002
:105C180010EF2EF001EF2EF0000E0501C36F000EFD
:105C2800C46F920EC56F420EC66F000EAA6F000EAB
:105C3800AB6F7A0EAC6F440EAD6F110E9EEC40F058
:105C480005016BC598F56CC599F59A6B9B6B000EB1
:105C580078EC42F098C5A6F599C5A7F59AC5A8F5B8
:105C68009BC5A9F5DEEC34F0A6C5BFF5A7C5C0F500
:105C7800A8C5C1F5A9C5C2F5E0EC2AF0BFC518F65C
:105C8800C0C519F6C1C51AF6C2C51BF640EC4CF0E2
:105C980018C6C6F619C6C7F6040E65EC3DF0D8C599
:105CA8001FF6D9C520F6DAC521F6DBC522F6000EA7
:105CB8000501AA6F000EAB6F7A0EAC6F440EAD6F84
:105CC800C6C698F5C7C699F59A6B9B6B000E78EC1B
:105CD80042F098C5C3F599C5C4F59AC5C5F59BC5E5
:105CE800C6F51FC6BFF520C6C0F521C6C1F522C638
:105CF800C2F5E0EC2AF0BFC5A6F5C0C5A7F5C1C539
:105D0800A8F5C2C5A9F5DEEC34F0A6C518F6A7C5F6
:105D180019F6A8C51AF6A9C51BF640EC4CF018C62A
:105D2800A4F719C6A5F72C0E0601C65D010EC759C2
:105D3800D8A0A1EF2EF0A3EF2EF0ABEF2EF0040EBB
:105D4800EF6F000E1D6F010E1C6F04EF2FF0C7518F
:105D580007E1150EC65DD8B0B4EF2EF0B6EF2EF001
:105D6800BEEF2EF0050EEF6F000E1D6F020E1C6FBA
:105D780004EF2FF0CD0E0501C36FCC0EC46F8C0E4F
:105D8800C56F3F0EC66FDAC698F5DBC699F59A6BF4
:105D98009B6B000E78EC42F098C5BFF599C5C0F52D
:105DA8009AC5C1F59BC5C2F5E0EC2AF0BFC500F65F
:105DB800C0C501F6C1C502F6C2C503F6A4C798F569
:105DC800A5C799F505019A6B9B6B000E78EC42F01C
:105DD80098C504F699C505F69AC506F69BC507F653
:105DE80043EC48F00601D8B0FCEF2EF0FEEF2EF0A1
:105DF80001EF2EF0060EEF6F000E1D6F020E1C6FE6
:105E0800120051C6D9F452C6DAF4DEC4F6F4DDC481
:105E1800F7F4000EF86E0800F550250AD8A417EF1D
:105E28002FF019EF2FF0FDEF30F051C6D9F452C61C
:105E3800DAF4DE2A000EDD22000E0601C16F000E24
:105E4800C06FC0C6DEF6C269C369576B4CEF2FF04E
:105E5800DE8351C6D9F452C6DAF4DE2A000EDD22FA
:105E68004CEF2FF0010E576F4CEF2FF051C6D9F4BD
:105E780052C6DAF4DEC4F6F4DDC4F7F4000EF86EA8
:105E88000800F550300AD8B42CEF2FF036EF2FF079
:105E98005751D8B452EF2FF054EF2FF03AEF2FF0BC
:105EA80051C663F552C664F553C665F554C666F522
:105EB8009FEC50F063C5C0F664C5C1F60601C1BFCA
:105EC8006AEF2FF068EF2FF06FEF2FF0DE81C06DD3
:105ED800C11FD8B0C12B51C6D9F452C6DAF4DEC4FA
:105EE800F6F4DDC4F7F4000EF86E0800F5502E0A3B
:105EF800D8A481EF2FF083EF2FF098EF2FF051C641
:105F0800D9F452C6DAF4DE2A000EDD2251C663F552
:105F180052C664F553C665F554C666F59FEC50F055
:105F280063C5C2F664C5C3F651C6D9F452C6DAF4DD
:105F3800DEC45DF6DDC45EF65DC6F6F45EC6F7F453
:105F4800000EF86E0800F550640AD8B4AEEF2FF0D2
:105F5800B0EF2FF0C0EF2FF05DC6F6F45EC6F7F491
:105F6800000EF86E0800F550690AD8A4BEEF2FF0AD
:105F7800C0EF2FF0EFEF2FF053C6D9F454C6DAF480
:105F8800DFC455F6020EDE26DFC456F6000EDD220B
:105F980055C6D9F456C6DAF4DEC459F6DDC45AF645
:105FA800010E06015D25556F000E5E21566F51C624
:105FB800D9F452C6DAF455C6DEF456C6DDF44FC637
:105FC80080F550C681F559C682F55AC683F596EC18
:105FD80041F014EF31F05DC6F6F45EC6F7F4000E3A
:105FE800F86E0800F550580AD8A4FDEF2FF0FFEF1F
:105FF8002FF03EEF30F053C6D9F454C6DAF4DFC4BC
:1060080055F6020EDE26DFC456F6000EDD2255C612
:10601800D9F456C6DAF4DEC459F6DDC45AF6010ED0
:1060280006015D25556F000E5E21566F51C6D9F4E5
:1060380052C6DAF455C6DEF456C6DDF430EF30F059
:106048004FC680F550C681F559C682F55AC683F504
:106058006FEC46F014EF31F05DC6F6F45EC6F7F467
:10606800000EF86E0800F550580AD8B424EF30F046
:106078003EEF30F051C6D9F452C6DAF4DEC45DF60C
:10608800DDC45EF65DC6F6F45EC6F7F4000EF86E83
:106098000800F5C458F65CEF30F05D4B5E2B6CEFF2
:1060A80030F06C0E586F6CEF30F0586B6CEF30F0CE
:1060B800060158514C0AD8B451EF30F02A0AD8B426
:1060C80055EF30F00A0AD8B451EF30F059EF30F0FC
:1060D8005DC6F6F45EC6F7F4000EF86E0800F550DB
:1060E800660AD8A47AEF30F07CEF30F0F4EF30F0A5
:1060F800B2EF30F053C6D9F454C6DAF4DFC455F61B
:10610800040EDE26DFC456F6000EDD2255C6D9F48D
:1061180056C6DAF4DEC459F6DEC45AF6DEC45BF6B7
:10612800DEC45CF6BDEF30F053C6D9F454C6DAF4D9
:10613800DFC455F6040EDE26DFC456F6000EDD2257
:1061480055C6D9F456C6DAF4DEC459F6DEC45AF692
:10615800DEC45BF6DEC45CF6BDEF30F058514C0A85
:10616800D8B498EF30F0200AD8B47EEF30F0BDEF05
:1061780030F0010E5D25556F000E5E21566F51C639
:10618800D9F452C6DAF455C6DEF456C6DDF4E6EFA5
:1061980030F04FC61CF650C61DF659C61EF65AC634
:1061A8001FF65BC620F65CC621F65DC6F6F45EC631
:1061B800F7F4000EF86E0800F5C422F608EC1EF09D
:1061C80014EF31F05DC6F6F45EC6F7F4000EF86E13
:1061D8000800F550660AD8B4CDEF30F0F4EF30F08F
:1061E80051C6D9F452C6DAF4DE2A000EDD2214EFC5
:1061F80031F051C6D9F452C6DAF4DEC4F6F4DDC47F
:10620800F7F4000EF86E0800F5500501676F686B2B
:106218004FC669F550C66AF506EC51F0F4EF30F058
:106228001200030E3AEC61F063C5ECF564C5EDF5B8
:10623800000E0501AA6FF00EAB6F7F0EAC6F450E16
:10624800AD6FECC598F5EDC599F5000E99BFFF0E39
:106258009A6F9B6F010E78EC42F098C5A6F599C528
:10626800A7F59AC5A8F59BC5A9F5DEEC34F0A6C537
:10627800BFF5A7C5C0F5A8C5C1F5A9C5C2F56F0E7C
:106288000501C36F120EC46F830EC56F400EC66F33
:10629800E0EC2AF0BFC5F6F5C0C5F7F5C1C5F8F5BD
:1062A800C2C5F9F5F6C528F7F7C529F7F8C52AF7DD
:1062B800F9C52BF765EC65F063C5F2F564C5F3F530
:1062C80065C5F4F566C5F5F524C767F525C768F50E
:1062D80026C769F527C76AF58BEC59F067C5EEF54F
:1062E80068C5EFF569C5F0F56AC5F1F520C7DCF5B5
:1062F80021C7DDF522C7DEF523C7DFF5F6C5D8F5DA
:10630800F7C5D9F5F8C5DAF5F9C5DBF568EC5FF03E
:10631800D8C5E0F5D9C5E1F5DAC5E2F5DBC5E3F5A1
:1063280057EC62F0E0C500F6E1C501F6E2C502F6F9
:10633800E3C503F6CD0E0601046FCC0E056F4C0EB7
:10634800066F3D0E076F43EC48F00601D8B0AFEF7B
:1063580031F0B1EF31F0BCEF31F0050EE561B7EF88
:1063680031F0B9EF31F0BDEF31F0E52BBDEF31F091
:10637800E56BF6C520F7F7C521F7F8C522F7F9C58B
:1063880023F7EFEF32F0F06B040EE565CEEF31F056
:10639800D0EF31F0FEEF32F0F6C500F6F7C501F6A2
:1063A800F8C502F6F9C503F6660E046F660E056FAA
:1063B800E60E066F3F0E076F43EC48F00601D8A0C3
:1063C800E8EF31F0EAEF31F020EF32F0F6C500F6F1
:1063D800F7C501F6F8C502F6F9C503F6CD0E046F48
:1063E800CC0E056F0C0E066F400E076F43EC48F09D
:1063F8000601D8B002EF32F004EF32F020EF32F0AD
:106408000501F151F0110BE1E80EEE5D030EEF59B5
:10641800D8A011EF32F013EF32F0FEEF32F0010E98
:106428000601E66FF2C524F7F3C525F7F4C526F78C
:10643800F5C527F7FEEF32F0F6C500F6F7C501F609
:10644800F8C502F6F9C503F69A0E046F990E056FA2
:10645800190E066F400E076F43EC48F00601D8A0EE
:1064680038EF32F03AEF32F016EF32F00501F15121
:10647800F0110BE1E80EEE5D030EEF59D8A047EFDF
:1064880032F049EF32F04EEF32F0020E0601E66FBD
:1064980016EF32F0FEEF32F0010EF06F040EE565F4
:1064A80058EF32F05AEF32F0FEEF32F0660E006F1E
:1064B800660E016FA60E026F3F0E036FF6C504F657
:1064C800F7C505F6F8C506F6F9C507F643EC48F032
:1064D8000601D8A072EF32F074EF32F08FEF32F08D
:1064E8000501F151F0110BE1E80EEE5D030EEF59D5
:1064F800D8A081EF32F083EF32F0FEEF32F00601E0
:10650800E66BF2C524F7F3C525F7F4C526F7F5C5FC
:1065180027F7FEEF32F0F6C500F6F7C501F6F8C525
:1065280002F6F9C503F69A0E046F990E056F190E57
:10653800066F400E076F43EC48F00601D8A0A7EF9E
:1065480032F0A9EF32F016EF32F00501F151F011F7
:106558000BE1E80EEE5D030EEF59D8A0B6EF32F06E
:10656800B8EF32F04EEF32F049EF32F0020EF06F32
:10657800040EE565C2EF32F0C4EF32F0FEEF32F000
:10658800660E006F660E016FA60E026F3F0E036F58
:10659800F6C504F6F7C505F6F8C506F6F9C507F613
:1065A80043EC48F00601D8A0DCEF32F0DEEF32F021
:1065B800FEEF32F00501F151F0110BE1D00EEE5D66
:1065C800070EEF59D8A0EBEF32F0EDEF32F0FEEF07
:1065D80032F083EF32F0E651000AD8B4C7EF31F059
:1065E800010AD8B450EF32F0030AD8B4BAEF32F047
:1065F800FEEF32F01200060108510911D8A407EF86
:1066080033F009EF33F013EF33F0000E086F000E8C
:10661800096F000E0A6F000E0B6FDDEF34F065ECAA
:1066280065F063C51AF664C51BF665C51CF666C534
:106638001DF6060120EE08F00851D9260951DA2284
:10664800DEC463F5DEC464F5DEC465F5DEC466F554
:106658000AC667F50BC668F50CC669F50DC66AF576
:106668001EEC56F00501D8B03CEF33F03EEF33F0A6
:10667800CDEF33F0060120EE08F00851D926095174
:10668800DA220AC6DEF40BC6DEF40CC6DEF40DC64A
:10669800DEF408C6D9F409C6DAF4DEC400F6DEC4AE
:1066A80001F6DEC402F6DEC403F60AC604F60BC61B
:1066B80005F60CC606F60DC607F643EC48F00601CB
:1066C800D8B069EF33F06BEF33F09BEF33F008C6C7
:1066D800D9F409C6DAF410EE04F00851E12609519C
:1066E800E222DEC4E6F4DEC4E6F4DEC4E6F4DEC488
:1066F800E6F420EE0CF00851D9260951DA221AC620
:10670800DEF41BC6DEF41CC6DEF41DC6DEF420EE85
:1067180010F00851D9260951DA220EC6DEF40FC648
:10672800DEF410C6DEF411C6DEF4CDEF33F020EE51
:1067380004F00851D9260951DA220AC6DEF40BC63C
:10674800DEF40CC6DEF40DC6DEF408C6D9F409C6BC
:10675800DAF40AC6DEF40BC6DEF40CC6DEF40DC6A7
:10676800DEF420EE0CF00851D9260951DA221AC6B7
:10677800DEF41BC6DEF41CC6DEF41DC6DEF420EE15
:1067880010F00851D9260951DA22DE6ADE6ADE6A7B
:10679800DD6A060120EE10F00851D9260951DA22E7
:1067A800DE50DE10DE10DE10D8A4DDEF33F0DFEFB0
:1067B80033F0EDEF33F008C6D9F409C6DAF4DEC4D5
:1067C80008F6DEC409F6DEC40AF6DEC40BF6DDEF11
:1067D80034F020EE0CF00851D9260951DA22DEC433
:1067E80067F5DEC468F5DEC469F5DEC46AF58BECCE
:1067F80059F067C51EF668C51FF669C520F66AC553
:1068080021F6060120EE10F00851D9260951DA22A6
:10681800DE501E5DDE501F59DE502059DE502159D2
:10682800D8A019EF34F01BEF34F03BEF34F020EE32
:1068380008F00851D9260951DA2208C6E1F409C638
:10684800E2F4DEC4E6F4DEC4E6F4DEC4E6F4DEC454
:10685800E6F408C6D9F409C6DAF4DEC408F6DEC4DC
:1068680009F6DEC40AF6DEC40BF6DDEF34F01EC608
:1068780098F51FC699F520C69AF521C69BF5000E16
:1068880078EC42F098C5A6F599C5A7F59AC5A8F57C
:106898009BC5A9F5060120EE10F00851D92609512B
:1068A800DA22DEC498F5DEC499F5DEC49AF5DEC4B2
:1068B8009BF5000E78EC42F098C5AAF599C5ABF5A2
:1068C8009AC5ACF59BC5ADF5DEEC34F0A6C512F65D
:1068D800A7C513F6A8C514F6A9C515F612C6C3F5BB
:1068E80013C6C4F514C6C5F515C6C6F5060120EECF
:1068F80004F00851D9260951DA22DEC4DCF5DEC4D9
:10690800DDF5DEC4DEF5DEC4DFF520EE08F0085163
:10691800D9260951DA22DEC4D8F5DEC4D9F5DEC499
:10692800DAF5DEC4DBF568EC5FF0D8C5BFF5D9C58C
:10693800C0F5DAC5C1F5DBC5C2F5E0EC2AF0BFC584
:1069480016F6C0C517F6C1C518F6C2C519F616C69B
:1069580063F517C664F518C665F519C666F5060128
:1069680020EE04F00851D9260951DA22DEC467F571
:10697800DEC468F5DEC469F5DEC46AF584EC28F087
:1069880008C6D9F409C6DAF4050163C5DEF464C59E
:10699800DEF465C5DEF466C5DEF408C6D9F409C6BA
:1069A800DAF4DEC408F6DEC409F6DEC40AF6DEC48C
:1069B8000BF612000501A951800BB66FA951A92544
:1069C800BD6FA8AFEAEF34F0ECEF34F0EDEF34F040
:1069D800BD81BD51D8B4F3EF34F0F5EF34F009EFD1
:1069E80035F0BD29D8A4FBEF34F0FDEF34F005EF06
:1069F80035F0000EA66F000EA76F000EA86F000EF0
:106A0800A96FA88FA96B11EF35F0000EA66F000EC5
:106A1800A76F000EA86F000EA96FAD51800BB61BB3
:106A2800AD51AD25BE6FACAF1CEF35F01EEF35F0A4
:106A38001FEF35F0BE81BE51D8B425EF35F027EFF2
:106A480035F03BEF35F0BE29D8A42DEF35F02FEF08
:106A580035F037EF35F0000EAA6F000EAB6F000E61
:106A6800AC6F000EAD6FAC8FAD6B43EF35F0000E21
:106A7800AA6F000EAB6F000EAC6F000EAD6FAA517F
:106A8800AB11AC11AD11D8A44CEF35F04EEF35F089
:106A980066EF35F0000EA66F000EA76F000EA86F08
:106AA800000EA96F800EA8137F0EA913B651A91363
:106AB800A6C5A6F5A7C5A7F5A8C5A8F5A9C5A9F5AA
:106AC800A6EF36F0BD51D8A46CEF35F06EEF35F077
:106AD80078EF35F0000EA66F000EA76F000EA86FB6
:106AE800000EA96FA6EF36F0BE51BDC5AEF5AF6B6F
:106AF800AE5F000EAF5B7F0EAE25B76F000EAF2105
:106B0800B86FA6C5B2F5A7C5B3F5A8C5B4F5A9C5AC
:106B1800B5F5000EA66F000EA76F000EA86F000E49
:106B2800A96F000EB96F000EBA6F000EBB6F000E92
:106B3800BC6FBE6BD8EF35F0BE51D8B4A6EF35F0B8
:106B4800A8EF35F0BFEF35F0D890B237B337B43788
:106B5800B537D890A637A737A837A937BCAFB7EF4E
:106B680035F0B9EF35F0BAEF35F0A681D890B937DE
:106B7800BA37BB37BC37AA51B25DAB51B359AC5128
:106B8800B459AD51B559D8A0CCEF35F0CEEF35F0AA
:106B9800D7EF35F0BC8DAA51B25FAB51B35BAC51A6
:106BA800B45BAD51B55BBE2B190EBE65DEEF35F09B
:106BB800E0EF35F0A0EF35F0B251B311B411B511D3
:106BC800D8B4E9EF35F0EBEF35F003EF36F0B981E3
:106BD80003EF36F0D890A637A737A837A937BCAF48
:106BE800F8EF35F0FAEF35F0FBEF35F0A681D890E5
:106BF800B937BA37BB37BC37B707D8A0B807A8AF7B
:106C080008EF36F00AEF36F0EEEF35F0BE6BBCAFAA
:106C180010EF36F012EF36F036EF36F0FF0EB915FA
:106C2800AE6FFF0EBA15AF6FFF0EBB15B06F7F0EBC
:106C3800BC15B16FAE51AF11B011B111D8B427EF77
:106C480036F029EF36F02DEF36F0010EBE6F36EF35
:106C580036F0A6A132EF36F034EF36F036EF36F0E4
:106C680029EF36F0BE51D8B43CEF36F03EEF36F09F
:106C780062EF36F0010EA627000EA723A823A9234A
:106C8800A9A149EF36F04BEF36F062EF36F0A6C512
:106C9800AEF5A7C5AFF5A8C5B0F5A9C5B1F5B1352D
:106CA800B133B033AF33AE33AEC5A6F5AFC5A7F534
:106CB800B0C5A8F5B1C5A9F5B74BB82BB8BF6DEFEE
:106CC80036F0B85108E1B729D8A06DEF36F06FEF6C
:106CD80036F07AEF36F0000EB86FB769000EA66F7F
:106CE800000EA76F000EA86F000EA96FB8BF87EF40
:106CF80036F0B85106E1B705D8B085EF36F087EF22
:106D080036F094EF36F0000EB86F000EB76F000E35
:106D1800A66F000EA76F000EA86F000EA96FB66BC6
:106D2800B7C5BDF5BDA19BEF36F09DEF36F0A0EFDE
:106D380036F0A88FA1EF36F0A89FD890BD31A96F83
:106D48005AEF35F012000601EE05D8B4AEEF36F072
:106D5800B0EF36F0B9EF36F0030EEE19D8A4B7EF5E
:106D680036F0B9EF36F060EF37F0000E0501AA6F84
:106D7800000EAB6F7A0EAC6F440EAD6F1C0E9EEC1E
:106D880040F005016BC598F56CC599F59A6B9B6B3E
:106D9800000E78EC42F098C5A6F599C5A7F59AC5F6
:106DA800A8F59BC5A9F5DEEC34F0A6C5BFF5A7C5C7
:106DB800C0F5A8C5C1F5A9C5C2F5000E0501C36F88
:106DC800000EC46F110EC56F430EC66FE0EC2AF0BB
:106DD800BFC56CF7C0C56DF7C1C56EF7C2C56FF703
:106DE800160E65EC3DF0D8C55AF6D9C55BF6DAC57E
:106DF8005CF6DBC55DF66CC7C3F56DC7C4F56EC739
:106E0800C5F56FC7C6F55AC6BFF55BC6C0F55CC603
:106E1800C1F55DC6C2F5E0EC2AF0BFC5A6F5C0C550
:106E2800A7F5C1C5A8F5C2C5A9F5000E0501AA6F49
:106E3800000EAB6F7A0EAC6F440EAD6FDEEC34F023
:106E4800A6C568F7A7C569F7A8C56AF7A9C56BF706
:106E5800A4C622F6A5C623F6A6C624F6A7C625F616
:106E6800BFEC60F022C664F723C665F724C666F750
:106E780025C667F7B00E06011C6F070E1D6F64C7A5
:106E88001EF665C71FF666C720F667C721F668C7EE
:106E980022F669C723F66AC724F66BC725F67EEC87
:106EA80023F01CC6D0F61DC6D1F6D0C665F5D1C6EE
:106EB80066F5010EC8EC5AF0020E0601EE19D8B4B8
:106EC80068EF37F06AEF37F073EF37F0030EEE191B
:106ED800D8A471EF37F073EF37F02CEF38F0000ECD
:106EE8000501AA6F000EAB6F7A0EAC6F440EAD6F42
:106EF800110E9EEC40F005016BC598F56CC599F52F
:106F08009A6B9B6B000E78EC42F098C5A6F599C574
:106F1800A7F59AC5A8F59BC5A9F5DEEC34F0A6C57A
:106F2800BFF5A7C5C0F5A8C5C1F5A9C5C2F5000E2E
:106F38000501C36F000EC46F920EC56F420EC66F77
:106F4800E0EC2AF0BFC560F7C0C561F7C1C562F7BC
:106F5800C2C563F7040E65EC3DF0D8C55AF6D9C52D
:106F68005BF6DAC55CF6DBC55DF660C7C3F561C7DD
:106F7800C4F562C7C5F563C7C6F55AC6BFF55BC693
:106F8800C0F55CC6C1F55DC6C2F5E0EC2AF0BFC528
:106F9800A6F5C0C5A7F5C1C5A8F5C2C5A9F5000ED7
:106FA8000501AA6F000EAB6F7A0EAC6F440EAD6F81
:106FB800DEEC34F0A6C55CF7A7C55DF7A8C55EF79B
:106FC800A9C55FF7D8C698F5D9C699F505019A6B92
:106FD8009B6B000E78EC42F098C556F699C557F6AB
:106FE8009AC558F69BC559F656C622F657C623F6D3
:106FF80058C624F659C625F69FEC60F022C658F705
:1070080023C659F724C65AF725C65BF7760E06013C
:107018001C6F080E1D6F58C71EF659C71FF65AC7B2
:1070280020F65BC721F65CC722F65DC723F65EC76C
:1070380024F65FC725F67EEC23F01CC6CEF61DC6E7
:10704800CFF6CEC665F5CFC666F5020EC8EC5AF087
:10705800120040C767F541C768F542C769F543C7DD
:107068006AF58BEC59F067C59AF568C59BF569C553
:107078009CF56AC59DF53CC767F53DC768F53EC7F1
:1070880069F53FC76AF58BEC59F067C59EF568C589
:107098009FF569C5A0F56AC5A1F52C0E9EEC40F0D8
:1070A8006BC5A2F56CC5A3F55D50D8B45EEF38F09A
:1070B80060EF38F077EF38F065EC65F063C53CF7C2
:1070C80064C53DF765C53EF766C53FF765EC65F0F5
:1070D80063C540F764C541F765C542F766C543F720
:1070E800010E4F6E5D6A5050D8A47DEF38F07FEFE7
:1070F80038F07EEF39F00501A151A0110BE1880E9F
:107108009E5D130E9F59D8A08CEF38F08EEF38F0A3
:107118007EEF39F0010E506E7EEF39F04F50D8A453
:1071280098EF38F09AEF38F0AEEF38F09D519C1197
:107138000BE1B80E9A5D0B0E9B59D8A0A6EF38F05C
:10714800A8EF38F098EF39F00601F46B010E4F6E96
:1071580098EF39F05050D8A4B4EF38F0B6EF38F0C3
:10716800CEEF38F0730EA25D060EA359D8A0BFEF7C
:1071780038F0C1EF38F0CEEF38F0010E516E65EC03
:1071880065F063C540F764C541F765C542F766C554
:1071980043F74F6A5004D8A4D4EF38F0D6EF38F04C
:1071A80098EF39F0350E0501A25D080EA359D8A055
:1071B800E0EF38F0E2EF38F098EF39F0010E516E59
:1071C80065EC65F063C540F764C541F765C542F7EE
:1071D80066C543F74F6A98EF39F05A6A010E0601FF
:1071E800F46F5004D8A4FBEF38F0FDEF38F030EF1F
:1071F80039F0A40E0501A25D060EA359D8B007EF19
:1072080039F009EF39F00CEF39F0516AE4EF38F052
:10721800D70EA25D060EA359D8A015EF39F017EFC7
:1072280039F098EF39F03A0EA25D070EA359D8B09D
:1072380020EF39F022EF39F098EF39F0020E516E55
:1072480065EC65F063C540F764C541F765C542F76D
:1072580066C543F798EF39F05050D8A436EF39F0A7
:1072680038EF39F098EF39F0A40E0501A25D060E4B
:10727800A359D8B042EF39F044EF39F048EF39F06C
:10728800010E506E09EF39F0D70EA25D060EA35914
:10729800D8A051EF39F053EF39F098EF39F03A0EA2
:1072A800A25D070EA359D8B05CEF39F05EEF39F054
:1072B80098EF39F022EF39F0010E5A6E350EA25DC3
:1072C800080EA359D8A06BEF39F06DEF39F071EFC4
:1072D80039F0010E516E24EF39F0A40EA25D060EAE
:1072E800A359D8B07AEF39F07CEF39F098EF39F03C
:1072F80009EF39F051500501986F996B9951000ABF
:10730800D8B489EF39F098EF39F09851000AD8B419
:1073180092EF38F0010AD8B4F1EF38F0030AD8B484
:1073280060EF39F098EF39F012000601F405D8B48F
:10733800A0EF39F0A2EF39F0A6EF39F0E5EF3AF017
:10734800E5EF3AF0EE51D8A4ACEF39F0AEEF39F0F2
:10735800B0EF39F0E5EF3AF034C767F535C768F5AF
:1073680036C769F537C76AF58BEC59F067C523F658
:1073780068C524F669C525F66AC526F630C767F5D7
:1073880031C768F532C769F533C76AF58BEC59F030
:1073980067C527F668C528F669C529F66AC52AF6B5
:1073A8000601F251D8B4DBEF39F0DDEF39F05BEFCD
:1073B8003AF01C0EF4EC2CF006011C512D6F2D0533
:1073C800D8A4E9EF39F0EBEF39F017EF3AF0ED51C7
:1073D800D8A4F1EF39F0F3EF39F002EF3AF065ECA9
:1073E80065F063C534F764C535F765C536F766C516
:1073F80037F7010E0601ED6F5BEF3AF026512511C4
:107408000BE1E90E235D030E2459D8A00EEF3AF0E4
:1074180010EF3AF05BEF3AF0000ED56F010ED46F23
:10742800ED6B5BEF3AF0020E2D19D8A41EEF3AF07F
:1074380020EF3AF04BEF3AF0EC51D8A426EF3AF0AF
:1074480028EF3AF037EF3AF065EC65F063C534F7AA
:1074580064C535F765C536F766C537F7010E060109
:10746800EC6F5BEF3AF026512511241109E1C90EA2
:10747800235DD8A042EF3AF044EF3AF05BEF3AF0E0
:10748800000ED56F020ED46FEC6B5BEF3AF0D4515F
:10749800D511D8A452EF3AF054EF3AF05BEF3AF036
:1074A800000ED56F000ED46FED6B48EF3AF0F15136
:1074B800D8B461EF3AF063EF3AF0E5EF3AF0110E25
:1074C800F4EC2CF01CC62BF61DC62CF606012B0579
:1074D8002C11D8A472EF3AF074EF3AF0A0EF3AF01A
:1074E800EB51D8A47AEF3AF07CEF3AF08BEF3AF010
:1074F80065EC65F063C530F764C531F765C532F7EB
:1075080066C533F7010E0601EB6FE5EF3AF02A5135
:1075180029110BE1E90E275D030E2859D8A097EF32
:107528003AF099EF3AF0A4EF39F0000ED36F010E5C
:10753800D26FEB6BE5EF3AF0020E2B192C11D8A4A1
:10754800A8EF3AF0AAEF3AF0D5EF3AF0EA51D8A40A
:10755800B0EF3AF0B2EF3AF0C1EF3AF065EC65F00F
:1075680063C530F764C531F765C532F766C533F7CB
:10757800010E0601EA6FE5EF3AF02A5129112811A8
:1075880009E1C90E275DD8A0CCEF3AF0CEEF3AF06A
:10759800E5EF3AF0000ED36F020ED26FEA6BE5EF1B
:1075A8003AF0D251D311D8A4DCEF3AF0DEEF3AF03A
:1075B800A4EF39F0000ED36F000ED26FEB6BD2EF51
:1075C8003AF01200DCC685F5DDC686F5DCC663F543
:1075D800DDC664F50501656B666B0601F2510501B0
:1075E800676F686B696B6A6BFFEC5AF063C56FF580
:1075F80064C570F565C571F566C572F5640E05015B
:10760800736F000E746F000E756F000E766FCDEC01
:107618004CF0EB0E05016F25876FFF0E7021886F08
:10762800FF0E7121896FFF0E72218A6F8ABF21EFC9
:107638003BF01FEF3BF029EF3BF0000E876F000E89
:10764800886F000E896F000E8A6F0601DC510501F4
:107658007F6F0601DD510501806F816B826B875159
:107668007F5D88518059895181598251800A836F81
:107678008A51800A8359D8B044EF3BF046EF3BF07B
:107688004CEF3BF0DCC687F5DDC688F5896B8A6B65
:1076980087C53FF588C540F5DAC663F5DBC664F5EE
:1076A800656B666B0601F1510501676F686B696B65
:1076B8006A6BFFEC5AF063C56FF564C570F565C574
:1076C80071F566C572F5640E0501736F000E746F6F
:1076D800000E756F000E766FCDEC4CF0F10E0501C3
:1076E8006F25876FFF0E7021886FFF0E7121896FDC
:1076F800FF0E72218A6F8ABF86EF3BF084EF3BF062
:107708008EEF3BF0000E876F000E886F000E896FBA
:10771800000E8A6F0601DA5105017F6F0601DB5101
:107728000501806F816B826B87517F5D885180591D
:10773800895181598251800A836F8A51800A8359FD
:10774800D8B0A9EF3BF0ABEF3BF0B1EF3BF0DAC6B6
:1077580087F5DBC688F5896B8A6B87C5D8F688C537
:10776800D9F60601D8513F24D66FD9514020D76F9A
:10777800D6510501855D0601D75105018659D8B056
:10778800C8EF3BF0CAEF3BF0EDEF3BF03F5006018E
:10779800D65D05017F6F40500601D7590501806FFE
:1077A8007F51855D816F80518659826F836BD8A028
:1077B80083078351846FEC0E8125876FFF0E82212A
:1077C800886FFF0E8321896FFF0E84218A6FF3EF84
:1077D8003BF03FC587F540C588F5896B8A6B8ABF42
:1077E800FAEF3BF0F8EF3BF002EF3CF0000E876F4A
:1077F800000E886F000E896F000E8A6F85517F6FAB
:107808008651806F816B826B87517F5D885180596B
:10781800895181598251800A836F8A51800A83591C
:10782800D8B019EF3CF01BEF3CF021EF3CF085C5D8
:1078380087F586C588F5896B8A6B87C5AEF788C5D5
:10784800AFF7AEC77DF5AFC77EF5120044C767F541
:1078580045C768F546C769F547C76AF58BEC59F01F
:1078680067C57DF568C57EF569C57FF56AC580F58C
:10787800020E0601F26143EF3CF045EF3CF04DEF9C
:107888003CF0010EF1654BEF3CF04DEF3CF046EF5C
:107898003DF05F04D8A453EF3CF055EF3CF046EFC1
:1078A8003DF065EC65F063C544F764C545F765C50B
:1078B80046F766C547F7010E5E6E5F6A46EF3DF014
:1078C80039EC66F0050180517F110BE1210E7D5DD9
:1078D800030E7E59D8A073EF3CF075EF3CF064EFCF
:1078E8003DF0010E0601F2657CEF3CF07EEF3CF0C6
:1078F80089EF3CF0010EF16584EF3CF086EF3CF037
:1079080089EF3CF0020E5E6E586A010EF2658FEF49
:107918003CF091EF3CF09CEF3CF0F151D8A497EF8C
:107928003CF099EF3CF09CEF3CF0030E5E6E576A1A
:10793800F251D8A4A2EF3CF0A4EF3CF0AFEF3CF03A
:10794800010EF165AAEF3CF0ACEF3CF0AFEF3CF074
:10795800040E5E6E566A65EC65F063C544F764C54F
:1079680045F765C546F766C547F764EF3DF0F2ECA5
:1079780052F0010E0601F265C4EF3CF0C6EF3CF090
:10798800D4EF3CF0F151D8A4CCEF3CF0CEEF3CF072
:10799800D4EF3CF0020E3DEC5DF0030E5E6E576ACC
:1079A8000601F251D8A4DBEF3CF0DDEF3CF064EFC8
:1079B8003DF0010EF165E3EF3CF0E5EF3CF064EFDC
:1079C8003DF0010E3DEC5DF0040E5E6E566A64EF0C
:1079D8003DF015EC55F0010E0601F265F6EF3CF0AE
:1079E800F8EF3CF003EF3DF0010EF165FEEF3CF0DF
:1079F80000EF3DF003EF3DF0020E5E6E586AF25163
:107A0800D8A409EF3DF00BEF3DF064EF3DF0010E17
:107A1800F16511EF3DF013EF3DF064EF3DF0010E1D
:107A28003DEC5DF0E8EF3CF0BCEC54F0010E0601D3
:107A3800F26521EF3DF023EF3DF02EEF3DF0010E12
:107A4800F16529EF3DF02BEF3DF02EEF3DF0020EF2
:107A58005E6E586A010EF26534EF3DF036EF3DF088
:107A680064EF3DF0F151D8A43CEF3DF03EEF3DF01E
:107A780064EF3DF0020E3DEC5DF0030E5E6E576A5A
:107A880064EF3DF05E5005017B6F7C6B7C51000A12
:107A9800D8B451EF3DF064EF3DF07B51010AD8B402
:107AA80064EF3CF0030AD8B4BBEF3CF0010AD8B449
:107AB800EDEF3CF0070AD8B418EF3DF064EF3DF065
:107AC80012000501F46F160E0501F419D8A46FEF22
:107AD8003DF071EF3DF0EAEF3DF0160E9EEC40F000
:107AE8006BC5ECF56CC5EDF5000E0501AA6FF00E3F
:107AF800AB6F7F0EAC6F450EAD6FECC598F5EDC55D
:107B080099F5000E99BFFF0E9A6F9B6F010E78ECE6
:107B180042F098C5A6F599C5A7F59AC5A8F59BC5DD
:107B2800A9F5DEEC34F0A6C5BFF5A7C5C0F5A8C514
:107B3800C1F5A9C5C2F53D0E0501C36F0A0EC46F94
:107B4800830EC56F400EC66FE0EC2AF0BFC5DCF5AA
:107B5800C0C5DDF5C1C5DEF5C2C5DFF5D60E050128
:107B6800E06F0D0EE16FA60EE26F3D0EE36FE0C50C
:107B7800C3F5E1C5C4F5E2C5C5F5E3C5C6F5DCC581
:107B8800BFF5DDC5C0F5DEC5C1F5DFC5C2F5E0EC62
:107B98002AF0BFC5A6F5C0C5A7F5C1C5A8F5C2C5D9
:107BA800A9F5CD0E0501AA6FCC0EAB6FCC0EAC6F4C
:107BB8003D0EAD6FDEEC34F0A6C5F0F5A7C5F1F5C6
:107BC800A8C5F2F5A9C5F3F56AEF3EF0040EF4195D
:107BD800D8A4F1EF3DF0F3EF3DF06AEF3EF0040E6C
:107BE8009EEC40F06BC5EEF56CC5EFF5000E050197
:107BF800AA6FF00EAB6F7F0EAC6F450EAD6FEEC582
:107C080098F5EFC599F5000E99BFFF0E9A6F9B6F17
:107C1800010E78EC42F098C5A6F599C5A7F59AC566
:107C2800A8F59BC5A9F5DEEC34F0A6C5BFF5A7C538
:107C3800C0F5A8C5C1F5A9C5C2F56F0E0501C36F8A
:107C4800120EC46F830EC56F400EC66FE0EC2AF0AB
:107C5800BFC5E4F5C0C5E5F5C1C5E6F5C2C5E7F59C
:107C6800420E0501E86F110EE96F8A0EEA6F3D0EAC
:107C7800EB6FE8C5C3F5E9C5C4F5EAC5C5F5EBC5BD
:107C8800C6F5E4C5BFF5E5C5C0F5E6C5C1F5E7C568
:107C9800C2F5E0EC2AF0BFC5A6F5C0C5A7F5C1C579
:107CA800A8F5C2C5A9F5CD0E0501AA6FCC0EAB6F1C
:107CB8004C0EAC6F3E0EAD6FDEEC34F0A6C5F0F5A1
:107CC800A7C5F1F5A8C5F2F5A9C5F3F5F0C5BFF547
:107CD800F1C5C0F5F2C5C1F5F3C5C2F5000E050141
:107CE800C36F000EC46F7A0EC56F440EC66FE0EC0A
:107CF8002AF0BFC5D8F5C0C5D9F5C1C5DAF5C2C5E2
:107D0800DBF51200000E0501AA6F000EAB6F7A0EAC
:107D1800AC6F440EAD6F1C0E9EEC40F005016BC5B8
:107D280098F56CC599F59A6B9B6B000E78EC42F050
:107D380098C5A6F599C5A7F59AC5A8F59BC5A9F54F
:107D4800DEEC34F0A6C5BFF5A7C5C0F5A8C5C1F5DA
:107D5800A9C5C2F5000E0501C36F000EC46F110E50
:107D6800C56F430EC66FE0EC2AF0BFC56CF7C0C5FF
:107D78006DF7C1C56EF7C2C56FF7000E0501AA6F92
:107D8800000EAB6F7A0EAC6F440EAD6F110E9EEC09
:107D980040F005016BC598F56CC599F59A6B9B6B1E
:107DA800000E78EC42F098C5A6F599C5A7F59AC5D6
:107DB800A8F59BC5A9F5DEEC34F0A6C5BFF5A7C5A7
:107DC800C0F5A8C5C1F5A9C5C2F5000E0501C36F68
:107DD800000EC46F920EC56F420EC66FE0EC2AF01B
:107DE800BFC560F7C0C561F7C1C562F7C2C563F713
:107DF800E20E0601676F3B0E686F2C0E9EEC40F09A
:107E08006BC569F66CC56AF677EC63F06D0E060112
:107E1800676F3B0E686F160E65EC3DF0D8C569F6C6
:107E2800D9C56AF6DAC56BF6DBC56CF66CC76DF6B4
:107E38006DC76EF66EC76FF66FC770F668C771F6D6
:107E480069C772F66AC773F66BC774F6D0C675F65B
:107E5800D1C676F677EC63F0910E0601676F3B0E9C
:107E6800686F040E65EC3DF0D8C569F6D9C56AF6A9
:107E7800DAC56BF6DBC56CF660C76DF661C76EF6E2
:107E880062C76FF663C770F65CC771F65DC772F6B6
:107E98005EC773F65FC774F6CEC675F6CFC676F6BC
:107EA80077EC63F0B50E0601676F3B0E686FA4C6EA
:107EB80069F6A5C66AF6A6C66BF6A7C66CF6F2C63C
:107EC8006DF66E6BF1C66FF6706B77EC63F0EE0EC5
:107ED8000601676F3B0E686FEFC669F66A6B77EC51
:107EE80063F0D40E0601676F3B0E686F28C769F60A
:107EF80029C76AF62AC76BF62BC76CF677EC63F0CE
:107F0800020E0601676F3C0E686F1C0E9EEC40F077
:107F18006BC569F66CC56AF677EC63F0120008C7A2
:107F2800CFF509C7D0F50AC7D1F50BC7D2F5BFC53C
:107F3800CFF5C0C5D0F5C1C5D1F5C2C5D2F5810E02
:107F48000501C36FFF0EC46FCFC5C5F5D0C5C6F513
:107F5800D1C5C7F5D2C5C8F5180EB8EF3FF0D8900F
:107F6800C833C733C633C533E82EB3EF3FF0C55126
:107F7800C325CD6F000EC421CE6FCEBFCDEF3FF02D
:107F8800CE5109E1170ECD5DD8A0CDEF3FF0CFEF70
:107F98003FF0D9EF3FF0BFC5BFF5C0C5C0F5C1C5BB
:107FA800C1F5C2C5C2F59DEF40F0CEBFDEEF3FF090
:107FB800E0EF3FF051EF40F0CDC5C3F5FF0EC46FC1
:107FC800FF0EC56F7F0EC66F000EC76FC367EFEF5A
:107FD8003FF0F7EF3FF0C735C733C633C533C43377
:107FE800C32FEAEF3FF0C4C5C9F5C5C5CAF5C6C574
:107FF800CBF5C7C5CCF50501C951CF15C36FCA511B
:10800800D015C46FCB51D115C56FCC51D215C66FE1
:10801800C351C411C511C611D8A415EF40F017EF0C
:1080280040F019EF40F0CFEF3FF0CFC5C3F5D0C512
:10803800C4F5D1C5C5F5D2C5C6F5200E29EF40F067
:10804800D890C633C533C433C333E82E24EF40F089
:10805800C351C411C511C611D8B435EF40F037EF7C
:1080680040F03FEF40F0C951CF27CA51D023CB5140
:10807800D123CC51D223C91DC36FCA1DC46FCB1DD8
:10808800C56FCC1DC66FC351CF17C451D017C5518A
:10809800D117C651D21795EF40F0CFC5C3F5D0C55B
:1080A800C4F5D1C5C5F5D2C5C6F5200E61EF40F0BF
:1080B800D890C633C533C433C333E82E5CEF40F0E1
:1080C800C351C411C511C611D8A46DEF40F06FEFAC
:1080D80040F079EF40F0000ECF6F000ED06F000E29
:1080E800D16F000ED26F95EF40F0D890CF35C36FA7
:1080F800D035C46FD135C56FD235C66FC351C411E1
:10810800C511C611D8B48BEF40F08DEF40F095EF54
:1081180040F0000ECF6F000ED06F800ED16FBF0EF3
:10812800D26FCFC5BFF5D0C5C0F5D1C5C1F5D2C591
:10813800C2F5120005018B6F000E0501936F000E4A
:10814800926F8B513AEC61F0D89005019235D96E57
:108158009335DA6E730ED926050EDA2263C5DEF47E
:1081680064C5DDF4924B932B93BFC4EF40F0935159
:1081780009E10C0E925DD8A0C4EF40F0C6EF40F0C4
:10818800A5EF40F0000E916F000E906F000E956FF6
:10819800000E946F000E976F000E966F3BEF41F044
:1081A800D8909635D96E9735DA6E730ED926050EA6
:1081B800DA2296C56FF597C570F5D8906F37703786
:1081C800020E6F27000E7023730E6F25E16E050EE9
:1081D8007021E26EDE50E65CDE50E658D8B0F7EF6C
:1081E80040F0F9EF40F039EF41F0D8909635D96E6C
:1081F8009735DA6E730ED926050EDA22DEC48CF5B1
:10820800DDC48DF596C56DF597C56EF5D8906D37BB
:108218006E37020E6D27000E6E23730E6D25D96E14
:10822800050E6E21DA6ED8909635E16E9735E26EBE
:10823800730EE126050EE222DEC4E6F4DDC4E5F4A1
:1082480096C56DF597C56EF5D8906D376E37020EE9
:108258006D27000E6E23730E6D25D96E050E6E21E7
:10826800DA6E8CC5DEF48DC5DDF4964B972B0B0EBC
:108278006D6F000E6E6F94516D5F95516E5B6D5111
:10828800965D9751800A6F6F6E51800A6F59D8A01A
:1082980050EF41F052EF41F0D4EF40F0944B952B62
:1082A80095BF60EF41F0955109E10B0E945DD8A0A0
:1082B80060EF41F062EF41F0CEEF40F0000E956FB5
:1082C800020E946FD8909435D96E9535DA6E730E88
:1082D800D926050EDA22DE509027DD509123944BE3
:1082E800952B95BF81EF41F0955109E10A0E945DF8
:1082F800D8A081EF41F083EF41F066EF41F090C5DF
:1083080063F591C564F5000E666F080E656FD0ECD5
:1083180051F063C58EF564C58FF58EC56BF58FC5B5
:108328006CF51200050183BF9CEF41F09FEF41F00F
:10833800010EA0EF41F0000E8A6F0601C3BFA7EF40
:1083480041F0A9EF41F0AAEF41F0DE93C3BFB1EFCE
:1083580041F0AFEF41F0B8EF41F0000E0501876F33
:10836800010E866FBCEF41F0C2C686F5C3C687F51D
:10837800C0C688F5C1C689F505018A51D8B4C7EFCA
:1083880041F0C9EF41F0E0EF41F08807D8A0890734
:108398008A51D8A4D2EF41F0D4EF41F0DAEF41F09E
:1083A800000E856F2B0E846FDEEF41F0000E856F97
:1083B8002D0E846F84C58AF5000E8C6F4F0E8B6F5F
:1083C8000901AF6B1AEF42F005018B07D8A08C07A3
:1083D800600E8B25D96E090E8C21DA6E82C563F585
:1083E80083C564F5000E666F0A0E656F6EEC55F076
:1083F80063C569F564C56AF53CEC62F0050169512D
:10840800300FDF6E8607D8A087078807D8A08907AE
:1084180082C563F583C564F5000E666F0A0E656F45
:10842800D0EC51F063C582F564C583F505018CBFB6
:1084380026EF42F08C5108E18B05D8A026EF42F0D8
:1084480028EF42F053EF42F082518311D8A42FEF66
:1084580042F031EF42F0E8EF41F087BF3EEF42F0E3
:10846800875106E18605D8B03CEF42F03EEF42F076
:10847800E8EF41F089BF49EF42F0895108E18805EA
:10848800D8A049EF42F04BEF42F053EF42F006011B
:10849800DEB351EF42F053EF42F0E8EF41F005014F
:1084A8008A51D8B45AEF42F05CEF42F067EF42F0DD
:1084B8008B07D8A08C07600E8B25D96E090E8C21EE
:1084C800DA6E8AC5DFF480C577F581C578F5600E68
:1084D8008B25796F090E8C217A6F88C57BF589C544
:1084E8007CF5CAEC56F012000501A06F0501A051F9
:1084F800D8B481EF42F083EF42F0A5EF42F09BBF82
:108508008AEF42F088EF42F0A5EF42F098C59CF55B
:1085180099C59DF59AC59EF59BC59FF59C1F9D1F06
:108528009E1F9F1F9C2B000E9D239E239F239CC54F
:10853800A2F59DC5A3F59EC5A4F59FC5A5F5ADEF0C
:1085480042F098C5A2F599C5A3F59AC5A4F59BC5AF
:10855800A5F5985199119A119B11D8A4B6EF42F03C
:10856800B8EF42F0C2EF42F0000E986F000E996F1C
:10857800000E9A6F000E9B6F53EF43F0960EA16F9B
:10858800CCEF42F0A12BD890A533A433A333A23368
:10859800000EA2159C6F000EA3159D6F000EA4156A
:1085A8009E6FFE0EA5159F6F9C519D119E119F11E8
:1085B800D8A4E1EF42F0E3EF42F0C6EF42F0F1EF6A
:1085C80042F0A12B010EA227000EA323A423A5236A
:1085D800D890A533A433A333A233000EA2159C6F01
:1085E800000EA3159D6F000EA4159E6FFF0EA51516
:1085F8009F6F9C519D119E119F11D8A406EF43F0C7
:1086080008EF43F0E5EF42F010EF43F0A107D890F0
:10861800A237A337A437A537A4BF15EF43F017EF48
:1086280043F01FEF43F0020EA1611DEF43F01FEF6F
:1086380043F00AEF43F0A1B124EF43F026EF43F0F3
:1086480027EF43F0A49FD890A133A1C59CF59D6B5B
:108658009E6B9F6B9CC59FF59E6B9D6B9C6B9C5105
:10866800A2139D51A3139E51A4139F51A513A0516A
:10867800D8B441EF43F043EF43F04BEF43F09BBFD7
:108688004AEF43F048EF43F04BEF43F0A58FA2C504
:1086980098F5A3C599F5A4C59AF5A5C59BF512004B
:1086A8000601E105D8B45BEF43F05DEF43F05FEFFF
:1086B80043F02CEF44F04E0E0501636F080E646F13
:1086C800B00E656F090E666FE4C667F5686B91ECCE
:1086D8005DF00601E451FE0FA06F4E0E0501636FB9
:1086E800080E646FA0C665F516EC5AF063C59AF7D4
:1086F80064C59BF74F0E0601A025D96EDA6A080EED
:10870800DA22DF509A6F4E0EA025D96EDA6A080E6B
:10871800DA22DF509B6F9B519D6F9C6B9A519C2571
:108728000701986F0601000E9D210701996F985166
:108738009A1909E199519B19D8B4A5EF43F0A7EF0D
:1087480043F0ABEF43F08CEC5FF02CEF44F054C8EF
:108758009EF60601E451F70F9F6F9E519F19D8B4FA
:10876800B8EF43F0BAEF43F0BCEF43F0A7EF43F0A4
:10877800100E08014F19D8A4C4EF43F0C6EF43F018
:10878800D3EF43F00E0E5119D8A4CDEF43F0CFEF3D
:1087980043F0D3EF43F056C8F2F658C8F1F6AA0EE4
:1087A8004E19D8A4DAEF43F0DCEF43F0A7EF43F01B
:1087B8005A0E4F19D8A4E3EF43F0E5EF43F0A7EFC3
:1087C80043F01DEF44F05005D8A4EDEF43F0EFEF70
:1087D80043F0F6EF43F04E0E0601796F080E7A6FFC
:1087E80000EC4AF0020E08015019D8A4FEEF43F03D
:1087F80000EF44F0A7EF43F04E0E0601796F080E24
:108808007A6F2DEC44F0A7EF43F0020E5019D8A46C
:1088180010EF44F012EF44F0A7EF43F04E0E0601BC
:10882800796F080E7A6FD1EC4EF0A7EF43F0A7EFFF
:1088380043F05151010AD8B4E7EF43F0160AD8B40F
:1088480009EF44F0400AD8B41BEF44F0A7EF43F017
:108858001200000E06018E6F000E8F6F000E906FD3
:10886800000E916F21EE7DF2100EDE6AE806FDE241
:108878007D0E0501636F060E646F79C665F57AC6CD
:1088880066F5000E686F110E676F91EC5DF00601DA
:10889800986B98517B6F7C6B070E7B27000E7C23AF
:1088A8007D0E7B25D96E060E7C21DA6E8E0E9825FC
:1088B800E16EE26A060EE222DFC4E7F4150E060155
:1088C8007B6FC60EE82EFED77B2FFCD70000060173
:1088D800982B030E986573EF44F075EF44F04DEF55
:1088E80044F08E0E0501BF6F060EC06F040EC16FF7
:1088F800540E08EC63F0D00E06017B6FC90EE82E0B
:10890800FED77B2FFCD700D0550E06017D6F040ED5
:108918000501786F540E91EC61F078C592F679C52F
:1089280093F6840E0501636F060E646F92C665F5B3
:1089380093C666F5000E686F040E676F91EC5DF0E4
:10894800030E0501786F5C0E91EC61F078C594F622
:1089580079C595F6060120EE02F09451D926955175
:10896800DA22DF50886F7D0E0501636F060E646F93
:108978000F0E656F16EC5AF063C596F664C597F648
:1089880096C68DF6060197518C6F996BFD0E676F31
:108998003B0E686F7D0E9925D96EDA6A060EDA22CB
:1089A800DF507B6F7B51696F6A6B77EC63F0100E59
:1089B80006019961E2EF44F0E4EF44F0EAEF44F095
:1089C800D20E676F3B0E686F77EC63F00601992B48
:1089D800100E9965F2EF44F0F4EF44F0CAEF44F05A
:1089E8007D0E0501636F060E646F000E666F000E44
:1089F800656F000E686F110E676F1DEC61F0120055
:108A08004750020D000EF324D96E080EF420DA6EDA
:108A1800DE6ADD6A0201B2A714EF45F016EF45F0F1
:108A280038EF45F04750020D000EF324D96E080EBA
:108A3800F420DA6E0801DF82070182518311841164
:108A4800D8B429EF45F02BEF45F038EF45F002D8C0
:108A580038EF45F00500FA6E8251FD6E8351FE6EC7
:108A68008451FF6EFA5012000201B2A33EEF45F0A6
:108A780040EF45F062EF45F04750020D000EF32439
:108A8800D96E080EF420DA6E0801DF8407017F51E1
:108A980080118111D8B453EF45F055EF45F062EFDE
:108AA80045F002D862EF45F00500FA6E7F51FD6E81
:108AB8008051FE6E8151FF6EFA5012000201B2AD74
:108AC80068EF45F06AEF45F08CEF45F04750020D2E
:108AD800000EF324D96E080EF420DA6E0801DF8048
:108AE80007017C517D117E11D8B47DEF45F07FEFF1
:108AF80045F08CEF45F002D88CEF45F00500FA6E92
:108B08007C51FD6E7D51FE6E7E51FF6EFA50120053
:108B1800A1C224F547281F0B256E46502518D8A456
:108B280098EF45F09AEF45F09CEF45F0A7EF45F038
:108B3800480E4724D96EDA6A0A0EDA2224C5DFF411
:108B480025C547F5452A0701705171117211D8B42E
:108B5800B0EF45F0B2EF45F0BFEF45F002D8BFEFF8
:108B680045F00500FA6E7051FD6E7151FE6E72513E
:108B7800FF6EFA5012001200F80E0501696F030E1D
:108B88006A6F000E6B6F20EC5FF00501786FF90ECD
:108B9800696F030E6A6F000E6B6F20EC5FF00501C2
:108BA800796FFA0E696F030E6A6F000E6B6F20EC17
:108BB8005FF005017A6FFB0E696F030E6A6F000E96
:108BC8006B6F20EC5FF005017B6FFC0E696F030E85
:108BD8006A6F000E6B6F20EC5FF005017C6FFD0E75
:108BE800696F030E6A6F000E6B6F20EC5FF0050172
:108BF8007D6F060E7819D8A404EF46F006EF46F00C
:108C080032EF46F0050E7919D8A40DEF46F00FEFB4
:108C180046F032EF46F0040E7A19D8A416EF46F063
:108C280018EF46F032EF46F0030E7B19D8A41FEF79
:108C380046F021EF46F032EF46F0020E7C19D8A438
:108C480028EF46F02AEF46F032EF46F07D05D8B41B
:108C580030EF46F032EF46F035EF46F0000E6EEF9B
:108C680046F0FE0E696F030E6A6F000E6B6F20EC04
:108C78005FF00501766FFF0E696F030E6A6F000ED5
:108C88006B6F20EC5FF00501776F775176C570F553
:108C9800716B70C571F5706B7011726F7151736F74
:108CA800780E636F050E646F060E656F68EC5DF0F5
:108CB80063C574F564C575F505017451721907E14A
:108CC80075517319D8A46BEF46F06DEF46F032EF8B
:108CD80046F0010E12000601C3BF75EF46F077EFAC
:108CE80046F078EF46F0DE93C3BF7FEF46F07DEFA6
:108CF80046F086EF46F0000E0501886F010E876F7B
:108D08008AEF46F0C2C687F5C3C688F5C0C689F59E
:108D1800C1C68AF5000E05018D6F4F0E8C6F0901D3
:108D2800AF6BCAEF46F005018C07D8A08D078251BA
:108D38000F0B8B6F0A0E8B61A4EF46F0A6EF46F07F
:108D4800AAEF46F0300E8B27ACEF46F0370E8B2794
:108D5800600E8C25D96E090E8D21DA6E8BC5DFF475
:108D68008707D8A088078907D8A08A0782C584F50D
:108D780083C585F5040E866FD89085338433862F96
:108D8800C0EF46F084C582F585C583F505018DBF22
:108D9800D7EF46F08D5109E1020E8C5DD8A0D7EFD0
:108DA80046F0D9EF46F004EF47F082518311D8A47A
:108DB800E0EF46F0E2EF46F097EF46F088BFEFEFBE
:108DC80046F0885106E18705D8B0EDEF46F0EFEFA1
:108DD80046F097EF46F08ABFFAEF46F08A5108E16D
:108DE8008905D8A0FAEF46F0FCEF46F004EF47F00B
:108DF8000601DEB302EF47F004EF47F097EF46F0C5
:108E080080C577F581C578F5600E05018C25796FE9
:108E1800090E8D217A6F89C57BF58AC57CF5CAEC68
:108E280056F01200000E0501656F570E646FF60EBE
:108E3800666F070E676F000E696F020E686F8EEC23
:108E48005CF00009D8B42BEF47F02DEF47F016EF90
:108E580047F0000E0501656F570E646F5C0E666F74
:108E6800050E676F000E696F010E686FBAEC5CF053
:108E78000009D8B442EF47F044EF47F02DEF47F030
:108E8800680E05016B6FE40EE82EFED76B2FFCD73A
:108E980000005CC54CF5680E05016B6FE40EE82E0A
:108EA800FED76B2FFCD70000C00E4C18D8A45FEF7C
:108EB80047F061EF47F063EF47F0A3EF47F0000E8C
:108EC8000501656F570E646FD80E666F090E676FE0
:108ED800000E696F130E686F8EEC5CF00009D8B451
:108EE80078EF47F07AEF47F063EF47F0680E050137
:108EF8006B6FE40EE82EFED76B2FFCD70000000E38
:108F08000501656F570E646FF60E666F070E676F83
:108F1800000E696F030E686FBAEC5CF00009D8B4F4
:108F280098EF47F09AEF47F083EF47F02A0E0501D4
:108F38006B6F8D0EE82EFED76B2FFCD700D0D00EAE
:108F480005016B6FC90EE82EFED76B2FFCD700D03A
:108F58001200050120EE03F07851D9267951DA2262
:108F6800DF50636F20EE02F07851D9267951DA226A
:108F7800DF50D4EC59F063C543F564C544F5570E8A
:108F8800435C030E4458D8A0CCEF47F0CEEF47F02F
:108F9800D2EF47F0030E446E570E436EF40E435C57
:108FA800010E4458D8B0DBEF47F0DDEF47F0E1EFB2
:108FB80047F0010E446EF40E436E43C5DCF644C51B
:108FC800DDF678C5D9F479C5DAF4DF500601F26F19
:108FD800630EF265F2EF47F0F4EF47F0F6EF47F073
:108FE800640EF26F050120EE07F07851D926795109
:108FF800DA22DF50636F20EE06F07851D9267951D6
:10900800DA22DF50D4EC59F063C541F564C542F566
:109018002C0E415C010E4258D8A015EF48F017EF0E
:1090280048F01BEF48F0010E426E2C0E416E425084
:1090380007E1640E415CD8B024EF48F026EF48F011
:109048002AEF48F0000E426E640E416E41C5DAF612
:1090580042C5DBF6050120EE04F07851D926795196
:10906800DA22DF500601F16F630EF1653EEF48F03A
:1090780040EF48F042EF48F0640EF16F1200000E26
:10908800060100150501E86F000E0601011505012E
:10909800E96F800E060102150501EA6F7F0E0601D1
:1090A80003150501EB6FE851E911EA11EB11D8A49A
:1090B80060EF48F062EF48F06BEF48F0000E0601F1
:1090C800006F000E016F000E026F000E036F000E9E
:1090D800060104150501E86F000E060105150501D6
:1090E800E96F800E060106150501EA6F7F0E06017D
:1090F80007150501EB6FE851E911EA11EB11D8A446
:1091080088EF48F08AEF48F093EF48F0000E060128
:10911800046F000E056F000E066F000E076F060144
:1091280003AF99EF48F09BEF48F0A4EF48F0006DCB
:10913800011FD8B0012B021FD8B0022B800E035795
:1091480007AFA9EF48F0ABEF48F0B4EF48F0046D73
:10915800051FD8B0052B061FD8B0062B800E075761
:10916800000E001B000E011B000E021B800E031BCD
:10917800000E041B000E051B000E061B800E071BAD
:109188000451005D0551015906510259075103590F
:10919800D8B0D1EF48F0D3EF48F0D6EF48F0D890E8
:1091A800D7EF48F0D880120008C663F509C664F501
:1091B8000AC665F50BC666F5D3EC4DF0050163519B
:1091C8006411D8A4EAEF48F0ECEF48F0F6EF48F065
:1091D8000CC608F60DC609F60EC60AF60FC60BF63B
:1091E8006BEF49F00CC663F50DC664F50EC665F560
:1091F8000FC666F5D3EC4DF0050163516411D8A490
:1092080008EF49F00AEF49F014EF49F008C608F6EC
:1092180009C609F60AC60AF60BC60BF66BEF49F043
:1092280008C663F509C664F50AC665F50BC666F592
:10923800BAEC5DF063C5ECF564C5EDF50CC663F5F5
:109248000DC664F50EC665F50FC666F5BAEC5DF099
:1092580005016351EC1909E16451ED19D8B437EFF0
:1092680049F039EF49F04FEF49F008C663F509C6F0
:1092780064F50AC665F50BC666F5BAEC5DF005013E
:1092880063516411D8A44BEF49F04DEF49F00AEF50
:1092980049F0ECEF48F008C600F609C601F60AC620
:1092A80002F60BC603F60CC604F60DC605F60EC686
:1092B80006F60FC607F643EC48F00601D8A067EF9C
:1092C80049F069EF49F00AEF49F0ECEF48F0120075
:1092D80010C663F511C664F512C665F513C666F5C2
:1092E800D3EC4DF0050163516411D8A47EEF49F029
:1092F80080EF49F08AEF49F014C610F615C611F64A
:1093080016C612F617C613F6FFEF49F014C663F532
:1093180015C664F516C665F517C666F5D3EC4DF0A7
:10932800050163516411D8A49CEF49F09EEF49F000
:10933800A8EF49F010C610F611C611F612C612F6BB
:1093480013C613F6FFEF49F010C663F511C664F5AE
:1093580012C665F513C666F5BAEC5DF063C5EEF5A1
:1093680064C5EFF514C663F515C664F516C665F54C
:1093780017C666F5BAEC5DF005016351EE1909E10F
:109388006451EF19D8B4CBEF49F0CDEF49F0E3EFD2
:1093980049F010C663F511C664F512C665F513C623
:1093A80066F5BAEC5DF0050163516411D8A4DFEFEE
:1093B80049F0E1EF49F080EF49F09EEF49F010C61F
:1093C80000F611C601F612C602F613C603F614C655
:1093D80004F615C605F616C606F617C607F643ECD4
:1093E80048F00601D8A0FBEF49F0FDEF49F080EF07
:1093F80049F09EEF49F0120021EE7CF2100EDE6A71
:10940800E806FDE27C0E0501636F060E646F79C6FF
:1094180065F57AC666F5000E686F110E676F91ECF8
:109428005DF0550E06017C6F040E0501786F540E31
:1094380091EC61F078C58DF679C58EF6830E05013D
:10944800636F060E646F8DC665F58EC666F5000EF1
:10945800686F040E676F91EC5DF0030E0501786F7D
:109468005C0E91EC61F078C58FF679C590F606012F
:1094780020EE02F08F51D9269051DA22DF50876F03
:109488007C0E0501636F060E646F0F0E656F16EC98
:109498005AF063C591F664C592F691C68CF606013A
:1094A80092518B6F936BFD0E676F3B0E686F7C0E4E
:1094B8009325D96EDA6A060EDA22DF507B6F7B516C
:1094C800696F6A6B77EC63F0100E060193616FEFBA
:1094D8004AF071EF4AF077EF4AF0D20E676F3B0E11
:1094E800686F77EC63F00601932B100E93657FEF9E
:1094F8004AF081EF4AF057EF4AF07C0E0501636F9E
:10950800060E646F000E666F000E656F000E686FC2
:10951800110E676F1DEC61F0120063C5D9F464C5C4
:10952800DAF465C5DFF4050120EE01F06351D926B0
:109538006451DA2266C5DEF467C5DEF468C5DEF478
:1095480069C5DEF420EE05F06351D9266451DA22AC
:109558006AC5DEF46BC5DEF46CC5DEF46DC5DEF4F9
:1095680020EE09F06351D9266451DA226EC5DEF483
:109578006FC5DEF470C5DEF471C5DEF420EE15F0BB
:109588006351D9266451DA2272C5DEF473C5DEF45C
:1095980074C5DEF475C5DEF420EE19F06351D926E2
:1095A8006451DA2276C5DEF477C5DEF478C5DEF4D8
:1095B80079C5DEF420EE0DF06351D9266451DA2224
:1095C800000EDE6E000EDE6E480EDE6E440EDD6EA0
:1095D80020EE11F06351D9266451DA22000EDE6EB6
:1095E800000EDE6E480EDE6EC40EDD6E20EE1DF03F
:1095F8006351D9266451DA22000EDE6E000EDE6E4B
:10960800000EDE6E000EDD6E20EE21F06351D926CD
:109618006451DA22000EDE6E000EDE6E000EDE6E83
:10962800000EDD6E20EE25F06351D9266451DA2252
:109638007AC5DEF47BC5DDF41200C80E0501746F2F
:10964800000E756F000E766F000E776F6C51726F9B
:109658006BC573F54CEF4BF005017451751176111C
:109668007711D8A43AEF4BF03CEF4BF03EEF4BF0BC
:10967800B0EF4BF07407000E755B765B775B150EE9
:109688000501706FC60EE82EFED7702FFCD70000BC
:10969800000E0501656F530E646F720E666F050E3E
:1096A800676F000E696F020E686F8EEC5CF0000940
:1096B800D8B461EF4BF063EF4BF030EF4BF0C80ECE
:1096C8000501746F000E756F000E766F000E776FD0
:1096D8008AEF4BF005017451751176117711D8A4F2
:1096E80078EF4BF07AEF4BF07CEF4BF0B0EF4BF0AC
:1096F8007407000E755B765B775B150E0501706F5E
:10970800C60EE82EFED7702FFCD70000000E05010C
:10971800656F530E646F6DC566F56EC567F5020E0D
:109728006F25686F696B000E6923BAEC5CF000095D
:10973800D8B4A1EF4BF0A3EF4BF06EEF4BF0090E4E
:109748000501716F1E0E706FE40EE82EFED7702FA4
:10975800FCD7712FFAD7000012000CEC58F0556EA8
:109768005550D8B4BAEF4BF0BCEF4BF0F9EF4BF0D3
:109778005504D8A4C2EF4BF0C4EF4BF0C9EF4BF03F
:10978800030E3DEC5DF03FEF4CF0020E5518D8A4E7
:10979800D0EF4BF0D2EF4BF0E0EF4BF0010E0601AB
:1097A800F265D9EF4BF0DBEF4BF0E0EF4BF0010E39
:1097B8003DEC5DF0FBEF4BF0030E5518D8A4E7EF36
:1097C8004BF0E9EF4BF0F7EF4BF0010E0601F165B6
:1097D800F0EF4BF0F2EF4BF0F7EF4BF0020E3DECF1
:1097E8005DF0FBEF4BF0FBEF4BF00601EF6BE6ECA7
:1097F8003AF005017DC598F57EC599F59A6B9B6B86
:10980800000E78EC42F098C5A4F699C5A5F69AC55D
:10981800A6F69BC5A7F65A04D8B415EF4CF017EF77
:109828004CF020EF4CF00601F005D8A41EEF4CF0E8
:1098380020EF4CF03BEF4CF0A4C6A6F5A5C6A7F563
:10984800A6C6A8F5A7C6A9F5000E0501AA6F000EC1
:10985800AB6F000EAC6F400EAD6FDEEC34F0A6C5FA
:10986800A4F6A7C5A5F6A8C5A6F6A9C5A7F62AEC25
:109878003CF0A7EC36F0120006011A351B3505013D
:10988800FA6FFA51D8A44BEF4CF04DEF4CF058EF6B
:109898004CF0000E0601186F000E196F000E1A6FBB
:1098A800000E1B6FCCEF4CF018C6F5F519C6F6F58F
:1098B8001AC6F7F51BC6F8F5200E68EF4CF0D890DD
:1098C800F833F733F633F533E82E63EF4CF0F55100
:1098D800F96F06011A8FFF0E1817FF0E1917FF0EE2
:1098E8001A17000E1B17960E0501FA5FFABF81EFD3
:1098F8004CF07FEF4CF099EF4CF0FA51800A970F3B
:10990800D8B089EF4CF08BEF4CF08DEF4CF04DEF69
:109918004CF00601D8901B331A331933183305015C
:10992800FA3F8DEF4CF0B3EF4CF01F0EFA659FEF46
:109938004CF0A1EF4CF0ABEF4CF04DEF4CF00601C2
:10994800D890183719371A371B370501FA07FA5113
:10995800D8A4B1EF4CF0B3EF4CF0A3EF4CF0F951B1
:10996800D8B4B9EF4CF0BBEF4CF0C4EF4CF00601A3
:109978001B1F1A1F191F186D000E19231A231B23EA
:1099880018C618F619C619F61AC61AF61BC61BF613
:1099980012000501786B76BFD6EF4CF0D4EF4CF08F
:1099A800E0EF4CF0761F751F741F736D000E742363
:1099B80075237623010E786F72BFE7EF4CF0E5EF61
:1099C8004CF0F1EF4CF0721F711F701F6F6D000E9D
:1099D800702371237223010E781B000E796F000E1D
:1099E8007A6F000E7B6F000E7C6F735174117511C6
:1099F8007611D8B402EF4DF004EF4DF03AEF4DF088
:109A0800010E776F0EEF4DF0D890733774377537B6
:109A18007637772B76AF13EF4DF015EF4DF008EF53
:109A28004DF0D89079377A377B377C3773516F5D33
:109A3800745170597551715976517259D8A027EFE0
:109A48004DF029EF4DF032EF4DF073516F5F7451C7
:109A5800705B7551715B7651725B7981D890763302
:109A6800753374337333772F15EF4DF07851D8B4BD
:109A780040EF4DF042EF4DF04AEF4DF07C1F7B1F59
:109A88007A1F796D000E7A237B237C2379C56FF5C5
:109A98007AC570F57BC571F57CC572F51200B60EF6
:109AA800F66ECA0EF76E000EF86E02EED8F110EEE2
:109AB80013F00900F5C4EEF4E550E150FAE1D00ED8
:109AC800F66EC30EF76E000EF86E02EEC5F010EEDD
:109AD80038F00900F5C4EEF4E550E150FAE1EC0E77
:109AE800F66ECA0EF76E000EF86E01EEEEF310EE8B
:109AF8000EF00900F5C4EEF4E550E150FAE1B80EB5
:109B0800F66ECC0EF76E000EF86E0900F5C4F4F68A
:109B1800900EF66ECC0EF76E000EF86E0900F5C4C6
:109B28005DF50900F5C45EF50900F5C45FF502EEC0
:109B380000F3640EEE6AE806FDE102EE00F2B00EF4
:109B4800EE6AE806FDE102EE00F1D80EEE6AE806DC
:109B5800FDE102EE00F0C50EEE6AE806FDE101EE59
:109B680000F3DF0EEE6AE806FDE101EEA4F2500E06
:109B7800EE6AE806FDE10501FF6BFE6BFD6B01EE89
:109B880030F12D0EEE6AE806FDE10401080E5D6F66
:109B9800300E5E6F000E5F6F00018CEF62F010C731
:109BA8006DF511C76EF512C76FF513C770F563C56C
:109BB8006DF564C56EF565C56FF566C570F56DC55F
:109BC80067F56EC568F56FC569F570C56AF5180E55
:109BD800F4EF4DF00501D8906A3369336833673381
:109BE800E82EEEEF4DF067516B6F6C6B6B516C119B
:109BF800D8A401EF4EF003EF4EF023EF4EF0D890CB
:109C08006D35676F6E35686F6F35696F70356A6F60
:109C18006751681169116A11D8A415EF4EF017EF52
:109C28004EF01DEF4EF0000E646F020E636F52EFA0
:109C38004EF0000E646F030E636F52EF4EF06B2907
:109C48006C11D8A42AEF4EF02CEF4EF04EEF4EF0E8
:109C58006DC567F56EC568F56FC569F570C56AF5B8
:109C6800090ED8906737683769376A37E82E35EFB5
:109C78004EF06751681169116A11D8B446EF4EF079
:109C880049EF4EF0010E4AEF4EF0000E636F646B21
:109C980052EF4EF0000E646F040E636F12003FEC3B
:109CA80066F0000E0701D66F000ED56F000ECD6F5F
:109CB800000ECE6F000ECF6F000ED06F000ED16F6A
:109CC800000ED26F000ED36F000ED46F000E080185
:109CD8009C6F000E9B6F000E936F000E946F000E2A
:109CE800956F000E966F000E976F000E986F000E1E
:109CF800996F000E9A6F000E0601CD6F000ECC6FA3
:109D0800000ECB6F000ECA6F050E51EC53F0010E1A
:109D1800C7EC63F0020EC7EC63F0090E0501676F2C
:109D28001E0E666FE40EE82EFED7662FFCD7672F4F
:109D3800FAD70000010EB3EC63F0020EB3EC63F047
:109D4800010E5F6E000E0601A46F000EA56F000ED7
:109D5800A66F000EA76FEE6B010EAFEC5FF0020E60
:109D6800AFEC5FF0000E0601D16F000ED06F000E51
:109D7800CF6F000ECE6F000E0701686F000E696F7F
:109D8800000E6A6F000E6B6F000E5C6F000E5D6F49
:109D9800000E5E6F000E5F6F1200C1EC4FF0090EEF
:109DA80006017C6F1E0E7B6FE40EE82EFED77B2F1C
:109DB800FCD77C2FFAD70000C0EC45F0E806D8A401
:109DC800E8EF4EF0EAEF4EF04CEF4FF0010E0601CF
:109DD800F36F79C6D9F47AC6DAF4550EDF6E79C610
:109DE80063F57AC664F50F0E0501656F16EC5AF037
:109DF80063C57DF664C57EF6060120EE10F0795144
:109E0800D9267A51DA227DC6DFF420EE0FF0795197
:109E1800D9267A51DA227E51DF6E7F6BFD0E676F8D
:109E28003B0E686F7F517925D96E000E7A21DA6E64
:109E3800DF507B6F7B51696F6A6B77EC63F0100EB4
:109E480006017F612AEF4FF02CEF4FF032EF4FF011
:109E5800D20E676F3B0E686F77EC63F006017F2BBD
:109E6800100E7F653AEF4FF03CEF4FF012EF4FF0D6
:109E780079C663F57AC664F5000E0501666F000EB3
:109E8800656F000E686F110E676F1DEC61F0FF00C3
:109E98001200C80E0501BA6F000EBB6F000EBC6F32
:109EA800000EBD6F6C51726F6BC573F5BE6B73EFAF
:109EB8004FF0BE516D25D96E000E6E21DA6EBE517F
:109EC800706F716B020E7027000E7123720E702571
:109ED800E16E050E7121E26EDFC4E7F4BE2B6F510F
:109EE800BE5DD8A07AEF4FF07CEF4FF05DEF4FF0FA
:109EF8009AEF4FF00501BA51BB11BC11BD11D8A49E
:109F080088EF4FF08AEF4FF08CEF4FF0C0EF4FF033
:109F1800BA07000EBB5BBC5BBD5B150E0501706F1D
:109F2800C60EE82EFED7702FFCD70000000E0501E4
:109F3800656F530E646F720E666F050E676F020EC3
:109F48006F25686F696B000E69238EEC5CF0000961
:109F5800D8B4B1EF4FF0B3EF4FF07EEF4FF0090EEA
:109F68000501716F1E0E706FE40EE82EFED7702F7C
:109F7800FCD7712FFAD70000120021EEEEF311EE94
:109F88006FF1050EDBC4E3F4E806FCE26F0E050191
:109F9800636F050E646F060E656F68EC5DF063C550
:109FA80077F564C578F505017851756F77C576F54D
:109FB800F80E6B6F030E6C6F000E6D6F6FC56EF54C
:109FC8008DEC5AF0F90E05016B6F030E6C6F000EE5
:109FD8006D6F70C56EF58DEC5AF0FA0E05016B6F5A
:109FE800030E6C6F000E6D6F71C56EF58DEC5AF037
:109FF800FB0E05016B6F030E6C6F000E6D6F72C563
:10A008006EF58DEC5AF0FC0E05016B6F030E6C6F4C
:10A01800000E6D6F73C56EF58DEC5AF0FD0E0501DF
:10A028006B6F030E6C6F000E6D6F74C56EF58DEC63
:10A038005AF0FE0E05016B6F030E6C6F000E6D6F0C
:10A0480075C56EF58DEC5AF0FF0E05016B6F030EAA
:10A058006C6F000E6D6F76C56EF58DEC5AF01200C0
:10A06800B00E0501636F070E646F010E656FAE0ECB
:10A07800666F470E676FE10E686F3D0E696F6F0E72
:10A088006A6F120E6B6F030E6C6F3B0E6D6F7B0E5B
:10A098006E6F140E6F6F2E0E706F3E0E716F000E86
:10A0A800726F000E736F480E746F450E756F000E59
:10A0B800766F000E776F000E786F000E796F000EC6
:10A0C8007B6F000E7A6F91EC4AF0760E0501636F94
:10A0D800080E646F020E656F9A0E666F990E676FB1
:10A0E800990E686F3E0E696F0A0E6A6FD70E6B6F16
:10A0F800A30E6C6F3B0E6D6F6F0E6E6F120E6F6F4F
:10A10800830E706F3A0E716F000E726F000E736FD0
:10A11800480E746F450E756F000E766F000E776FE0
:10A12800000E786F000E796F000E7B6F000E7A6F4D
:10A1380091EC4AF01200000E05016B6F000E6A6F79
:10A1480063C5D9F464C5DAF4DEC4F6F4DDC4F7F403
:10A15800000EF86E0800F5502A0AD8A4B6EF50F0A1
:10A16800B8EF50F0EBEF50F063C5D9F464C5DAF4FA
:10A17800DE2A000EDD2265C5D9F466C5DAF4DFC42F
:10A1880067F5020EDE26DFC468F5000EDD2267C51E
:10A19800D9F468C5DAF4DEC46AF5DDC46BF501EFFD
:10A1A80051F00A0E6A03F3C467F5F4C468F56B034B
:10A1B800F3506827695167256A6F000E68216B6F35
:10A1C80063C5D9F464C5DAF4DE2A000EDD2263C55E
:10A1D800D9F464C5DAF4DEC4F6F4DDC4F7F4000E8D
:10A1E800F86E0800F550D00F696F090E6965FFEF2A
:10A1F80050F001EF51F0D5EF50F06AC563F56BC52B
:10A2080064F51200050169516A11D8B40EEF51F0D6
:10A2180010EF51F019EF51F069516A11D8A417EFF6
:10A2280051F019EF51F01EEF51F067515EEC5EF0FE
:10A238006BEF51F020EE09F06951D9266A51DA2204
:10A24800DE50DE10D8B42BEF51F02DEF51F048EF6F
:10A2580051F020EE09F06951D9266A51DA2210EE40
:10A2680002F06951E1266A51E222DE50E65CE650CE
:10A27800800A6F6FDE50800A6F59D8B046EF51F0F0
:10A2880048EF51F06BEF51F020EE02F06951D926FA
:10A298006A51DA22DEC46BF5DDC46CF569C5D9F400
:10A2A8006AC5DAF4DEC46DF5DDC46EF56B516D2553
:10A2B800D96E6C516E21DA6E67C5DFF420EE02F0BC
:10A2C8006951D9266A51DA22DE2A000EDD221200EF
:10A2D8001CC767F51DC768F51EC769F51FC76AF56E
:10A2E8008BEC59F067C579F568C57AF569C57BF5D2
:10A2F8006AC57CF5B9EF51F07C517B117A1109E1FF
:10A30800650E795DD8A08BEF51F08DEF51F0CFEF4E
:10A3180051F033EC66F0010E4D6E65EC65F063C5E7
:10A328001CF764C51DF765C51EF766C51FF7CFEF97
:10A3380051F07C517B117A1109E1650E795DD8A045
:10A34800A8EF51F0AAEF51F0CFEF51F035EC66F0DD
:10A358004D6A65EC65F063C51CF764C51DF765C5F6
:10A368001EF766C51FF7CFEF51F04D500501776F07
:10A37800786B7851000AD8B4C4EF51F0CFEF51F0A0
:10A388007751000AD8B480EF51F0010AD8B49DEF94
:10A3980051F0CFEF51F012000501686B66BFD9EF9D
:10A3A80051F0D7EF51F0DFEF51F0656D661FD8B06F
:10A3B800662B010E686F64BFE6EF51F0E4EF51F0D1
:10A3C800ECEF51F0636D641FD8B0642B010E681B6D
:10A3D800000E6A6F000E696F65516611D8B4F7EF09
:10A3E80051F0F9EF51F021EF52F0010E676F01EFD4
:10A3F80052F0D89065376637672B66AF06EF52F094
:10A4080008EF52F0FDEF51F0D89069376A3765517F
:10A41800635D66516459D8A014EF52F016EF52F0FC
:10A428001BEF52F06551635F6651645B6981D89098
:10A4380066336533672F08EF52F06851D8B427EFB9
:10A4480052F029EF52F02DEF52F0696D6A1FD8B023
:10A458006A2B69C563F56AC564F51200BE6AB00E59
:10A46800BF6EC06AC16AC26A400EC36E0401026B45
:10A47800300E0A6F126B1A6B226B2A6BDF0EC66ED8
:10A488008F0EC76E6F0EC86ED00EC96E0F0ECA6ED5
:10A498009E0ECB6EDF0E006F0F0E086F4F0E106F03
:10A4A800D10E186F070E206F9E0E286F016B800E5D
:10A4B800096F116B196B216B296B03690B691369A0
:10A4C8001B69070E236F2B6904690C6914691C69E1
:10A4D8000F0E246F2C690201896B886B876B866B62
:10A4E800150E726F1C0E196F1A0E1B6F200E156F4A
:10A4F8000C0E716F370E0D6F0D0E706F380E0E6FDC
:10A508000401056B066B076B0D6B0E6B0F6B156B00
:10A51800166B176B256B266B276B1200D8C42CF5AE
:10A5280008EC65F00009D8B49CEF52F09EEF52F0A9
:10A53800A6EF52F0030E3C6E0201979BFEEC60F012
:10A54800EEEF52F013EC65F00009D8B4AEEF52F01C
:10A55800B0EF52F0C2EF52F0E7EC64F00009D8B463
:10A56800B8EF52F0BAEF52F0C2EF52F0010E3C6E63
:10A578000201979914EC64F0EEEF52F0F2EC64F0FB
:10A588000009D8B4CAEF52F0CCEF52F0DCEF52F029
:10A59800E7EC64F00009D8B4D4EF52F0D6EF52F0EB
:10A5A800DCEF52F0020E3C6E02019799BEEF52F0BA
:10A5B800FDEC64F00009D8B4E4EF52F0E6EF52F095
:10A5C800ECEF52F0030E3C6E0201979DEEEF52F055
:10A5D800020197993C502CC5D8F4110050C767F573
:10A5E80051C768F552C769F553C76AF58BEC59F03E
:10A5F80067C577F568C578F569C579F56AC57AF5E7
:10A6080041EF53F0010E8BEC63F0020E8BEC63F01C
:10A6180065EC65F063C550F764C551F765C552F739
:10A6280066C553F7010E586E50EF53F005017A5185
:10A638007911781109E1C90E775DD8A026EF53F09A
:10A6480028EF53F050EF53F0010E9FEC63F0020E29
:10A658009FEC63F065EC65F063C550F764C551F78E
:10A6680065C552F766C553F7020E586E50EF53F0A2
:10A67800030E0601EE6F50EF53F05850000AD8B49D
:10A6880006EF53F0010AD8B41AEF53F0030AD8B40E
:10A698003CEF53F050EF53F012000501656F0501D0
:10A6A8006505D8A45AEF53F05CEF53F066EF53F00A
:10A6B800000E646F000E636FDDEC65F03DEC66F034
:10A6C800ABEF53F0020E6519D8A46DEF53F06FEF9E
:10A6D80053F079EF53F0000E646F000E636FD7EC00
:10A6E80065F03BEC66F0ABEF53F0020E6519D8A4A9
:10A6F80080EF53F082EF53F084EF53F0ABEF53F059
:10A70800020E6519D8A48BEF53F08DEF53F08FEF3D
:10A7180053F0ABEF53F0050E6519D8A496EF53F03C
:10A7280098EF53F0ABEF53F0000E646F000E636FB9
:10A73800DDEC65F03DEC66F0000E0501646F000E7F
:10A74800636FD7EC65F03BEC66F0ABEF53F01200AB
:10A75800050120EE40F06351D9266451DA22DF501A
:10A76800656F0F0E651720EE40F06351D9266451CE
:10A77800DA22DF50666F66390F0B0A0DF350652534
:10A78800696F20EE41F06351D9266451DA22DF5017
:10A79800656F0F0E651720EE41F06351D92664519D
:10A7A800DA22DF50666F66390F0B0A0DF350652504
:10A7B8006A6F6951640DF3C465F5F4C466F56A51AE
:10A7C80065250701F46F0501000E66210701F56F85
:10A7D800E80E0501656F030E666F65510701F40306
:10A7E800F3C467F5F4C468F5F503F3500501682769
:10A7F80066510701F4030501F350682767C5F4F7AC
:06A8080068C5F5F712001F
:10A81000FAC401F5FBC402F5B39E77A012EF54F021
:10A8200014EF54F036EF54F076A019EF54F01BEF0C
:10A8300054F036EF54F076900601BA51BB11BC11BA
:10A84000D8B425EF54F027EF54F05DEF54F002D860
:10A8500034EF54F00500FA6EBA51FD6EBB51FE6E36
:10A86000BC51FF6EFA5012005DEF54F077A23BEF3F
:10A8700054F03DEF54F05DEF54F076A242EF54F007
:10A8800044EF54F05DEF54F076920601B751B811E1
:10A89000B911D8B44EEF54F050EF54F05DEF54F0CE
:10A8A00002D85DEF54F00500FA6EB751FD6EB85155
:10A8B000FE6EB951FF6EFA50120002C5FBF401C5DD
:10A8C000FAF41100FAC405F5FBC406F5B59E86A09E
:10A8D0006CEF54F06EEF54F090EF54F085A073EFEE
:10A8E00054F075EF54F090EF54F085900601B1519B
:10A8F000B211B311D8B47FEF54F081EF54F0B7EF39
:10A9000054F002D88EEF54F00500FA6EB151FD6E8E
:10A91000B251FE6EB351FF6EFA501200B7EF54F011
:10A9200086A295EF54F097EF54F0B7EF54F085A25C
:10A930009CEF54F09EEF54F0B7EF54F0859206016F
:10A94000AE51AF11B011D8B4A8EF54F0AAEF54F043
:10A95000B7EF54F002D8B7EF54F00500FA6EAE51DD
:10A96000FD6EAF51FE6EB051FF6EFA50120006C57B
:10A97000FBF405C5FAF4110048C767F549C768F547
:10A980004AC769F54BC76AF58BEC59F067C577F58F
:10A9900068C578F569C579F56AC57AF505EF55F0AA
:10A9A000020E8BEC63F065EC65F063C548F764C597
:10A9B00049F765C54AF766C54BF7010E566E14EFA9
:10A9C00055F005017A517911781109E1C90E775DC9
:10A9D000D8A0EDEF54F0EFEF54F014EF55F0020E65
:10A9E0009FEC63F065EC65F063C548F764C549F713
:10A9F00065C54AF766C54BF7020E566E14EF55F063
:10AA0000020E0601EE6F14EF55F05650000AD8B44E
:10AA1000D0EF54F0010AD8B4E1EF54F0030AD8B4EF
:10AA200000EF55F014EF55F012004CC767F54DC715
:10AA300068F54EC769F54FC76AF58BEC59F067C5E5
:10AA400077F568C578F569C579F56AC57AF55EEF79
:10AA500055F0010E8BEC63F065EC65F063C54CF7C7
:10AA600064C54DF765C54EF766C54FF7010E576EC5
:10AA70006DEF55F005017A517911781109E1C90E90
:10AA8000775DD8A046EF55F048EF55F06DEF55F0E3
:10AA9000010E9FEC63F065EC65F063C54CF764C58F
:10AAA0004DF765C54EF766C54FF7020E576E6DEF51
:10AAB00055F0010E0601EE6F6DEF55F05750000A8C
:10AAC000D8B429EF55F0010AD8B43AEF55F0030A8B
:10AAD000D8B459EF55F06DEF55F012000501686BD1
:10AAE00064BF77EF55F075EF55F07DEF55F0636D6E
:10AAF000641FD8B0642B010E686F66BF84EF55F0F9
:10AB000082EF55F088EF55F0656D661FD8B0662B63
:10AB100065516611D8B48FEF55F091EF55F0B5EF50
:10AB200055F0010E676F99EF55F0D890653766378D
:10AB3000672B66AF9EEF55F0A0EF55F095EF55F0FF
:10AB40006551635D66516459D8A0A9EF55F0ABEF2C
:10AB500055F0AFEF55F06551635F6651645BD89077
:10AB600066336533672FA0EF55F06851D8B4BBEF5B
:10AB700055F0BDEF55F0C1EF55F0636D641FD8B0CF
:10AB8000642B63C563F564C564F51200000E07010C
:10AB9000686F000E696F000E6A6F000E6B6F060122
:10ABA000F26B000EA46F000EA56F000EA66F000ED4
:10ABB000A76F010EAFEC5FF0000E0601D16F000E23
:10ABC000D06F000E0701D66F000ED56F000ECD6F4F
:10ABD000000ECE6F000ECF6F000ED06F000ED16F43
:10ABE000000ED26F000ED36F000ED46F000E060160
:10ABF000CD6F000ECC6F010E51EC53F0090E050124
:10AC0000676F1E0E666FE40EE82EFED7662FFCD728
:10AC1000672FFAD70000010EC7EC63F0290E05017B
:10AC2000676F960E666F7F0EE82EFED7662FFCD7F5
:10AC3000672FFAD7010EB3EC63F01200000E050186
:10AC400063156B6F000E64156C6F800E65156D6F6C
:10AC50007F0E66156E6F6B516C116D116E11D8A45D
:10AC600034EF56F036EF56F03EEF56F0000E636FBD
:10AC7000000E646F000E656F000E666F000E6715A4
:10AC80006B6F000E68156C6F800E69156D6F7F0E0F
:10AC90006A156E6F6B516C116D116E11D8A453EF64
:10ACA00056F055EF56F05DEF56F0000E676F000E50
:10ACB000686F000E696F000E6A6F675163190FE1CC
:10ACC000685164190CE16951651909E16A51661905
:10ACD000D8B46DEF56F06FEF56F072EF56F0D89093
:10ACE00073EF56F0D8801200136A1350080DC60E89
:10ACF000F324D96E080EF420DA6EDE50DE10D8B4DC
:10AD000084EF56F086EF56F0C0EF56F01350080D62
:10AD1000C60EF324D96E080EF420DA6EDE06000E9D
:10AD2000DD5A1350080DC60EF324D96E080EF42018
:10AD3000DA6EDE50DE10D8A4A0EF56F0A2EF56F087
:10AD4000C0EF56F01350080DC50EF324D96E080E4F
:10AD5000F420DA6E010EDF6E1350080DC80EF324D6
:10AD6000D96E080EF420DA6E1350080DC60EF324C7
:10AD7000E16E080EF420E26EDEC4E6F4DDC4E5F414
:10AD8000132A060E1364C7EF56F0C9EF56F075EF9D
:10AD900056F012000601DEA1D0EF56F0D2EF56F0C9
:10ADA000DCEF56F079C570F57AC571F577C572F5A7
:10ADB00078C573F544EC5FF005017CBFE4EF56F015
:10ADC000E2EF56F0E8EF56F0000E7C6F000E7B6F5E
:10ADD000000E7F6F000E7E6FFBEF56F0000E686F67
:10ADE000200E676F77C569F578C56AF506EC51F0F6
:10ADF00005017E4B7F2B7B517E5D7F51800A7D6FED
:10AE00007C51800A7D59D8A008EF57F00AEF57F01F
:10AE1000EEEF56F00601DEB110EF57F012EF57F0EB
:10AE20001CEF57F079C570F57AC571F577C572F5E5
:10AE300078C573F544EC5FF01200A290080E07018C
:10AE4000736F8A0E746F000E756FA292960E796FF3
:10AE5000C30E7A6F000E7B6F0201A26BA46BA56B11
:10AE6000A66BA76BA86BA96BAA6BB00EAB6F800E1D
:10AE7000AC6F080EAD6F820EAE6F060EAF6F2E0E6A
:10AE8000B06FB16B800EB26FB36BB60E0501636F1E
:10AE9000CC0E646F000E656F5EEC64F0B40E0501BD
:10AEA000636FCC0E646F000E656F4CEC64F0B20EF5
:10AEB0000501636FCC0E646F000E656F3AEC64F0B1
:10AEC000000E0701956F000E946F496A486A200EC4
:10AED0000501FD6F476A466A456AA2801200000EAE
:10AEE00007015C6F000E5D6F000E5E6F000E5F6FFE
:10AEF0000601F16B000ECF6F000ECE6F020EAFECAD
:10AF00005FF0000E08019C6F000E9B6F000E936FA8
:10AF1000000E946F000E956F000E966F000E976FE7
:10AF2000000E986F000E996F000E9A6F000E0601CA
:10AF3000CB6F000ECA6F020E51EC53F0090E0501E3
:10AF4000676F1E0E666FE40EE82EFED7662FFCD7E5
:10AF5000672FFAD70000020EC7EC63F0290E050137
:10AF6000676F960E666F7F0EE82EFED7662FFCD7B2
:10AF7000672FFAD7020EB3EC63F012007DC585F59A
:10AF80007EC586F57FC587F580C588F5CFEF57F07C
:10AF90008107D8A08207854B862B874B882B05011C
:10AFA00081518211D8B4D7EF57F0D9EF57F0EAEFBB
:10AFB00057F087C5D9F488C5DAF485C5E1F486C5AC
:10AFC000E2F4DE50E618D8B4E8EF57F0EAEF57F0B5
:10AFD000C8EF57F081518211D8A4F1EF57F0F3EF89
:10AFE00057F0F9EF57F0000E7E6F000E7D6F0BEFFC
:10AFF00058F085C5D9F486C5DAF4DF50836F87C56C
:10B00000D9F488C5DAF4DF50846F8451835D7D6F95
:10B010007E6BD8A07E0712000601F405D8B413EFAA
:10B0200058F015EF58F018EF58F0010E58EF58F09F
:10B03000F305D8A41EEF58F020EF58F022EF58F097
:10B0400015EF58F0020EF019D8A429EF58F02BEFA5
:10B0500058F02DEF58F015EF58F0F251D8A433EF17
:10B0600058F035EF58F03FEF58F0F151D8A43BEFCE
:10B0700058F03DEF58F03FEF58F015EF58F0D4512D
:10B08000D511D8B446EF58F048EF58F04BEF58F0D0
:10B09000020E58EF58F0D251D311D8B452EF58F0F5
:10B0A00054EF58F057EF58F0030E58EF58F0000ED9
:10B0B0001200050163516411D8A461EF58F063EFE9
:10B0C00058F065EF58F0A5EF58F063C5D9F464C5A2
:10B0D000DAF4000EDE6E000EDE6E000EDE6E000E86
:10B0E000DD6E20EE04F06351D9266451DA22000EA1
:10B0F000DE6E000EDE6E000EDE6E000EDD6E20EEE9
:10B1000008F06351D9266451DA22000EDE6E000E7B
:10B11000DE6E000EDE6E000EDD6E20EE0CF0635172
:10B12000D9266451DA22DE6ADE6ADE6ADD6A20EE42
:10B1300010F06351D9266451DA22E80EDE6E030E58
:10B14000DE6E000EDE6E000EDD6E12000501635134
:10B150006411D8A4AEEF58F0B0EF58F0B2EF58F049
:10B16000F2EF58F063C5D9F464C5DAF465C5DEF4CE
:10B1700066C5DEF467C5DEF468C5DEF420EE04F0D3
:10B180006351D9266451DA2265C5DEF466C5DEF462
:10B1900067C5DEF468C5DEF420EE08F06351D926F9
:10B1A0006451DA2265C5DEF466C5DEF467C5DEF4F7
:10B1B00068C5DEF420EE0CF06351D9266451DA2222
:10B1C000DE6ADE6ADE6ADD6A20EE10F06351D9269F
:10B1D0006451DA2269C5DEF46AC5DEF46BC5DEF4BB
:06B1E0006CC5DEF4120054
:10B1E800D8C42AF502019BA5FCEF58F0FEEF58F0F1
:10B1F80009EF59F09AA503EF59F005EF59F009EF57
:10B2080059F027EC64F03EEF59F09BAF0EEF59F080
:10B2180010EF59F02AEF59F09AAF15EF59F017EFE0
:10B2280059F02AEF59F03B50D8B41DEF59F01FEFF1
:10B2380059F026EF59F03B6A9A919A9F01EC64F015
:10B248003EEF59F014EC64F005EF59F09BA32FEF93
:10B2580059F031EF59F03EEF59F09AA336EF59F013
:10B2680038EF59F03EEF59F024EC66F002019A935A
:10B278003EEF59F02AC5D8F41100D68A000ED6BE82
:10B28800010E0501666FD69E550E0401596FAA0E70
:10B29800596F59915F6B300E5E6F080E5D6F550EDA
:10B2A800596FAA0E596F5981050166B102D0D69E11
:10B2B80001D0D68E030165876589658F66816683AF
:10B2C80069916993699569976D97AF90D680A60E35
:10B2D8000501636FCC0E646F000E656FB5EC65F009
:10B2E800B490D682A80E0501636FCC0E646F000E71
:10B2F800656FAEEC65F0B890D684AA0E0501636F51
:10B30800CC0E646F000E656FA7EC65F0120065EC5B
:10B3180065F063C573F564C574F565C575F566C5EF
:10B3280076F505016751735D68517459695175590E
:10B338006A517659D8A0A3EF59F0A5EF59F0B3EFA9
:10B3480059F06751735D676F68517459686F695137
:10B358007559696F6A5176596A6FD3EF59F0671D4D
:10B368006B6F681D6C6F691D6D6F6A1D6E6F735111
:10B378006B256F6F74516C21706F75516D21716FF2
:10B3880076516E21726F010E6F25676F000E702166
:10B39800686F000E7121696F000E72216A6F1200CA
:10B3A8000501776F050177390F0B736F77510F0B15
:10B3B800746F63390F0B756F63510F0B766F75518F
:10B3C8000A0DF3C465F5F4C466F57451640DF3C44D
:10B3D80067F5F4C468F57351696F6A6BE80E690321
:10B3E800F3C46BF5F4C46CF56A03F3506C27030ED1
:10B3F8006903F3506C2767516B256D6F68516C2199
:10B408006E6F65516D256F6F66516E21706F765145
:10B418006F25716F000E7021726F71C563F572C56B
:10B4280064F51200050169696A693DEF5AF063C560
:10B43800D9F464C5DAF4DF506919686F634B642B7B
:10B44800070E6825F66EF76A320EF722F86A000EC4
:10B45800F8220800F5506A19696F070E6825F66E1C
:10B46800F76A310EF722F86A000EF8220800F5C4D0
:10B478006AF565076529D8A444EF5AF046EF5AF0F3
:10B488001BEF5AF06A5169C566F5676B66C567F5C3
:10B49800666B6611636F6751646F12000601A16BDA
:10B4A800A151080DC50EF324D96E080EF420DA6EEA
:10B4B800DF50D8B462EF5AF064EF5AF082EF5AF0D6
:10B4C800A151080DC50EF324D96E080EF420DA6ECA
:10B4D800DF6AA151080DCA0EF324D96E080EF420B4
:10B4E800DA6E02D882EF5AF00500FA6EDE50FD6E71
:10B4F800DE50FE6EDE50FF6EFA5012000601A12BE0
:10B50800060EA1658AEF5AF08CEF5AF054EF5AF004
:10B51800120005016D5109E1040E6C5DD8A097EF8A
:10B528005AF099EF5AF09BEF5AF0C7EF5AF0AA0E6B
:10B53800646F550E636FD1EC65F0000E05016B2545
:10B54800636F000E6C21646F380E6D21656F6EC5D8
:10B5580066F534EC5CF0DCEC64F00009D8A4B7EFD5
:10B568005AF0B9EF5AF0AFEF5AF09EEC64F0E806E3
:10B57800D8A4C1EF5AF0C3EF5AF0C5EF5AF015EC52
:10B5880066F00FEC66F012000501696FE0EF5AF003
:10B5980065C563F566C564F5DDEC65F03DEC66F000
:10B5A800FEEF5AF065C563F566C564F5D7EC65F03E
:10B5B8003BEC66F0FEEF5AF005016951676F686B66
:10B5C8006851000AD8B4EBEF5AF0FEEF5AF0675111
:10B5D800010AD8B4CCEF5AF0030AD8B4D6EF5AF01F
:10B5E800010AD8B4FEEF5AF0070AD8B4FEEF5AF0B1
:10B5F800FEEF5AF01200000E05016B6F000E6C6F23
:10B60800000E6D6F000E6E6F63A10DEF5BF00FEF14
:10B618005BF017EF5BF067516B2768516C2369513A
:10B628006D236A516E23D8906737683769376A3750
:10B63800D89066336533643363336351641165119D
:10B648006611D8A42AEF5BF02CEF5BF008EF5BF0F3
:10B658006BC563F56CC564F56DC565F56EC566F5B6
:10B6680012007E6A020E7F6E806A7F0E816E0C0E5B
:10B67800826E836A846A856A866A886A896A8A6A3F
:10B688008B6A8C6AB59CB59E85908592A59EA59C73
:10B69800A00E0501636FCC0E646F000E656F84EC1D
:10B6A80065F09E0E0501636FCC0E646F000E656F2A
:10B6B8007DEC65F0A20E0501636FCC0E646F000E81
:10B6C800656F8BEC65F0800E876E12006F6A020E54
:10B6D800706E716A7F0E726E0C0E736E746A756A84
:10B6E800766A776A796A7A6A7B6A7C6A7D6AB39CC9
:10B6F800B39E76907692A39EA39C9A0E0501636FE3
:10B70800CC0E646F000E656F99EC65F0980E05011C
:10B71800636FCC0E646F000E656F92EC65F09C0E43
:10B728000501636FCC0E646F000E656FA0EC65F0C9
:10B73800800E786E12000301F39FD96BDA6BDB6B16
:10B74800DC6BDF6BE06BE56BE76BEC6BEE6BEF6B69
:10B75800D86BF06BF16BF26BF46B180EF56F100E83
:10B76800F66FF76B030EF86F1F0EFA6F020EF96F84
:10B77800000E0701916F000E926F000E936F000E7E
:10B788008E6F000E8F6F000E906F0601DF6BAF9407
:10B798009F94B090A090840E0301F36F12000701EC
:10B7A8009C4B9D2BC80E9C199D11D8A4DEEF5BF015
:10B7B800E0EF5BF0E4EF5BF0000E9D6F000E9C6F16
:10B7C800010E5427000E5523562357230601BD5159
:10B7D800BE11BF11D8A4F3EF5BF0F5EF5BF0F7EF04
:10B7E8005BF004EF5CF002D804EF5CF00500FA6E41
:10B7F800BD51FD6EBE51FE6EBF51FF6EFA50120074
:10B808001200B10E0501636F080E646F000E656FBC
:10B81800000E666F000E676F000E686FB80E696FD6
:10B828000B0E6A6F000E6B6F000E6C6FA6EC58F073
:10B838009D0E0501636F080E646F000E656F000EA4
:10B84800666F000E676F000E686FE80E696F030E73
:10B858006A6F000E6B6F000E6C6FA6EC58F012004A
:10B86800000ED6BE010E05016A6F65C545F063C5B9
:10B8780067F564C568F565C569F568C567F569C59F
:10B8880068F5696B67510001446F63C543F066C58D
:10B8980046F04151F80B0309416FD69E00014BC594
:10B8A80042F04A50426F408105016AB102D0D69EEB
:10B8B80001D0D68EF80E000141171200050166BFAF
:10B8C80068EF5CF06AEF5CF074EF5CF063C563F5F9
:10B8D80064C564F565C565F566C566F58DEF5CF00C
:10B8E80063C567F564C568F565C569F566C56AF534
:10B8F800671F681F691F6A1F672B000E682369236B
:10B908006A2367C563F568C564F569C565F56AC5E1
:10B9180066F5120005016A6B20EC63F00009D8A4F3
:10B9280098EF5CF09AEF5CF0B7EF5CF0010E306EC8
:10B9380064C531F565C532F53B6A66C533F567C53B
:10B9480034F568C535F569C536F5000E376E000E55
:10B95800386E000E3A6E000E396E3C6AAEEC61F03D
:10B96800010E05016A6F05016A51120005016A6B33
:10B9780020EC63F00009D8A4C4EF5CF0C6EF5CF0DB
:10B98800E3EF5CF0010E306E64C531F565C532F544
:10B998003B6A66C537F567C538F568C539F569C5C1
:10B9A8003AF5000E336E000E346E000E366E000E41
:10B9B800356E3C6AEEEC63F0010E05016A6F050115
:10B9C8006A511200280E0601E461EDEF5CF0EFEF1A
:10B9D8005CF002EF5DF072EC62F0236EB00E0601CF
:10B9E800E425D96EDA6A090EDA2223C5DFF4E42BDE
:10B9F800000EC56F0A0EC46F11EF5DF0E46BB00E58
:10BA08001B6E090E1C6E000E1E6E000E1D6E000EC3
:10BA1800206E280E1F6E20EC62F0120061C665F6DB
:10BA280062C666F627EF5DF05FC64FF660C650F651
:10BA3800650E0601516F060E526F63C653F664C653
:10BA480054F605EC2FF065C6F6F466C6F7F4000E5A
:10BA5800F86E0800F5500009D8A435EF5DF037EF0F
:10BA68005DF018EF5DF0000E0601606F000E5F6F6D
:10BA7800120005016A6F4DEF5DF0C6EC55F067EFF7
:10BA88005DF06FEC57F067EF5DF053EC4EF067EF49
:10BA98005DF005016A51686F696B6951000AD8B495
:10BAA80058EF5DF067EF5DF06851010AD8B441EFD7
:10BAB8005DF0030AD8B445EF5DF0010AD8B449EF48
:10BAC8005DF067EF5DF01200000E0501676F000E74
:10BAD800686F000E696F000E6A6F6B6B83EF5DF025
:10BAE8006B516325D96E000E6421DA6EDF50666FE4
:10BAF80066516727000E682369236A236B2B6551FB
:10BB08006B5DD8A08AEF5DF08CEF5DF074EF5DF0AF
:10BB180067C563F568C564F5120065C56BF566C54C
:10BB28006CF563C569F564C56AF5ABEF5DF06BC587
:10BB3800D9F46CC5DAF4DF506D6F6B4B6C2B69C5AB
:10BB4800D9F46AC5DAF46DC5DFF4694B6A2B0501CF
:10BB58006707D8A06807672906E16829D8A4B7EF5E
:10BB68005DF0B9EF5DF09BEF5DF012000CC76BF56F
:10BB78000DC76CF50EC76DF50FC76EF563C56BF590
:10BB880064C56CF565C56DF566C56EF56BC567F57D
:10BB98006CC568F56DC569F56EC56AF5200EDBEFF5
:10BBA8005DF00501D8906A33693368336733E82E4E
:10BBB800D5EF5DF067C563F568C564F51200040E3E
:10BBC8000201946F800E956F080E966F030E9C6F9E
:10BBD8009A6B9B6B976B8D6B29EC65F002019B91BF
:10BBE8009B95948F050EE82EFED7000000000000FC
:10BBF800000000000000000002019A919A959B85C0
:10BC0800000E07018B6F000E8C6F000E8D6F1200F7
:10BC1800030E0501786F5C0E91EC61F078C57DF537
:10BC280079C57EF5F90E05017F6F070E806F000E4E
:10BC3800826F030E816FBEEC57F005017D517E11B6
:10BC4800D8B429EF5EF02BEF5EF034EF5EF0F90E1A
:10BC5800BF6F070EC06F030EC16F5C0E08EC63F078
:02BC68001200C8
:10BC6C00FAC419F5FBC41AF53DC516F53EC517F512
:10BC7C00D2EC5FF00701E551E611E711D8B449EFBA
:10BC8C005EF04BEF5EF058EF5EF002D858EF5EF0CE
:10BC9C000500FA6EE551FD6EE651FE6EE751FF6E42
:10BCAC00FA501200B1981AC5FBF419C5FAF4110038
:10BCBC000501666F37EC66F0680E0501656FE40EE2
:10BCCC00E82EFED7652FFCD70000ABEC64F0000922
:10BCDC00D8B473EF5EF075EF5EF06BEF5EF00501BC
:10BCEC00665185EC5EF02A0E0501656F8D0EE82E0F
:10BCFC00FED7652FFCD700D041EC66F01200050191
:10BD0C00646FA2B28CEF5EF08EEF5EF092EF5EF09D
:10BD1C0064C5A3F2AAEF5EF00501FD51D8B499EF0A
:10BD2C005EF09BEF5EF0AAEF5EF0000E4924D96E38
:10BD3C00DA6A090EDA2264C5DFF449281F0B636F37
:10BD4C0063C549F5A292FD07A282120016EC47F0DA
:10BD5C00000E05016C6F000E6B6F680E6D6F0A0E96
:10BD6C006E6F460E6F6F21EC4BF0D00E05017A6FA3
:10BD7C00C90EE82EFED77A2FFCD700D0680E05012D
:10BD8C00786F0A0E796FADEC47F0680E0501636FA2
:10BD9C000A0E646FACEC53F0120003011E911F6B82
:10BDAC00206B030E216F050E1D6FFE0E1C6F1D51B7
:10BDBC000501636F03011C513D6E63C53EF5B00E6A
:10BDCC000701E56FCC0EE66F000EE76F000EE26F19
:10BDDC00000EE36F000EE46FB198A188B19A050EC6
:06BDEC0003011E6F1200AE
:10BDF400D8C460F5FAC461F5FBC462F50701DF51EC
:10BE0400E011E111D8B409EF5FF00BEF5FF018EF28
:10BE14005FF002D818EF5FF00500FA6EDF51FD6E97
:10BE2400E051FE6EE151FF6EFA501200B99662C500
:10BE3400FBF461C5FAF460C5D8F4110005016B5137
:10BE440009E1040E6A5DD8A02AEF5FF02CEF5FF0E1
:10BE54002FEF5FF0000E43EF5FF0000E69256C6F6B
:10BE6400000E6A216D6F380E6B216E6F6CC563F521
:10BE74006DC564F56EC565F5F0EC62F005016F6F94
:10BE84006F511200000E0501766F000E756F57EFAB
:10BE94005FF074C567F5686B72C569F573C56AF5BB
:10BEA40006EC51F00501754B762B75517025D96E52
:10BEB40076517121DA6EDF50746F7451D8A465EF36
:10BEC4005FF067EF5FF04BEF5FF01200000E0501CB
:10BED400DC1B000EDD1B000EDE1B800EDF1BD8C535
:10BEE40063F5D9C564F5DAC565F5DBC566F5DCC56A
:10BEF40067F5DDC568F5DEC569F5DFC56AF584EC6F
:10BF040028F063C5D8F564C5D9F565C5DAF566C505
:10BF1400DBF512000601E46B4E0E0501636F080E9B
:10BF2400646F000E666F000E656F000E686F280E5A
:10BF3400676F1DEC61F0B00E0501636F090E646F4D
:10BF4400000E666F000E656F000E686F280E676F37
:10BF54001DEC61F00601E16B12000501656F05013E
:10BF64006505D8A4B8EF5FF0BAEF5FF0C2EF5FF0F9
:10BF7400B10E636F080E646F59EC58F0D1EF5FF0A7
:10BF8400020E6519D8A4C9EF5FF0CBEF5FF0D1EFD3
:10BF94005FF09D0E636F080E646F59EC58F0120049
:10BFA40003011EA5D8EF5FF0DAEF5FF0F0EF5FF06A
:10BFB4001EB1DFEF5FF0E2EF5FF0010EE3EF5FF041
:10BFC400000E186E17501D6F16C51CF318B002D062
:10BFD4001E9102D003011E81F4EF5FF017501D6F14
:06BFE40016C51CF312005B
:10BFEC00FAC403F5FBC404F5B39C0601B451B511B6
:10BFFC00B611D8B404EF60F006EF60F013EF60F008
:10C00C0002D813EF60F00500FA6EB451FD6EB55115
:10C01C00FE6EB651FF6EFA50120004C5FBF403C558
:10C02C00FAF41100FAC407F5FBC408F5B59C060137
:10C03C00AB51AC11AD11D8B426EF60F028EF60F025
:10C04C0035EF60F002D835EF60F00500FA6EAB51B9
:10C05C00FD6EAC51FE6EAD51FF6EFA50120008C56C
:10C06C00FBF407C5FAF41100FAC40FF5FBC410F584
:10C07C000701EB51EC11ED11D8B447EF60F049EF2B
:10C08C0060F056EF60F002D856EF60F00500FA6EE3
:10C09C00EB51FD6EEC51FE6EED51FF6EFA5012003D
:10C0AC00B19E10C5FBF40FC5FAF41100FAC414F5D7
:10C0BC00FBC415F50701E851E911EA11D8B469EF91
:10C0CC0060F06BEF60F078EF60F002D878EF60F022
:10C0DC000500FA6EE851FD6EE951FE6EEA51FF6EF5
:10C0EC00FA501200B19615C5FBF414C5FAF4110000
:10C0FC000601C451C511D8B486EF60F088EF60F02A
:10C10C009EEF60F0C407D8A0C507C451C511D8A4D0
:10C11C0092EF60F094EF60F09EEF60F0E451D8B4D1
:10C12C009AEF60F09CEF60F09EEF60F0010EE16F13
:10C13C0012009D0E0601086F080E096F22C60AF642
:10C14C0023C60BF624C60CF625C60DF6F40E0E6FA0
:10C15C00010E0F6F000E106F000E116FFFEC32F01E
:10C16C0008C622F609C623F60AC624F60BC625F61F
:10C17C001200B10E0601086F080E096F22C60AF6EE
:10C18C0023C60BF624C60CF625C60DF6B80E0E6F9C
:10C19C000B0E0F6F000E106F000E116FFFEC32F0D4
:10C1AC0008C622F609C623F60AC624F60BC625F6DF
:10C1BC00120063C567F564C568F565C5F6F466C518
:10C1CC00F7F40501654B662B000EF86E67C5D9F4C4
:10C1DC0068C5DAF4674B682B0800F5C4DFF4DF5050
:10C1EC00D8A4FBEF60F0FDEF60F0E3EF60F012001D
:10C1FC002AEC66F0EDEC65F06EEC65F002EC66F0A6
:10C20C000201949F51EC65F002019B919B95948FD8
:10C21C00050EE82EFED70000000000000000000014
:10C22C000000000002019A919A959B85120063C54B
:10C23C0069F564C56AF52BEF61F069C5D9F46AC577
:10C24C00DAF465C5DFF4694B6A2B05016707D8A0E2
:10C25C006807672906E16829D8A437EF61F039EF40
:10C26C0061F023EF61F012000501676F67C5ECF315
:10C27C000301F39DF381F3B146EF61F048EF61F0F8
:10C28C0041EF61F0EB510501666F656B0301EA51FB
:10C29C0005016525636F0301000E05016621646FBE
:10C2AC00120005016351641165116611D8B461EF78
:10C2BC0061F063EF61F06BEF61F0000E631B000E39
:10C2CC00641B000E651B800E661B63C563F564C59D
:10C2DC0064F565C565F566C566F5120033EC65F069
:10C2EC0032EC52F09FEC5BF0DBEC63F0D3EC5EF0E5
:10C2FC004DEC63F038EC63F0F2EC65F0E3EC5DF0E0
:10C30C0012EC66F06AEC5BF035EC5BF01DEC57F070
:10C31C0041EC59F0120005017C6F7CC56BF50501F1
:10C32C006C6BD70E6D6F070E6E6F78C56FF521ECC9
:10C33C004BF0680E05017B6FE40EE82EFED77B2FC9
:10C34C00FCD70000D70E0501786F070E796F12002D
:10C35C0035503610D8B4B5EF61F0B7EF61F0C4EFDB
:10C36C0061F03550E3EC65F03B50D8B4C0EF61F0B0
:10C37C00C2EF61F0C4EF61F018EC66F0315031247B
:10C38C00E8EC65F01BEC66F01200200E0501FD6177
:10C39C00D2EF61F0D4EF61F0E6EF61F0000E4824CB
:10C3AC00D96EDA6A090EDA22DF500201A36F48282F
:10C3BC001F0B286E28C548F50501FD2BE7EF61F032
:10C3CC00A29212000096009600A8860000640064F9
:10C3DC000012CC0000F401F40118CC00000A000A91
:10C3EC0000629700001E001E000CCC00000A000A20
:10C3FC0000D8A20000881388130C7D001EEC66F098
:10C40C0047EC65F04AEC66F03DEC65F062EC63F0ED
:10C41C0034EC50F005EC5CF0ACEC5EF0E80E050191
:10C42C00636FAC0E646F000E656FCAEC65F00CECBC
:10C43C005EF012001BC521F51CC522F52EEF62F033
:10C44C0021C5D9F422C5DAF41DC5DFF4214A222A0C
:10C45C001F06D8A020061F2806E12028D8A439EFF3
:10C46C0062F03BEF62F026EF62F0120005016ABF4A
:10C47C0042EF62F044EF62F04AEF62F069C569F591
:10C48C006AC56AF556EF62F069C56BF56AC56CF55D
:10C49C006B1F6C1F6B4B6C2B6BC569F56CC56AF510
:10C4AC00120014C7E4F515C7E5F516C7E6F517C76E
:10C4BC00E7F5E0C5E4F5E1C5E5F5E2C5E6F5E3C56C
:10C4CC00E7F50501E79FE4C5E0F5E5C5E1F5E6C54F
:10C4DC00E2F5E7C5E3F51200480E4624D96EDA6A98
:10C4EC000A0EDA22DF501C6E46281F0B1B6E1BC572
:10C4FC0046F5A2904550D8B486EF62F088EF62F012
:10C50C0089EF62F04506A2801C50120074EC61F0B9
:10C51C00D68ED68C04EC62F07A0E0601A36FC10E97
:10C52C00A26F810EE82EFED7A22FFCD7A32FFAD72D
:10C53C0000D052EC5AF09FEF62F081EF18F0060138
:10C54C00A851A911AA11D8B4AEEF62F0B0EF62F005
:10C55C00BDEF62F002D8BDEF62F00500FA6EA85193
:10C56C00FD6EA951FE6EAA51FF6EFA501200120018
:10C57C000701885189118A11D8B4C7EF62F0C9EF4D
:10C58C0062F0D6EF62F002D8D6EF62F00500FA6ED8
:10C59C008851FD6E8951FE6E8A51FF6EFA50120061
:10C5AC0012000701855186118711D8B4E0EF62F0B3
:10C5BC00E2EF62F0EFEF62F002D8EFEF62F005000D
:10C5CC00FA6E8551FD6E8651FE6E8751FF6EFA50E4
:10C5DC001200120065C545F063C566F564C567F5C4
:10C5EC0065C568F567C566F568C567F50501686BCF
:10C5FC0066510001446F63C543F0F80E411740814A
:10C60C00465112000501C36FC3C56BF505016C6B78
:10C61C00BFC56DF5C0C56EF5C1C56FF54DEC4FF0DE
:10C62C00D00E0501C26FC90EE82EFED7C22FFCD763
:10C63C0000D01200010E0501636F3050D8A429EF11
:10C64C0063F02BEF63F035EF63F0020198AF31EF3D
:10C65C0063F033EF63F035EF63F00501636B0501B5
:10C66C0063511200010E0301326F316B336B1F0EDD
:10C67C002F6F2E6B960E0701DF6FCC0EE06F000E46
:10C68C00E16FB996A986DF0E0301306F1200010E1F
:10C69C000301266F256B276B1F0E236F226BAE0ECB
:10C6AC000701E86FCC0EE96F000EEA6FB196A18618
:10C6BC00DF0E0301246F120041EC66F0D00E050171
:10C6CC00666FC90EE82EFED7662FFCD700D0CC0EB5
:10C6DC000501636FB90E646F000E656F70EC64F04A
:10C6EC001200690E0601776F060E786F000E5F6FF1
:10C6FC00000E606F67C661F668C662F6770E636FF0
:10C70C00060E646F12EC5DF012000501636F0501FB
:10C71C0063A193EF63F095EF63F096EF63F0C08E37
:10C72C0063A39BEF63F09DEF63F09EEF63F0BE8A13
:10C73C0012000501636F050163A1A7EF63F0A9EF78
:10C74C0063F0AAEF63F0C18A63A3AFEF63F0B1EFBC
:10C75C0063F0B2EF63F0C38012000501636F050153
:10C76C0063A1BBEF63F0BDEF63F0BEEF63F0C09E5F
:10C77C0063A3C3EF63F0C5EF63F0C6EF63F0BE9A3B
:10C78C0012000501636F050163A1CFEF63F0D1EFD8
:10C79C0063F0D2EF63F0C19A63A3D7EF63F0D9EFE4
:10C7AC0063F0DAEF63F0C39012003D0E0301196FD2
:10C7BC00186B570E1B6FAC0E0701EB6FCC0EEC6FAA
:10C7CC00000EED6FB19EA18E810E03011A6F120047
:10C7DC0039503A10D8B4F5EF63F0F7EF63F0FAEF95
:10C7EC0063F03950E3EC65F0D8803134E8EC65F057
:10C7FC001BEC66F0120039503A10D8B408EF64F014
:10C80C000AEF64F00DEF64F03950FAEC65F0D88063
:10C81C003134F6EC65F021EC66F0120024EC66F095
:10C82C0027EC66F00009D8B41EEF64F020EF64F03A
:10C83C0026EF64F0000EFAEC65F0000EFEEC65F0ED
:10C84C001200306A000E326E3168000E336E000E2C
:10C85C00346E000E376E000E386E2AEC66F0EDEC7E
:10C86C0065F002EC66F0120005016351641165116C
:10C87C00D8B443EF64F045EF64F04BEF64F063C55C
:10C88C007CF764C57DF765C57EF712000501635121
:10C89C0064116511D8B455EF64F057EF64F05DEF97
:10C8AC0064F063C57FF764C580F765C581F7120036
:10C8BC000501635164116511D8B467EF64F069EF39
:10C8CC0064F06FEF64F063C582F764C583F765C5E8
:10C8DC0084F712000501635164116511D8B479EF26
:10C8EC0064F07BEF64F081EF64F063C570F764C5AE
:10C8FC0071F765C572F71200D8C42DF52DEC66F0F2
:10C90C0037C5D9F438C5DAF4DF6E374A382A2DC565
:10C91C00D8F41100D8C42FF533C5D9F434C5DAF4E2
:10C92C00334A342ADF50FEEC65F02FC5D8F41100E1
:10C93C00000141AFA4EF64F0A6EF64F0A9EF64F03E
:10C94C00010EAAEF64F0000E12000501FD51D8A4EF
:10C95C00B2EF64F0B5EF64F0010EB6EF64F0000EC8
:02C96C001200B7
:10C97000FAC409F5FBC40AF5AF90A5EC62F00AC54C
:10C98000FBF409C5FAF41100FAC40BF5FBC40CF56D
:10C99000B490BEEC62F00CC5FBF40BC5FAF41100C8
:10C9A000FAC40DF5FBC40EF5B890D7EC62F00EC5D5
:10C9B000FBF40DC5FAF41100000140B1E2EF64F0A0
:10C9C000E5EF64F0010EE6EF64F0000E12000201E4
:10C9D00095BBEDEF64F0F0EF64F0010EF1EF64F061
:10C9E000000E1200020198B7F8EF64F0FBEF64F05C
:10C9F000010EFCEF64F0000E1200020197BD03EF80
:10CA000065F006EF65F0010E07EF65F0000E12000D
:10CA1000020197BB0EEF65F011EF65F0010E12EF0A
:10CA200065F0000E1200020198A719EF65F01CEFE7
:10CA300065F0010E1DEF65F0000E1200FAC426F538
:10CA4000FBC427F504EC45F027C5FBF426C5FAF432
:10CA50001100A584A586A580A58202019B859B83E4
:10CA60009B8F97811200600E0001AD6FAF6BB36BAF
:10CA7000080EB16FB06BAC6B1200A60E0501636FB0
:10CA8000B70E646F000E656FBCEC65F01200FC0E13
:10CA90000501636FC00E646F000E656FC3EC65F037
:10CAA0001200A584A586A580A58202019B859B8393
:10CAB0009B8F978112000900000000000000000019
:09CAC00009000000000000000064
:10CACA0054C763F555C764F556C765F557C766F584
:10CADA001200A594A596A590A59202019B6B976B4F
:10CAEA00120006050403020101000000C000000252
:10CAFA0063C5AEF664C5AFF665C5B0F6120063C588
:10CB0A00B1F664C5B2F665C5B3F6120063C5ABF6F5
:10CB1A0064C5ACF665C5ADF6120063C5B7F664C563
:10CB2A00B8F665C5B9F6120063C5BAF664C5BBF6B0
:10CB3A0065C5BCF6120063C5B4F664C5B5F665C52D
:10CB4A00B6F6120063C585F764C586F765C587F72B
:10CB5A00120063C588F764C589F765C58AF71200AC
:10CB6A0063C5A8F664C5A9F665C5AAF6120063C529
:10CB7A00E8F764C5E9F765C5EAF7120063C5EBF79C
:10CB8A0064C5ECF765C5EDF7120063C5BDF664C56B
:10CB9A00BEF665C5BFF61200050164514A6E63C54B
:10CBAA004BF5120063C589F4050164518A6E1200BF
:10CBBA0063C57AF4050164517B6E12000501636F47
:10CBCA0063C58DF212000501636F63C58FF212000F
:10CBDA000201979B979D97991200C30E0301D76F85
:10CBEA001200296E29C58FF212002B6E2BC58DF209
:10CBFA0012002E6E2EC58CF212000201996B9985D5
:10CC0A00120099EC39F012002DEC38F0120015ECF4
:10CC1A0031F012004A6A4B6A120015EC66F01200F3
:10CC2A000001419F12000201948D12000201948BAF
:10CC3A00120041EC66F012000201948B120002010C
:10CC4A00949D120002018D51120002019A6B12008A
:10CC5A0002018B511200CBEC61F01100C19212005B
:10CC6A00C1821200C1861200C38A12008784120090
:0CCC7A0078841200C39A1200C1961200C8
:0BCC8800AF941100B0901100010501F5
:10CC94001200120012001200120012001200120000
:10CCA40011001200120012001200120012001200F1
:05CCB400120012000156
:020000040030CA
:080000008FFFEFFF9FFFFFFFE0
:01000900FFF7
:00000001FF
