:0430000081EF18F054
:10300800DD33DD33DD33DD33400CDD33400CDD33C0
:10301800F632DD33DD33DD33DD33DD33DD33DD3310
:10302800DD33400C400C400CDD33DD33DD33DD3364
:10303800DD33DD33DD339C30782FDD33DD338B300A
:103048002933D033DD33DD33400C400CDD33DD3341
:10305800DD33DD33DD33400CDD33DD336930162AF3
:10306800FC32DD33DD33DD33DD33DD33DD33DD33BA
:10307800D232DA32F22BC628400CDD337A30432ABA
:10308800E2328C33DD33DD33DD33DD33DD33DD3305
:10309800DD33DD33DD33DD33400CDD33400C400CF4
:1030A8000233DD33DD33DD33DD33DD33DD33DD3373
:1030B800DD33DD33DD33C62FDD33DD33DD33DD33A3
:1030C800DD33DD33DD33DD33DD33DD33DD33DD3378
:1030D800DD33DD33DD33DD33DD33DD33DD33DD3368
:1030E800400CDD33DD33DD33400C400C400C400C2C
:1030F800DD33DD33DD33DD33FF0055EF50F0000005
:10310800C0C101C30302C2C60607C705C5C404CCB3
:103118000C0DCD0FCFCE0E0ACACB0BC90908C8D8E3
:103128001819D91BDBDA1A1EDEDF1FDD1D1CDC14A3
:10313800D4D515D71716D6D21213D311D1D010F073
:103148003031F133F3F23236F6F737F53534F43CF3
:10315800FCFD3DFF3F3EFEFA3A3BFB39F9F83828C3
:10316800E8E929EB2B2AEAEE2E2FEF2DEDEC2CE4E3
:103178002425E527E7E62622E2E323E12120E0A053
:103188006061A163A3A26266A6A767A56564A46C33
:10319800ACAD6DAF6F6EAEAA6A6BAB69A9A8687863
:1031A800B8B979BB7B7ABABE7E7FBF7DBDBC7CB423
:1031B8007475B577B7B67672B2B373B17170B05033
:1031C8009091519353529296565797559594549C73
:1031D8005C5D9D5F9F9E5E5A9A9B5B995958988843
:1031E8004849894B8B8A4A4E8E8F4F8D4D4C8C4463
:1031F80084854587474686824243834181804000D3
:10320800C1814001C0804101C0804100C1814001AD
:10321800C0804100C1814000C1814001C08041019E
:10322800C0804100C1814000C1814001C08041008F
:10323800C1814001C0804101C0804100C18140017D
:10324800C0804100C1814000C1814001C08041006F
:10325800C1814001C0804101C0804100C18140005E
:10326800C1814001C0804101C0804100C18140014D
:10327800C0804100C1814000C1814001C08041013E
:10328800C0804100C1814000C1814001C08041002F
:10329800C1814001C0804101C0804100C18140001E
:1032A800C1814001C0804101C0804100C18140010D
:1032B800C0804100C1814000C1814001C0804100FF
:1032C800C1814001C0804101C0804100C1814001ED
:1032D800C0804100C1814000C1814001C0804101DE
:1032E800C0804100C1814000C1814001C0804100CF
:1032F800C1814001C0804101C0804100C1814000BE
:10330800C0C101C30302C2C60607C705C5C404CCB1
:103318000C0DCD0FCFCE0E0ACACB0BC90908C8D8E1
:103328001819D91BDBDA1A1EDEDF1FDD1D1CDC14A1
:10333800D4D515D71716D6D21213D311D1D010F071
:103348003031F133F3F23236F6F737F53534F43CF1
:10335800FCFD3DFF3F3EFEFA3A3BFB39F9F83828C1
:10336800E8E929EB2B2AEAEE2E2FEF2DEDEC2CE4E1
:103378002425E527E7E62622E2E323E12120E0A051
:103388006061A163A3A26266A6A767A56564A46C31
:10339800ACAD6DAF6F6EAEAA6A6BAB69A9A8687861
:1033A800B8B979BB7B7ABABE7E7FBF7DBDBC7CB421
:1033B8007475B577B7B67672B2B373B17170B05031
:1033C8009091519353529296565797559594549C71
:1033D8005C5D9D5F9F9E5E5A9A9B5B995958988841
:1033E8004849894B8B8A4A4E8E8F4F8D4D4C8C4461
:1033F80084854587474686824243834181804000D1
:10340800C1814001C0804101C0804100C1814001AB
:10341800C0804100C1814000C1814001C08041019C
:10342800C0804100C1814000C1814001C08041008D
:10343800C1814001C0804101C0804100C18140017B
:10344800C0804100C1814000C1814001C08041006D
:10345800C1814001C0804101C0804100C18140005C
:10346800C1814001C0804101C0804100C18140014B
:10347800C0804100C1814000C1814001C08041013C
:10348800C0804100C1814000C1814001C08041002D
:10349800C1814001C0804101C0804100C18140001C
:1034A800C1814001C0804101C0804100C18140010B
:1034B800C0804100C1814000C1814001C0804100FD
:1034C800C1814001C0804101C0804100C1814001EB
:1034D800C0804100C1814000C1814001C0804101DC
:1034E800C0804100C1814000C1814001C0804100CD
:1034F800C1814001C0804101C0804100C1814000BC
:10350800C0C101C30302C2C60607C705C5C404CCAF
:103518000C0DCD0FCFCE0E0ACACB0BC90908C8D8DF
:103528001819D91BDBDA1A1EDEDF1FDD1D1CDC149F
:10353800D4D515D71716D6D21213D311D1D010F06F
:103548003031F133F3F23236F6F737F53534F43CEF
:10355800FCFD3DFF3F3EFEFA3A3BFB39F9F83828BF
:10356800E8E929EB2B2AEAEE2E2FEF2DEDEC2CE4DF
:103578002425E527E7E62622E2E323E12120E0A04F
:103588006061A163A3A26266A6A767A56564A46C2F
:10359800ACAD6DAF6F6EAEAA6A6BAB69A9A868785F
:1035A800B8B979BB7B7ABABE7E7FBF7DBDBC7CB41F
:1035B8007475B577B7B67672B2B373B17170B0502F
:1035C8009091519353529296565797559594549C6F
:1035D8005C5D9D5F9F9E5E5A9A9B5B99595898883F
:1035E8004849894B8B8A4A4E8E8F4F8D4D4C8C445F
:1035F80084854587474686824243834181804000CF
:10360800C1814001C0804101C0804100C1814001A9
:10361800C0804100C1814000C1814001C08041019A
:10362800C0804100C1814000C1814001C08041008B
:10363800C1814001C0804101C0804100C181400179
:10364800C0804100C1814000C1814001C08041006B
:10365800C1814001C0804101C0804100C18140005A
:10366800C1814001C0804101C0804100C181400149
:10367800C0804100C1814000C1814001C08041013A
:10368800C0804100C1814000C1814001C08041002B
:10369800C1814001C0804101C0804100C18140001A
:1036A800C1814001C0804101C0804100C181400109
:1036B800C0804100C1814000C1814001C0804100FB
:1036C800C1814001C0804101C0804100C1814001E9
:1036D800C0804100C1814000C1814001C0804101DA
:1036E800C0804100C1814000C1814001C0804100CB
:1036F800C1814001C0804101C0804100C1814000BA
:10370800C0C101C30302C2C60607C705C5C404CCAD
:103718000C0DCD0FCFCE0E0ACACB0BC90908C8D8DD
:103728001819D91BDBDA1A1EDEDF1FDD1D1CDC149D
:10373800D4D515D71716D6D21213D311D1D010F06D
:103748003031F133F3F23236F6F737F53534F43CED
:10375800FCFD3DFF3F3EFEFA3A3BFB39F9F83828BD
:10376800E8E929EB2B2AEAEE2E2FEF2DEDEC2CE4DD
:103778002425E527E7E62622E2E323E12120E0A04D
:103788006061A163A3A26266A6A767A56564A46C2D
:10379800ACAD6DAF6F6EAEAA6A6BAB69A9A868785D
:1037A800B8B979BB7B7ABABE7E7FBF7DBDBC7CB41D
:1037B8007475B577B7B67672B2B373B17170B0502D
:1037C8009091519353529296565797559594549C6D
:1037D8005C5D9D5F9F9E5E5A9A9B5B99595898883D
:1037E8004849894B8B8A4A4E8E8F4F8D4D4C8C445D
:1037F80084854587474686824243834181804000CD
:10380800C1814001C0804101C0804100C1814001A7
:10381800C0804100C1814000C1814001C080410198
:10382800C0804100C1814000C1814001C080410089
:10383800C1814001C0804101C0804100C181400177
:10384800C0804100C1814000C1814001C080410069
:10385800C1814001C0804101C0804100C181400058
:10386800C1814001C0804101C0804100C181400147
:10387800C0804100C1814000C1814001C080410138
:10388800C0804100C1814000C1814001C080410029
:10389800C1814001C0804101C0804100C181400018
:1038A800C1814001C0804101C0804100C181400107
:1038B800C0804100C1814000C1814001C0804100F9
:1038C800C1814001C0804101C0804100C1814001E7
:1038D800C0804100C1814000C1814001C0804101D8
:1038E800C0804100C1814000C1814001C0804100C9
:1038F800C1814001C0804101C0804100C1814000B8
:10390800C0C101C30302C2C60607C705C5C404CCAB
:103918000C0DCD0FCFCE0E0ACACB0BC90908C8D8DB
:103928001819D91BDBDA1A1EDEDF1FDD1D1CDC149B
:10393800D4D515D71716D6D21213D311D1D010F06B
:103948003031F133F3F23236F6F737F53534F43CEB
:10395800FCFD3DFF3F3EFEFA3A3BFB39F9F83828BB
:10396800E8E929EB2B2AEAEE2E2FEF2DEDEC2CE4DB
:103978002425E527E7E62622E2E323E12120E0A04B
:103988006061A163A3A26266A6A767A56564A46C2B
:10399800ACAD6DAF6F6EAEAA6A6BAB69A9A868785B
:1039A800B8B979BB7B7ABABE7E7FBF7DBDBC7CB41B
:1039B8007475B577B7B67672B2B373B17170B0502B
:1039C8009091519353529296565797559594549C6B
:1039D8005C5D9D5F9F9E5E5A9A9B5B99595898883B
:1039E8004849894B8B8A4A4E8E8F4F8D4D4C8C445B
:1039F80084854587474686824243834181804000CB
:103A0800C1814001C0804101C0804100C1814001A5
:103A1800C0804100C1814000C1814001C080410196
:103A2800C0804100C1814000C1814001C080410087
:103A3800C1814001C0804101C0804100C181400175
:103A4800C0804100C1814000C1814001C080410067
:103A5800C1814001C0804101C0804100C181400056
:103A6800C1814001C0804101C0804100C181400145
:103A7800C0804100C1814000C1814001C080410136
:103A8800C0804100C1814000C1814001C080410027
:103A9800C1814001C0804101C0804100C181400016
:103AA800C1814001C0804101C0804100C181400105
:103AB800C0804100C1814000C1814001C0804100F7
:103AC800C1814001C0804101C0804100C1814001E5
:103AD800C0804100C1814000C1814001C0804101D6
:103AE800C0804100C1814000C1814001C0804100C7
:103AF800C1814001C0804101C0804100C18140D0E6
:103B0800B2000000000000000000000000000000FB
:103B1800000000000000000000000000000000009D
:103B2800000000000000000000000000000000008D
:103B3800000000000000000000000094CA0070CAE5
:103B4800004CCA0000000084AE0000000074C300EE
:103B580030BE00000000C0CB0000000000000000E4
:103B6800000000000000000000000000000000004D
:103B78000000000000000000000000000024CB004E
:103B880000000000CB00DCCA00B8CA0000000084B6
:103B9800BA00000000DEBA0038BB000000000000D8
:103BA8000000000038C80000000000000043483151
:103BB8007C493A252E32667C563A252E32667C5050
:103BC8003A252E32667C50574D3A25647C0A0D20E2
:103BD800004348327C493A252E32667C563A252ED7
:103BE80032667C503A252E32667C50574D3A256411
:103BF8007C0A0D200053503A252E32667C555247D8
:103C080045313A25647C55524745323A25647C2033
:103C18000A0D200056696E3A25647C200A0D2000A2
:103C280050726F3A25647C0A0D20004545503A25AC
:0D3C380030325800696E66006E616E00004B
:103C46000601606B38C661F639C662F63AC663F697
:103C56003BC664F664BF34EF1EF032EF1EF048EF49
:103C66001EF0010E606F61C673F562C674F563C619
:103C760075F564C676F571EC62F073C561F674C5C8
:103C860062F675C563F676C564F6000E0601666FC4
:103C9600000E656FC7C654F6C8C655F66051D8B44F
:103CA60057EF1EF059EF1EF06DEF1EF06051D8A4CD
:103CB6005FEF1EF061EF1EF067EF1EF0000E466F1D
:103CC6002B0E456F6BEF1EF0000E466F2D0E456FE7
:103CD60045C660F661C673F562C674F563C675F5CA
:103CE60064C676F50FEC4DF0050173057411D8A482
:103CF6007FEF1EF081EF1EF0B8EF1EF00601605157
:103D0600D8B488EF1EF08AEF1EF093EF1EF060C65F
:103D160042FA5407D8A05507000E666F010E656F6C
:103D2600420E65250501736F0A0E0601662105011F
:103D3600746F3C0E756F3C0E766FDAEC61F006011F
:103D4600FD0E5427FF0E552336C687F537C688F570
:103D5600420E0501896F0A0E8A6F54C68BF555C649
:103D66008CF5EFEC56F082EF23F061C673F562C670
:103D760074F563C675F564C676F50FEC4DF005016E
:103D860073517411D8A4CAEF1EF0CCEF1EF0EFEFFA
:103D96001EF006016051D8B4D3EF1EF0D5EF1EF029
:103DA600DEEF1EF060C642FA5407D8A05507000E93
:103DB600666F010E656F420E65250501736F0A0E6B
:103DC600060166210501746F400E756F3C0E766F15
:103DD600DAEC61F0A2EF1EF0000E0601676F000E2E
:103DE600686F800E696F3F0E6A6F000E4F6F000E90
:103DF6004E6F61C673F562C674F563C675F564C623
:103E060076F5000E0501776F000E786F000E796F5C
:103E1600000E7A6F43EC56F00501D8B015EF1FF08F
:103E260017EF1FF011EF20F024EF1FF050C667F6D2
:103E360051C668F652C669F653C66AF606014E4B77
:103E46004F2B67C6CFF568C6D0F569C6D1F56AC6E9
:103E5600D2F5000E0501D36F000ED46F200ED56F7C
:103E6600410ED66FE5EC2AF0CFC550F6D0C551F617
:103E7600D1C552F6D2C553F606015051615D050112
:103E8600736F0601515162590501746F0601525153
:103E960063590501756F0601535164590501766F23
:103EA600C9EC5DF0050176BF64EF1FF07651751120
:103EB600741109E1020E735DD8A064EF1FF066EF7E
:103EC6001FF019EF1FF050C60CF651C60DF652C67C
:103ED6000EF653C60FF661C610F662C611F663C635
:103EE60012F664C613F68CEC4CF00601D8A07EEFF1
:103EF6001FF080EF1FF019EF1FF06751615D05019C
:103F0600736F0601685162590501746F06016951A4
:103F160063590501756F06016A5164590501766F8B
:103F2600C9EC5DF0050176BFA6EF1FF0765175115D
:103F3600741107E1020E735DD8B0A4EF1FF0A6EF6F
:103F46001FF0F7EF1FF067C661F668C662F669C62E
:103F560063F66AC664F611EF20F067C6B6F568C662
:103F6600B7F569C6B8F56AC6B9F5000E0501BA6FA8
:103F7600000EBB6F200EBC6F410EBD6FDAEC34F045
:103F8600B6C567F6B7C568F6B8C569F6B9C56AF6BF
:103F960006014E07D8A04F076751615D0501736F93
:103FA6000601685162590501746F0601695163592A
:103FB6000501756F06016A5164590501766FC9ECF2
:103FC6005DF0050176BFF5EF1FF07651751174119E
:103FD60007E1020E735DD8B0F3EF1FF0F5EF1FF0A7
:103FE600F7EF1FF0A6EF1FF061C60CF662C60DF6DE
:103FF60063C60EF664C60FF667C610F668C611F6F7
:1040060069C612F66AC613F68CEC4CF00601D8A007
:104016000FEF20F011EF20F0B0EF1FF03CC648F68E
:1040260048C649F60601CABF1BEF20F01DEF20F077
:1040360023EF20F0C9C641F6CAC642F627EF20F0A4
:10404600000E426F060E416F41C64CF642C64DF653
:104056004C4B4D2B660E4919D8A434EF20F036EFA1
:1040660020F056EF20F04FBF3DEF20F03BEF20F061
:1040760049EF20F0000E676F000E686F800E696FC3
:104086003F0E6A6F000E4F6F000E4E6F670E481997
:10409600D8B450EF20F052EF20F056EF20F04E51FA
:1040A6004C274F514D23000E5F6F000E5E6F61C6A9
:1040B60056F662C657F663C658F664C659F667C61C
:1040C60050F668C651F669C652F66AC653F6E8EF68
:1040D60020F056C6B6F557C6B7F558C6B8F559C650
:1040E600B9F567C6BAF568C6BBF569C6BCF56AC652
:1040F600BDF5DAEC34F0B6C5CFF5B7C5D0F5B8C521
:10410600D1F5B9C5D2F577EC3EF0CFC55AF6D0C594
:104116005BF6D1C55CF6D2C55DF65AC62CF65BC613
:104126002DF65CC62EF65DC62FF608EC4CF02CC6B6
:104136004AF62DC64BF656C600F657C601F658C6C1
:1041460002F659C603F65AC6D3F55BC6D4F55CC665
:10415600D5F55DC6D6F567C6CFF568C6D0F569C68E
:10416600D1F56AC6D2F5E5EC2AF0CFC504F6D0C57E
:1041760005F6D1C506F6D2C507F645EC60F000C6D1
:1041860056F601C657F602C658F603C659F667C66E
:10419600B6F568C6B7F569C6B8F56AC6B9F5000ECC
:1041A6000501BA6F000EBB6F200EBC6F410EBD6FCE
:1041B600DAEC34F0B6C567F6B7C568F6B8C569F681
:1041C600B9C56AF606015E4B5F2B4C515E5D5F51C9
:1041D600800A3D6F4D51800A3D59D8A0F5EF20F079
:1041E600F7EF20F06CEF20F067C6CFF568C6D0F584
:1041F60069C6D1F56AC6D2F5000E0501D36F000E69
:10420600D46FA00ED56F400ED66FE5EC2AF0CFC561
:104216005AF6D0C55BF6D1C55CF6D2C55DF656C674
:104226000CF657C60DF658C60EF659C60FF65AC600
:1042360010F65BC611F65CC612F65DC613F68CEC7C
:104246004CF00601D8B02AEF21F02CEF21F036EF22
:1042560021F0000E5A6F000E5B6F000E5C6F000EB1
:104266005D6F60EF21F056C673F557C674F558C6F4
:1042760075F559C676F55AC677F55BC678F55CC608
:1042860079F55DC67AF543EC56F00501D8A04EEFF8
:1042960021F050EF21F060EF21F006014AB156EF10
:1042A60021F058EF21F060EF21F0000E5A6F000E5A
:1042B6005B6F000E5C6F000E5D6F61C673F562C6C4
:1042C60074F563C675F564C676F55AC677F55BC6AA
:1042D60078F55CC679F55DC67AF589EC28F073C584
:1042E60056F674C557F675C558F676C559F656C6C8
:1042F6000CF657C60DF658C60EF659C60FF6000E42
:104306000501D36F000ED46F200ED56F410ED66F08
:1043160050C6CFF551C6D0F552C6D1F553C6D2F523
:10432600E5EC2AF0CFC510F6D0C511F6D1C512F6C8
:10433600D2C513F68CEC4CF00601D8A0A5EF21F0FF
:10434600A7EF21F0D0EF21F04E4B4F2B50C6CFF503
:1043560051C6D0F552C6D1F553C6D2F5000E0501A9
:10436600D36F000ED46F200ED56F410ED66FE5ECDD
:104376002AF0CFC550F6D0C551F6D1C552F6D2C5F2
:1043860053F6660E06014919D8A4CCEF21F0CEEFFC
:1043960021F0D0EF21F04C4B4D2B50C667F651C69D
:1043A60068F652C669F653C66AF64EC63FF64FC65B
:1043B60040F6476B000E446F000E436F000E5F6FB2
:1043C600000E5E6FCDEF22F056C6B6F557C6B7F5AE
:1043D60058C6B8F559C6B9F567C6BAF568C6BBF585
:1043E60069C6BCF56AC6BDF5DAEC34F0B6C5CFF5DC
:1043F600B7C5D0F5B8C5D1F5B9C5D2F577EC3EF05D
:10440600CFC55AF6D0C55BF6D1C55CF6D2C55DF60A
:104416005AC62CF65BC62DF65CC62EF65DC62FF682
:1044260008EC4CF006012DBF24EF22F02D5107E1D8
:104436000A0E2C5DD8B022EF22F024EF22F034EFE2
:1044460022F05AC62CF65BC62DF65CC62EF65DC665
:104456002FF608EC4CF02CC64AF62DC64BF638EF74
:1044660022F0000E4B6F090E4A6F06014751D8A481
:104476003FEF22F041EF22F069EF22F040BF48EF14
:1044860022F046EF22F069EF22F0420E6525D96E42
:104496000A0E6621DA6E2E0EDF6E654B662B54070A
:1044A600D8A05507010E476F69EF22F0420E652529
:1044B600D96E0A0E6621DA6E300EDF6E654B662BFC
:1044C6005407D8A055074307D8A0440743514411C1
:1044D600D8A470EF22F072EF22F059EF22F0420ECC
:1044E6006525D96E0A0E6621DA6E4A51300FDF6EE7
:1044F600654B662B5407D8A0550756C600F657C617
:1045060001F658C602F659C603F65AC6D3F55BC677
:10451600D4F55CC6D5F55DC6D6F567C6CFF568C6D3
:10452600D0F569C6D1F56AC6D2F5E5EC2AF0CFC555
:1045360004F6D0C505F6D1C506F6D2C507F645EC94
:1045460060F000C656F601C657F602C658F603C610
:1045560059F667C6B6F568C6B7F569C6B8F56AC648
:10456600B9F5000E0501BA6F000EBB6F200EBC6FC9
:10457600410EBD6FDAEC34F0B6C567F6B7C568F61E
:10458600B8C569F6B9C56AF606013F07D8A040075F
:104596005E4B5F2B4C515E5D5F51800A3D6F4D5106
:1045A600800A3D59D8B0DAEF22F0DCEF22F0EAEFCC
:1045B60022F066BFE8EF22F0665109E14B0E655D19
:1045C600D8A0E8EF22F0EAEF22F0E7EF21F0000EA4
:1045D6005F6F4F0E5E6F420E5E25D96E0A0E5F212B
:1045E600DA6EDF6A420E3D6F0A0E3E6F65513D5F21
:1045F60066513E5B5E513D250501736F06015F51B5
:104606003E210501746F420E756F0A0E766F65C600
:1046160077F566C678F574EC5EF0060165515E5D69
:10462600656F66515F59666F6051D8A41DEF23F020
:1046360020EF23F0010E21EF23F0000E5E6F5F6B7B
:10464600DFA328EF23F02AEF23F058EF23F03AEF09
:1046560023F06507D8A06607420E6525D96E0A0EB7
:104666006621DA6E300EDF6E5407D8A05507545116
:104676005E5D5F51800A3D6F5551800A3D59D8B045
:1046860047EF23F049EF23F058EF23F065515E5DC5
:104696005F51800A3D6F6651800A3D59D8A056EF9A
:1046A60023F058EF23F02CEF23F06051D8B45EEFDF
:1046B60023F060EF23F06BEF23F06507D8A06607C1
:1046C600420E6525D96E0A0E6621DA6E60C6DFF4E3
:1046D6005E51545F5F51555B36C687F537C688F520
:1046E600420E65250501896F0A0E06016621050140
:1046F6008A6F54C68BF555C68CF5EFEC56F0120052
:1047060038C600F639C601F63AC602F63BC603F6C7
:104716003CC604F63DC605F63EC606F63FC607F697
:1047260045EC60F000C660F601C661F602C662F6A8
:1047360003C663F660C608F661C609F662C60AF6DF
:1047460063C60BF639EC63F008C668F609C669F667
:104756000AC66AF60BC66BF6060120EE05F0365160
:10476600D9263751DA22DEC464F6DEC465F6DEC425
:1047760066F6DEC467F6000E0C6F000E0D6F480E6F
:104786000E6F420E0F6F68C610F669C611F66AC63E
:1047960012F66BC613F68CEC4CF00601D8B0D6EFC9
:1047A60023F0D8EF23F0F5EF23F064C6CFF565C606
:1047B600D0F566C6D1F567C6D2F5CD0E0501D36F25
:1047C600CC0ED46FCC0ED56F3D0ED66FE5EC2AF02D
:1047D600CFC564F6D0C565F6D1C566F6D2C567F60F
:1047E60061EF24F0000E0C6F000E0D6FA00E0E6F21
:1047F600410E0F6F68C610F669C611F66AC612F644
:104806006BC613F68CEC4CF00601D8B00DEF24F015
:104816000FEF24F02CEF24F064C6CFF565C6D0F573
:1048260066C6D1F567C6D2F59A0E0501D36F990E05
:10483600D46F990ED56F3E0ED66FE5EC2AF0CFC534
:1048460064F6D0C565F6D1C566F6D2C567F661EFE2
:1048560024F068C60CF669C60DF66AC60EF66BC677
:104866000FF6000E106F000E116FA00E126F400EA5
:10487600136F8CEC4CF00601D8B044EF24F046EFF1
:1048860024F061EF24F064C6CFF565C6D0F566C6A0
:10489600D1F567C6D2F5000E0501D36F000ED46FB1
:1048A600000ED56F400ED66FE5EC2AF0CFC564F644
:1048B600D0C565F6D1C566F6D2C567F6060120EE07
:1048C60001F03651D9263751DA22DEC4CFF5DEC4DF
:1048D600D0F5DEC4D1F5DEC4D2F560C6D3F561C627
:1048E600D4F562C6D5F563C6D6F5E5EC2AF0CFC594
:1048F60040F6D0C541F6D1C542F6D2C543F668C6E4
:104906000CF669C60DF66AC60EF66BC60FF6000EF5
:104916000601106F000E116F480E126F420E136FD4
:104926008CEC4CF00601D8B09BEF24F09DEF24F000
:104936007CEF26F060C66CF661C66DF662C66EF652
:1049460063C66FF6000E0C6F000E0D6FF00E0E6F45
:10495600410E0F6F68C610F669C611F66AC612F6E2
:104966006BC613F68CEC4CF00601D8B0BDEF24F004
:10497600BFEF24F005EF25F0000E0C6F000E0D6F53
:10498600200E0E6F420E0F6F6CC610F66DC611F636
:104996006EC612F66FC613F68CEC4CF00601D8B054
:1049A600D7EF24F0D9EF24F0E1EF24F0000E6C6F7E
:1049B600000E6D6F200E6E6F420E6F6F6CC60CF69A
:1049C6006DC60DF66EC60EF66FC60FF6000E106FAC
:1049D600000E116F200E126FC20E136F8CEC4CF08E
:1049E6000601D8B0F9EF24F0FBEF24F0D8EF25F05C
:1049F600000E6C6F000E6D6F200E6E6FC20E6F6F25
:104A0600D8EF25F0000E0C6F000E0D6F200E0E6F06
:104A1600410E0F6F68C610F669C611F66AC612F621
:104A26006BC613F68CEC4CF00601D8B01DEF25F0E2
:104A36001FEF25F094EF25F068C6CFF569C6D0F5CF
:104A46006AC6D1F56BC6D2F5CD0E0501D36FCC0E75
:104A5600D46F4C0ED56F3F0ED66FE5EC2AF0CFC55E
:104A660058F6D0C559F6D1C55AF6D2C55BF658C622
:104A76000CF659C60DF65AC60EF65BC60FF66CC690
:104A860010F66DC611F66EC612F66FC613F68CECEE
:104A96004CF00601D8B052EF25F054EF25F05CEF4C
:104AA60025F058C66CF659C66DF65AC66EF65BC644
:104AB6006FF66CC60CF66DC60DF66EC60EF66FC6B4
:104AC6000FF658C673F559C674F55AC675F55BC622
:104AD60076F571EC62F073C510F674C511F675C5FE
:104AE60012F676C513F68CEC4CF00601D8B07EEFC4
:104AF60025F080EF25F0D8EF25F058C673F559C696
:104B060074F55AC675F55BC676F571EC62F073C539
:104B16006CF674C56DF675C56EF676C56FF6D8EF8C
:104B260025F0000E0C6F000E0D6FA00E0E6F400EDE
:104B36000F6F6CC610F66DC611F66EC612F66FC60E
:104B460013F68CEC4CF00601D8B0ACEF25F0AEEFC6
:104B560025F0B6EF25F0000E6C6F000E6D6FA00EFF
:104B66006E6F400E6F6F6CC60CF66DC60DF66EC698
:104B76000EF66FC60FF6000E106F000E116FA00E28
:104B8600126FC00E136F8CEC4CF00601D8B0CEEF4E
:104B960025F0D0EF25F0D8EF25F0000E6C6F000E53
:104BA6006D6FA00E6E6FC00E6F6F6CC6CFF56DC6C3
:104BB600D0F56EC6D1F56FC6D2F5060120EE05F02A
:104BC6003651D9263751DA22DEC4BAF5DEC4BBF532
:104BD600DEC4BCF5DEC4BDF564C6B6F565C6B7F57C
:104BE60066C6B8F567C6B9F5DAEC34F0B6C5D3F5DE
:104BF600B7C5D4F5B8C5D5F5B9C5D6F5E5EC2AF0EF
:104C0600CFC56CF6D0C56DF6D1C56EF6D2C56FF6BA
:104C1600060120EE1DF03651D9263751DA22DEC4C0
:104C260073F5DEC474F5DEC475F5DEC476F56CC6C0
:104C360077F56DC678F56EC679F56FC67AF589ECA7
:104C460028F0060120EE1DF03651D9263751DA221A
:104C5600050173C5DEF474C5DEF475C5DEF476C5EC
:104C6600DEF4060120EE11F03651D9263751DA224C
:104C7600DEC422F6DEC423F6DEC424F6DEC425F640
:104C860020EE1DF03651D9263751DA22DEC418F649
:104C9600DEC419F6DEC41AF6DEC41BF620EE0DF0ED
:104CA6003651D9263751DA22DEC41CF6DEC41DF68B
:104CB600DEC41EF6DEC41FF6E4EC46F018C626F681
:104CC60019C627F61AC628F61BC629F67BEC47F046
:104CD600060120EE1DF03651D9263751DA2222C6BA
:104CE600DEF423C6DEF424C6DEF425C6DEF48AEF3F
:104CF60026F020EE1DF03651D9263751DA22000E65
:104D0600DE6E000EDE6E000EDE6E000EDD6E20EE36
:104D16001DF03651D9263751DA22DEC4CFF5DEC46E
:104D2600D0F5DEC4D1F5DEC4D2F564C6D3F565C6CA
:104D3600D4F566C6D5F567C6D6F5E5EC2AF0CFC537
:104D460044F6D0C545F6D1C546F6D2C547F60601A6
:104D560020EE21F03651D9263751DA22DEC404F688
:104D6600DEC405F6DEC406F6DEC407F660C600F647
:104D760061C601F662C602F663C603F645EC60F04C
:104D860000C6CFF501C6D0F502C6D1F503C6D2F5E9
:104D9600060120EE09F03651D9263751DA22DEC453
:104DA600D3F5DEC4D4F5DEC4D5F5DEC4D6F5E5EC20
:104DB6002AF0CFC554F6D0C555F6D1C556F6D2C59C
:104DC60057F6330E0501D36F330ED46F330ED56FFE
:104DD6003F0ED66F54C6CFF555C6D0F556C6D1F59B
:104DE60057C6D2F5E5EC2AF0CFC573F5D0C574F5F4
:104DF600D1C575F5D2C576F59A0E0501D36F990E14
:104E0600D46F990ED56F3E0ED66F28C7CFF529C73A
:104E1600D0F52AC7D1F52BC7D2F5E5EC2AF0CFC5D8
:104E260077F5D0C578F5D1C579F5D2C57AF589EC8F
:104E360028F073C554F674C555F675C556F676C58D
:104E460057F654C628F755C629F756C62AF757C641
:104E56002BF7060120EE21F03651D9263751DA22FA
:104E660060C6DEF461C6DEF462C6DEF463C6DEF456
:104E760044C677F545C678F546C679F547C67AF548
:104E860040C673F541C674F542C675F543C676F558
:104E960089EC28F073C548F674C549F675C54AF617
:104EA60076C54BF648C673F549C674F54AC675F518
:104EB6004BC676F554C677F555C678F556C679F5D8
:104EC60057C67AF589EC28F073C55CF674C55DF6AD
:104ED60075C55EF676C55FF636C6D9F437C6DAF41A
:104EE600DE04D8A479EF27F07BEF27F0FCEF27F05C
:104EF60006015FBF83EF27F081EF27F08DEF27F0E4
:104F0600000E4C6F000E4D6F000E4E6FBF0E4F6FB2
:104F160095EF27F0000E4C6F000E4D6F000E4E6F92
:104F26003F0E4F6F5CC677F55DC678F55EC679F5C0
:104F36005FC67AF54CC673F54DC674F54EC675F563
:104F46004FC676F589EC28F073C52CF674C52DF698
:104F560075C52EF676C52FF608EC4CF006012C51D9
:104F6600D1272D51D223000E1C6F000E1D6F480E47
:104F76001E6F450E1F6FD1C6A8F5D2C6A9F505014D
:104F8600000EA9BFFF0EAA6FAB6F010E5EEC42F0DA
:104F9600A8C518F6A9C519F6AAC51AF6ABC51BF613
:104FA600E4EC46F018C626F619C627F61AC628F601
:104FB6001BC629F6000E0601226F000E236F000E97
:104FC600246F000E256F7BEC47F022C62CF623C615
:104FD6002DF624C62EF625C62FF608EC4CF02CC668
:104FE600D1F62DC6D2F6D1C636F6D2C637F688EF3A
:104FF60028F036C6D9F437C6DAF4020EDE18D8A47D
:1050060007EF28F009EF28F088EF28F006015FBFC8
:1050160011EF28F00FEF28F01BEF28F0000E506F6D
:10502600000E516F000E526FBF0E536F23EF28F024
:10503600000E506F000E516F000E526F3F0E536FF1
:105046005CC677F55DC678F55EC679F55FC67AF516
:1050560050C673F551C674F552C675F553C676F546
:1050660089EC28F073C52CF674C52DF675C52EF699
:1050760076C52FF608EC4CF006012C51CF272D51A2
:10508600D023000E1C6F000E1D6F480E1E6F450EBE
:105096001F6FCFC6A8F5D0C6A9F50501000EA9BF9A
:1050A600FF0EAA6FAB6F010E5EEC42F0A8C518F6B4
:1050B600A9C519F6AAC51AF6ABC51BF6E4EC46F067
:1050C60018C626F619C627F61AC628F61BC629F6E6
:1050D600000E0601226F000E236F000E246F000ED5
:1050E600256F7BEC47F022C62CF623C62DF624C688
:1050F6002EF625C62FF608EC4CF02CC6CFF62DC69C
:10510600D0F6CFC636F6D0C637F612000501765170
:10511600800B7F6F76517625816F75AF95EF28F0FE
:1051260097EF28F098EF28F081818151D8B49EEF4F
:1051360028F0A0EF28F0B4EF28F08129D8A4A6EF34
:1051460028F0A8EF28F0B0EF28F0000E736F000EDD
:10515600746F000E756F000E766F758F766BBCEFF1
:1051660028F0000E736F000E746F000E756F000E40
:10517600766F7A51800B806F7F518019D8B4C6EF55
:1051860028F0C8EF28F0C9EF28F07F8D7A517A25EC
:10519600806F79AFD1EF28F0D3EF28F0D4EF28F065
:1051A60080818051D8B4DAEF28F0DCEF28F0F0EFF8
:1051B60028F08029D8A4E2EF28F0E4EF28F0ECEFFD
:1051C60028F0000E776F000E786F000E796F000ED4
:1051D6007A6F798F7A6BF8EF28F0000E776F000EF2
:1051E600786F000E796F000E7A6F8151805DD8B0AE
:1051F600FFEF28F001EF29F028EF29F07FAD06EF49
:1052060029F008EF29F00AEF29F0800E7F1B81C5EF
:1052160082F580C581F582C580F573C582F577C5AF
:1052260073F582C577F574C582F578C574F582C5C0
:1052360078F575C582F579C575F582C579F576C5B2
:1052460082F57AC576F582C57AF5826B815180C57D
:105256007BF57C6B7B5F000E7C5B7CBF3CEF29F0B3
:105266007C5109E11A0E7B5DD8A03CEF29F03EEF98
:1052760029F075EF29F07351741175117611D8A4C0
:1052860047EF29F04AEF29F0010E4BEF29F0000E07
:10529600826F000E736F000E746F000E756F000E36
:1052A600766F80C581F57EEF29F082A15DEF29F04A
:1052B6005FEF29F065EF29F0D89082310109826FFE
:1052C60067EF29F0D890823373A16CEF29F06EEF67
:1052D60029F06FEF29F0828F763576337533743384
:1052E6007333812B8051815DD8A07CEF29F07EEF4E
:1052F60029F058EF29F07FBD83EF29F085EF29F0DB
:10530600C5EF29F08151D8A48BEF29F08DEF29F054
:1053160097EF29F0000E736F000E746F000E756F15
:10532600000E766FE4EF2AF07751732778517423D5
:10533600795175237A51762376A1A4EF29F0A6EF49
:1053460029F052EF2AF082A1ABEF29F0ADEF29F058
:10535600B3EF29F0D89082310109826FB5EF29F0B9
:10536600D890823373A1BAEF29F0BCEF29F0BDEFD4
:1053760029F0828F76357633753374337333812B08
:1053860052EF2AF07751735D7851745979517559F6
:105396007651800A7B6F7A51800A7B59D8B0D6EF56
:1053A60029F0D8EF29F003EF2AF07351775D7B6F70
:1053B600745178597C6F755179597D6F76517A5948
:1053C6007E6FFF0E7B25736FFF0E7C21746FFF0EC1
:1053D6007D21756FFF0E7E21766F800E7F1B826D9D
:1053E6008251D8A4F9EF29F0FBEF29F00BEF2AF050
:1053F600010E7327000E7423752376230BEF2AF014
:105406007751735F7851745B7951755B7A51765B2E
:105416007351741175117611D8A414EF2AF016EF92
:105426002AF04BEF2AF08251D8A41CEF2AF01EEF87
:105436002AF04BEF2AF0000E736F000E746F000E09
:10544600756F000E766FE4EF2AF0D89073377437D5
:105456007537763782AF32EF2AF034EF2AF035EF20
:105466002AF0738182A13AEF2AF03CEF2AF040EF4E
:105476002AF0D880823742EF2AF0D89082378151BD
:10548600D8B448EF2AF04AEF2AF04BEF2AF081070A
:1054960075AF50EF2AF052EF2AF028EF2AF0806B12
:1054A60082AF58EF2AF05AEF2AF072EF2AF082C53F
:1054B6007BF57F0E7B17D8B463EF2AF065EF2AF0F1
:1054C60069EF2AF0010E806F72EF2AF073A16EEF7A
:1054D6002AF070EF2AF072EF2AF065EF2AF0805179
:1054E600D8B478EF2AF07AEF2AF0A5EF2AF0010E69
:1054F6007327000E74237523762376A185EF2AF091
:1055060087EF2AF0A5EF2AF073C57BF574C57CF505
:1055160075C57DF576C57EF57E357E337D337C3368
:105526007B337BC573F57CC574F57DC575F57EC586
:1055360076F58129D8B4A2EF2AF0A4EF2AF0A5EFD8
:105546002AF0812B8129D8B4ABEF2AF0ADEF2AF0EF
:10555600B5EF2AF08151D8A4B3EF2AF0B5EF2AF0BF
:10556600C6EF2AF0000E736F000E746F000E756F93
:10557600000E766F8151D8A4C3EF2AF0C5EF2AF04A
:10558600C6EF2AF07F6B81A1CBEF2AF0CDEF2AF090
:10559600D0EF2AF0758FD1EF2AF0759FD890813120
:1055A600766F7FAFD9EF2AF0DBEF2AF0DCEF2AF037
:1055B600768F73C573F574C574F575C575F576C5BF
:1055C60076F512000501D251800BDB6FD251D22540
:1055D600E16FD1AFF1EF2AF0F3EF2AF0F4EF2AF002
:1055E600E181E151D8B4FAEF2AF0FCEF2AF00FEF8F
:1055F6002BF0E129D8A402EF2BF004EF2BF00CEFEF
:105606002BF0000ECF6F000ED06F000ED16F000E84
:10561600D26FD18F17EF2BF0000ECF6F000ED06F29
:10562600000ED16F000ED26FD651800BDB1BD65108
:10563600D625DC6FD5AF22EF2BF024EF2BF025EF2C
:105646002BF0DC81DC51D8B42BEF2BF02DEF2BF0B7
:1056560040EF2BF0DC29D8A433EF2BF035EF2BF0FD
:105666003DEF2BF0000ED36F000ED46F000ED56FFA
:10567600000ED66FD58F48EF2BF0000ED36F000EBD
:10568600D46F000ED56F000ED66FDC51D8B44EEF36
:105696002BF050EF2BF058EF2BF0E151D8A456EF3A
:1056A6002BF058EF2BF062EF2BF0000ECF6F000EB1
:1056B600D06F000ED16F000ED26FF8EF2CF0D551DF
:1056C600CF03F3C4E6F5F4C4E7F5E651DD6FDE6B10
:1056D600DF6BE06BE751E26FE36BE46BE56BD45194
:1056E600D003F3C4E6F5F4C4E7F5E651DD27000E72
:1056F600DE23DF23E023E751E227000EE323E42342
:10570600E523D351D103F3C4E6F5F4C4E7F5E65136
:10571600DD27000EDE23DF23E023E751E227000E1C
:10572600E323E423E523DFC5E0F5DEC5DFF5DDC5CC
:10573600DEF5DD6BD351D003F3C4E6F5F4C4E7F52B
:10574600E651DD27E751DE23000EDF23000EE023BE
:10575600D451CF03F3C4E6F5F4C4E7F5E651DD27EB
:10576600E751DE23000EDF23000EE023DFC5E0F560
:10577600DEC5DFF5DDC5DEF5DD6BD351CF03F3C442
:10578600E6F5F4C4E7F5E651DD27E751DE23000E22
:10579600DF23000EE023D551D003F3C4E6F5F4C4AD
:1057A600E7F5E651E227E751E323000EE423000E76
:1057B600E523D451D103F3C4E6F5F4C4E7F5E65185
:1057C600E227E751E323000EE423000EE523D5513B
:1057D600D103F3C4E6F5F4C4E7F5E651D76FE75114
:1057E600D86FD96BDA6BD9C5DAF5D8C5D9F5D7C56F
:1057F600D8F5D76BD751E227D851E323D951E42303
:10580600DA51E523DDC5D7F5DEC5D8F5DFC5D9F50F
:10581600E0C5DAF5190E15EF2CF0D890DA33D93346
:10582600D833D733E82E10EF2CF0D751E227D851D2
:10583600E323D951E423DA51E523DFC5E0F5DEC5DC
:10584600DFF5DDC5DEF5DD6BDC51E1C5D7F5D86BDF
:10585600D727000ED823820ED725E66FFF0ED82154
:10586600E76F4BEF2CF0D890E237E337E437E537B4
:10587600E0AF40EF2CF042EF2CF043EF2CF0E2814A
:10588600D890DD37DE37DF37E037E607D8A0E70701
:10589600E4AF50EF2CF052EF2CF036EF2CF0DC6B2F
:1058A600E0AF58EF2CF05AEF2CF07EEF2CF0FF0E05
:1058B600DD15D76FFF0EDE15D86FFF0EDF15D96F1A
:1058C6007F0EE015DA6FD751D811D911DA11D8B495
:1058D6006FEF2CF071EF2CF075EF2CF0010EDC6FF2
:1058E6007EEF2CF0E2A17AEF2CF07CEF2CF07EEF2D
:1058F6002CF071EF2CF0DC51D8B484EF2CF086EF4D
:105906002CF0AAEF2CF0010EE227000EE323E4238D
:10591600E523E5A191EF2CF093EF2CF0AAEF2CF004
:10592600E2C5D7F5E3C5D8F5E4C5D9F5E5C5DAF599
:10593600DA35DA33D933D833D733D7C5E2F5D8C514
:10594600E3F5D9C5E4F5DAC5E5F5E64BE72BE7BFA0
:10595600B5EF2CF0E75108E1E629D8A0B5EF2CF019
:10596600B7EF2CF0C1EF2CF0000EE26F000EE36FE4
:10597600800EE46F7F0EE56FEEEF2CF0E7BFCEEF03
:105986002CF0E75106E1E605D8B0CCEF2CF0CEEFCF
:105996002CF0D9EF2CF0000EE26F000EE36F000E34
:1059A600E46F000EE56FDB6BEEEF2CF0E6C5E1F57C
:1059B600FF0EE217FF0EE3177F0EE417000EE51742
:1059C600E1A1E8EF2CF0EAEF2CF0EBEF2CF0E48FFE
:1059D600D890E131E56FDB51E513E2C5CFF5E3C5BC
:1059E600D0F5E4C5D1F5E5C5D2F512000601386F4C
:1059F600050E06013819D8A403EF2DF005EF2DF09A
:105A06000CEF2EF0AB0E0501D36FAA0ED46F270E46
:105A1600D56F430ED66F000EBA6F000EBB6F7A0EAF
:105A2600BC6F440EBD6F050E84EC40F005017BC5CE
:105A3600A8F57CC5A9F5AA6BAB6B000E5EEC42F02F
:105A4600A8C5B6F5A9C5B7F5AAC5B8F5ABC5B9F5E4
:105A5600DAEC34F0B6C5CFF5B7C5D0F5B8C5D1F593
:105A6600B9C5D2F5E5EC2AF0CFC52CF6D0C52DF692
:105A7600D1C52EF6D2C52FF608EC4CF02CC6CDF6C5
:105A86002DC6CEF6040E57EC3DF000C639F601C61B
:105A96003AF602C63BF603C63CF6000E0501BA6F9F
:105AA600000EBB6F7A0EBC6F440EBD6FCDC6A8F557
:105AB600CEC6A9F5AA6BAB6B000E5EEC42F0A8C58C
:105AC600D3F5A9C5D4F5AAC5D5F5ABC5D6F539C65E
:105AD600CFF53AC6D0F53BC6D1F53CC6D2F5E5ECD6
:105AE6002AF0CFC5B6F5D0C5B7F5D1C5B8F5D2C53C
:105AF600B9F5DAEC34F0B6C52CF6B7C52DF6B8C54F
:105B06002EF6B9C52FF608EC4CF02CC6D0F72DC6EC
:105B1600D1F7260E0601CD5D020ECE59D8B096EF0E
:105B26002DF098EF2DF0A3EF2DF0CE5107E1970E53
:105B3600CD5DD8B0A1EF2DF0A3EF2DF0ABEF2DF09A
:105B4600010EEF6F000E376F010E366F08EF2FF064
:105B5600CE5107E11F0ECD5DD8B0B4EF2DF0B6EFF4
:105B66002DF0BEEF2DF0020EEF6F000E376F020E16
:105B7600366F08EF2FF0CD0E0501D36FCC0ED46F24
:105B86008C0ED56F3F0ED66F3AC5A8F53BC5A9F565
:105B9600AA6BAB6B000E5EEC42F0A8C5CFF5A9C5AB
:105BA600D0F5AAC5D1F5ABC5D2F5E5EC2AF0CFC53F
:105BB6000CF6D0C50DF6D1C50EF6D2C50FF6D0C778
:105BC600A8F5D1C7A9F50501AA6BAB6B000E5EEC73
:105BD60042F0A8C510F6A9C511F6AAC512F6ABC5BE
:105BE60013F68CEC4CF00601D8B0FCEF2DF0FEEF6E
:105BF6002DF006EF2EF0030EEF6F000E376F020E3C
:105C0600366F08EF2FF0000E376F000E366F08EF75
:105C16002FF03805D8A412EF2EF014EF2EF006EF71
:105C26002EF0AB0E0501D36FAA0ED46F270ED56FDB
:105C3600430ED66F000EBA6F000EBB6F7A0EBC6FA6
:105C4600440EBD6F010E84EC40F005017BC5A8F53E
:105C56007CC5A9F5AA6BAB6B000E5EEC42F0A8C53D
:105C6600B6F5A9C5B7F5AAC5B8F5ABC5B9F5DAEC69
:105C760034F0B6C5CFF5B7C5D0F5B8C5D1F5B9C5B9
:105C8600D2F5E5EC2AF0CFC52CF6D0C52DF6D1C558
:105C96002EF6D2C52FF608EC4CF02CC6CBF62DC648
:105CA600CCF6000E57EC3DF000C639F601C63AF6C2
:105CB60002C63BF603C63CF6000E0501BA6F000E9F
:105CC600BB6F7A0EBC6F440EBD6FCBC6A8F5CCC6B3
:105CD600A9F5AA6BAB6B000E5EEC42F0A8C5D3F536
:105CE600A9C5D4F5AAC5D5F5ABC5D6F539C6CFF540
:105CF6003AC6D0F53BC6D1F53CC6D2F5E5EC2AF05E
:105D0600CFC5B6F5D0C5B7F5D1C5B8F5D2C5B9F585
:105D1600DAEC34F0B6C52CF6B7C52DF6B8C52EF6B6
:105D2600B9C52FF608EC4CF02CC6CEF72DC6CFF72A
:105D36002C0E0601CB5D010ECC59D8A0A5EF2EF096
:105D4600A7EF2EF0AFEF2EF0040EEF6F000E376FB9
:105D5600010E366F08EF2FF0CC5107E1150ECB5D23
:105D6600D8B0B8EF2EF0BAEF2EF0C2EF2EF0050E37
:105D7600EF6F000E376F020E366F08EF2FF0CD0E65
:105D86000501D36FCC0ED46F8C0ED56F3F0ED66F38
:105D960038C5A8F539C5A9F5AA6BAB6B000E5EEC44
:105DA60042F0A8C5CFF5A9C5D0F5AAC5D1F5ABC5B2
:105DB600D2F5E5EC2AF0CFC50CF6D0C50DF6D1C567
:105DC6000EF6D2C50FF6CEC7A8F5CFC7A9F50501C1
:105DD600AA6BAB6B000E5EEC42F0A8C510F6A9C527
:105DE60011F6AAC512F6ABC513F68CEC4CF00601FB
:105DF600D8B000EF2FF002EF2FF006EF2EF0060ED0
:105E0600EF6F000E376F020E366F12006DC6D9F4B3
:105E16006EC6DAF4DEC4F6F4DDC4F7F4000EF86EEE
:105E26000800F550250AD8A41BEF2FF01DEF2FF020
:105E360001EF31F06DC6D9F46EC6DAF4DE2A000E33
:105E4600DD22000E0601C86F000EC76FC7C6DFF65B
:105E5600C969CA69736B50EF2FF0DF836DC6D9F439
:105E66006EC6DAF4DE2A000EDD2250EF2FF0010EA8
:105E7600736F50EF2FF06DC6D9F46EC6DAF4DEC438
:105E8600F6F4DDC4F7F4000EF86E0800F550300A9B
:105E9600D8B430EF2FF03AEF2FF07351D8B456EF55
:105EA6002FF058EF2FF03EEF2FF06DC673F56EC64C
:105EB60074F56FC675F570C676F5BEEC50F073C511
:105EC600C7F674C5C8F60601C8BF6EEF2FF06CEFB3
:105ED6002FF073EF2FF0DF81C76DC81FD8B0C82B26
:105EE6006DC6D9F46EC6DAF4DEC4F6F4DDC4F7F492
:105EF600000EF86E0800F5502E0AD8A485EF2FF094
:105F060087EF2FF09CEF2FF06DC6D9F46EC6DAF44A
:105F1600DE2A000EDD226DC673F56EC674F56FC6F9
:105F260075F570C676F5BEEC50F073C5C9F674C546
:105F3600CAF66DC6D9F46EC6DAF4DEC479F6DDC4E7
:105F46007AF679C6F6F47AC6F7F4000EF86E08000B
:105F5600F550640AD8B4B2EF2FF0B4EF2FF0C4EFC7
:105F66002FF079C6F6F47AC6F7F4000EF86E08003C
:105F7600F550690AD8A4C2EF2FF0C4EF2FF0F3EF63
:105F86002FF06FC6D9F470C6DAF4DFC471F6020ECC
:105F9600DE26DFC472F6000EDD2271C6D9F472C6A3
:105FA600DAF4DEC475F6DDC476F6010E060179254F
:105FB600716F000E7A21726F6DC6D9F46EC6DAF46F
:105FC60071C6DEF472C6DDF46BC690F56CC691F54B
:105FD60075C692F576C693F57CEC41F018EF31F074
:105FE60079C6F6F47AC6F7F4000EF86E0800F55096
:105FF600580AD8A401EF30F003EF30F042EF30F04A
:106006006FC6D9F470C6DAF4DFC471F6020EDE2666
:10601600DFC472F6000EDD2271C6D9F472C6DAF458
:10602600DEC475F6DDC476F6010E06017925716FBC
:10603600000E7A21726F6DC6D9F46EC6DAF471C697
:10604600DEF472C6DDF434EF30F06BC690F56CC644
:1060560091F575C692F576C693F53DEC46F018EFC8
:1060660031F079C6F6F47AC6F7F4000EF86E080039
:10607600F550580AD8B428EF30F042EF30F06DC62C
:10608600D9F46EC6DAF4DEC479F6DDC47AF679C6DA
:10609600F6F47AC6F7F4000EF86E0800F5C474F646
:1060A60060EF30F0794B7A2B70EF30F06C0E746F36
:1060B60070EF30F0746B70EF30F0060174514C0ADB
:1060C600D8B455EF30F02A0AD8B459EF30F00A0A9E
:1060D600D8B455EF30F05DEF30F079C6F6F47AC6F5
:1060E600F7F4000EF86E0800F550660AD8A47EEFA5
:1060F60030F080EF30F0F8EF30F0B6EF30F06FC6EA
:10610600D9F470C6DAF4DFC471F6040EDE26DFC4F5
:1061160072F6000EDD2271C6D9F472C6DAF4DEC458
:1061260075F6DEC476F6DEC477F6DEC478F6C1EF21
:1061360030F06FC6D9F470C6DAF4DFC471F6040E17
:10614600DE26DFC472F6000EDD2271C6D9F472C6F1
:10615600DAF4DEC475F6DEC476F6DEC477F6DEC49F
:1061660078F6C1EF30F074514C0AD8B49CEF30F099
:10617600200AD8B482EF30F0C1EF30F0010E792555
:10618600716F000E7A21726F6DC6D9F46EC6DAF49D
:1061960071C6DEF472C6DDF4EAEF30F06BC636F691
:1061A6006CC637F675C638F676C639F677C63AF649
:1061B60078C63BF679C6F6F47AC6F7F4000EF86EA2
:1061C6000800F5C43CF623EC1EF018EF31F079C652
:1061D600F6F47AC6F7F4000EF86E0800F550660A73
:1061E600D8B4D1EF30F0F8EF30F06DC6D9F46EC602
:1061F600DAF4DE2A000EDD2218EF31F06DC6D9F48E
:106206006EC6DAF4DEC4F6F4DDC4F7F4000EF86EFA
:106216000800F5500501776F786B6BC679F56CC68B
:106226007AF525EC51F0F8EF30F01200030E54EC3D
:1062360062F073C518F674C519F6000E0501BA6F3B
:10624600F00EBB6F7F0EBC6F450EBD6F18C6A8F56E
:1062560019C6A9F5000EA9BFFF0EAA6FAB6F010EF6
:106266005EEC42F0A8C5B6F5A9C5B7F5AAC5B8F55E
:10627600ABC5B9F5DAEC34F0B6C5CFF5B7C5D0F590
:10628600B8C5D1F5B9C5D2F56F0E0501D36F120E9B
:10629600D46F830ED56F400ED66FE5EC2AF0CFC5CE
:1062A60022F6D0C523F6D1C524F6D2C525F622C6D8
:1062B60024F723C625F724C626F725C627F799EC23
:1062C60066F073C51EF674C51FF675C520F676C54D
:1062D60021F620C777F521C778F522C779F523C7B8
:1062E6007AF500EC5AF077C51AF678C51BF679C52B
:1062F6001CF67AC51DF61CC704F61DC705F61EC793
:1063060006F61FC707F622C600F623C601F624C600
:1063160002F625C603F645EC60F000C608F601C68F
:1063260009F602C60AF603C60BF639EC63F008C690
:106336000CF609C60DF60AC60EF60BC60FF6CD0EFE
:106346000601106FCC0E116F4C0E126F3D0E136FBF
:106356008CEC4CF00601D8B0B3EF31F0B5EF31F06C
:10636600C0EF31F0050EE661BBEF31F0BDEF31F065
:10637600C1EF31F0E62BC1EF31F0E66B22C61CF718
:1063860023C61DF724C61EF725C61FF7EBEF32F00E
:10639600F06B040EE665D2EF31F0D4EF31F0FAEF90
:1063A60032F022C60CF623C60DF624C60EF625C616
:1063B6000FF6660E106F660E116FE60E126F3F0E29
:1063C600136F8CEC4CF00601D8A0ECEF31F0EEEF39
:1063D60031F022EF32F022C60CF623C60DF624C6A3
:1063E6000EF625C60FF6CD0E106FCC0E116F0C0EE5
:1063F600126F400E136F8CEC4CF00601D8B006EF0E
:1064060032F008EF32F022EF32F01D511C110BE191
:10641600E80E1A5D030E1B59D8A014EF32F016EFE2
:1064260032F0FAEF32F0010EE76F1EC620F71FC6F4
:1064360021F720C622F721C623F7FAEF32F022C64B
:106446000CF623C60DF624C60EF625C60FF69A0ED2
:10645600106F990E116F190E126F400E136F8CECA0
:106466004CF00601D8A03AEF32F03CEF32F018EFCC
:1064760032F01D511C110BE1E80E1A5D030E1B597B
:10648600D8A048EF32F04AEF32F04EEF32F0020E6B
:10649600E76F18EF32F0FAEF32F0010EF06F040EEC
:1064A600E66558EF32F05AEF32F0FAEF32F0660E48
:1064B6000C6F660E0D6FA60E0E6F3F0E0F6F22C687
:1064C60010F623C611F624C612F625C613F68CEC72
:1064D6004CF00601D8A072EF32F074EF32F08DEF77
:1064E60032F01D511C110BE1E80E1A5D030E1B590B
:1064F600D8A080EF32F082EF32F0FAEF32F0E76B9D
:106506001EC620F71FC621F720C622F721C623F78D
:10651600FAEF32F022C60CF623C60DF624C60EF6A6
:1065260025C60FF69A0E106F990E116F190E126F7F
:10653600400E136F8CEC4CF00601D8A0A5EF32F09C
:10654600A7EF32F018EF32F01D511C110BE1E80EE7
:106556001A5D030E1B59D8A0B3EF32F0B5EF32F037
:106566004EEF32F04AEF32F0020EF06F040EE6659F
:10657600BFEF32F0C1EF32F0FAEF32F0660E0C6F79
:10658600660E0D6FA60E0E6F3F0E0F6F22C610F62B
:1065960023C611F624C612F625C613F68CEC4CF06B
:1065A6000601D8A0D9EF32F0DBEF32F0FAEF32F085
:1065B6001D511C110BE1D00E1A5D070E1B59D8A0F8
:1065C600E7EF32F0E9EF32F0FAEF32F082EF32F035
:1065D600E751000AD8B4CBEF31F0010AD8B450EF36
:1065E60032F0030AD8B4B7EF32F0FAEF32F0120005
:1065F600060118511911D8A403EF33F005EF33F053
:106606000FEF33F0000E186F000E196F000E1A6FA1
:10661600000E1B6FD9EF34F099EC66F073C52EF6B9
:1066260074C52FF675C530F676C531F6060120EE2F
:1066360008F01851D9261951DA22DEC473F5DEC4E2
:1066460074F5DEC475F5DEC476F51AC677F51BC695
:1066560078F51CC679F51DC67AF543EC56F00501AA
:10666600D8B038EF33F03AEF33F0C9EF33F0060124
:1066760020EE08F01851D9261951DA221AC6DEF48E
:106686001BC6DEF41CC6DEF41DC6DEF418C6D9F43D
:1066960019C6DAF4DEC40CF6DEC40DF6DEC40EF658
:1066A600DEC40FF61AC610F61BC611F61CC612F685
:1066B6001DC613F68CEC4CF00601D8B065EF33F02E
:1066C60067EF33F097EF33F018C6D9F419C6DAF44A
:1066D60010EE04F01851E1261951E222DEC4E6F468
:1066E600DEC4E6F4DEC4E6F4DEC4E6F420EE0CF026
:1066F6001851D9261951DA222EC6DEF42FC6DEF439
:1067060030C6DEF431C6DEF420EE10F01851D9267C
:106716001951DA221EC6DEF41FC6DEF420C6DEF4E8
:1067260021C6DEF4C9EF33F020EE04F01851D92665
:106736001951DA221AC6DEF41BC6DEF41CC6DEF4D4
:106746001DC6DEF418C6D9F419C6DAF41AC6DEF484
:106756001BC6DEF41CC6DEF41DC6DEF420EE0CF00D
:106766001851D9261951DA222EC6DEF42FC6DEF4C8
:1067760030C6DEF431C6DEF420EE10F01851D9260C
:106786001951DA22DE6ADE6ADE6ADD6A060120EE69
:1067960010F01851D9261951DA22DE50DE10DE101B
:1067A600DE10D8A4D9EF33F0DBEF33F0E9EF33F0A6
:1067B60018C6D9F419C6DAF4DEC418F6DEC419F61A
:1067C600DEC41AF6DEC41BF6D9EF34F020EE0CF068
:1067D6001851D9261951DA22DEC477F5DEC478F5C8
:1067E600DEC479F5DEC47AF500EC5AF077C532F6E8
:1067F60078C533F679C534F67AC535F6060120EE46
:1068060010F01851D9261951DA22DE50325DDE50C9
:106816003359DE503459DE503559D8A015EF34F0CF
:1068260017EF34F037EF34F020EE08F01851D92680
:106836001951DA2218C6E1F419C6E2F4DEC4E6F408
:10684600DEC4E6F4DEC4E6F4DEC4E6F418C6D9F423
:1068560019C6DAF4DEC418F6DEC419F6DEC41AF672
:10686600DEC41BF6D9EF34F032C6A8F533C6A9F557
:1068760034C6AAF535C6ABF5000E5EEC42F0A8C5E7
:10688600B6F5A9C5B7F5AAC5B8F5ABC5B9F50601FC
:1068960020EE10F01851D9261951DA22DEC4A8F5D7
:1068A600DEC4A9F5DEC4AAF5DEC4ABF5000E5EECC7
:1068B60042F0A8C5BAF5A9C5BBF5AAC5BCF5ABC5D6
:1068C600BDF5DAEC34F0B6C526F6B7C527F6B8C579
:1068D60028F6B9C529F626C6D3F527C6D4F528C69F
:1068E600D5F529C6D6F5060120EE04F01851D926AD
:1068F6001951DA22DEC404F6DEC405F6DEC406F655
:10690600DEC407F620EE08F01851D9261951DA220E
:10691600DEC400F6DEC401F6DEC402F6DEC403F60B
:1069260045EC60F000C6CFF501C6D0F502C6D1F53C
:1069360003C6D2F5E5EC2AF0CFC52AF6D0C52BF66C
:10694600D1C52CF6D2C52DF62AC673F52BC674F51D
:106956002CC675F52DC676F5060120EE04F0185105
:10696600D9261951DA22DEC477F5DEC478F5DEC4FD
:1069760079F5DEC47AF589EC28F018C6D9F419C67B
:10698600DAF4050173C5DEF474C5DEF475C5DEF40C
:1069960076C5DEF418C6D9F419C6DAF4DEC418F6DC
:1069A600DEC419F6DEC41AF6DEC41BF612000501B3
:1069B600B951800BC66FB951B925CD6FB8AFE6EFA7
:1069C60034F0E8EF34F0E9EF34F0CD81CD51D8B4AE
:1069D600EFEF34F0F1EF34F005EF35F0CD29D8A420
:1069E600F7EF34F0F9EF34F001EF35F0000EB66F43
:1069F600000EB76F000EB86F000EB96FB88FB96B87
:106A06000DEF35F0000EB66F000EB76F000EB86FC3
:106A1600000EB96FBD51800BC61BBD51BD25CE6F93
:106A2600BCAF18EF35F01AEF35F01BEF35F0CE811D
:106A3600CE51D8B421EF35F023EF35F037EF35F0EE
:106A4600CE29D8A429EF35F02BEF35F033EF35F00A
:106A5600000EBA6F000EBB6F000EBC6F000EBD6F4E
:106A6600BC8FBD6B3FEF35F0000EBA6F000EBB6FEB
:106A7600000EBC6F000EBD6FBA51BB11BC11BD112B
:106A8600D8A448EF35F04AEF35F062EF35F0000E46
:106A9600B66F000EB76F000EB86F000EB96F800E9E
:106AA600B8137F0EB913C651B913B6C5B6F5B7C537
:106AB600B7F5B8C5B8F5B9C5B9F5A2EF36F0CD51F9
:106AC600D8A468EF35F06AEF35F074EF35F0000EB4
:106AD600B66F000EB76F000EB86F000EB96FA2EF5B
:106AE60036F0CE51CDC5BEF5BF6BBE5F000EBF5BA7
:106AF6007F0EBE25C76F000EBF21C86FB6C5C2F593
:106B0600B7C5C3F5B8C5C4F5B9C5C5F5000EB66FAA
:106B1600000EB76F000EB86F000EB96F000EC96F8A
:106B2600000ECA6F000ECB6F000ECC6FCE6BD4EF8B
:106B360035F0CE51D8B4A2EF35F0A4EF35F0BBEF67
:106B460035F0D890C237C337C437C537D890B63773
:106B5600B737B837B937CCAFB3EF35F0B5EF35F057
:106B6600B6EF35F0B681D890C937CA37CB37CC37B0
:106B7600BA51C25DBB51C359BC51C459BD51C55967
:106B8600D8A0C8EF35F0CAEF35F0D3EF35F0CC8D8D
:106B9600BA51C25FBB51C35BBC51C45BBD51C55B3F
:106BA600CE2B190ECE65DAEF35F0DCEF35F09CEF23
:106BB60035F0C251C311C411C511D8B4E5EF35F093
:106BC600E7EF35F0FFEF35F0C981FFEF35F0D890EC
:106BD600B637B737B837B937CCAFF4EF35F0F6EF8D
:106BE60035F0F7EF35F0B681D890C937CA37CB37CD
:106BF600CC37C707D8A0C807B8AF04EF36F006EF02
:106C060036F0EAEF35F0CE6BCCAF0CEF36F00EEF88
:106C160036F032EF36F0FF0EC915BE6FFF0ECA15FD
:106C2600BF6FFF0ECB15C06F7F0ECC15C16FBE5167
:106C3600BF11C011C111D8B423EF36F025EF36F0DD
:106C460029EF36F0010ECE6F32EF36F0B6A12EEFF9
:106C560036F030EF36F032EF36F025EF36F0CE5123
:106C6600D8B438EF36F03AEF36F05EEF36F0010E74
:106C7600B627000EB723B823B923B9A145EF36F0DE
:106C860047EF36F05EEF36F0B6C5BEF5B7C5BFF5D1
:106C9600B8C5C0F5B9C5C1F5C135C133C033BF33B9
:106CA600BE33BEC5B6F5BFC5B7F5C0C5B8F5C1C5D7
:106CB600B9F5C74BC82BC8BF69EF36F0C85108E114
:106CC600C729D8A069EF36F06BEF36F076EF36F0CD
:106CD600000EC86FC769000EB66F000EB76F000EC4
:106CE600B86F000EB96FC8BF83EF36F0C85106E122
:106CF600C705D8B081EF36F083EF36F090EF36F067
:106D0600000EC86F000EC76F000EB66F000EB76F8D
:106D1600000EB86F000EB96FC66BC7C5CDF5CDA115
:106D260097EF36F099EF36F09CEF36F0B88F9DEF7F
:106D360036F0B89FD890CD31B96F56EF35F01200C6
:106D46000601ED05D8B4AAEF36F0ACEF36F0B5EF94
:106D560036F0030EED19D8A4B3EF36F0B5EF36F0E2
:106D66005CEF37F0000E0501BA6F000EBB6F7A0EAE
:106D7600BC6F440EBD6F050E84EC40F005017BC56B
:106D8600A8F57CC5A9F5AA6BAB6B000E5EEC42F0CC
:106D9600A8C5B6F5A9C5B7F5AAC5B8F5ABC5B9F581
:106DA600DAEC34F0B6C5CFF5B7C5D0F5B8C5D1F530
:106DB600B9C5D2F5AB0E0501D36FAA0ED46F270E57
:106DC600D56F430ED66FE5EC2AF0CFC568F7D0C570
:106DD60069F7D1C56AF7D2C56BF7040E57EC3DF0DB
:106DE60000C674F601C675F602C676F603C677F6D1
:106DF60068C7D3F569C7D4F56AC7D5F56BC7D6F5A5
:106E060074C6CFF575C6D0F576C6D1F577C6D2F578
:106E1600E5EC2AF0CFC5B6F5D0C5B7F5D1C5B8F5BE
:106E2600D2C5B9F5000E0501BA6F000EBB6F7A0E1A
:106E3600BC6F440EBD6FDAEC34F0B6C564F7B7C567
:106E460065F7B8C566F7B9C567F750C736F651C7CF
:106E560037F652C738F653C739F67AEC61F036C6BC
:106E660060F737C661F738C662F739C663F7A50E0D
:106E76000601366F080E376F60C738F661C739F6F8
:106E860062C73AF663C73BF664C73CF665C73DF68C
:106E960066C73EF667C73FF683EC23F036C6D5F6DF
:106EA60037C6D6F6D5C675F5D6C676F5010E76EC96
:106EB6005BF0020E0601ED19D8B464EF37F066EF09
:106EC60037F06FEF37F0030EED19D8A46DEF37F0FA
:106ED6006FEF37F028EF38F0000E0501BA6F000E9D
:106EE600BB6F7A0EBC6F440EBD6F010E84EC40F092
:106EF60005017BC5A8F57CC5A9F5AA6BAB6B000E91
:106F06005EEC42F0A8C5B6F5A9C5B7F5AAC5B8F5B1
:106F1600ABC5B9F5DAEC34F0B6C5CFF5B7C5D0F5E3
:106F2600B8C5D1F5B9C5D2F5AB0E0501D36FAA0E1A
:106F3600D46F270ED56F430ED66FE5EC2AF0CFC57A
:106F46005CF7D0C55DF7D1C55EF7D2C55FF7000E19
:106F560057EC3DF000C674F601C675F602C676F625
:106F660003C677F65CC7D3F55DC7D4F55EC7D5F51E
:106F76005FC7D6F574C6CFF575C6D0F576C6D1F51A
:106F860077C6D2F5E5EC2AF0CFC5B6F5D0C5B7F58C
:106F9600D1C5B8F5D2C5B9F5000E0501BA6F000E18
:106FA600BB6F7A0EBC6F440EBD6FDAEC34F0B6C51B
:106FB60058F7B7C559F7B8C55AF7B9C55BF7DDC66F
:106FC600A8F5DEC6A9F50501AA6BAB6B000E5EEC53
:106FD60042F0A8C570F6A9C571F6AAC572F6ABC58A
:106FE60073F670C636F671C637F672C638F673C6CD
:106FF60039F65AEC61F036C654F737C655F738C637
:1070060056F739C657F77E0E0601366F080E376FEC
:1070160054C738F655C739F656C73AF657C73BF63A
:1070260058C73CF659C73DF65AC73EF65BC73FF60A
:1070360083EC23F036C6D3F637C6D4F6D3C675F539
:10704600D4C676F5020E76EC5BF012003CC777F5F7
:107056003DC778F53EC779F53FC77AF500EC5AF09B
:1070660077C5AAF578C5ABF579C5ACF57AC5ADF5A2
:1070760038C777F539C778F53AC779F53BC77AF552
:1070860000EC5AF077C5AEF578C5AFF579C5B0F521
:107096007AC5B1F50D0E84EC40F07BC5B2F57CC522
:1070A600B3F55D50D8B45AEF38F05CEF38F073EFB3
:1070B60038F099EC66F073C538F774C539F775C5BD
:1070C6003AF776C53BF799EC66F073C53CF774C59D
:1070D6003DF775C53EF776C53FF7010E516E5D6A01
:1070E6000501FE51D8A47AEF38F07CEF38F079EF3D
:1070F60039F0B151B0110BE1880EAE5D130EAF59E8
:10710600D8A088EF38F08AEF38F079EF39F0010E21
:10711600FE6F79EF39F05150D8A494EF38F096EF1E
:1071260038F0AAEF38F0AD51AC110BE1B80EAA5DFC
:107136000B0EAB59D8A0A2EF38F0A4EF38F092EFBF
:1071460039F00601EE6B010E516E92EF39F0FE51E9
:10715600D8A4B0EF38F0B2EF38F0CAEF38F0730EBB
:10716600B25D060EB359D8A0BBEF38F0BDEF38F0CC
:10717600CAEF38F0010E526E99EC66F073C53CF713
:1071860074C53DF775C53EF776C53FF7516A0501EB
:10719600FE05D8A4D1EF38F0D3EF38F092EF39F0EE
:1071A600350EB25D080EB359D8A0DCEF38F0DEEF2D
:1071B60038F092EF39F0010E526E99EC66F073C515
:1071C6003CF774C53DF775C53EF776C53FF7516A7E
:1071D60092EF39F0FF6B010E0601EE6F0501FE0519
:1071E600D8A4F8EF38F0FAEF38F02CEF39F0A40E07
:1071F600B25D060EB359D8B003EF39F005EF39F09A
:1072060008EF39F0526AE0EF38F0D70EB25D060E9D
:10721600B359D8A011EF39F013EF39F092EF39F0E6
:107226003A0EB25D070EB359D8B01CEF39F01EEF17
:1072360039F092EF39F0020E526E99EC66F073C592
:107246003CF774C53DF775C53EF776C53FF792EF37
:1072560039F0FE51D8A432EF39F034EF39F092EF1D
:1072660039F0A40EB25D060EB359D8B03DEF39F031
:107276003FEF39F043EF39F0010EFE6F05EF39F0BD
:10728600D70EB25D060EB359D8A04CEF39F04EEFCB
:1072960039F092EF39F03A0EB25D070EB359D8B015
:1072A60057EF39F059EF39F092EF39F01EEF39F018
:1072B600010EFF6F350EB25D080EB359D8A066EF0A
:1072C60039F068EF39F06CEF39F0010E526E20EFAD
:1072D60039F0A40EB25D060EB359D8B075EF39F089
:1072E60077EF39F092EF39F005EF39F05250A86F89
:1072F600A96BA951000AD8B483EF39F092EF39F09F
:10730600A851000AD8B48EEF38F0010AD8B4EDEFD0
:1073160038F0030AD8B45BEF39F092EF39F0120077
:107326000601EE05D8B49AEF39F09CEF39F0A0EFDC
:1073360039F0DFEF3AF0DFEF3AF0ED51D8A4A6EFDF
:1073460039F0A8EF39F0AAEF39F0DFEF3AF030C79D
:1073560077F531C778F532C779F533C77AF500EC9A
:107366005AF077C53DF678C53EF679C53FF67AC53B
:1073760040F62CC777F52DC778F52EC779F52FC7B8
:107386007AF500EC5AF077C541F678C542F679C52C
:1073960043F67AC544F60601F251D8B4D5EF39F072
:1073A600D7EF39F055EF3AF0050EF9EC2CF006015F
:1073B6003651476F4705D8A4E3EF39F0E5EF39F0CA
:1073C60011EF3AF0EC51D8A4EBEF39F0EDEF39F0CC
:1073D600FCEF39F099EC66F073C530F774C531F7F8
:1073E60075C532F776C533F7010E0601EC6F55EF1A
:1073F6003AF040513F110BE1E90E3D5D030E3E5957
:10740600D8A008EF3AF00AEF3AF055EF3AF0000E3E
:10741600DA6F010ED96FEC6B55EF3AF0020E471991
:10742600D8A418EF3AF01AEF3AF045EF3AF0EB51DC
:10743600D8A420EF3AF022EF3AF031EF3AF099EC87
:1074460066F073C530F774C531F775C532F776C582
:1074560033F7010E0601EB6F55EF3AF040513F113D
:107466003E1109E1C90E3D5DD8A03CEF3AF03EEF72
:107476003AF055EF3AF0000EDA6F020ED96FEB6B69
:1074860055EF3AF0D951DA11D8A44CEF3AF04EEF55
:107496003AF055EF3AF0000EDA6F000ED96FEC6B4A
:1074A60042EF3AF0F151D8B45BEF3AF05DEF3AF0C3
:1074B600DFEF3AF0010EF9EC2CF036C645F637C68A
:1074C60046F6060145054611D8A46CEF3AF06EEF74
:1074D6003AF09AEF3AF0EA51D8A474EF3AF076EF20
:1074E6003AF085EF3AF099EC66F073C52CF774C55F
:1074F6002DF775C52EF776C52FF7010E0601EA6F33
:10750600DFEF3AF0445143110BE1E90E415D030E02
:107516004259D8A091EF3AF093EF3AF09EEF39F046
:10752600000ED86F010ED76FEA6BDFEF3AF0020E4E
:1075360045194611D8A4A2EF3AF0A4EF3AF0CFEFDE
:107546003AF0E951D8A4AAEF3AF0ACEF3AF0BBEF23
:107556003AF099EC66F073C52CF774C52DF775C52E
:107566002EF776C52FF7010E0601E96FDFEF3AF029
:1075760044514311421109E1C90E415DD8A0C6EF3D
:107586003AF0C8EF3AF0DFEF3AF0000ED86F020E8D
:10759600D76FE96BDFEF3AF0D751D811D8A4D6EF01
:1075A6003AF0D8EF3AF09EEF39F0000ED86F000EA1
:1075B600D76FEA6BCCEF3AF012003AC595F53BC5AA
:1075C60096F53AC573F53BC574F50501756B766B93
:1075D6000601F2510501776F786B796B7A6BADEC2A
:1075E6005BF073C57FF574C580F575C581F576C505
:1075F60082F5640E0501836F000E846F000E856FA1
:10760600000E866F82EC4BF0E80E05017F25976F22
:10761600FF0E8021986FFF0E8121996FFF0E822148
:107626009A6F9ABF1BEF3BF019EF3BF023EF3BF04D
:10763600000E976F000E986F000E996F000E9A6FEE
:107646003A508F6F3B50906F916B926B97518F5D55
:1076560098519059995191599251800A936F9A5124
:10766600800A9359D8B03AEF3BF03CEF3BF042EF3B
:107676003BF03AC597F53BC598F5996B9A6B97C55C
:1076860036F598C537F538C573F539C574F5756B94
:10769600766B0601F1510501776F786B796B7A6B22
:1076A600ADEC5BF073C57FF574C580F575C581F5E6
:1076B60076C582F5640E0501836F000E846F000E99
:1076C600856F000E866F82EC4BF0ED0E05017F256F
:1076D600976FFF0E8021986FFF0E8121996FFF0E25
:1076E60082219A6F9ABF7CEF3BF07AEF3BF084EFF2
:1076F6003BF0000E976F000E986F000E996F000E0C
:107706009A6F38508F6F3950906F916B926B97517B
:107716008F5D98519059995191599251800A936F62
:107726009A51800A9359D8B09BEF3BF09DEF3BF0FE
:10773600A3EF3BF038C597F539C598F5996B9A6B69
:1077460097C5DDF698C5DEF60601DD513624DB6FFA
:10775600DE513720DC6FDB510501955D0601DC51FA
:1077660005019659D8B0BAEF3BF0BCEF3BF0DFEF1E
:107776003BF036500601DB5D05018F6F3750060181
:10778600DC590501906F8F51955D916F9051965917
:10779600926F936BD8A093079351946FDF0E912548
:1077A600976FFF0E9221986FFF0E9321996FFF0E30
:1077B60094219A6FE5EF3BF036C597F537C598F5F6
:1077C600996B9A6B9ABFECEF3BF0EAEF3BF0F4EF64
:1077D6003BF0000E976F000E986F000E996F000E2B
:1077E6009A6F95518F6F9651906F916B926B9751DF
:1077F6008F5D98519059995191599251800A936F82
:107806009A51800A9359D8B00BEF3CF00DEF3CF03B
:1078160013EF3CF095C597F596C598F5996B9A6B5D
:1078260097C5D8F798C5D9F7D8C78DF5D9C78EF5B6
:10783600120040C777F541C778F542C779F543C7C7
:107846007AF500EC5AF077C58DF578C58EF579C5D1
:107856008FF57AC590F5020E0601F26135EF3CF020
:1078660037EF3CF03FEF3CF0010EF1653DEF3CF0A9
:107876003FEF3CF038EF3DF05F04D8A445EF3CF015
:1078860047EF3CF038EF3DF099EC66F073C540F7F2
:1078960074C541F775C542F776C543F7010E5E6EAE
:1078A6005F6A38EF3DF0A7EC67F0050190518F1144
:1078B6000BE1210E8D5D030E8E59D8A065EF3CF0CD
:1078C60067EF3CF056EF3DF0010E0601F2656EEFF4
:1078D6003CF070EF3CF07BEF3CF0010EF16576EF8B
:1078E6003CF078EF3CF07BEF3CF0020E5E6E596A9E
:1078F600010EF26581EF3CF083EF3CF08EEF3CF039
:10790600F151D8A489EF3CF08BEF3CF08EEF3CF0C0
:10791600030E5E6E586AF251D8A494EF3CF096EFCF
:107926003CF0A1EF3CF0010EF1659CEF3CF09EEFC0
:107936003CF0A1EF3CF0040E5E6E576A99EC66F0DF
:1079460073C540F774C541F775C542F776C543F769
:1079560056EF3DF017EC53F0010E0601F265B6EF57
:107966003CF0B8EF3CF0C6EF3CF0F151D8A4BEEFC6
:107976003CF0C0EF3CF0C6EF3CF0020E20EC5EF0AF
:10798600030E5E6E586A0601F251D8A4CDEF3CF0A4
:10799600CFEF3CF056EF3DF0010EF165D5EF3CF030
:1079A600D7EF3CF056EF3DF0010E20EC5EF0040EF2
:1079B6005E6E576A56EF3DF039EC55F0010E060142
:1079C600F265E8EF3CF0EAEF3CF0F5EF3CF0010E33
:1079D600F165F0EF3CF0F2EF3CF0F5EF3CF0020E13
:1079E6005E6E596AF251D8A4FBEF3CF0FDEF3CF015
:1079F60056EF3DF0010EF16503EF3DF005EF3DF06A
:107A060056EF3DF0010E20EC5EF0DAEF3CF0E0ECD4
:107A160054F0010E0601F26513EF3DF015EF3DF04F
:107A260020EF3DF0010EF1651BEF3DF01DEF3DF03F
:107A360020EF3DF0020E5E6E596A010EF26526EFEA
:107A46003DF028EF3DF056EF3DF0F151D8A42EEF72
:107A56003DF030EF3DF056EF3DF0020E20EC5EF0CB
:107A6600030E5E6E586A56EF3DF05E5005018B6F51
:107A76008C6B8C51000AD8B443EF3DF056EF3DF0C5
:107A86008B51010AD8B456EF3CF0030AD8B4ADEFD7
:107A96003CF0010AD8B4DFEF3CF0070AD8B40AEF8D
:107AA6003DF056EF3DF0120006011C6F040E060174
:107AB6001C19D8A461EF3DF063EF3DF0DCEF3DF01B
:107AC600040E84EC40F07BC514F67CC515F6000E5A
:107AD6000501BA6FF00EBB6F7F0EBC6F450EBD6F12
:107AE60014C6A8F515C6A9F5000EA9BFFF0EAA6F04
:107AF600AB6F010E5EEC42F0A8C5B6F5A9C5B7F5A9
:107B0600AAC5B8F5ABC5B9F5DAEC34F0B6C5CFF50C
:107B1600B7C5D0F5B8C5D1F5B9C5D2F56F0E050113
:107B2600D36F120ED46F830ED56F400ED66FE5EC71
:107B36002AF0CFC504F6D0C505F6D1C506F6D2C5DE
:107B460007F6660E0601086FFB0E096F080E0A6F30
:107B56003D0E0B6F08C6D3F509C6D4F50AC6D5F592
:107B66000BC6D6F504C6CFF505C6D0F506C6D1F5C3
:107B760007C6D2F5E5EC2AF0CFC5B6F5D0C5B7F500
:107B8600D1C5B8F5D2C5B9F5960E0501BA6F430E43
:107B9600BB6F0B0EBC6F3D0EBD6FDAEC34F0B6C595
:107BA60018F6B7C519F6B8C51AF6B9C51BF65BEFD0
:107BB6003EF01C51D8A4E2EF3DF0E4EF3DF05BEF60
:107BC6003EF0000E84EC40F07BC516F67CC517F639
:107BD600000E0501BA6FF00EBB6F7F0EBC6F450E2F
:107BE600BD6F16C6A8F517C6A9F5000EA9BFFF0EEC
:107BF600AA6FAB6F010E5EEC42F0A8C5B6F5A9C53B
:107C0600B7F5AAC5B8F5ABC5B9F5DAEC34F0B6C523
:107C1600CFF5B7C5D0F5B8C5D1F5B9C5D2F56F0E54
:107C26000501D36F120ED46F830ED56F400ED66F3B
:107C3600E5EC2AF0CFC50CF6D0C50DF6D1C50EF68B
:107C4600D2C50FF6F70E0601106F110E116FA50EB5
:107C5600126F3D0E136F10C6D3F511C6D4F512C6BA
:107C6600D5F513C6D6F50CC6CFF50DC6D0F50EC69E
:107C7600D1F50FC6D2F5E5EC2AF0CFC5B6F5D0C5DD
:107C8600B7F5D1C5B8F5D2C5B9F5000E0501BA6F7D
:107C9600000EBB6F800EBC6F3E0EBD6FDAEC34F08B
:107CA600B6C518F6B7C519F6B8C51AF6B9C51BF69E
:107CB60018C6CFF519C6D0F51AC6D1F51BC6D2F52A
:107CC600000E0501D36F000ED46F7A0ED56F440EE9
:107CD600D66FE5EC2AF0CFC500F6D0C501F6D1C5C2
:107CE60002F6D2C503F6120000C7DFF501C7E0F5BC
:107CF60002C7E1F503C7E2F5CFC5DFF5D0C5E0F56C
:107D0600D1C5E1F5D2C5E2F5810E0501D36FFF0EAF
:107D1600D46FDFC5D5F5E0C5D6F5E1C5D7F5E2C523
:107D2600D8F5180E9CEF3EF0D890D833D733D6331B
:107D3600D533E82E97EF3EF0D551D325DD6F000EF3
:107D4600D421DE6FDEBFB1EF3EF0DE5109E1170E42
:107D5600DD5DD8A0B1EF3EF0B3EF3EF0BDEF3EF0F3
:107D6600CFC5CFF5D0C5D0F5D1C5D1F5D2C5D2F5A1
:107D760081EF3FF0DEBFC2EF3EF0C4EF3EF035EFDD
:107D86003FF0DDC5D3F5FF0ED46FFF0ED56F7F0E26
:107D9600D66F000ED76FD367D3EF3EF0DBEF3EF022
:107DA600D735D733D633D533D433D32FCEEF3EF0B2
:107DB600D4C5D9F5D5C5DAF5D6C5DBF5D7C5DCF515
:107DC6000501D951DF15D36FDA51E015D46FDB51B8
:107DD600E115D56FDC51E215D66FD351D411D5110B
:107DE600D611D8A4F9EF3EF0FBEF3EF0FDEF3EF0E2
:107DF600B3EF3EF0DFC5D3F5E0C5D4F5E1C5D5F563
:107E0600E2C5D6F5200E0DEF3FF0D890D633D53328
:107E1600D433D333E82E08EF3FF0D351D411D51124
:107E2600D611D8B419EF3FF01BEF3FF023EF3FF028
:107E3600D951DF27DA51E023DB51E123DC51E2237C
:107E4600D91DD36FDA1DD46FDB1DD56FDC1DD66F40
:107E5600D351DF17D451E017D551E117D651E217A8
:107E660079EF3FF0DFC5D3F5E0C5D4F5E1C5D5F52B
:107E7600E2C5D6F5200E45EF3FF0D890D633D53380
:107E8600D433D333E82E40EF3FF0D351D411D5117C
:107E9600D611D8A451EF3FF053EF3FF05DEF3FF01E
:107EA600000EDF6F000EE06F000EE16F000EE26F56
:107EB60079EF3FF0D890DF35D36FE035D46FE135F9
:107EC600D56FE235D66FD351D411D511D611D8B4AA
:107ED6006FEF3FF071EF3FF079EF3FF0000EDF6F8D
:107EE600000EE06F800EE16FBF0EE26FDFC5CFF5CB
:107EF600E0C5D0F5E1C5D1F5E2C5D2F5120014C74B
:107F060077F515C778F516C779F517C77AF500EC32
:107F16005AF077C5BAF678C5BBF679C5BCF67AC508
:107F2600BDF60601BD51BC11BB1109E10B0EBA5DD0
:107F3600D8A0A0EF3FF0A2EF3FF0ACEF3FF0E15149
:107F4600D8B4A8EF3FF0AAEF3FF0ACEF3FF0010E38
:107F5600E36FE305D8B4B2EF3FF0B4EF3FF0B6EF0E
:107F66003FF083EF40F0560E0501736F080E746FF5
:107F76007E0E756F090E766FE1C677F5786B74EC39
:107F86005EF00601E151FE0FC06F560E0501736FDC
:107F9600080E746FC0C675F58BEC5AF073C5C2F740
:107FA60074C5C3F7570E0601C025D96EDA6A080EE6
:107FB600DA22DF50B66F560EC025D96EDA6A080E81
:107FC600DA22DF50B76FB751B96FB86BB651B82523
:107FD6000701C06F0601000EB9210701C16FC0512C
:107FE600C21909E1C151C319D8B4FCEF3FF0FEEF45
:107FF6003FF002EF40F069EC60F083EF40F05CC8C0
:10800600BEF60601E151F70FBF6FBE51BF19D8B4D6
:108016000FEF40F011EF40F013EF40F0FEEF3FF0AE
:10802600100E08015719D8A41BEF40F01DEF40F0C1
:108036002AEF40F00E0E5919D8A424EF40F026EF8F
:1080460040F02AEF40F05EC8F2F660C8F1F6AA0EDC
:108056005619D8A431EF40F033EF40F0FEEF3FF071
:108066005A0E5719D8A43AEF40F03CEF40F0FEEF15
:108076003FF074EF40F05805D8A444EF40F046EFC7
:1080860040F04DEF40F0560E0601956F080E966FC4
:108096003FEC49F0020E08015819D8A455EF40F0FC
:1080A60057EF40F0FEEF3FF0560E0601956F080EB3
:1080B600966F3AEC43F0FEEF3FF0020E5819D8A443
:1080C60067EF40F069EF40F0FEEF3FF0560E060115
:1080D600956F080E966F0DEC4EF0FEEF3FF0FEEF3B
:1080E6003FF05951010AD8B43EEF40F0160AD8B411
:1080F60060EF40F0400AD8B472EF40F0FEEF3FF078
:10810600120005019B6F000E0501A36F000EA26F02
:108116009B5154EC62F0D8900501A235D96EA33577
:10812600DA6E830ED926050EDA2273C5DEF474C51F
:10813600DDF4A24BA32BA3BFAAEF40F0A35109E1A4
:108146000C0EA25DD8A0AAEF40F0ACEF40F08BEF8A
:1081560040F0000EA16F000EA06F000EA56F000E7E
:10816600A46F000EA76F000EA66F21EF41F0D89006
:10817600A635D96EA735DA6E830ED926050EDA2214
:10818600A6C57FF5A7C580F5D8907F378037020E44
:108196007F27000E8023830E7F25E16E050E80214A
:1081A600E26EDE50E65CDE50E658D8B0DDEF40F019
:1081B600DFEF40F01FEF41F0D890A635D96EA73516
:1081C600DA6E830ED926050EDA22DEC49CF5DDC4EE
:1081D6009DF5A6C57DF5A7C57EF5D8907D377E377A
:1081E600020E7D27000E7E23830E7D25D96E050E99
:1081F6007E21DA6ED890A635E16EA735E26E830E43
:10820600E126050EE222DEC4E6F4DDC4E5F4A6C5E9
:108216007DF5A7C57EF5D8907D377E37020E7D2782
:10822600000E7E23830E7D25D96E050E7E21DA6E25
:108236009CC5DEF49DC5DDF4A64BA72B0B0E7D6F0A
:10824600000E7E6FA4517D5FA5517E5B7D51A65DBC
:10825600A751800A7F6F7E51800A7F59D8A036EFDA
:1082660041F038EF41F0BAEF40F0A44BA52BA5BF83
:1082760046EF41F0A55109E10B0EA45DD8A046EFEB
:1082860041F048EF41F0B4EF40F0000EA56F020E4A
:10829600A46FD890A435D96EA535DA6E830ED9268B
:1082A600050EDA22DE50A027DD50A123A44BA52B14
:1082B600A5BF67EF41F0A55109E10A0EA45DD8A05C
:1082C60067EF41F069EF41F04CEF41F0A0C573F55F
:1082D600A1C574F5000E766F080E756F55EC52F059
:1082E60073C59EF574C59FF59EC57BF59FC57CF548
:1082F6001200050193BF82EF41F085EF41F0010EB8
:1083060086EF41F0000E9A6F0601CABF8DEF41F06D
:108316008FEF41F090EF41F0DF93CABF97EF41F046
:1083260095EF41F09EEF41F0000E0501976F010EAB
:10833600966FA2EF41F0C9C696F5CAC697F5C7C6AD
:1083460098F5C8C699F505019A51D8B4ADEF41F034
:10835600AFEF41F0C6EF41F09807D8A099079A51C0
:10836600D8A4B8EF41F0BAEF41F0C0EF41F0000EEB
:10837600956F2B0E946FC4EF41F0000E956F2D0E86
:10838600946F94C59AF5000E9C6F4F0E9B6F0A0171
:10839600916B00EF42F005019B07D8A09C07420EA7
:1083A6009B25D96E0A0E9C21DA6E92C573F593C58C
:1083B60074F5000E766F0A0E756FEBEC55F073C50B
:1083C60079F574C57AF51EEC63F005017951300F25
:1083D600DF6E9607D8A097079807D8A0990792C589
:1083E60073F593C574F5000E766F0A0E756F55EC2E
:1083F60052F073C592F574C593F505019CBF0CEF59
:1084060042F09C5108E19B05D8A00CEF42F00EEF1C
:1084160042F039EF42F092519311D8A415EF42F091
:1084260017EF42F0CEEF41F097BF24EF42F097519D
:1084360006E19605D8B022EF42F024EF42F0CEEFE7
:1084460041F099BF2FEF42F0995108E19805D8A065
:108456002FEF42F031EF42F039EF42F00601DFB381
:1084660037EF42F039EF42F0CEEF41F005019A5175
:10847600D8B440EF42F042EF42F04DEF42F09B0796
:10848600D8A09C07420E9B25D96E0A0E9C21DA6E57
:108496009AC5DFF490C587F591C588F5420E9B25F0
:1084A600896F0A0E9C218A6F98C58BF599C58CF544
:1084B600EFEC56F012000501B06F0501B051D8B4CB
:1084C60067EF42F069EF42F08BEF42F0ABBF70EF1F
:1084D60042F06EEF42F08BEF42F0A8C5ACF5A9C5AD
:1084E600ADF5AAC5AEF5ABC5AFF5AC1FAD1FAE1F5A
:1084F600AF1FAC2B000EAD23AE23AF23ACC5B2F538
:10850600ADC5B3F5AEC5B4F5AFC5B5F593EF42F05D
:10851600A8C5B2F5A9C5B3F5AAC5B4F5ABC5B5F5F9
:10852600A851A911AA11AB11D8A49CEF42F09EEF55
:1085360042F0A8EF42F0000EA86F000EA96F000EE1
:10854600AA6F000EAB6F39EF43F0960EB16FB2EF24
:1085560042F0B12BD890B533B433B333B233000EF7
:10856600B215AC6F000EB315AD6F000EB415AE6F3D
:10857600FE0EB515AF6FAC51AD11AE11AF11D8A44B
:10858600C7EF42F0C9EF42F0ACEF42F0D7EF42F04E
:10859600B12B010EB227000EB323B423B523D89016
:1085A600B533B433B333B233000EB215AC6F000E2D
:1085B600B315AD6F000EB415AE6FFF0EB515AF6FE8
:1085C600AC51AD11AE11AF11D8A4ECEF42F0EEEF05
:1085D60042F0CBEF42F0F6EF42F0B107D890B23757
:1085E600B337B437B537B4BFFBEF42F0FDEF42F017
:1085F60005EF43F0020EB16103EF43F005EF43F0E0
:10860600F0EF42F0B1B10AEF43F00CEF43F00DEF9B
:1086160043F0B49FD890B133B1C5ACF5AD6BAE6B3A
:10862600AF6BACC5AFF5AE6BAD6BAC6BAC51B2130B
:10863600AD51B313AE51B413AF51B513B051D8B455
:1086460027EF43F029EF43F031EF43F0ABBF30EFB4
:1086560043F02EEF43F031EF43F0B58FB2C5A8F5E6
:10866600B3C5A9F5B4C5AAF5B5C5ABF51200000E9C
:108676000601AA6F000EAB6F000EAC6F000EAD6F59
:1086860021EE99F2100EDE6AE806FDE2990E05016A
:10869600736F060E746F95C675F596C676F5000E61
:1086A600786F110E776F74EC5EF00601B46BB451FF
:1086B600976F986B070E9727000E9823990E9725AC
:1086C600D96E060E9821DA6EAA0EB425E16EE26A1C
:1086D600060EE222DFC4E7F4150E0601976FC60EFA
:1086E600E82EFED7972FFCD700000601B42B030E09
:1086F600B46580EF43F082EF43F05AEF43F0AA0EE1
:108706000501CF6F060ED06F040ED16F540E04EC28
:1087160064F0D00E0601976FC90EE82EFED7972F8C
:10872600FCD700D0550E0601996F040E0501886F1F
:10873600540E8EEC62F088C5AEF689C5AFF6A00E73
:108746000501736F060E746FAEC675F5AFC676F586
:10875600000E786F040E776F74EC5EF0030E050161
:10876600886F5C0E8EEC62F088C5B0F689C5B1F6EE
:10877600060120EE02F0B051D926B151DA22DF50BF
:10878600A46F990E0501736F060E746F0F0E756F49
:108796008BEC5AF073C5B2F674C5B3F6B2C6A9F639
:1087A6000601B351A86FB56B370E836F3C0E846F0D
:1087B600990EB525D96EDA6A060EDA22DF50976F62
:1087C6009751856F866B88EC64F0100E0601B561D3
:1087D600EFEF43F0F1EF43F0F7EF43F01A0E836F3C
:1087E6003C0E846F88EC64F00601B52B100EB5655F
:1087F600FFEF43F001EF44F0D7EF43F0990E050188
:10880600736F060E746F000E766F000E756F000E96
:10881600786F110E776F37EC62F012000501FA518E
:10882600020D000EF324D96E080EF420DA6EDE6A0D
:10883600DD6A0201C5A722EF44F024EF44F047EFBA
:1088460044F00501FA51020D000EF324D96E080E0C
:10885600F420DA6E0801DF8207017E517F11801154
:10886600D8B438EF44F03AEF44F047EF44F002D87A
:1088760047EF44F00500FA6E7E51FD6E7F51FE6EA5
:108886008051FF6EFA5012000201C5A34DEF44F06D
:108896004FEF44F072EF44F00501FA51020D000E5D
:1088A600F324D96E080EF420DA6E0801DF8407017E
:1088B6007B517C117D11D8B463EF44F065EF44F031
:1088C60072EF44F002D872EF44F00500FA6E7B5165
:1088D600FD6E7C51FE6E7D51FF6EFA501200020154
:1088E600C5AD78EF44F07AEF44F09DEF44F0050112
:1088F600FA51020D000EF324D96E080EF420DA6E3A
:108906000801DF800701785179117A11D8B48EEF0A
:1089160044F090EF44F09DEF44F002D89DEF44F010
:108926000500FA6E7851FD6E7951FE6E7A51FF6E32
:10893600FA501200B4C26CF50501FA290F0B6D6FDF
:1089460041506D19D8A4AAEF44F0ACEF44F0AEEF55
:1089560044F0B9EF44F0200EFA25D96EDA6A080E13
:10896600DA226CC5DFF46DC5FAF5402A07016C51B1
:108976006D116E11D8B4C2EF44F0C4EF44F0D1EFDC
:1089860044F002D8D1EF44F00500FA6E6C51FD6E4A
:108996006D51FE6E6E51FF6EFA5012001200465077
:1089A600020D000EF324D96E090EF420DA6EDE6A8B
:1089B600DD6A0201B2A7E2EF44F0E4EF44F006EF0D
:1089C60045F04650020D000EF324D96E090EF42030
:1089D600DA6E0901DF820701935194119511D8B41B
:1089E600F7EF44F0F9EF44F006EF45F002D806EF52
:1089F60045F00500FA6E9351FD6E9451FE6E955149
:108A0600FF6EFA5012000201B2A30CEF45F00EEF12
:108A160045F030EF45F04650020D000EF324D96EB6
:108A2600090EF420DA6E0901DF84070190519111D5
:108A36009211D8B421EF45F023EF45F030EF45F021
:108A460002D830EF45F00500FA6E9051FD6E915157
:108A5600FE6E9251FF6EFA5012000201B2AD36EF71
:108A660045F038EF45F05AEF45F04650020D000E3E
:108A7600F324D96E090EF420DA6E0901DF800701AE
:108A86008D518E118F11D8B44BEF45F04DEF45F057
:108A96005AEF45F002D85AEF45F00500FA6E8D51AF
:108AA600FD6E8E51FE6E8F51FF6EFA501200A1C2FE
:108AB60024F546281F0B256E45502518D8A466EFC9
:108AC60045F068EF45F06AEF45F075EF45F0400E6A
:108AD6004624D96EDA6A090EDA2224C5DFF425C5E2
:108AE60046F5442A0701815182118311D8B47EEFDD
:108AF60045F080EF45F08DEF45F002D88DEF45F05B
:108B06000500FA6E8151FD6E8251FE6E8351FF6E35
:108B1600FA5012001200F80E0501796F030E7A6FF3
:108B2600000E7B6FFDEC5FF00501886FF90E796F23
:108B3600030E7A6F000E7B6FFDEC5FF00501896F07
:108B4600FA0E796F030E7A6F000E7B6FFDEC5FF005
:108B560005018A6FFB0E796F030E7A6F000E7B6F2D
:108B6600FDEC5FF005018B6FFC0E796F030E7A6FDB
:108B7600000E7B6FFDEC5FF005018C6FFD0E796FCB
:108B8600030E7A6F000E7B6FFDEC5FF005018D6FB3
:108B9600060E8819D8A4D2EF45F0D4EF45F000EFC1
:108BA60046F0050E8919D8A4DBEF45F0DDEF45F058
:108BB60000EF46F0040E8A19D8A4E4EF45F0E6EF7C
:108BC60045F000EF46F0030E8B19D8A4EDEF45F003
:108BD600EFEF45F000EF46F0020E8C19D8A4F6EF41
:108BE60045F0F8EF45F000EF46F08D05D8B4FEEFFE
:108BF60045F000EF46F003EF46F0000E3CEF46F07E
:108C0600FE0E796F030E7A6F000E7B6FFDEC5FF040
:108C16000501866FFF0E796F030E7A6F000E7B6F6C
:108C2600FDEC5FF00501876F875186C580F5816B86
:108C360080C581F5806B8011826F8151836F880EAC
:108C4600736F050E746F060E756F4BEC5EF073C591
:108C560084F574C585F505018451821907E18551AE
:108C66008319D8A439EF46F03BEF46F000EF46F003
:108C7600010E12000601CABF43EF46F045EF46F06B
:108C860046EF46F0DF93CABF4DEF46F04BEF46F096
:108C960054EF46F0000E0501986F010E976F58EFDE
:108CA60046F0C9C697F5CAC698F5C7C699F5C8C6A7
:108CB6009AF5000E05019D6F4F0E9C6F0A01916B90
:108CC60098EF46F005019C07D8A09D0792510F0B1F
:108CD6009B6F0A0E9B6172EF46F074EF46F078EFD9
:108CE60046F0300E9B277AEF46F0370E9B27420E52
:108CF6009C25D96E0A0E9D21DA6E9BC5DFF4970777
:108D0600D8A098079907D8A09A0792C594F593C555
:108D160095F5040E966FD89095339433962F8EEF73
:108D260046F094C592F595C593F505019DBFA5EF4F
:108D360046F09D5109E1020E9C5DD8A0A5EF46F0D4
:108D4600A7EF46F0D2EF46F092519311D8A4AEEFBA
:108D560046F0B0EF46F065EF46F098BFBDEF46F03F
:108D6600985106E19705D8B0BBEF46F0BDEF46F047
:108D760065EF46F09ABFC8EF46F09A5108E19905AB
:108D8600D8A0C8EF46F0CAEF46F0D2EF46F006018B
:108D9600DFB3D0EF46F0D2EF46F065EF46F090C570
:108DA60087F591C588F5420E05019C25896F0A0E47
:108DB6009D218A6F99C58BF59AC58CF5EFEC56F017
:108DC600120018C673F519C674F51AC675F51BC6D2
:108DD60076F50FEC4DF0050173517411D8A4F6EF3A
:108DE60046F0F8EF46F002EF47F01CC618F61DC62F
:108DF60019F61EC61AF61FC61BF67AEF47F01CC6F2
:108E060073F51DC674F51EC675F51FC676F50FEC0F
:108E16004DF0050173517411D8A414EF47F016EF05
:108E260047F020EF47F018C618F619C619F61AC605
:108E36001AF61BC61BF67AEF47F018C673F519C665
:108E460074F51AC675F51BC676F59DEC5EF073C50E
:108E560020F674C521F61CC673F51DC674F51EC62C
:108E660075F51FC676F59DEC5EF00501735106019A
:108E760020190BE10501745106012119D8B446EFFA
:108E860047F048EF47F05EEF47F018C673F519C68E
:108E960074F51AC675F51BC676F59DEC5EF00501F0
:108EA60073517411D8A45AEF47F05CEF47F016EFF0
:108EB60047F0F8EF46F018C60CF619C60DF61AC6B6
:108EC6000EF61BC60FF61CC610F61DC611F61EC6FC
:108ED60012F61FC613F68CEC4CF00601D8A076EFFE
:108EE60047F078EF47F016EF47F0F8EF46F012003C
:108EF60022C673F523C674F524C675F525C676F520
:108F06000FEC4DF0050173517411D8A48DEF47F0A5
:108F16008FEF47F099EF47F026C622F627C623F6CD
:108F260028C624F629C625F611EF48F026C673F59D
:108F360027C674F528C675F529C676F50FEC4DF0EB
:108F4600050173517411D8A4ABEF47F0ADEF47F0AC
:108F5600B7EF47F022C622F623C623F624C624F628
:108F660025C625F611EF48F022C673F523C674F51B
:108F760024C675F525C676F59DEC5EF073C52AF612
:108F860074C52BF626C673F527C674F528C675F57F
:108F960029C676F59DEC5EF00501735106012A1986
:108FA6000BE10501745106012B19D8B4DDEF47F02A
:108FB600DFEF47F0F5EF47F022C673F523C674F5E9
:108FC60024C675F525C676F59DEC5EF00501735150
:108FD6007411D8A4F1EF47F0F3EF47F08FEF47F0A5
:108FE600ADEF47F022C60CF623C60DF624C60EF6E4
:108FF60025C60FF626C610F627C611F628C612F69F
:1090060029C613F68CEC4CF00601D8A00DEF48F0FB
:109016000FEF48F08FEF47F0ADEF47F01200000E6C
:109026000501756F570E746FF90E766F070E776F21
:10903600000E796F020E786F6FEC5DF00009D8B400
:1090460027EF48F029EF48F012EF48F0000E05012F
:10905600756F570E746F5C0E766F050E776F000E88
:10906600796F010E786F9CEC5DF00009D8B43EEF85
:1090760048F040EF48F029EF48F0680E05017B6F95
:10908600E40EE82EFED77B2FFCD700005CC54AF520
:10909600680E05017B6FE40EE82EFED77B2FFCD70A
:1090A6000000C00E4A18D8A45BEF48F05DEF48F008
:1090B6005FEF48F09FEF48F0000E0501756F570E01
:1090C600746FDE0E766F090E776F000E796F130ED2
:1090D600786F6FEC5DF00009D8B474EF48F076EF66
:1090E60048F05FEF48F0680E05017B6FE40EE82E4E
:1090F600FED77B2FFCD70000000E0501756F570EBB
:10910600746FF90E766F070E776F000E796F030E88
:10911600786F9CEC5DF00009D8B494EF48F096EFB8
:1091260048F07FEF48F02A0E05017B6F8D0EE82E82
:10913600FED77B2FFCD700D0D00E05017B6FC90E62
:10914600E82EFED77B2FFCD700D01200050120EEBB
:1091560003F08851D9268951DA22DF50736F20EE49
:1091660002F08851D9268951DA22DF5049EC5AF0AB
:1091760073C53EF574C53FF5570E3E5C030E3F586A
:10918600D8A0C8EF48F0CAEF48F0CEEF48F0030E7B
:109196003F6E570E3E6EF40E3E5C010E3F58D8B041
:1091A600D7EF48F0D9EF48F0DDEF48F0010E3F6EFB
:1091B600F40E3E6E3EC53AF53FC53BF588C5D9F47B
:1091C60089C5DAF4DF500601F26F630EF265EEEF41
:1091D60048F0F0EF48F0F2EF48F0640EF26F050148
:1091E60020EE07F08851D9268951DA22DF50736FB5
:1091F60020EE06F08851D9268951DA22DF5049EC53
:109206005AF073C53CF574C53DF52C0E3C5C010E59
:109216003D58D8A011EF49F013EF49F017EF49F088
:10922600010E3D6E2C0E3C6E3D5007E1640E3C5C1B
:10923600D8B020EF49F022EF49F026EF49F0000EB2
:109246003D6E640E3C6E3CC538F53DC539F50501ED
:1092560020EE04F08851D9268951DA22DF50060122
:10926600F16F630EF1653AEF49F03CEF49F03EEFDE
:1092760049F0640EF16F120021EE97F2100EDE6ACD
:10928600E806FDE2970E0501736F060E746F95C62C
:1092960075F596C676F5000E786F110E776F74EC3D
:1092A6005EF0550E0601976F040E0501886F540E89
:1092B6008EEC62F088C5A8F689C5A9F69E0E050152
:1092C600736F060E746FA8C675F5A9C676F5000EFF
:1092D600786F040E776F74EC5EF0030E0501886FED
:1092E6005C0E8EEC62F088C5AAF689C5ABF606015F
:1092F60020EE02F0AA51D926AB51DA22DF50A26F36
:10930600970E0501736F060E746F0F0E756F8BEC5B
:109316005AF073C5ACF674C5ADF6ACC6A7F6060131
:10932600AD51A66FAE6B370E836F3C0E846F970EF2
:10933600AE25D96EDA6A060EDA22DF500501EC6F29
:10934600EC510601856F866B88EC64F0100E060101
:10935600AE61B0EF49F0B2EF49F0B8EF49F01A0E3E
:10936600836F3C0E846F88EC64F00601AE2B100E02
:10937600AE65C0EF49F0C2EF49F096EF49F0970E9F
:109386000501736F060E746F000E766F000E756F13
:10939600000E786F110E776F37EC62F0120081ECD9
:1093A60058F0566E5650D8B4DBEF49F0DDEF49F071
:1093B6001AEF4AF05604D8A4E3EF49F0E5EF49F076
:1093C600EAEF49F0030E20EC5EF061EF4AF0020E80
:1093D6005618D8A4F1EF49F0F3EF49F001EF4AF03F
:1093E600010E0601F265FAEF49F0FCEF49F001EFD4
:1093F6004AF0010E20EC5EF01CEF4AF0030E561800
:10940600D8A408EF4AF00AEF4AF018EF4AF0010E26
:109416000601F16511EF4AF013EF4AF018EF4AF032
:10942600020E20EC5EF01CEF4AF01CEF4AF006013B
:10943600EF6BE0EC3AF005018DC5A8F58EC5A9F5F0
:10944600AA6BAB6B000E5EEC42F0A8C550F7A9C53F
:1094560051F7AAC552F7ABC553F70501FF05D8B4B6
:1094660037EF4AF039EF4AF042EF4AF00601F005CD
:10947600D8A440EF4AF042EF4AF05DEF4AF050C7F9
:10948600B6F551C7B7F552C7B8F553C7B9F5000ECB
:109496000501BA6F000EBB6F000EBC6F400EBD6FAC
:1094A600DAEC34F0B6C550F7B7C551F7B8C552F780
:1094B600B9C553F71CEC3CF0A3EC36F0120073C5AB
:1094C600D9F474C5DAF475C5DFF4050120EE01F0B0
:1094D6007351D9267451DA2276C5DEF477C5DEF4E7
:1094E60078C5DEF479C5DEF420EE05F07351D92691
:1094F6007451DA227AC5DEF47BC5DEF47CC5DEF46F
:109506007DC5DEF420EE09F07351D9267451DA22B6
:109516007EC5DEF47FC5DEF480C5DEF481C5DEF4EB
:1095260020EE15F07351D9267451DA2282C5DEF485
:1095360083C5DEF484C5DEF485C5DEF420EE19F0BD
:109546007351D9267451DA2286C5DEF487C5DEF456
:1095560088C5DEF489C5DEF420EE0DF07351D926F8
:109566007451DA22000EDE6E000EDE6E480EDE6EDE
:10957600440EDD6E20EE11F07351D9267451DA22B5
:10958600000EDE6E000EDE6E480EDE6EC40EDD6E62
:1095960020EE1DF07351D9267451DA22000EDE6ECC
:1095A600000EDE6E000EDE6E000EDD6E20EE21F089
:1095B6007351D9267451DA22000EDE6E000EDE6E6D
:1095C600000EDE6E000EDD6E20EE25F07351D926FC
:1095D6007451DA228AC5DEF48BC5DDF41200C80E9A
:1095E6000501846F000E856F000E866F000E876F73
:1095F6007C51826F7BC583F51DEF4BF005018451CD
:10960600851186118711D8A40BEF4BF00DEF4BF0A7
:109616000FEF4BF081EF4BF08407000E855B865B06
:10962600875B150E0501806FC60EE82EFED7802FCC
:10963600FCD70000000E0501756F530E746F820E85
:10964600766F050E776F000E796F020E786F6FECEE
:109656005DF00009D8B432EF4BF034EF4BF001EF78
:109666004BF0C80E0501846F000E856F000E866FE5
:10967600000E876F5BEF4BF0050184518511861153
:109686008711D8A449EF4BF04BEF4BF04DEF4BF061
:1096960081EF4BF08407000E855B865B875B150EBA
:1096A6000501806FC60EE82EFED7802FFCD700007E
:1096B600000E0501756F530E746F7DC576F57EC578
:1096C60077F5020E7F25786F796B000E79239CEC77
:1096D6005DF00009D8B472EF4BF074EF4BF03FEF3A
:1096E6004BF0090E0501816F1E0E806FE40EE82E09
:1096F600FED7802FFCD7812FFAD700001200050174
:10970600886B86BF8BEF4BF089EF4BF095EF4BF0F4
:10971600861F851F841F836D000E84238523862361
:10972600010E886F82BF9CEF4BF09AEF4BF0A6EFCD
:109736004BF0821F811F801F7F6D000E80238123C7
:109746008223010E881B000E896F000E8A6F000EA1
:109756008B6F000E8C6F8351841185118611D8B4DE
:10976600B7EF4BF0B9EF4BF0EFEF4BF0010E876F11
:10977600C3EF4BF0D8908337843785378637872BEE
:1097860086AFC8EF4BF0CAEF4BF0BDEF4BF0D89069
:1097960089378A378B378C3783517F5D845180595F
:1097A6008551815986518259D8A0DCEF4BF0DEEF06
:1097B6004BF0E7EF4BF083517F5F8451805B85511F
:1097C600815B8651825B8981D89086338533843369
:1097D6008333872FCAEF4BF08851D8B4F5EF4BF09F
:1097E600F7EF4BF0FFEF4BF08C1F8B1F8A1F896D35
:1097F600000E8A238B238C2389C57FF58AC580F5C5
:109806008BC581F58CC582F5120006012E352F35E4
:10981600356F3551D8A412EF4CF014EF4CF01EEF13
:109826004CF0000E2C6F000E2D6F000E2E6F000EEA
:109836002F6F8BEF4CF02CC630F62DC631F62EC6A8
:1098460032F62FC633F6200E2EEF4CF0D890333377
:10985600323331333033E82E29EF4CF03051346F48
:109866002E8FFF0E2C17FF0E2D17FF0E2E17000E34
:109876002F17960E355F35BF45EF4CF043EF4CF092
:109886005BEF4CF03551800A970FD8B04DEF4CF096
:109896004FEF4CF051EF4CF014EF4CF0D8902F33C3
:1098A6002E332D332C33353F51EF4CF073EF4CF004
:1098B6001F0E356561EF4CF063EF4CF06BEF4CF02B
:1098C60014EF4CF0D8902C372D372E372F3735071D
:1098D6003551D8A471EF4CF073EF4CF065EF4CF0B6
:1098E6003451D8B479EF4CF07BEF4CF083EF4CF069
:1098F6002F1F2E1F2D1F2C6D000E2D232E232F23E1
:109906002CC62CF62DC62DF62EC62EF62FC62FF6F5
:109916001200000E06010C15146F000E0D15156FC2
:10992600800E0E15166F7F0E0F15176F1451151139
:1099360016111711D8A4A2EF4CF0A4EF4CF0ACEF1F
:109946004CF0000E0C6F000E0D6F000E0E6F000E29
:109956000F6F000E1015146F000E1115156F800E87
:109966001215166F7F0E1315176F14511511161158
:109976001711D8A4C1EF4CF0C3EF4CF0CBEF4CF06D
:10998600000E106F000E116F000E126F000E136F97
:109996000FAFD0EF4CF0D2EF4CF0DBEF4CF00C6D8C
:1099A6000D1FD8B00D2B0E1FD8B00E2B800E0F57E3
:1099B60013AFE0EF4CF0E2EF4CF0EBEF4CF0106D34
:1099C600111FD8B0112B121FD8B0122B800E1357AF
:1099D600000E0C1B000E0D1B000E0E1B800E0F1B27
:1099E600000E101B000E111B000E121B800E131B07
:1099F60010510C5D11510D5912510E5913510F5939
:109A0600D8B008EF4DF00AEF4DF00DEF4DF0D890BD
:109A16000EEF4DF0D880120008C77DF509C77EF518
:109A26000AC77FF50BC780F573C57DF574C57EF54E
:109A360075C57FF576C580F57DC577F57EC578F564
:109A46007FC579F580C57AF5180E30EF4DF0050122
:109A5600D8907A33793378337733E82E2AEF4DF07E
:109A660077517B6F7C6B7B517C11D8A43DEF4DF019
:109A76003FEF4DF05FEF4DF0D8907D35776F7E3537
:109A8600786F7F35796F80357A6F775178117911D4
:109A96007A11D8A451EF4DF053EF4DF059EF4DF038
:109AA600000E746F020E736F8EEF4DF0000E746F22
:109AB600030E736F8EEF4DF07B297C11D8A466EFF1
:109AC6004DF068EF4DF08AEF4DF07DC577F57EC518
:109AD60078F57FC579F580C57AF5090ED890773780
:109AE600783779377A37E82E71EF4DF0775178115C
:109AF60079117A11D8B482EF4DF085EF4DF0010E51
:109B060086EF4DF0000E736F746B8EEF4DF0000E06
:109B1600746F040E736F1200ADEC67F0000E08014F
:109B2600CB6F000ECA6F000EC26F000EC36F000E21
:109B3600C46F000EC56F000EC66F000EC76F000E15
:109B4600C86F000EC96F000EA46F000EA36F000E43
:109B56009B6F000E9C6F000E9D6F000E9E6F000E99
:109B66009F6F000EA06F000EA16F000EA26F000E79
:109B76000601D26F000ED16F000ED06F000ECF6FB0
:109B8600050E76EC53F0010ED8EC64F0020ED8EC1C
:109B960064F0090E0501776F1E0E766FE40EE82E4F
:109BA600FED7762FFCD7772FFAD70000010EC4EC2C
:109BB60064F0020EC4EC64F0010E5F6E000E070145
:109BC600506F000E516F000E526F000E536F06015C
:109BD600ED6B010E8CEC60F0020E8CEC60F0000E6A
:109BE6000601D66F000ED56F000ED46F000ED36F30
:109BF600000E0701646F000E656F000E666F000EA3
:109C0600676F000E586F000E596F000E5A6F000EE8
:109C16005B6F120077EC4FF0090E0601986F1E0E6F
:109C2600976FE40EE82EFED7972FFCD7982FFAD71A
:109C360000008EEC45F0E806D8A424EF4EF026EF9F
:109C46004EF088EF4EF0010E0601F36F95C6D9F47B
:109C560096C6DAF4550EDF6E95C673F596C674F59C
:109C66000F0E0501756F8BEC5AF073C599F674C526
:109C76009AF6060120EE10F09551D9269651DA2271
:109C860099C6DFF420EE0FF09551D9269651DA22C7
:109C96009A51DF6E9B6B370E836F3C0E846F9B5120
:109CA6009525D96E000E9621DA6EDF50976F975183
:109CB600856F866B88EC64F0100E06019B6166EF7B
:109CC6004EF068EF4EF06EEF4EF01A0E836F3C0EBC
:109CD600846F88EC64F006019B2B100E9B6576EF73
:109CE6004EF078EF4EF04EEF4EF095C673F596C6F1
:109CF60074F5000E0501766F000E756F000E786F15
:109D0600110E776F37EC62F0FF0012001C0E060191
:109D1600836F3C0E846F0D0E84EC40F07BC585F698
:109D26007CC586F688EC64F0B50E0601836F3B0EA3
:109D3600846F040E57EC3DF000C685F601C686F624
:109D460002C687F603C688F668C789F669C78AF623
:109D56006AC78BF66BC78CF664C78DF665C78EF639
:109D660066C78FF667C790F6D5C691F6D6C692F641
:109D760088EC64F0D90E0601836F3B0E846F000EEB
:109D860057EC3DF000C685F601C686F602C687F694
:109D960003C688F65CC789F65DC78AF65EC78BF68A
:109DA6005FC78CF658C78DF659C78EF65AC78FF619
:109DB6005BC790F6D3C691F6D4C692F688EC64F0EB
:109DC600FD0E0601836F3B0E846F50C785F651C7A3
:109DD60086F652C787F653C788F6F2C689F68A6BA7
:109DE600F1C68BF68C6B88EC64F0280E0601836F47
:109DF6003C0E846FEFC685F6866B88EC64F0120025
:109E0600C80E0501CA6F000ECB6F000ECC6F000E98
:109E1600CD6F7C51826F7BC583F5CE6B29EF4FF0FA
:109E2600CE517D25D96E000E7E21DA6ECE51806F21
:109E3600816B020E8027000E8123820E8025E16E43
:109E4600050E8121E26EDFC4E7F4CE2B7F51CE5D95
:109E5600D8A030EF4FF032EF4FF013EF4FF050EF46
:109E66004FF00501CA51CB11CC11CD11D8A43EEF4C
:109E76004FF040EF4FF042EF4FF076EF4FF0CA074A
:109E8600000ECB5BCC5BCD5B150E0501806FC60E5D
:109E9600E82EFED7802FFCD70000000E0501756F57
:109EA600530E746F820E766F050E776F020E7F2546
:109EB600786F796B000E79236FEC5DF00009D8B4EA
:109EC60067EF4FF069EF4FF034EF4FF0090E0501E1
:109ED600816F1E0E806FE40EE82EFED7802FFCD712
:109EE600812FFAD70000120021EEF1F311EE7FF177
:109EF600050EDBC4E3F4E806FCE27F0E0501736F92
:109F0600050E746F060E756F4BEC5EF073C587F524
:109F160074C588F505018851856F87C586F5F80EE5
:109F26007B6F030E7C6F000E7D6F7FC57EF502ECA6
:109F36005BF0F90E05017B6F030E7C6F000E7D6FE3
:109F460080C57EF502EC5BF0FA0E05017B6F030E11
:109F56007C6F000E7D6F81C57EF502EC5BF0FB0E1B
:109F660005017B6F030E7C6F000E7D6F82C57EF54B
:109F760002EC5BF0FC0E05017B6F030E7C6F000E9E
:109F86007D6F83C57EF502EC5BF0FD0E05017B6FF0
:109F9600030E7C6F000E7D6F84C57EF502EC5BF0D0
:109FA600FE0E05017B6F030E7C6F000E7D6F85C56F
:109FB6007EF502EC5BF0FF0E05017B6F030E7C6FF6
:109FC600000E7D6F86C57EF502EC5BF01200A50ED5
:109FD6000501736F080E746F010E756FAE0E766F06
:109FE600470E776FE10E786F3D0E796F6F0E7A6FC1
:109FF600120E7B6F030E7C6F3B0E7D6F7B0E7E6FAA
:10A00600140E7F6F2E0E806F3E0E816F000E826FD4
:10A01600000E836F480E846F450E856F000E866FA7
:10A02600000E876F000E886F000E896F000E8B6F13
:10A03600000E8A6F62EC4AF07E0E0501736F080E01
:10A04600746F020E756F9A0E766F990E776F990E72
:10A05600786F3E0E796F0A0E7A6FD70E7B6FA30E5E
:10A066007C6F3B0E7D6F6F0E7E6F120E7F6F830EC1
:10A07600806F3A0E816F000E826F000E836F480E5E
:10A08600846F450E856F000E866F000E876F000E7B
:10A09600886F000E896F000E8B6F000E8A6F62EC60
:10A0A6004AF01200640EF66EBF0EF76E000EF86EE2
:10A0B60002EEA6F110EE4BF00900F5C4EEF4E55001
:10A0C600E150FAE1780EF66ECD0EF76E000EF86EE0
:10A0D60001EEF1F310EE0EF00900F5C4EEF4E550D2
:10A0E600E150FAE15E0EF66ECF0EF76E000EF86ED8
:10A0F6000900F5C45DF50900F5C45EF50900F5C46F
:10A106005FF502EE00F3AC0EEE6AE806FDE102EE44
:10A1160000F2DA0EEE6AE806FDE102EE00F1A60EA6
:10A12600EE6AE806FDE102EE00F0F40EEE6AE806DD
:10A13600FDE101EE00F3E20EEE6AE806FDE101EE56
:10A14600C4F2300EEE6AE806FDE101EEEDF1130E03
:10A15600EE6AE806FDE101EE30F12D0EEE6AE80644
:10A16600FDE10401080E5D6F300E5E6F000E5F6F3D
:10A17600000188EF63F0000E05017B6F000E7A6F19
:10A1860073C5D9F474C5DAF4DEC4F6F4DDC4F7F4A5
:10A19600000EF86E0800F5502A0AD8A4D5EF50F044
:10A1A600D7EF50F00AEF51F073C5D9F474C5DAF45D
:10A1B600DE2A000EDD2275C5D9F476C5DAF4DFC4D1
:10A1C60077F5020EDE26DFC478F5000EDD2277C5B0
:10A1D600D9F478C5DAF4DEC47AF5DDC47BF520EF70
:10A1E60051F00A0E7A03F3C477F5F4C478F57B03CD
:10A1F600F3507827795177257A6F000E78217B6F97
:10A2060073C5D9F474C5DAF4DE2A000EDD2273C5EF
:10A21600D9F474C5DAF4DEC4F6F4DDC4F7F4000E3E
:10A22600F86E0800F550D00F796F090E79651EEFAC
:10A2360051F020EF51F0F4EF50F07AC573F57BC57D
:10A2460074F51200050179517A11D8B42DEF51F049
:10A256002FEF51F038EF51F079517A11D8A436EF3B
:10A2660051F038EF51F03DEF51F07751D8EC5FF0F7
:10A276008AEF51F020EE09F07951D9267A51DA2287
:10A28600DE50DE10D8B44AEF51F04CEF51F067EFD4
:10A2960051F020EE09F07951D9267A51DA2210EEE2
:10A2A60002F07951E1267A51E222DE50E65CE65070
:10A2B600800A7F6FDE50800A7F59D8B065EF51F073
:10A2C60067EF51F08AEF51F020EE02F07951D9266E
:10A2D6007A51DA22DEC47BF5DDC47CF579C5D9F482
:10A2E6007AC5DAF4DEC47DF5DDC47EF57B517D25C5
:10A2F600D96E7C517E21DA6E77C5DFF420EE02F04E
:10A306007951D9267A51DA22DE2A000EDD22120090
:10A31800D8C42CF53CEC66F00009D8B496EF51F09F
:10A3280098EF51F0A1EF51F0030E0501F96F02010A
:10A33800979B18EC62F0ECEF51F047EC66F00009DF
:10A34800D8B4A9EF51F0ABEF51F0BEEF51F01BECD0
:10A3580066F00009D8B4B3EF51F0B5EF51F0BEEF95
:10A3680051F0010E0501F96F0201979913EC65F0A0
:10A37800ECEF51F026EC66F00009D8B4C6EF51F0C6
:10A38800C8EF51F0D9EF51F01BEC66F00009D8B4D2
:10A39800D0EF51F0D2EF51F0D9EF51F0020E050194
:10A3A800F96F02019799BAEF51F031EC66F00009A4
:10A3B800D8B4E1EF51F0E3EF51F0EAEF51F0030EBA
:10A3C8000501F96F0201979DECEF51F00201979991
:10A3D8000501F9512CC5D8F4110018C777F519C72C
:10A3E80078F51AC779F51BC77AF500EC5AF077C5E6
:10A3F80089F578C58AF579C58BF57AC58CF53EEF70
:10A4080052F08C518B118A1109E1650E895DD8A033
:10A4180010EF52F012EF52F054EF52F0A3EC67F045
:10A42800010E4B6E99EC66F073C518F774C519F7F1
:10A4380075C51AF776C51BF754EF52F08C518B117E
:10A448008A1109E1650E895DD8A02DEF52F02FEF32
:10A4580052F054EF52F0A5EC67F04B6A99EC66F0B5
:10A4680073C518F774C519F775C51AF776C51BF7BC
:10A4780054EF52F04B500501876F886B8851000AE2
:10A48800D8B449EF52F054EF52F08751000AD8B4CB
:10A4980005EF52F0010AD8B422EF52F054EF52F00F
:10A4A80012000501786B76BF5EEF52F05CEF52F058
:10A4B80064EF52F0756D761FD8B0762B010E786F69
:10A4C80074BF6BEF52F069EF52F071EF52F0736D99
:10A4D800741FD8B0742B010E781B000E7A6F000E13
:10A4E800796F75517611D8B47CEF52F07EEF52F047
:10A4F800A6EF52F0010E776F86EF52F0D8907537BD
:10A508007637772B76AF8BEF52F08DEF52F082EFE4
:10A5180052F0D89079377A377551735D76517459FE
:10A52800D8A099EF52F09BEF52F0A0EF52F075517E
:10A53800735F7651745B7981D89076337533772F52
:10A548008DEF52F07851D8B4ACEF52F0AEEF52F034
:10A55800B2EF52F0796D7A1FD8B07A2B79C573F5BE
:10A568007AC574F51200BE6A860EBF6EC06AC16AEB
:10A57800040EC26E400EC36E0401026B060E0A6F13
:10A58800126B1A6B226B2A6BFB0EC66EA00EC76E7F
:10A59800080EC86E020EC96E080ECA6ECB6AFB0E94
:10A5A800006F290E086F106B186B206B286B016BFE
:10A5B800800E096F116B196B216B296B03690B698D
:10A5C80013691B69070E236F2B6904690C691469E9
:10A5D8001C690F0E246F2C690201896B886B876BCD
:10A5E800866B190E746F130E726F230E196F1C0E83
:10A5F8000C6F1A0E096F200E136F090E716F370E4C
:10A608000A6F0A0E706F380E0B6F0401056B066B2C
:10A61800076B0D6B0E6B0F6B156B166B176B256B42
:10A62800266B276B12004CC777F54DC778F54EC7D8
:10A6380079F54FC77AF500EC5AF077C587F578C5F4
:10A6480088F579C589F57AC58AF566EF53F0010E64
:10A658009CEC64F0020E9CEC64F099EC66F073C517
:10A668004CF774C54DF775C54EF776C54FF7010E13
:10A67800596E75EF53F005018A518911881109E166
:10A68800C90E875DD8A04BEF53F04DEF53F075EF2F
:10A6980053F0010EB0EC64F0020EB0EC64F099ECEB
:10A6A80066F073C54CF774C54DF775C54EF776C59A
:10A6B8004FF7020E596E75EF53F0030E0601ED6F5A
:10A6C80075EF53F05950000AD8B42BEF53F0010A34
:10A6D800D8B43FEF53F0030AD8B461EF53F075EFE5
:10A6E80053F012000501756F05017505D8A47FEFB9
:10A6F80053F081EF53F08BEF53F0000E746F000EA0
:10A70800736F2BEC67F0ABEC67F0D0EF53F0020EF1
:10A718007519D8A492EF53F094EF53F09EEF53F0CD
:10A72800000E746F000E736F25EC67F0A9EC67F0EC
:10A73800D0EF53F0020E7519D8A4A5EF53F0A7EF88
:10A7480053F0A9EF53F0D0EF53F0020E7519D8A4C7
:10A75800B0EF53F0B2EF53F0B4EF53F0D0EF53F043
:10A76800050E7519D8A4BBEF53F0BDEF53F0D0EF29
:10A7780053F0000E746F000E736F2BEC67F0ABECA8
:10A7880067F0000E0501746F000E736F25EC67F01B
:10A79800A9EC67F0D0EF53F01200050120EE40F06D
:10A7A8007351D9267451DA22DF50756F0F0E751761
:10A7B80020EE40F07351D9267451DA22DF50766FBB
:10A7C80076390F0B0A0DF3507525796F20EE41F09D
:10A7D8007351D9267451DA22DF50756F0F0E751731
:10A7E80020EE41F07351D9267451DA22DF50766F8A
:10A7F80076390F0B0A0DF35075257A6F7951640D70
:10A80800F3C475F5F4C476F57A5175250701F76F29
:10A818000501000E76210701F86FE80E0501756F36
:10A82800030E766F75510701F703F3C477F5F4C487
:10A8380078F5F803F3500501782776510701F703F7
:10A848000501F350782777C5F7F778C5F8F71200B0
:10A85800FAC401F5FBC402F5B39E77A036EF54F0B5
:10A8680038EF54F05AEF54F076A03DEF54F03FEF34
:10A8780054F05AEF54F076900701AE51AF11B01171
:10A88800D8B449EF54F04BEF54F081EF54F002D8AC
:10A8980058EF54F00500FA6EAE51FD6EAF51FE6EE2
:10A8A800B051FF6EFA50120081EF54F077A25FEFBB
:10A8B80054F061EF54F081EF54F076A266EF54F053
:10A8C80068EF54F081EF54F076920701AB51AC1168
:10A8D800AD11D8B472EF54F074EF54F081EF54F026
:10A8E80002D881EF54F00500FA6EAB51FD6EAC5101
:10A8F800FE6EAD51FF6EFA50120002C5FBF401C5A1
:10A90800FAF41100FAC405F5FBC406F5B59E86A055
:10A9180090EF54F092EF54F0B4EF54F085A097EF15
:10A9280054F099EF54F0B4EF54F085900701A55115
:10A93800A611A711D8B4A3EF54F0A5EF54F0DBEF9C
:10A9480054F002D8B2EF54F00500FA6EA551FD6E2E
:10A95800A651FE6EA751FF6EFA501200DBEF54F0BD
:10A9680086A2B9EF54F0BBEF54F0DBEF54F085A2A8
:10A97800C0EF54F0C2EF54F0DBEF54F085920701BA
:10A98800A251A311A411D8B4CCEF54F0CEEF54F0D7
:10A99800DBEF54F002D8DBEF54F00500FA6EA25159
:10A9A800FD6EA351FE6EA451FF6EFA50120006C54B
:10A9B800FBF405C5FAF4110044C777F545C778F5E7
:10A9C80046C779F547C77AF500EC5AF077C587F599
:10A9D80078C588F579C589F57AC58AF529EF55F0DE
:10A9E800020E9CEC64F099EC66F073C544F774C5EC
:10A9F80045F775C546F776C547F7010E576E38EF28
:10AA080055F005018A518911881109E1C90E875D40
:10AA1800D8A011EF55F013EF55F038EF55F0020EAE
:10AA2800B0EC64F099EC66F073C544F774C545F76B
:10AA380075C546F776C547F7020E576E38EF55F0DD
:10AA4800020E0601ED6F38EF55F05750000AD8B4E2
:10AA5800F4EF54F0010AD8B405EF55F0030AD8B45E
:10AA680024EF55F038EF55F0120048C777F549C77D
:10AA780078F54AC779F54BC77AF500EC5AF077C5EF
:10AA880087F578C588F579C589F57AC58AF582EF9D
:10AA980055F0010E9CEC64F099EC66F073C548F72C
:10AAA80074C549F775C54AF776C54BF7010E586E58
:10AAB80091EF55F005018A518911881109E1C90EF4
:10AAC800875DD8A06AEF55F06CEF55F091EF55F01F
:10AAD800010EB0EC64F099EC66F073C548F774C5E4
:10AAE80049F775C54AF776C54BF7020E586E91EFD0
:10AAF80055F0010E0601ED6F91EF55F05850000A20
:10AB0800D8B44DEF55F0010AD8B45EEF55F0030AFA
:10AB1800D8B47DEF55F091EF55F01200000E070103
:10AB2800646F000E656F000E666F000E676F06019A
:10AB3800F26B000E0701506F000E516F000E526F3E
:10AB4800000E536F010E8CEC60F0000E0601D66FFC
:10AB5800000ED56F000E0801CB6F000ECA6F000EF5
:10AB6800C26F000EC36F000EC46F000EC56F000EDB
:10AB7800C66F000EC76F000EC86F000EC96F000EBB
:10AB88000601D26F000ED16F010E76EC53F0090E5C
:10AB98000501776F1E0E766FE40EE82EFED7762F2E
:10ABA800FCD7772FFAD70000010ED8EC64F0290EF5
:10ABB8000501776F960E766F7F0EE82EFED7762FFB
:10ABC800FCD7772FFAD7010EC4EC64F01200050108
:10ABD800786B74BFF4EF55F0F2EF55F0FAEF55F0DB
:10ABE800736D741FD8B0742B010E786F76BF01EFA8
:10ABF80056F0FFEF55F005EF56F0756D761FD8B09B
:10AC0800762B75517611D8B40CEF56F00EEF56F03E
:10AC180032EF56F0010E776F16EF56F0D890753771
:10AC28007637772B76AF1BEF56F01DEF56F012EF05
:10AC380056F07551735D76517459D8A026EF56F0C9
:10AC480028EF56F02CEF56F07551735F7651745B10
:10AC5800D89076337533772F1DEF56F07851D8B4E6
:10AC680038EF56F03AEF56F03EEF56F0736D741F1A
:10AC7800D8B0742B73C573F574C574F51200000E43
:10AC8800050173157B6F000E74157C6F800E7515AA
:10AC98007D6F7F0E76157E6F7B517C117D117E1145
:10ACA800D8A459EF56F05BEF56F063EF56F0000E5C
:10ACB800736F000E746F000E756F000E766F000EC6
:10ACC80077157B6F000E78157C6F800E79157D6F78
:10ACD8007F0E7A157E6F7B517C117D117E11D8A471
:10ACE80078EF56F07AEF56F082EF56F0000E776F55
:10ACF800000E786F000E796F000E7A6F7751731916
:10AD08000FE1785174190CE17951751909E17A51FB
:10AD18007619D8B492EF56F094EF56F097EF56F0B4
:10AD2800D89098EF56F0D8801200136A1350080D87
:10AD3800A70EF324D96E090EF420DA6EDE50DE1069
:10AD4800D8B4A9EF56F0ABEF56F0E5EF56F0135034
:10AD5800080DA70EF324D96E090EF420DA6EDE066C
:10AD6800000EDD5A1350080DA70EF324D96E090EF4
:10AD7800F420DA6EDE50DE10D8A4C5EF56F0C7EF27
:10AD880056F0E5EF56F01350080DA60EF324D96ED1
:10AD9800090EF420DA6E010EDF6E1350080DA90EAD
:10ADA800F324D96E090EF420DA6E1350080DA70E9D
:10ADB800F324E16E090EF420E26EDEC4E6F4DDC48D
:10ADC800E5F4132A060E1364ECEF56F0EEEF56F096
:10ADD8009AEF56F012000601DFA1F5EF56F0F7EFF3
:10ADE80056F001EF57F089C580F58AC581F587C50A
:10ADF80082F588C583F521EC60F005018CBF09EF69
:10AE080057F007EF57F00DEF57F0000E8C6F000E5C
:10AE18008B6F000E8F6F000E8E6F20EF57F0000EB5
:10AE2800786F200E776F87C579F588C57AF525EC98
:10AE380051F005018E4B8F2B8B518E5D8F51800AFF
:10AE48008D6F8C51800A8D59D8A02DEF57F02FEFB8
:10AE580057F013EF57F00601DFB135EF57F037EF32
:10AE680057F041EF57F089C580F58AC581F587C548
:10AE780082F588C583F521EC60F01200A290A40E3B
:10AE88000701846F890E856F000E866FA292CA0E25
:10AE98008A6FC50E8B6F000E8C6F0201A26BA46BBC
:10AEA800A56BA66BA76BA86BA96BAA6BB00EAB6F53
:10AEB800800EAC6F080EAD6F820EAE6F060EAF6FD0
:10AEC8002E0EB06FB16B800EB26FB36B920E050190
:10AED800736FCE0E746F000E756F80EC65F07A0E8E
:10AEE8000501736FCE0E746F000E756F6EEC65F012
:10AEF800620E0501736FCE0E746F000E756F5CECF9
:10AF080065F0000E0701BD6F000EBC6F0501FD6BFB
:10AF1800476A200EFC6F466A456A446AA28012009E
:10AF2800000E0701586F000E596F000E5A6F000E81
:10AF38005B6F0601F16B000ED46F000ED36F020E2B
:10AF48008CEC60F0000E0801A46F000EA36F000ED9
:10AF58009B6F000E9C6F000E9D6F000E9E6F000E83
:10AF68009F6F000EA06F000EA16F000EA26F000E63
:10AF78000601D06F000ECF6F020E76EC53F0090E6B
:10AF88000501776F1E0E766FE40EE82EFED7762F3A
:10AF9800FCD7772FFAD70000020ED8EC64F0290E00
:10AFA8000501776F960E766F7F0EE82EFED7762F07
:0EAFB800FCD7772FFAD7020EC4EC64F012001B
:10AFC800D8C42AF502019BA5ECEF57F0EEEF57F035
:10AFD800F9EF57F09AA5F3EF57F0F5EF57F0F9EFBF
:10AFE80057F0ECEC64F030EF58F09BAFFEEF57F001
:10AFF80000EF58F01CEF58F09AAF05EF58F007EF44
:10B0080058F01CEF58F00501F851D8B40EEF58F07D
:10B0180010EF58F018EF58F0F86B02019A919A9FC8
:10B0280073EC64F030EF58F013EC65F0F5EF57F07F
:10B038009BA321EF58F023EF58F030EF58F09AA374
:10B0480028EF58F02AEF58F030EF58F093EC67F0FB
:10B0580002019A9330EF58F02AC5D8F411008DC533
:10B0680095F58EC596F58FC597F590C598F544EF7B
:10B0780058F09107D8A09207954B962B974B982B91
:10B08800050191519211D8B44CEF58F04EEF58F099
:10B098005FEF58F097C5D9F498C5DAF495C5E1F48F
:10B0A80096C5E2F4DE50E618D8B45DEF58F05FEFCD
:10B0B80058F03DEF58F091519211D8A466EF58F02E
:10B0C80068EF58F06EEF58F0000E8E6F000E8D6F1F
:10B0D80080EF58F095C5D9F496C5DAF4DF50936F30
:10B0E80097C5D9F498C5DAF4DF50946F9451935DFD
:10B0F8008D6F8E6BD8A08E0712000601EE05D8B4AE
:10B1080088EF58F08AEF58F08DEF58F0010ECDEF28
:10B1180058F0F305D8A493EF58F095EF58F097EF4F
:10B1280058F08AEF58F0020EF019D8A49EEF58F0A4
:10B13800A0EF58F0A2EF58F08AEF58F0F251D8A4D7
:10B14800A8EF58F0AAEF58F0B4EF58F0F151D8A48E
:10B15800B0EF58F0B2EF58F0B4EF58F08AEF58F06B
:10B16800D951DA11D8B4BBEF58F0BDEF58F0C0EFA1
:10B1780058F0020ECDEF58F0D751D811D8B4C7EF18
:10B1880058F0C9EF58F0CCEF58F0030ECDEF58F057
:10B19800000E1200050173517411D8A4D6EF58F0AF
:10B1A800D8EF58F0DAEF58F01AEF59F073C5D9F420
:10B1B80074C5DAF4000EDE6E000EDE6E000EDE6E72
:10B1C800000EDD6E20EE04F07351D9267451DA2298
:10B1D800000EDE6E000EDE6E000EDE6E000EDD6E00
:10B1E80020EE08F07351D9267451DA22000EDE6E73
:10B1F800000EDE6E000EDE6E000EDD6E20EE0CF030
:10B208007351D9267451DA22DE6ADE6ADE6ADD6A93
:10B2180020EE10F07351D9267451DA22E80EDE6E52
:10B22800030EDE6E000EDE6E000EDD6E12000501EE
:10B2380073517411D8A423EF59F025EF59F027EF73
:10B2480059F067EF59F073C5D9F474C5DAF475C5C8
:10B25800DEF476C5DEF477C5DEF478C5DEF420EEDC
:10B2680004F07351D9267451DA2275C5DEF476C517
:10B27800DEF477C5DEF478C5DEF420EE08F073510D
:10B28800D9267451DA2275C5DEF476C5DEF477C5A1
:10B29800DEF478C5DEF420EE0CF07351D926745133
:10B2A800DA22DE6ADE6ADE6ADD6A20EE10F07351A9
:10B2B800D9267451DA2279C5DEF47AC5DEF47BC565
:10B2C800DEF47CC5DEF41200A690220E07016F6F33
:10B2D800880E706F000E716FA692900E756FC50E76
:10B2E800766F000E776F0201B86BBA6BBC6BB00E4D
:10B2F800BE6F800EBF6FC06B820EC16F060EC26F2D
:10B308002E0EC36FC46B800EC56FC66B9E0E0501F3
:10B31800736FCE0E746F000E756F4AEC65F0860E73
:10B328000501736FCE0E746F000E756F38EC65F003
:10B338006E0E0501736FCE0E746F000E756F26ECDE
:10B3480065F0000E0701BB6F000EBA6F436A050176
:10B35800FB6B100E426EFA6B416A406AA6801200BF
:10B36800D68A000ED6BE010E0501766FD69E550E02
:10B378000401596FAA0E596F59915F6B300E5E6FB9
:10B38800080E5D6F550E596FAA0E596F5981050148
:10B3980076B102D0D69E01D0D68E03016587658925
:10B3A800658F6681668369916993699569976A91E2
:10B3B8006A936D97AF90D680760E0501736FCF0EA6
:10B3C800746F000E756FFBEC66F0B490D682780E41
:10B3D8000501736FCF0E746F000E756FF4EC66F095
:10B3E800B890D6847A0E0501736FCF0E746F000E75
:10B3F800756FEDEC66F0120099EC66F073C583F595
:10B4080074C584F575C585F576C586F5050177514A
:10B41800835D78518459795185597A518659D8A0D4
:10B4280018EF5AF01AEF5AF028EF5AF07751835D67
:10B43800776F78518459786F79518559796F7A5136
:10B4480086597A6F48EF5AF0771D7B6F781D7C6FAD
:10B45800791D7D6F7A1D7E6F83517B257F6F8451A7
:10B468007C21806F85517D21816F86517E21826F7D
:10B47800010E7F25776F000E8021786F000E8121E5
:10B48800796F000E82217A6F12000501876F05011E
:10B4980087390F0B836F87510F0B846F73390F0B2D
:10B4A800856F73510F0B866F85510A0DF3C475F5BF
:10B4B800F4C476F58451640DF3C477F5F4C478F5D3
:10B4C8008351796F7A6BE80E7903F3C47BF5F4C482
:10B4D8007CF57A03F3507C27030E7903F3507C271D
:10B4E80077517B257D6F78517C217E6F75517D2545
:10B4F8007F6F76517E21806F86517F25816F000E88
:10B508008021826F81C573F582C574F5120005012B
:10B5180079697A69B2EF5AF073C5D9F474C5DAF467
:10B52800DF507919786F734B742B070E7825F66EF8
:10B53800F76A320EF722F86A000EF8220800F55072
:10B548007A19796F070E7825F66EF76A310EF722A9
:10B55800F86A000EF8220800F5C47AF5750775290F
:10B56800D8A4B9EF5AF0BBEF5AF090EF5AF07A51DD
:10B5780079C576F5776B76C577F5766B7611736F47
:10B588007751746F12000601C16BC151080DA60EE8
:10B59800F324D96E090EF420DA6EDF50D8B4D7EF51
:10B5A8005AF0D9EF5AF0F7EF5AF0C151080DA60E2C
:10B5B800F324D96E090EF420DA6EDF6AC151080D42
:10B5C800AB0EF324D96E090EF420DA6E02D8F7EF29
:10B5D8005AF00500FA6EDE50FD6EDE50FE6EDE504B
:10B5E800FF6EFA5012000601C12B060EC165FFEF6F
:10B5F8005AF001EF5BF0C9EF5AF0120005017D51D6
:10B6080009E1040E7C5DD8A00CEF5BF00EEF5BF057
:10B6180010EF5BF03CEF5BF0AA0E746F550E736F82
:10B628001FEC67F0000E05017B25736F000E7C216F
:10B63800746F380E7D21756F7EC576F514EC5DF05C
:10B6480010EC66F00009D8A42CEF5BF02EEF5BF04D
:10B6580024EF5BF0D3EC65F0E806D8A436EF5BF096
:10B6680038EF5BF03AEF5BF087EC67F081EC67F05E
:10B678001200D7AE42EF5BF0B3EF5CF0280E060184
:10B68800E16149EF5BF04BEF5BF065EF5BF0BAEC23
:10B6980061F005016B6F7E0E0601E125D96EDA6A4D
:10B6A800090EDA226BC5DFF4E12BA2EC66F063C564
:10B6B80014F764C515F765C516F766C517F775EF6E
:10B6C8005BF0E16B7E0E0501636F090E646F000E7F
:10B6D800666F000E656F000E686F280E676FABEC23
:10B6E80062F012000501796F8EEF5BF075C573F596
:10B6F80076C574F52BEC67F0ABEC67F0ACEF5BF05C
:10B7080075C573F576C574F525EC67F0A9EC67F097
:10B71800ACEF5BF005017951776F786B7851000ACF
:10B72800D8B499EF5BF0ACEF5BF07751010AD8B46D
:10B738007AEF5BF0030AD8B484EF5BF0010AD8B45F
:10B74800ACEF5BF0070AD8B4ACEF5BF0ACEF5BF0A2
:10B758001200000E05017B6F000E7C6F000E7D6FDE
:10B76800000E7E6F73A1BBEF5BF0BDEF5BF0C5EF22
:10B778005BF077517B2778517C2379517D237A516F
:10B788007E23D8907737783779377A37D8907633D9
:10B798007533743373337351741175117611D8A4DA
:10B7A800D8EF5BF0DAEF5BF0B6EF5BF07BC573F5D3
:10B7B8007CC574F57DC575F57EC576F512007E6A83
:10B7C800020E7F6E806A7F0E816E0C0E826E836A17
:10B7D800846A856A866A886A896A8A6A8B6A8C6AD0
:10B7E800B59CB59E85908592A59EA59C6E0E05017B
:10B7F800736FCF0E746F000E756FCAEC66F06C0E27
:10B808000501736FCF0E746F000E756FC3EC66F091
:10B81800700E0501736FCF0E746F000E756FD1EC4B
:10B8280066F0800E876E12006F6A020E706E716A83
:10B838007F0E726E0C0E736E746A756A766A776A1A
:10B84800796A7A6A7B6A7C6A7D6AB39CB39E7690D1
:10B858007692A39EA39C680E0501736FCF0E746F3A
:10B86800000E756FDFEC66F0660E0501736FCF0E84
:10B87800746F000E756FD8EC66F06A0E0501736F71
:10B88800CF0E746F000E756FE6EC66F0800E786E62
:10B8980012000301F39FD96BDA6BDB6BDC6BDF6B98
:10B8A800E06BE56BE76BEC6BEE6BEF6BD86BF06BFB
:10B8B800F16BF26BF46B180EF56F100EF66FF76BF9
:10B8C800030EF86F1F0EFA6F020EF96F000E0701D4
:10B8D800B76F000EB86F000EB96F000EB46F000E90
:10B8E800B56F000EB66F0601E06BAF949F94B090F1
:10B8F800A090840E0301F36F12000701C44BC52BFF
:10B90800C80EC419C511D8A48CEF5CF08EEF5CF09A
:10B9180092EF5CF0000EC56F000EC46F010E30266A
:10B92800000E3122322233220601C451C511C6113C
:10B93800D8A4A1EF5CF0A3EF5CF0A5EF5CF0B2EF48
:10B948005CF002D8B2EF5CF00500FA6EC451FD6EEF
:10B95800C551FE6EC651FF6EFA5012001200280E35
:10B968000601E161BAEF5CF0BCEF5CF0D5EF5CF08A
:10B978006EEC63F0236E7E0E0601E125D96EDA6A5D
:10B98800090EDA2223C5DFF4E12BABEC66F01BC508
:10B9980014F71CC515F71DC516F71EC517F7E4EFF4
:10B9A8005CF0E16B7E0E1B6E090E1C6E000E1E6EA7
:10B9B800000E1D6E000E206E280E1F6E02EC63F046
:10B9C8001200E00E0501736F080E746F000E756F9C
:10B9D800000E766F000E776F000E786FB80E796FD5
:10B9E8000B0E7A6F000E7B6F000E7C6F1BEC59F00C
:10B9F800CC0E0501736F080E746F000E756F000E84
:10BA0800766F000E776F000E786FE80E796F030E71
:10BA18007A6F000E7B6F000E7C6F1BEC59F01200E2
:10BA2800000ED6BE010E05017A6F75C545F073C5C7
:10BA380077F574C578F575C579F578C577F579C55D
:10BA480078F5796B77510001446F73C543F076C57B
:10BA580046F04151F80B0309416FD69E000149C5D4
:10BA680042F04850426F408105017AB102D0D69E1B
:10BA780001D0D68EF80E000141171200040E020103
:10BA8800946F800E956F080E966F030E9C6F9A6BDD
:10BA98009B6B976B8D6B510E896F510E886F5DECA8
:10BAA80066F002019B919B95948F050EE82EFED7B8
:10BAB800000000000000000000000000000002017B
:10BAC8009A919A959B85000E0701B16F000EB26F8F
:10BAD800000EB36F120005017A6B1CEC64F00009CC
:10BAE800D8A479EF5DF07BEF5DF099EF5DF0010E82
:10BAF8000501ED6F74C5EEF575C5EFF5F86B76C504
:10BB0800F0F577C5F1F578C5F2F579C5F3F5000ECE
:10BB1800F46F000EF56F000EF76F000EF66FF96BFD
:10BB28009AEC61F0010E05017A6F05017A51120055
:10BB380005017A6B1CEC64F00009D8A4A6EF5DF04F
:10BB4800A8EF5DF0C6EF5DF0010E0501ED6F74C55D
:10BB5800EEF575C5EFF5F86B76C5F4F577C5F5F52F
:10BB680078C5F6F579C5F7F5000EF06F000EF16FA0
:10BB7800000EF36F000EF26FF96B5EEC64F0010ECD
:10BB880005017A6F05017A511200050176BFCFEFE2
:10BB98005DF0D1EF5DF0DBEF5DF073C573F574C553
:10BBA80074F575C575F576C576F5F4EF5DF073C572
:10BBB80077F574C578F575C579F576C57AF5771F83
:10BBC800781F791F7A1F772B000E782379237A2321
:10BBD80077C573F578C574F579C575F57AC576F5C1
:10BBE80012007DC681F67EC682F60AEF5EF07BC63D
:10BBF8006BF67CC66CF6810E06016D6F060E6E6FD5
:10BC08007FC66FF680C670F609EC2FF081C6F6F491
:10BC180082C6F7F4000EF86E0800F5500009D8A4A3
:10BC280018EF5EF01AEF5EF0FBEF5DF0000E060114
:10BC38007C6F000E7B6F120005017A6F30EF5EF0AB
:10BC480092EC55F04AEF5EF094EC57F04AEF5EF054
:10BC58008FEC4DF04AEF5EF005017A51786F796B01
:10BC68007951000AD8B43BEF5EF04AEF5EF07851A4
:10BC7800010AD8B424EF5EF0030AD8B428EF5EF0C6
:10BC8800010AD8B42CEF5EF04AEF5EF01200000E05
:10BC98000501776F000E786F000E796F000E7A6FCE
:10BCA8007B6B66EF5EF07B517325D96E000E7421B5
:10BCB800DA6EDF50766F76517727000E7823792376
:10BCC8007A237B2B75517B5DD8A06DEF5EF06FEF0B
:10BCD8005EF057EF5EF077C573F578C574F512001E
:10BCE80075C57BF576C57CF573C579F574C57AF5A8
:10BCF8008EEF5EF07BC5D9F47CC5DAF4DF507D6F3A
:10BD08007B4B7C2B79C5D9F47AC5DAF47DC5DFF491
:10BD1800794B7A2B05017707D8A07807772906E1B0
:10BD28007829D8A49AEF5EF09CEF5EF07EEF5EF083
:10BD3800120004C77BF505C77CF506C77DF507C764
:10BD48007EF573C57BF574C57CF575C57DF576C53F
:10BD58007EF57BC577F57CC578F57DC579F57EC51B
:10BD68007AF5200EBEEF5EF00501D8907A3379336C
:10BD780078337733E82EB8EF5EF077C573F578C57A
:10BD880074F51200030E0501886F5C0E8EEC62F0EC
:10BD980088C58DF589C58EF5FC0E05018F6F070ED8
:10BDA800906F000E926F030E916F33EC58F00501FF
:10BDB8008D518E11D8B4E3EF5EF0E5EF5EF0EEEF53
:10BDC8005EF0FC0ECF6F070ED06F030ED16F5C0EC6
:06BDD80004EC64F012000F
:10BDE000FAC419F5FBC41AF534C516F535C517F5AF
:10BDF000AFEC60F00701E851E911EA11D8B403EFA4
:10BE00005FF005EF5FF012EF5FF002D812EF5FF026
:10BE10000500FA6EE851FD6EE951FE6EEA51FF6EC3
:10BE2000FA501200B1981AC5FBF419C5FAF41100C2
:10BE30000501746FA2B21FEF5FF021EF5FF025EFF5
:10BE40005FF074C5A3F23DEF5FF00501FC51D8B47B
:10BE50002CEF5FF02EEF5FF03DEF5FF0000EFD2561
:10BE6000D96EDA6A0A0EDA2274C5DFF4FD291F0BD7
:10BE7000736F73C5FDF5A292FC07A282120012EC4B
:10BE800048F0000E05017C6F000E7B6F920E7D6FF7
:10BE90000A0E7E6F460E7F6FF2EC4AF0D00E05015F
:10BEA0008A6FC90EE82EFED78A2FFCD700D0920EDB
:10BEB0000501886F0A0E896FA9EC48F0920E050102
:10BEC000736F0A0E746FD1EC53F0120003011E91D0
:10BED0001F6B206B030E216F050E1D6FFE0E1C6F76
:10BEE0001D510501736F03011C51346E73C535F587
:10BEF000820E0701E86FCF0EE96F000EEA6F000EA9
:10BF0000E56F000EE66F000EE76FB198A188B19A59
:10BF1000050E03011E6F1200D8C460F5FAC461F566
:10BF2000FBC462F50701E251E311E411D8B49BEFC1
:10BF30005FF09DEF5FF0AAEF5FF002D8AAEF5FF02D
:10BF40000500FA6EE251FD6EE351FE6EE451FF6EA4
:10BF5000FA501200B99662C5FBF461C5FAF460C5E7
:10BF6000D8F411000096009600047F00006400647D
:10BF700000F6CE0000F401F401FCCE00000A000A35
:10BF800000A49300001E001E00F0CE00000A000A6C
:10BF900000E2A3000088138813129D00090000002E
:0FBFA00000000000000009000000000000000089
:10BFB0000501766FC386680E0501756FE40EE82EE5
:10BFC000FED7752FFCD70000E0EC65F00009D8B46F
:10BFD000ECEF5FF0EEEF5FF0E4EF5FF0050176511C
:10BFE00018EC5FF02A0E0501756F8D0EE82EFED756
:10BFF000752FFCD700D0C396120005017B5109E1D3
:10C00000040E7A5DD8A007EF60F009EF60F00CEF46
:10C0100060F0000E20EF60F0000E79257C6F000EBE
:10C020007A217D6F380E7B217E6F7CC573F57DC5CF
:10C0300074F57EC575F5ECEC63F005017F6F7F51FB
:10C040001200000E0501866F000E856F34EF60F060
:10C0500084C577F5786B82C579F583C57AF525ECCB
:10C0600051F00501854B862B85518025D96E86516F
:10C070008121DA6EDF50846F8451D8A442EF60F0E2
:10C0800044EF60F028EF60F01200000E0601041B80
:10C09000000E051B000E061B800E071B00C673F565
:10C0A00001C674F502C675F503C676F504C677F5C4
:10C0B00005C678F506C679F507C67AF589EC28F045
:10C0C00073C500F674C501F675C502F676C503F6AC
:10C0D00012000601E16B560E0501736F080E746FB6
:10C0E000000E766F000E756F000E786F280E776F5A
:10C0F00037EC62F07E0E0501736F090E746F000E4F
:10C10000766F000E756F000E786F280E776F37EC24
:10C1100062F00601E36B12000501756F05017505FC
:10C12000D8A495EF60F097EF60F09FEF60F0E00E1D
:10C13000736F080E746FCEEC58F0AEEF60F0020E25
:10C140007519D8A4A6EF60F0A8EF60F0AEEF60F02C
:10C15000CC0E736F080E746FCEEC58F01200030112
:10C160001EA5B5EF60F0B7EF60F0CDEF60F01EB147
:10C17000BCEF60F0BFEF60F0010EC0EF60F0000EAA
:10C18000186E17501D6F16C51CF318B002D01E9103
:10C1900002D003011E81D1EF60F017501D6F16C54C
:10C1A0001CF31200FAC403F5FBC404F5B39C0701A9
:10C1B000A851A911AA11D8B4E0EF60F0E2EF60F045
:10C1C000EFEF60F002D8EFEF60F00500FA6EA851D3
:10C1D000FD6EA951FE6EAA51FF6EFA50120004C501
:10C1E000FBF403C5FAF41100FAC407F5FBC408F523
:10C1F000B59C07019F51A011A111D8B402EF61F0C5
:10C2000004EF61F011EF61F002D811EF61F0050069
:10C21000FA6E9F51FD6EA051FE6EA151FF6EFA5055
:10C22000120008C5FBF407C5FAF41100FAC40FF5B3
:10C23000FBC410F50701EE51EF11F011D8B423EF54
:10C2400061F025EF61F032EF61F002D832EF61F07A
:10C250000500FA6EEE51FD6EEF51FE6EF051FF6E6D
:10C26000FA501200B19E10C5FBF40FC5FAF411008C
:10C27000FAC414F5FBC415F50701EB51EC11ED11EF
:10C28000D8B445EF61F047EF61F054EF61F002D8A8
:10C2900054EF61F00500FA6EEB51FD6EEC51FE6E4D
:10C2A000ED51FF6EFA501200B19615C5FBF414C59E
:10C2B000FAF41100CC0E0601186F080E196F36C67D
:10C2C0001AF637C61BF638C61CF639C61DF6F40E2C
:10C2D0001E6F010E1F6F000E206F000E216FFBEC12
:10C2E00032F018C636F619C637F61AC638F61BC627
:10C2F00039F61200E00E0601186F080E196F36C6E7
:10C300001AF637C61BF638C61CF639C61DF6B80E27
:10C310001E6F0B0E1F6F000E206F000E216FFBECC7
:10C3200032F018C636F619C637F61AC638F61BC6E6
:10C3300039F612000501F251F311D8B4A2EF61F001
:10C34000A4EF61F0B2EF61F0F25155EC67F0050136
:10C35000F851D8B4AEEF61F0B0EF61F0B2EF61F038
:10C360008AEC67F00501EE51EE255AEC67F08DEC92
:10C3700067F01200D7AEBFEF61F06EEF63F0400ED2
:10C380004524D96EDA6A090EDA22DF500501646F9E
:10C3900045281F0B636F63C545F5A2904450D8B480
:10C3A000D4EF61F0D6EF61F0D7EF61F04406A280E0
:10C3B0006451120073C577F574C578F575C5F6F448
:10C3C00076C5F7F40501754B762B000EF86E77C530
:10C3D000D9F478C5DAF4774B782B0800F5C4DFF48C
:10C3E000DF50D8A4F6EF61F0F8EF61F0DEEF61F016
:10C3F000120067EC66F0B7EC52F04DEC5CF000EC2C
:10C4000065F066EC5FF049EC64F034EC64F064ECE9
:10C4100067F042EC5DF084EC67F018EC5CF0E3EC64
:10C420005BF042EC57F068EC59F0B4EC59F01200B4
:10C4300099EC67F05FEC67F0B4EC66F074EC67F0D1
:10C440000201949F8FEC66F002019B919B95948F63
:10C45000050EE82EFED700000000000000000000DE
:10C460000000000002019A919A959B85120073C505
:10C4700079F574C57AF545EF62F079C5D9F47AC5D6
:10C48000DAF475C5DFF4794B7A2B05017707D8A06C
:10C490007807772906E17829D8A451EF62F053EFA5
:10C4A00062F03DEF62F012000501776F77C5ECF3A3
:10C4B0000301F39DF381F3B160EF62F062EF62F08C
:10C4C0005BEF62F0EB510501766F756B0301EA518A
:10C4D00005017525736F0301000E05017621746F48
:10C4E000120005017351741175117611D8B47BEFE8
:10C4F00062F07DEF62F085EF62F0000E731B000EBC
:10C50000741B000E751B800E761B73C573F574C506
:10C5100074F575C575F576C576F5120005018C6F55
:10C520008CC57BF505017C6BDA0E7D6F070E7E6F87
:10C5300088C57FF5F2EC4AF0680E05018B6FE40EBA
:10C54000E82EFED78B2FFCD70000DA0E0501886F8E
:10C55000070E896F120063C569F564C56AF5B9EF06
:10C5600062F069C5D9F46AC5DAF465C5DFF4694BD0
:10C570006A2B05016707D8A06807672906E16829C3
:10C58000D8A4C5EF62F0C7EF62F0B1EF62F012001D
:10C59000100E4260CEEF62F0D0EF62F0E3EF62F097
:10C5A000300E0501FB25D96EDA6A080EDA22DF505B
:10C5B0000201B66F0501FB290F0B716F71C5FBF509
:10C5C000422AE4EF62F0A6921200200E0501FC61FF
:10C5D000ECEF62F0EEEF62F000EF63F0000E472444
:10C5E000D96EDA6A0A0EDA22DF500201A36F4728F9
:10C5F0001F0B286E28C547F50501FC2B01EF63F0E2
:10C60000A29212001BC521F51CC522F510EF63F0A4
:10C6100021C5D9F422C5DAF41DC5DFF4214A222A46
:10C620001F06D8A020061F2806E12028D8A41BEF4B
:10C6300063F01DEF63F008EF63F0120005017ABFAD
:10C6400024EF63F026EF63F02CEF63F079C579F502
:10C650007AC57AF538EF63F079C57BF57AC57CF554
:10C660007B1F7C1F7B4B7C2B7BC579F57CC57AF5CA
:10C6700012000CC7E8F50DC7E9F50EC7EAF50FC7BC
:10C68000EBF508C6E8F509C6E9F50AC6EAF50BC6F2
:10C69000EBF50501EB9FE8C508F6E9C509F6EAC523
:10C6A0000AF6EBC50BF6120085EC66F0B1EC67F00C
:10C6B0007BEC66F071EC66F0EAEC4FF0E5EC5CF0D8
:10C6C0003FEC5FF0320E0501736FAD0E746F000E1C
:10C6D000756F10EC67F0C6EC5EF01200400E45245A
:10C6E000D96EDA6A090EDA22DF501C6E45281F0B5C
:10C6F0001B6E1BC545F5A2904450D8B482EF63F081
:10C7000084EF63F085EF63F04406A2801C501200B2
:10C71000F9EC61F0D68ED68C54EC63F07A0E0601FB
:10C72000C36FC10EC26F810EE82EFED7C22FFCD799
:10C73000C32FFAD700D0C7EC5AF09BEF63F081EF1C
:10C7400018F007019C519D119E11D8B4AAEF63F017
:10C75000ACEF63F0B9EF63F002D8B9EF63F0050016
:10C76000FA6E9C51FD6E9D51FE6E9E51FF6EFA5009
:10C7700012001200070199519A119B11D8B4C3EF0E
:10C7800063F0C5EF63F0D2EF63F002D8D2EF63F04D
:10C790000500FA6E9951FD6E9A51FE6E9B51FF6E27
:10C7A000FA50120012000701965197119811D8B44F
:10C7B000DCEF63F0DEEF63F0EBEF63F002D8EBEF5A
:10C7C00063F00500FA6E9651FD6E9751FE6E98511A
:10C7D000FF6EFA501200120075C545F073C576F56C
:10C7E00074C577F575C578F577C576F578C577F5AD
:10C7F0000501786B76510001446F73C543F0F80E64
:10C8000041174081465112000501D36FD3C57BF516
:10C8100005017C6BCFC57DF5D0C57EF5D1C57FF513
:10C8200003EC4FF0D00E0501D26FC90EE82EFED7F3
:10C83000D22FFCD700D01200010E0501736FED510D
:10C84000D8A425EF64F027EF64F031EF64F0020123
:10C8500098AF2DEF64F02FEF64F031EF64F0050135
:10C86000736B050173511200010E0301326F316BBE
:10C87000336B1F0E2F6F2E6B640E0701E26FCF0E0E
:10C88000E36F000EE46FB996A986DF0E0301306FE7
:10C890001200010E0301266F256B276B1F0E236FFD
:10C8A000226B800E0701EB6FCF0EEC6F000EED6F69
:10C8B000B196A186DF0E0301246F12000501F65127
:10C8C000F711D8B466EF64F068EF64F06BEF64F0D2
:10C8D000F65155EC67F0D8800501EE355AEC67F05B
:10C8E0008DEC67F012000501F651F711D8B47BEF1B
:10C8F00064F07DEF64F080EF64F0F6516CEC67F06B
:10C90000D8800501EE3568EC67F090EC67F0120016
:10C91000850E0601936F060E946F000E7B6F000E5E
:10C920007C6F83C67DF684C67EF6930E7F6F060EFF
:10C93000806FF5EC5DF012000501736F050173A1C6
:10C94000A4EF64F0A6EF64F0A7EF64F0C38A73A3CA
:10C95000ACEF64F0AEEF64F0AFEF64F0C0821200B1
:10C960000501736F050173A1B8EF64F0BAEF64F0CD
:10C97000BBEF64F0C29473A3C0EF64F0C2EF64F045
:10C98000C3EF64F0C39C12000501736F050173A12E
:10C99000CCEF64F0CEEF64F0CFEF64F0C39A73A3F2
:10C9A000D4EF64F0D6EF64F0D7EF64F0C0921200D9
:10C9B0000501736F050173A1E0EF64F0E2EF64F02D
:10C9C000E3EF64F0C28473A3E8EF64F0EAEF64F08D
:10C9D000EBEF64F0C38C12000501ED6B000EEF6FFE
:10C9E000EE69000EF06F000EF16F000EF46F000E96
:10C9F000F56F99EC67F05FEC67F074EC67F012008C
:10CA00003D0E0301196F186B570E1B6F7C0E07014B
:10CA1000EE6FCF0EEF6F000EF06FB19EA18E810E04
:10CA200003011A6F120093EC67F096EC67F00009AF
:10CA3000D8B41DEF65F01FEF65F025EF65F0000E2F
:10CA40006CEC67F0000E70EC67F01200050173519A
:10CA500074117511D8B42FEF65F031EF65F037EF31
:10CA600065F073C578F774C579F775C57AF7120064
:10CA70000501735174117511D8B441EF65F043EF9E
:10CA800065F049EF65F073C57BF774C57CF775C534
:10CA90007DF712000501735174117511D8B453EF6D
:10CAA00065F055EF65F05BEF65F073C57EF774C513
:10CAB0007FF775C580F71200050173517411751168
:10CAC000D8B465EF65F067EF65F06DEF65F073C59D
:10CAD0008DF774C58EF775C58FF712000501735178
:10CAE00074117511D8B477EF65F079EF65F07FEFC9
:10CAF00065F073C590F774C591F775C592F712008C
:10CB00000501735174117511D8B489EF65F08BEF7D
:10CB100065F091EF65F073C593F774C594F775C52B
:10CB200095F712000501735174117511D8B49BEF7C
:10CB300065F09DEF65F0A3EF65F073C581F774C5EF
:10CB400082F775C583F71200D8C42DF59CEC67F009
:10CB5000F4C5D9F4F5C5DAF4DF6E0501F44BF52B15
:06CB60002DC5D8F4110000
:10CB6800D8C42FF5F0C5D9F4F1C5DAF40501F04BB6
:0ECB7800F12BDF5070EC67F02FC5D8F41100E0
:10CB8800D8C46EF5FAC46FF5FBC470F511EC44F027
:10CB980070C5FBF46FC5FAF46EC5D8F41100000136
:10CBA80041AFD9EF65F0DBEF65F0DEEF65F0010E20
:10CBB800DFEF65F0000E12000501FC51D8A4E7EF85
:10CBC80065F0EAEF65F0010EEBEF65F0000E12007C
:10CBD800FAC409F5FBC40AF5AF90A1EC63F00AC5E5
:10CBE800FBF409C5FAF41100FAC40BF5FBC40CF503
:10CBF800B490BAEC63F00CC5FBF40BC5FAF4110061
:10CC0800FAC40DF5FBC40EF5B890D3EC63F00EC56D
:10CC1800FBF40DC5FAF41100000140B116EF66F0FF
:10CC280019EF66F0010E1AEF66F0000E120002010D
:10CC380095BB21EF66F024EF66F0010E25EF66F054
:10CC4800000E1200020198B72CEF66F02FEF66F085
:10CC5800010E30EF66F0000E1200020197BD37EFAB
:10CC680066F03AEF66F0010E3BEF66F0000E120038
:10CC7800020197BB42EF66F045EF66F0010E46EF02
:10CC880066F0000E1200020198A74DEF66F050EF13
:10CC980066F0010E51EF66F0000E1200FAC426F598
:10CCA800FBC427F5D2EC44F027C5FBF426C5FAF4FB
:10CCB8001100A584A586A580A58202019B859B837A
:10CCC8009B8F97811200600E0001AD6FAF6BB36B45
:10CCD800080EB16FB06BAC6B12007A0E0501736F62
:10CCE800B60E746F000E756F92EC65F01200020EAE
:10CCF8000501736FB90E746F000E756F02EC67F063
:10CD080012007E0E0501736FCF0E746F000E756FE3
:10CD180009EC67F01200A584A586A580A58202010A
:10CD28009B859B839B8F9781120030C573F531C516
:10CD380074F532C575F533C576F5120030C563F55F
:10CD480031C564F532C565F533C566F5120030C5E1
:10CD58001BF531C51CF532C51DF533C51EF512008E
:10CD6800A594A596A590A59202019B6B976B1200BE
:10CD780006050403020101000000C000000273C59B
:10CD8800A2F774C5A3F775C5A4F7120073C5A5F774
:10CD980074C5A6F775C5A7F7120073C59FF774C5C4
:10CDA800A0F775C5A1F7120073C5ABF774C5ACF74A
:10CDB80075C5ADF7120073C5AEF774C5AFF775C585
:10CDC800B0F7120073C5A8F774C5A9F775C5AAF717
:10CDD800120073C596F774C597F775C598F71200D2
:10CDE80073C599F774C59AF775C59BF7120073C593
:10CDF8009CF774C59DF775C59EF7120073C5EBF7D0
:10CE080074C5ECF775C5EDF7120073C5EEF774C578
:10CE1800EFF775C5F0F7120073C5C4F674C5C5F60B
:06CE280075C5C6F61200FC
:10CE3000D8C472F5C8EC62F072C5D8F411000501CF
:10CE40007451486E73C549F5120073C589F4050124
:10CE500074518A6E120073C57AF4050174517B6EA9
:10CE60001200D7AE36EF67F0C2EF67F01200D7AE10
:10CE70003CEF67F0C3EF67F01200D7AE42EF67F008
:10CE8000C4EF67F01200D7AE48EF67F0C5EF67F068
:10CE90001200D7AE4EEF67F0C6EF67F01200D7AEC4
:10CEA00054EF67F0C7EF67F012000501736F73C5A9
:10CEB0008DF212000501736F73C58FF2120002012B
:10CEC000979B979D97991200C30E0301D76F12008D
:10CED000296E29C58FF212002B6E2BC58DF2120020
:10CEE0002E6E2EC58CF212000201996B99851200EC
:10CEF00093EC39F0120029EC38F0120019EC31F003
:10CF00001200486A496A120087EC67F012000001BB
:10CF1000419F12000201948D12000201948B1200B5
:10CF20000201948B12000201949D120002018D51A6
:0ECF3000120002019A6B120002018B511200D6
:10CF4000E5EC62F01100C3901200C3801200C38EA2
:10CF500012008784120078841200C39E120001051B
:01CF600001CF
:10CF6200120012001200120012001200120012002F
:10CF7400110012001200120012001200120012001E
:0CCF840012001200120012001200120035
:020000040030CA
:080000008FFFEFFF9FFFFFFFE0
:01000900FFF7
:00000001FF
