:0430000081EF18F054
:103008000735073507350735400C0735400C0735B8
:103018003F34073501350735073507350735073597
:103028000235400C400C400C07350735073507358D
:103038000735073507350732F63007350735F631D6
:103048007234F43407350735400C400C0735073522
:10305800073507350735400C07350735D431E92BD7
:10306800453407350735073507350735073507353B
:103078001E342534E02D8B2B400C0735E531162CFA
:103088000735073507350735073507350735073558
:103098000735073507350735400C0735400C400C18
:1030A8004B340735073507350735073507350735F5
:1030B80007350735073544310735073507350735EF
:1030C8000735073507350735073507350735073518
:1030D8000735073507350735073507350735073508
:1030E800400C073507350735400C400C400C400CA8
:1030F8000735073507350735FF00E5EF53F00000C2
:10310800C0C101C30302C2C60607C705C5C404CCB3
:103118000C0DCD0FCFCE0E0ACACB0BC90908C8D8E3
:103128001819D91BDBDA1A1EDEDF1FDD1D1CDC14A3
:10313800D4D515D71716D6D21213D311D1D010F073
:103148003031F133F3F23236F6F737F53534F43CF3
:10315800FCFD3DFF3F3EFEFA3A3BFB39F9F83828C3
:10316800E8E929EB2B2AEAEE2E2FEF2DEDEC2CE4E3
:103178002425E527E7E62622E2E323E12120E0A053
:103188006061A163A3A26266A6A767A56564A46C33
:10319800ACAD6DAF6F6EAEAA6A6BAB69A9A8687863
:1031A800B8B979BB7B7ABABE7E7FBF7DBDBC7CB423
:1031B8007475B577B7B67672B2B373B17170B05033
:1031C8009091519353529296565797559594549C73
:1031D8005C5D9D5F9F9E5E5A9A9B5B995958988843
:1031E8004849894B8B8A4A4E8E8F4F8D4D4C8C4463
:1031F80084854587474686824243834181804000D3
:10320800C1814001C0804101C0804100C1814001AD
:10321800C0804100C1814000C1814001C08041019E
:10322800C0804100C1814000C1814001C08041008F
:10323800C1814001C0804101C0804100C18140017D
:10324800C0804100C1814000C1814001C08041006F
:10325800C1814001C0804101C0804100C18140005E
:10326800C1814001C0804101C0804100C18140014D
:10327800C0804100C1814000C1814001C08041013E
:10328800C0804100C1814000C1814001C08041002F
:10329800C1814001C0804101C0804100C18140001E
:1032A800C1814001C0804101C0804100C18140010D
:1032B800C0804100C1814000C1814001C0804100FF
:1032C800C1814001C0804101C0804100C1814001ED
:1032D800C0804100C1814000C1814001C0804101DE
:1032E800C0804100C1814000C1814001C0804100CF
:1032F800C1814001C0804101C0804100C1814000BE
:10330800C0C101C30302C2C60607C705C5C404CCB1
:103318000C0DCD0FCFCE0E0ACACB0BC90908C8D8E1
:103328001819D91BDBDA1A1EDEDF1FDD1D1CDC14A1
:10333800D4D515D71716D6D21213D311D1D010F071
:103348003031F133F3F23236F6F737F53534F43CF1
:10335800FCFD3DFF3F3EFEFA3A3BFB39F9F83828C1
:10336800E8E929EB2B2AEAEE2E2FEF2DEDEC2CE4E1
:103378002425E527E7E62622E2E323E12120E0A051
:103388006061A163A3A26266A6A767A56564A46C31
:10339800ACAD6DAF6F6EAEAA6A6BAB69A9A8687861
:1033A800B8B979BB7B7ABABE7E7FBF7DBDBC7CB421
:1033B8007475B577B7B67672B2B373B17170B05031
:1033C8009091519353529296565797559594549C71
:1033D8005C5D9D5F9F9E5E5A9A9B5B995958988841
:1033E8004849894B8B8A4A4E8E8F4F8D4D4C8C4461
:1033F80084854587474686824243834181804000D1
:10340800C1814001C0804101C0804100C1814001AB
:10341800C0804100C1814000C1814001C08041019C
:10342800C0804100C1814000C1814001C08041008D
:10343800C1814001C0804101C0804100C18140017B
:10344800C0804100C1814000C1814001C08041006D
:10345800C1814001C0804101C0804100C18140005C
:10346800C1814001C0804101C0804100C18140014B
:10347800C0804100C1814000C1814001C08041013C
:10348800C0804100C1814000C1814001C08041002D
:10349800C1814001C0804101C0804100C18140001C
:1034A800C1814001C0804101C0804100C18140010B
:1034B800C0804100C1814000C1814001C0804100FD
:1034C800C1814001C0804101C0804100C1814001EB
:1034D800C0804100C1814000C1814001C0804101DC
:1034E800C0804100C1814000C1814001C0804100CD
:1034F800C1814001C0804101C0804100C1814000BC
:10350800C0C101C30302C2C60607C705C5C404CCAF
:103518000C0DCD0FCFCE0E0ACACB0BC90908C8D8DF
:103528001819D91BDBDA1A1EDEDF1FDD1D1CDC149F
:10353800D4D515D71716D6D21213D311D1D010F06F
:103548003031F133F3F23236F6F737F53534F43CEF
:10355800FCFD3DFF3F3EFEFA3A3BFB39F9F83828BF
:10356800E8E929EB2B2AEAEE2E2FEF2DEDEC2CE4DF
:103578002425E527E7E62622E2E323E12120E0A04F
:103588006061A163A3A26266A6A767A56564A46C2F
:10359800ACAD6DAF6F6EAEAA6A6BAB69A9A868785F
:1035A800B8B979BB7B7ABABE7E7FBF7DBDBC7CB41F
:1035B8007475B577B7B67672B2B373B17170B0502F
:1035C8009091519353529296565797559594549C6F
:1035D8005C5D9D5F9F9E5E5A9A9B5B99595898883F
:1035E8004849894B8B8A4A4E8E8F4F8D4D4C8C445F
:1035F80084854587474686824243834181804000CF
:10360800C1814001C0804101C0804100C1814001A9
:10361800C0804100C1814000C1814001C08041019A
:10362800C0804100C1814000C1814001C08041008B
:10363800C1814001C0804101C0804100C181400179
:10364800C0804100C1814000C1814001C08041006B
:10365800C1814001C0804101C0804100C18140005A
:10366800C1814001C0804101C0804100C181400149
:10367800C0804100C1814000C1814001C08041013A
:10368800C0804100C1814000C1814001C08041002B
:10369800C1814001C0804101C0804100C18140001A
:1036A800C1814001C0804101C0804100C181400109
:1036B800C0804100C1814000C1814001C0804100FB
:1036C800C1814001C0804101C0804100C1814001E9
:1036D800C0804100C1814000C1814001C0804101DA
:1036E800C0804100C1814000C1814001C0804100CB
:1036F800C1814001C0804101C0804100C1814000BA
:10370800C0C101C30302C2C60607C705C5C404CCAD
:103718000C0DCD0FCFCE0E0ACACB0BC90908C8D8DD
:103728001819D91BDBDA1A1EDEDF1FDD1D1CDC149D
:10373800D4D515D71716D6D21213D311D1D010F06D
:103748003031F133F3F23236F6F737F53534F43CED
:10375800FCFD3DFF3F3EFEFA3A3BFB39F9F83828BD
:10376800E8E929EB2B2AEAEE2E2FEF2DEDEC2CE4DD
:103778002425E527E7E62622E2E323E12120E0A04D
:103788006061A163A3A26266A6A767A56564A46C2D
:10379800ACAD6DAF6F6EAEAA6A6BAB69A9A868785D
:1037A800B8B979BB7B7ABABE7E7FBF7DBDBC7CB41D
:1037B8007475B577B7B67672B2B373B17170B0502D
:1037C8009091519353529296565797559594549C6D
:1037D8005C5D9D5F9F9E5E5A9A9B5B99595898883D
:1037E8004849894B8B8A4A4E8E8F4F8D4D4C8C445D
:1037F80084854587474686824243834181804000CD
:10380800C1814001C0804101C0804100C1814001A7
:10381800C0804100C1814000C1814001C080410198
:10382800C0804100C1814000C1814001C080410089
:10383800C1814001C0804101C0804100C181400177
:10384800C0804100C1814000C1814001C080410069
:10385800C1814001C0804101C0804100C181400058
:10386800C1814001C0804101C0804100C181400147
:10387800C0804100C1814000C1814001C080410138
:10388800C0804100C1814000C1814001C080410029
:10389800C1814001C0804101C0804100C181400018
:1038A800C1814001C0804101C0804100C181400107
:1038B800C0804100C1814000C1814001C0804100F9
:1038C800C1814001C0804101C0804100C1814001E7
:1038D800C0804100C1814000C1814001C0804101D8
:1038E800C0804100C1814000C1814001C0804100C9
:1038F800C1814001C0804101C0804100C1814000B8
:10390800C0C101C30302C2C60607C705C5C404CCAB
:103918000C0DCD0FCFCE0E0ACACB0BC90908C8D8DB
:103928001819D91BDBDA1A1EDEDF1FDD1D1CDC149B
:10393800D4D515D71716D6D21213D311D1D010F06B
:103948003031F133F3F23236F6F737F53534F43CEB
:10395800FCFD3DFF3F3EFEFA3A3BFB39F9F83828BB
:10396800E8E929EB2B2AEAEE2E2FEF2DEDEC2CE4DB
:103978002425E527E7E62622E2E323E12120E0A04B
:103988006061A163A3A26266A6A767A56564A46C2B
:10399800ACAD6DAF6F6EAEAA6A6BAB69A9A868785B
:1039A800B8B979BB7B7ABABE7E7FBF7DBDBC7CB41B
:1039B8007475B577B7B67672B2B373B17170B0502B
:1039C8009091519353529296565797559594549C6B
:1039D8005C5D9D5F9F9E5E5A9A9B5B99595898883B
:1039E8004849894B8B8A4A4E8E8F4F8D4D4C8C445B
:1039F80084854587474686824243834181804000CB
:103A0800C1814001C0804101C0804100C1814001A5
:103A1800C0804100C1814000C1814001C080410196
:103A2800C0804100C1814000C1814001C080410087
:103A3800C1814001C0804101C0804100C181400175
:103A4800C0804100C1814000C1814001C080410067
:103A5800C1814001C0804101C0804100C181400056
:103A6800C1814001C0804101C0804100C181400145
:103A7800C0804100C1814000C1814001C080410136
:103A8800C0804100C1814000C1814001C080410027
:103A9800C1814001C0804101C0804100C181400016
:103AA800C1814001C0804101C0804100C181400105
:103AB800C0804100C1814000C1814001C0804100F7
:103AC800C1814001C0804101C0804100C1814001E5
:103AD800C0804100C1814000C1814001C0804101D6
:103AE800C0804100C1814000C1814001C0804100C7
:103AF800C1814001C0804101C0804100C1814000B6
:103B0800C0C101C30302C2C60607C705C5C404CCA9
:103B18000C0DCD0FCFCE0E0ACACB0BC90908C8D8D9
:103B28001819D91BDBDA1A1EDEDF1FDD1D1CDC1499
:103B3800D4D515D71716D6D21213D311D1D010F069
:103B48003031F133F3F23236F6F737F53534F43CE9
:103B5800FCFD3DFF3F3EFEFA3A3BFB39F9F83828B9
:103B6800E8E929EB2B2AEAEE2E2FEF2DEDEC2CE4D9
:103B78002425E527E7E62622E2E323E12120E0A049
:103B88006061A163A3A26266A6A767A56564A46C29
:103B9800ACAD6DAF6F6EAEAA6A6BAB69A9A8687859
:103BA800B8B979BB7B7ABABE7E7FBF7DBDBC7CB419
:103BB8007475B577B7B67672B2B373B17170B05029
:103BC8009091519353529296565797559594549C69
:103BD8005C5D9D5F9F9E5E5A9A9B5B995958988839
:103BE8004849894B8B8A4A4E8E8F4F8D4D4C8C4459
:103BF80084854587474686824243834181804000C9
:103C0800C1814001C0804101C0804100C1814001A3
:103C1800C0804100C1814000C1814001C080410194
:103C2800C0804100C1814000C1814001C080410085
:103C3800C1814001C0804101C0804100C181400173
:103C4800C0804100C1814000C1814001C080410065
:103C5800C1814001C0804101C0804100C181400054
:103C6800C1814001C0804101C0804100C181400143
:103C7800C0804100C1814000C1814001C080410134
:103C8800C0804100C1814000C1814001C080410025
:103C9800C1814001C0804101C0804100C181400014
:103CA800C1814001C0804101C0804100C181400103
:103CB800C0804100C1814000C1814001C0804100F5
:103CC800C1814001C0804101C0804100C1814001E3
:103CD800C0804100C1814000C1814001C0804101D4
:103CE800C0804100C1814000C1814001C0804100C5
:103CF800C1814001C0804101C0804100C181400CA8
:103D0800B5000000000ECC0076C400000000E2D030
:103D1800000000000000000000000000000000009B
:103D2800000000000000000000000000000000008B
:103D3800000000000010D000000000ECCF00C8CF49
:103D480000A4CF00000000E0C200000000E6BF00B1
:103D58003EC0000000000000000000009ACD0000F6
:103D680000000000004348317C493A252E32667C29
:103D7800563A252E32667C503A252E32667C5057AC
:103D88004D3A25647C0A0D20004348327C493A2587
:103D98002E32667C563A252E32667C503A252E32D3
:103DA800667C50574D3A25647C0A0D200053503AE2
:103DB800252E32667C55524745313A25647C55524A
:103DC8004745323A25647C200A0D200054656D7001
:103DD8003A252E32667C0A0D200056696E3A256413
:103DE8007C200A0D20007069643A25647C0A0D2045
:103DF8000050726F3A25647C0A0D2000563A2564FB
:103E08000A0D002530325800696E66006E616E003A
:013E180000A9
:103E1A000601446B1EC645F61FC646F620C647F67F
:103E2A0021C648F648BF1EEF1FF01CEF1FF032EF05
:103E3A001FF0010E446F45C663F546C664F547C6D2
:103E4A0065F548C666F5EDEC64F063C545F664C5EC
:103E5A0046F665C547F666C548F6000E06014A6F7E
:103E6A00000E496FB0C638F6B1C639F64451D8B417
:103E7A0041EF1FF043EF1FF057EF1FF04451D8A452
:103E8A0049EF1FF04BEF1FF051EF1FF0000E2A6FA2
:103E9A002B0E296F55EF1FF0000E2A6F2D0E296F7A
:103EAA0029C644F645C663F546C664F547C665F5B0
:103EBA0048C666F502EC52F0050163056411D8A400
:103ECA0069EF1FF06BEF1FF0A2EF1FF006014451DC
:103EDA00D8B472EF1FF074EF1FF07DEF1FF044C6E5
:103EEA00A4F93807D8A03907000E4A6F010E496FA6
:103EFA00A40E49250501636F090E06014A21050131
:103F0A00646F100E656F3E0E666F92EC64F00601E8
:103F1A00FD0E3827FF0E39231CC677F51DC678F526
:103F2A00A40E0501796F090E7A6F38C67BF539C67A
:103F3A007CF5E0EC59F082EF24F045C663F546C6FD
:103F4A0064F547C665F548C666F502EC52F0050108
:103F5A0063516411D8A4B4EF1FF0B6EF1FF0D9EF84
:103F6A001FF006014451D8B4BDEF1FF0BFEF1FF098
:103F7A00C8EF1FF044C6A4F93807D8A03907000EC5
:103F8A004A6F010E496FA40E49250501636F090E98
:103F9A0006014A210501646F140E656F3E0E666FB5
:103FAA0092EC64F08CEF1FF0000E06014B6F000ECE
:103FBA004C6F800E4D6F3F0E4E6F000E336F000E2A
:103FCA00326F45C663F546C664F547C665F548C609
:103FDA0066F5000E0501676F000E686F000E696FC7
:103FEA00000E6A6FDEEC58F00501D8B0FFEF1FF043
:103FFA0001EF20F0FBEF20F00EEF20F034C64BF675
:10400A0035C64CF636C64DF637C64EF60601324B65
:10401A00332B4BC6BFF54CC6C0F54DC6C1F54EC6CF
:10402A00C2F5000E0501C36F000EC46F200EC56FE6
:10403A00410EC66F4FEC30F0BFC534F6C0C535F639
:10404A00C1C536F6C2C537F606013451455D0501CC
:10405A00636F0601355146590501646F06013651F1
:10406A0047590501656F0601375148590501666FC1
:10407A009BEC5FF0050166BF4EEF20F066516511BB
:10408A00641109E1020E635DD8A04EEF20F050EFF3
:10409A0020F003EF20F034C600F635C601F636C626
:1040AA0002F637C603F645C604F646C605F647C6FF
:1040BA0006F648C607F6E2EC4BF00601D8A068EF10
:1040CA0020F06AEF20F003EF20F04B51455D050127
:1040DA00636F06014C5146590501646F06014D5143
:1040EA0047590501656F06014E5148590501666F2A
:1040FA009BEC5FF0050166BF90EF20F066516511F9
:10410A00641107E1020E635DD8B08EEF20F090EFE4
:10411A0020F0E1EF20F04BC645F64CC646F64DC6F8
:10412A0047F64EC648F6FBEF20F04BC6A6F54CC63E
:10413A00A7F54DC6A8F54EC6A9F5000E0501AA6F4A
:10414A00000EAB6F200EAC6F410EAD6F1CEC36F05B
:10415A00A6C54BF6A7C54CF6A8C54DF6A9C54EF699
:10416A0006013207D8A033074B51455D0501636F3D
:10417A0006014C5146590501646F06014D514759D4
:10418A000501656F06014E5148590501666F9BECA2
:10419A005FF0050166BFDFEF20F06651651164111B
:1041AA0007E1020E635DD8B0DDEF20F0DFEF20F00B
:1041BA00E1EF20F090EF20F045C600F646C601F682
:1041CA0047C602F648C603F64BC604F64CC605F6C1
:1041DA004DC606F64EC607F6E2EC4BF00601D8A02D
:1041EA00F9EF20F0FBEF20F09AEF20F022C62CF630
:1041FA002CC62DF60601B3BF05EF21F007EF21F01B
:10420A000DEF21F0B2C625F6B3C626F611EF21F05E
:10421A00000E266F060E256F25C630F626C631F625
:10422A00304B312B660E2D19D8A41EEF21F020EF4A
:10423A0021F040EF21F033BF27EF21F025EF21F0E5
:10424A0033EF21F0000E4B6F000E4C6F800E4D6F56
:10425A003F0E4E6F000E336F000E326F670E2C1931
:10426A00D8B43AEF21F03CEF21F040EF21F032517F
:10427A00302733513123000E436F000E426F45C67B
:10428A003AF646C63BF647C63CF648C63DF64BC626
:10429A0034F64CC635F64DC636F64EC637F6D2EF6C
:1042AA0021F03AC6A6F53BC6A7F53CC6A8F53DC619
:1042BA00A9F54BC6AAF54CC6ABF54DC6ACF54EC62C
:1042CA00ADF51CEC36F0A6C5BFF5A7C5C0F5A8C567
:1042DA00C1F5A9C5C2F56DEC3FF0BFC53EF6C0C534
:1042EA003FF6C1C540F6C2C541F63EC618F63FC6FE
:1042FA0019F640C61AF641C61BF652EC4FF018C61C
:10430A002EF619C62FF63AC6D8F53BC6D9F53CC6DD
:10431A00DAF53DC6DBF53EC6C3F53FC6C4F540C671
:10432A00C5F541C6C6F54BC6BFF54CC6C0F54DC668
:10433A00C1F54EC6C2F54FEC30F0BFC5DCF5C0C5BD
:10434A00DDF5C1C5DEF5C2C5DFF5F7EC62F0D8C50B
:10435A003AF6D9C53BF6DAC53CF6DBC53DF64BC69F
:10436A00A6F54CC6A7F54DC6A8F54EC6A9F5000E8A
:10437A000501AA6F000EAB6F200EAC6F410EAD6F38
:10438A001CEC36F0A6C54BF6A7C54CF6A8C54DF6EB
:10439A00A9C54EF60601424B432B3051425D4351AB
:1043AA00800A0501F66F06013151800A0501F659A6
:1043BA00D8A0E2EF21F0E4EF21F056EF21F04BC64E
:1043CA00BFF54CC6C0F54DC6C1F54EC6C2F5000EC6
:1043DA00C36F000EC46FA00EC56F400EC66F4FECC0
:1043EA0030F0BFC53EF6C0C53FF6C1C540F6C2C5EE
:1043FA0041F63AC600F63BC601F63CC602F63DC691
:10440A0003F63EC604F63FC605F640C606F641C6A2
:10441A0007F6E2EC4BF00601D8B016EF22F018EFDF
:10442A0022F022EF22F0000E3E6F000E3F6F000EC8
:10443A00406F000E416F4CEF22F03AC663F53BC65F
:10444A0064F53CC665F53DC666F53EC667F53FC6EA
:10445A0068F540C669F541C66AF5DEEC58F0050113
:10446A00D8A03AEF22F03CEF22F04CEF22F00601FE
:10447A002EB142EF22F044EF22F04CEF22F0000E70
:10448A003E6F000E3F6F000E406F000E416F45C633
:10449A0063F546C664F547C665F548C666F53EC681
:1044AA0067F53FC668F540C669F541C66AF589EC05
:1044BA0029F063C53AF664C53BF665C53CF666C5A0
:1044CA003DF63AC600F63BC601F63CC602F63DC6C4
:1044DA0003F6000E0501C36F000EC46F200EC56FF0
:1044EA00410EC66F34C6BFF535C6C0F536C6C1F52E
:1044FA0037C6C2F54FEC30F0BFC504F6C0C505F6A5
:10450A00C1C506F6C2C507F6E2EC4BF00601D8A013
:10451A0091EF22F093EF22F0BCEF22F0324B332BD3
:10452A0034C6BFF535C6C0F536C6C1F537C6C2F5BD
:10453A00000E0501C36F000EC46F200EC56F410E39
:10454A00C66F4FEC30F0BFC534F6C0C535F6C1C5ED
:10455A0036F6C2C537F6660E06012D19D8A4B8EF8D
:10456A0022F0BAEF22F0BCEF22F0304B312B34C6E6
:10457A004BF635C64CF636C64DF637C64EF632C63B
:10458A0023F633C624F62B6B000E286F000E276F16
:10459A00000E436F000E426FB9EF23F03AC6A6F53C
:1045AA003BC6A7F53CC6A8F53DC6A9F54BC6AAF574
:1045BA004CC6ABF54DC6ACF54EC6ADF51CEC36F0A7
:1045CA00A6C5BFF5A7C5C0F5A8C5C1F5A9C5C2F559
:1045DA006DEC3FF0BFC53EF6C0C53FF6C1C540F61B
:1045EA00C2C541F63EC618F63FC619F640C61AF6C7
:1045FA0041C61BF652EC4FF0060119BF10EF23F02B
:10460A00195107E10A0E185DD8B00EEF23F010EF2A
:10461A0023F020EF23F03EC618F63FC619F640C62F
:10462A001AF641C61BF652EC4FF018C62EF619C6FA
:10463A002FF624EF23F0000E2F6F090E2E6F0601BE
:10464A002B51D8A42BEF23F02DEF23F055EF23F0B5
:10465A0024BF34EF23F032EF23F055EF23F0A40EFA
:10466A004925D96E090E4A21DA6E2E0EDF6E494BA4
:10467A004A2B3807D8A03907010E2B6F55EF23F0C4
:10468A00A40E4925D96E090E4A21DA6E300EDF6E64
:10469A00494B4A2B3807D8A039072707D8A028073B
:1046AA0027512811D8A45CEF23F05EEF23F045EFE1
:1046BA0023F0A40E4925D96E090E4A21DA6E2E512D
:1046CA00300FDF6E494B4A2B3807D8A039073AC654
:1046DA00D8F53BC6D9F53CC6DAF53DC6DBF53EC68C
:1046EA00C3F53FC6C4F540C6C5F541C6C6F54BC6B7
:1046FA00BFF54CC6C0F54DC6C1F54EC6C2F54FEC66
:10470A0030F0BFC5DCF5C0C5DDF5C1C5DEF5C2C5F3
:10471A00DFF5F7EC62F0D8C53AF6D9C53BF6DAC54B
:10472A003CF6DBC53DF64BC6A6F54CC6A7F54DC60D
:10473A00A8F54EC6A9F5000E0501AA6F000EAB6FCB
:10474A00200EAC6F410EAD6F1CEC36F0A6C54BF6D1
:10475A00A7C54CF6A8C54DF6A9C54EF6060123070E
:10476A00D8A02407424B432B3051425D4351800A63
:10477A000501F66F06013151800A0501F659D8B0D4
:10478A00C9EF23F0CBEF23F0DAEF23F006014ABF9B
:10479A00D8EF23F04A5109E14B0E495DD8A0D8EF72
:1047AA0023F0DAEF23F0D3EF22F0000E0601436F75
:1047BA004F0E426FA40E4225D96E090E4321DA6EBE
:1047CA00DF6AA40E0501F66F090EF76F060149515B
:1047DA000501F65F06014A510501F75B06014251E0
:1047EA000501F625636F060143510501F721646F40
:1047FA00A40E656F090E666F49C667F54AC668F565
:10480A00CCEC60F006014951425D496F4A51435967
:10481A004A6F4451D8A414EF24F017EF24F0010E84
:10482A0018EF24F0000E426F436BC2A31FEF24F06F
:10483A0021EF24F057EF24F032EF24F00601490764
:10484A00D8A04A07A40E4925D96E090E4A21DA6E64
:10485A00300EDF6E3807D8A039073851425D435110
:10486A00800A0501F66F06013951800A0501F659D9
:10487A00D8B042EF24F044EF24F057EF24F00601B9
:10488A004951425D4351800A0501F66F06014A51BA
:10489A00800A0501F659D8A055EF24F057EF24F005
:1048AA0023EF24F006014451D8B45EEF24F060EF00
:1048BA0024F06BEF24F04907D8A04A07A40E492533
:1048CA00D96E090E4A21DA6E44C6DFF44251385FC6
:1048DA004351395B1CC677F51DC678F5A40E4925E8
:1048EA000501796F090E06014A2105017A6F38C65A
:1048FA007BF539C67CF5E0EC59F012001EC6D8F5F6
:10490A001FC6D9F520C6DAF521C6DBF522C6DCF5C5
:10491A0023C6DDF524C6DEF525C6DFF5F7EC62F021
:10492A00D8C546F6D9C547F6DAC548F6DBC549F60D
:10493A0046C6E0F547C6E1F548C6E2F549C6E3F5DD
:10494A00D2EC65F0E0C54EF6E1C54FF6E2C550F689
:10495A00E3C551F6060120EE05F01C51D9261D517A
:10496A00DA22DEC44AF6DEC44BF6DEC44CF6DEC4F6
:10497A004DF6000E006F000E016F480E026F420ED8
:10498A00036F4EC604F64FC605F650C606F651C664
:10499A0007F6E2EC4BF00601D8B0D6EF24F0D8EFD8
:1049AA0024F0F5EF24F04AC6BFF54BC6C0F54CC655
:1049BA00C1F54DC6C2F5CD0E0501C36FCC0EC46F4D
:1049CA00CC0EC56F3D0EC66F4FEC30F0BFC54AF630
:1049DA00C0C54BF6C1C54CF6C2C54DF661EF25F010
:1049EA00000E006F000E016FA00E026F410E036FE2
:1049FA004EC604F64FC605F650C606F651C607F669
:104A0A00E2EC4BF00601D8B00DEF25F00FEF25F0E0
:104A1A002CEF25F04AC6BFF54BC6C0F54CC6C1F50A
:104A2A004DC6C2F59A0E0501C36F990EC46F990E51
:104A3A00C56F3E0EC66F4FEC30F0BFC54AF6C0C513
:104A4A004BF6C1C54CF6C2C54DF661EF25F04EC610
:104A5A0000F64FC601F650C602F651C603F6000E1E
:104A6A00046F000E056FA00E066F400E076FE2EC92
:104A7A004BF00601D8B044EF25F046EF25F061EF80
:104A8A0025F04AC6BFF54BC6C0F54CC6C1F54DC6A2
:104A9A00C2F5000E0501C36F000EC46F000EC56F8C
:104AAA00400EC66F4FEC30F0BFC54AF6C0C54BF694
:104ABA00C1C54CF6C2C54DF6060120EE01F01C51E7
:104ACA00D9261D51DA22DEC4BFF5DEC4C0F5DEC424
:104ADA00C1F5DEC4C2F546C6C3F547C6C4F548C625
:104AEA00C5F549C6C6F54FEC30F0BFC526F6C0C5B8
:104AFA0027F6C1C528F6C2C529F64EC600F64FC626
:104B0A0001F650C602F651C603F6000E0601046FFE
:104B1A00000E056F480E066F420E076FE2EC4BF06F
:104B2A000601D8B09BEF25F09DEF25F07CEF27F02A
:104B3A0046C652F647C653F648C654F649C655F60F
:104B4A00000E006F000E016FF00E026F410E036F30
:104B5A004EC604F64FC605F650C606F651C607F607
:104B6A00E2EC4BF00601D8B0BDEF25F0BFEF25F01F
:104B7A0005EF26F0000E006F000E016F200E026F87
:104B8A00420E036F52C604F653C605F654C606F61D
:104B9A0055C607F6E2EC4BF00601D8B0D7EF25F080
:104BAA00D9EF25F0E1EF25F0000E526F000E536F9A
:104BBA00200E546F420E556F52C600F653C601F6C8
:104BCA0054C602F655C603F6000E046F000E056FB2
:104BDA00200E066FC20E076FE2EC4BF00601D8B04A
:104BEA00F9EF25F0FBEF25F0D8EF26F0000E526F13
:104BFA00000E536F200E546FC20E556FD8EF26F079
:104C0A00000E006F000E016F200E026F410E036F3F
:104C1A004EC604F64FC605F650C606F651C607F646
:104C2A00E2EC4BF00601D8B01DEF26F01FEF26F09C
:104C3A0094EF26F04EC6BFF54FC6C0F550C6C1F573
:104C4A0051C6C2F5CD0E0501C36FCC0EC46F4C0E12
:104C5A00C56F3F0EC66F4FEC30F0BFC53EF6C0C5FC
:104C6A003FF6C1C540F6C2C541F63EC600F63FC68C
:104C7A0001F640C602F641C603F652C604F653C60A
:104C8A0005F654C606F655C607F6E2EC4BF00601E1
:104C9A00D8B052EF26F054EF26F05CEF26F03EC66D
:104CAA0052F63FC653F640C654F641C655F652C6AA
:104CBA0000F653C601F654C602F655C603F63EC6BA
:104CCA0063F53FC664F540C665F541C666F5EDEC89
:104CDA0064F063C504F664C505F665C506F666C5DF
:104CEA0007F6E2EC4BF00601D8B07EEF26F080EF33
:104CFA0026F0D8EF26F03EC663F53FC664F540C6F7
:104D0A0065F541C666F5EDEC64F063C552F664C517
:104D1A0053F665C554F666C555F6D8EF26F0000E6B
:104D2A00006F000E016FA00E026F400E036F52C695
:104D3A0004F653C605F654C606F655C607F6E2EC5F
:104D4A004BF00601D8B0ACEF26F0AEEF26F0B6EF86
:104D5A0026F0000E526F000E536FA00E546F400ED5
:104D6A00556F52C600F653C601F654C602F655C62A
:104D7A0003F6000E046F000E056FA00E066FC00E3C
:104D8A00076FE2EC4BF00601D8B0CEEF26F0D0EF79
:104D9A0026F0D8EF26F0000E526F000E536FA00EC9
:104DAA00546FC00E556F52C6BFF553C6C0F554C6F0
:104DBA00C1F555C6C2F5060120EE05F01C51D926EB
:104DCA001D51DA22DEC4AAF5DEC4ABF5DEC4ACF5A9
:104DDA00DEC4ADF54AC6A6F54BC6A7F54CC6A8F57E
:104DEA004DC6A9F51CEC36F0A6C5C3F5A7C5C4F592
:104DFA00A8C5C5F5A9C5C6F54FEC30F0BFC552F632
:104E0A00C0C553F6C1C554F6C2C555F6060120EE13
:104E1A001DF01C51D9261D51DA22DEC463F5DEC409
:104E2A0064F5DEC465F5DEC466F552C667F553C699
:104E3A0068F554C669F555C66AF589EC29F0060184
:104E4A0020EE1DF01C51D9261D51DA22050163C539
:104E5A00DEF464C5DEF465C5DEF466C5DEF406017B
:104E6A0020EE11F01C51D9261D51DA22DEC410F6AB
:104E7A00DEC411F6DEC412F6DEC413F620EE1DF00F
:104E8A001C51D9261D51DA22DEC408F6DEC409F601
:104E9A00DEC40AF6DEC40BF620EE0DF01C51D9264C
:104EAA001D51DA22DEC40CF6DEC40DF6DEC40EF69F
:104EBA00DEC40FF677EC4CF008C614F609C615F6F0
:104ECA000AC616F60BC617F60BEC4DF0060120EED5
:104EDA001DF01C51D9261D51DA2210C6DEF411C666
:104EEA00DEF412C6DEF413C6DEF48AEF27F020EEF3
:104EFA001DF01C51D9261D51DA22000EDE6E000E5D
:104F0A00DE6E000EDE6E000EDD6E20EE1DF01C5110
:104F1A00D9261D51DA22DEC4BFF5DEC4C0F5DEC4CF
:104F2A00C1F5DEC4C2F54AC6C3F54BC6C4F54CC6C4
:104F3A00C5F54DC6C6F54FEC30F0BFC52AF6C0C55B
:104F4A002BF6C1C52CF6C2C52DF6060120EE21F0BE
:104F5A001C51D9261D51DA22DEC4DCF5DEC4DDF58A
:104F6A00DEC4DEF5DEC4DFF546C6D8F547C6D9F598
:104F7A0048C6DAF549C6DBF5F7EC62F0D8C5BFF5E5
:104F8A00D9C5C0F5DAC5C1F5DBC5C2F5060120EE03
:104F9A0009F01C51D9261D51DA22DEC4C3F5DEC43C
:104FAA00C4F5DEC4C5F5DEC4C6F54FEC30F0BFC5A6
:104FBA003AF6C0C53BF6C1C53CF6C2C53DF6330E4E
:104FCA000501C36F330EC46F330EC56F3F0EC66F34
:104FDA003AC6BFF53BC6C0F53CC6C1F53DC6C2F5EB
:104FEA004FEC30F0BFC563F5C0C564F5C1C565F5C2
:104FFA00C2C566F59A0E0501C36F990EC46F990E64
:10500A00C56F3E0EC66F18C7BFF519C7C0F51AC7D8
:10501A00C1F51BC7C2F54FEC30F0BFC567F5C0C577
:10502A0068F5C1C569F5C2C56AF589EC29F063C599
:10503A003AF664C53BF665C53CF666C53DF63AC622
:10504A0018F73BC619F73CC61AF73DC61BF7060107
:10505A0020EE21F01C51D9261D51DA2246C6DEF473
:10506A0047C6DEF448C6DEF449C6DEF42AC667F54A
:10507A002BC668F52CC669F52DC66AF526C663F5F2
:10508A0027C664F528C665F529C666F589EC29F0B0
:10509A0063C52EF664C52FF665C530F666C531F6CA
:1050AA002EC663F52FC664F530C665F531C666F5BA
:1050BA003AC667F53BC668F53CC669F53DC66AF56A
:1050CA0089EC29F063C542F664C543F665C544F622
:1050DA0066C545F61CC6D9F41DC6DAF4DE04D8A4A2
:1050EA0079EF28F07BEF28F0FCEF28F0060145BFA6
:1050FA0083EF28F081EF28F08DEF28F0000E326F51
:10510A00000E336F000E346FBF0E356F95EF28F027
:10511A00000E326F000E336F000E346F3F0E356F84
:10512A0042C667F543C668F544C669F545C66AF5D9
:10513A0032C663F533C664F534C665F535C666F519
:10514A0089EC29F063C518F664C519F665C51AF61F
:10515A0066C51BF652EC4FF006011851B6271951D5
:10516A00B723000E0C6F000E0D6F480E0E6F450E22
:10517A000F6FB6C698F5B7C699F50501000E99BF27
:10518A00FF0E9A6F9B6F010E39EC45F098C508F631
:10519A0099C509F69AC50AF69BC50BF677EC4CF049
:1051AA0008C614F609C615F60AC616F60BC617F689
:1051BA00000E0601106F000E116F000E126F000E26
:1051CA00136F0BEC4DF010C618F611C619F612C67D
:1051DA001AF613C61BF652EC4FF018C6B6F619C6E5
:1051EA00B7F6B6C61CF6B7C61DF688EF29F01CC678
:1051FA00D9F41DC6DAF4020EDE18D8A407EF29F096
:10520A0009EF29F088EF29F0060145BF11EF29F0CF
:10521A000FEF29F01BEF29F0000E366F000E376FE3
:10522A00000E386FBF0E396F23EF29F0000E366F6C
:10523A00000E376F000E386F3F0E396F42C667F5A2
:10524A0043C668F544C669F545C66AF536C663F5C8
:10525A0037C664F538C665F539C666F589EC29F0AE
:10526A0063C518F664C519F665C51AF666C51BF650
:10527A0052EC4FF006011851B4271951B523000E0C
:10528A000C6F000E0D6F480E0E6F450E0F6FB4C6F1
:10529A0098F5B5C699F50501000E99BFFF0E9A6FEC
:1052AA009B6F010E39EC45F098C508F699C509F6C9
:1052BA009AC50AF69BC50BF677EC4CF008C614F6AD
:1052CA0009C615F60AC616F60BC617F6000E06012B
:1052DA00106F000E116F000E126F000E136F0BECA1
:1052EA004DF010C618F611C619F612C61AF613C6EC
:1052FA001BF652EC4FF018C6B4F619C6B5F6B4C68A
:10530A001CF6B5C61DF6120005016651800B6F6FBB
:10531A0066516625716F65AF95EF29F097EF29F011
:10532A0098EF29F071817151D8B49EEF29F0A0EF5E
:10533A0029F0B4EF29F07129D8A4A6EF29F0A8EF33
:10534A0029F0B0EF29F0000E636F000E646F000EB3
:10535A00656F000E666F658F666BBCEF29F0000EF5
:10536A00636F000E646F000E656F000E666F6A5100
:10537A00800B706F6F517019D8B4C6EF29F0C8EF5F
:10538A0029F0C9EF29F06F8D6A516A25706F69AFEC
:10539A00D1EF29F0D3EF29F0D4EF29F070817051C1
:1053AA00D8B4DAEF29F0DCEF29F0F0EF29F0702910
:1053BA00D8A4E2EF29F0E4EF29F0ECEF29F0000E8F
:1053CA00676F000E686F000E696F000E6A6F698F53
:1053DA006A6BF8EF29F0000E676F000E686F000E17
:1053EA00696F000E6A6F7151705DD8B0FFEF29F0D6
:1053FA0001EF2AF028EF2AF06FAD06EF2AF008EF46
:10540A002AF00AEF2AF0800E6F1B71C572F570C57B
:10541A0071F572C570F563C572F567C563F572C536
:10542A0067F564C572F568C564F572C568F565C542
:10543A0072F569C565F572C569F566C572F56AC51D
:10544A0066F572C56AF5726B715170C56BF56C6B56
:10545A006B5F000E6C5B6CBF3CEF2AF06C5109E18C
:10546A001A0E6B5DD8A03CEF2AF03EEF2AF075EFDA
:10547A002AF06351641165116611D8A447EF2AF026
:10548A004AEF2AF0010E4BEF2AF0000E726F000E5F
:10549A00636F000E646F000E656F000E666F70C555
:1054AA0071F57EEF2AF072A15DEF2AF05FEF2AF024
:1054BA0065EF2AF0D89072310109726F67EF2AF00E
:1054CA00D890723363A16CEF2AF06EEF2AF06FEF77
:1054DA002AF0728F66356633653364336333712B12
:1054EA007051715DD8A07CEF2AF07EEF2AF058EF58
:1054FA002AF06FBD83EF2AF085EF2AF0C5EF2AF074
:10550A007151D8A48BEF2AF08DEF2AF097EF2AF089
:10551A00000E636F000E646F000E656F000E666FFB
:10552A00E4EF2BF0675163276851642369516523BF
:10553A006A51662366A1A4EF2AF0A6EF2AF052EF79
:10554A002BF072A1ABEF2AF0ADEF2AF0B3EF2AF0FD
:10555A00D89072310109726FB5EF2AF0D890723380
:10556A0063A1BAEF2AF0BCEF2AF0BDEF2AF0728FDE
:10557A0066356633653364336333712B52EF2BF030
:10558A006751635D68516459695165596651800A6A
:10559A006B6F6A51800A6B59D8B0D6EF2AF0D8EFF0
:1055AA002AF003EF2BF06351675D6B6F6451685902
:1055BA006C6F655169596D6F66516A596E6FFF0E4E
:1055CA006B25636FFF0E6C21646FFF0E6D21656F93
:1055DA00FF0E6E21666F800E6F1B726D7251D8A41A
:1055EA00F9EF2AF0FBEF2AF00BEF2BF0010E6327FD
:1055FA00000E6423652366230BEF2BF06751635F6C
:10560A006851645B6951655B6A51665B63516411F9
:10561A0065116611D8A414EF2BF016EF2BF04BEF9F
:10562A002BF07251D8A41CEF2BF01EEF2BF04BEF8E
:10563A002BF0000E636F000E646F000E656F000E94
:10564A00666FE4EF2BF0D8906337643765376637B7
:10565A0072AF32EF2BF034EF2BF035EF2BF0638182
:10566A0072A13AEF2BF03CEF2BF040EF2BF0D880F1
:10567A00723742EF2BF0D89072377151D8B448EF95
:10568A002BF04AEF2BF04BEF2BF0710765AF50EF81
:10569A002BF052EF2BF028EF2BF0706B72AF58EF14
:1056AA002BF05AEF2BF072EF2BF072C56BF57F0ED1
:1056BA006B17D8B463EF2BF065EF2BF069EF2BF083
:1056CA00010E706F72EF2BF063A16EEF2BF070EF8B
:1056DA002BF072EF2BF065EF2BF07051D8B478EF06
:1056EA002BF07AEF2BF0A5EF2BF0010E6327000EBB
:1056FA0064236523662366A185EF2BF087EF2BF0E1
:10570A00A5EF2BF063C56BF564C56CF565C56DF542
:10571A0066C56EF56E356E336D336C336B336BC5A0
:10572A0063F56CC564F56DC565F56EC566F57129D9
:10573A00D8B4A2EF2BF0A4EF2BF0A5EF2BF0712B2E
:10574A007129D8B4ABEF2BF0ADEF2BF0B5EF2BF0FE
:10575A007151D8A4B3EF2BF0B5EF2BF0C6EF2BF0B5
:10576A00000E636F000E646F000E656F000E666FA9
:10577A007151D8A4C3EF2BF0C5EF2BF0C6EF2BF075
:10578A006F6B71A1CBEF2BF0CDEF2BF0D0EF2BF09D
:10579A00658FD1EF2BF0659FD8907131666F6FAF2F
:1057AA00D9EF2BF0DBEF2BF0DCEF2BF0668F63C524
:1057BA0063F564C564F565C565F566C566F51200E9
:1057CA0006012D6F1C0E06012D19D8A4EFEF2BF040
:1057DA00F1EF2BF013EF2DF0010ED765F7EF2BF059
:1057EA00F9EF2BF013EF2DF0000E0501AA6F000E52
:1057FA00AB6F7A0EAC6F440EAD6F1C0E82EC42F0AA
:10580A0005016BC598F56CC599F59A6B9B6B000EF3
:10581A0039EC45F098C5A6F599C5A7F59AC5A8F536
:10582A009BC5A9F51CEC36F0A6C5BFF5A7C5C0F502
:10583A00A8C5C1F5A9C5C2F5000E0501C36F000EC2
:10584A00C46F110EC56F430EC66F4FEC30F0BFC563
:10585A0032F6C0C533F6C1C534F6C2C535F6160EE2
:10586A00E7EC3BF008C62EF609C62FF60AC630F654
:10587A000BC631F632C6C3F533C6C4F534C6C5F510
:10588A0035C6C6F52EC6BFF52FC6C0F530C6C1F55A
:10589A0031C6C2F54FEC30F0BFC5A6F5C0C5A7F5B5
:1058AA00C1C5A8F5C2C5A9F5000E0501AA6F000E6B
:1058BA00AB6F7A0EAC6F440EAD6F1CEC36F0A6C51A
:1058CA0025F6A7C526F6A8C527F6A9C528F632C61D
:1058DA0000F633C601F634C602F635C603F6000EE4
:1058EA000601046F800E056F090E066F440E076FDE
:1058FA00E2EC4BF00601D8B085EF2CF087EF2CF0E4
:10590A00A1EF2CF0000E006F000E016F160E026F51
:10591A00430E036F32C604F633C605F634C606F6DE
:10592A0035C607F6E2EC4BF00601D8A09FEF2CF043
:10593A00A1EF2CF0AAEF2CF0010ED56F000E050195
:10594A00ED6F010EEC6F35EF2EF0000E006F000EBA
:10595A00016FF00E026F410E036F32C604F633C6B2
:10596A0005F634C606F635C607F6E2EC4BF0060134
:10597A00D8A0C2EF2CF0C4EF2CF0CDEF2CF0020E21
:10598A00D56F000E0501ED6F020EEC6F35EF2EF0AC
:10599A00CD0E0501C36FCC0EC46F8C0EC56F3F0EC2
:1059AA00C66FC0C698F5C1C699F59A6B9B6B000E77
:1059BA0039EC45F098C5BFF599C5C0F59AC5C1F54A
:1059CA009BC5C2F54FEC30F0BFC500F6C0C501F665
:1059DA00C1C502F6C2C503F625C604F626C605F6F3
:1059EA0027C606F628C607F6E2EC4BF00601D8B041
:1059FA0001EF2DF003EF2DF00CEF2DF0030ED56F14
:105A0A00000E0501ED6F020EEC6F35EF2EF0000E61
:105A1A000501ED6F000EEC6F35EF2EF0110E2D190A
:105A2A00D8A41AEF2DF01CEF2DF00CEF2DF0010E7B
:105A3A00D66522EF2DF024EF2DF00CEF2DF0000E9D
:105A4A000501AA6F000EAB6F7A0EAC6F440EAD6FF4
:105A5A00110E82EC42F005016BC598F56CC599F5FB
:105A6A009A6B9B6B000E39EC45F098C5A6F599C563
:105A7A00A7F59AC5A8F59BC5A9F51CEC36F0A6C5ED
:105A8A00BFF5A7C5C0F5A8C5C1F5A9C5C2F5000EE1
:105A9A000501C36F000EC46F110EC56F430EC66FAA
:105AAA004FEC30F0BFC536F6C0C537F6C1C538F67B
:105ABA00C2C539F6040EE7EC3BF008C62EF609C655
:105ACA002FF60AC630F60BC631F636C6C3F537C608
:105ADA00C4F538C6C5F539C6C6F52EC6BFF52FC6F4
:105AEA00C0F530C6C1F531C6C2F54FEC30F0BFC5BE
:105AFA00A6F5C0C5A7F5C1C5A8F5C2C5A9F5000E8A
:105B0A000501AA6F000EAB6F7A0EAC6F440EAD6F33
:105B1A001CEC36F0A6C529F6A7C52AF6A8C52BF6A9
:105B2A00A9C52CF636C600F637C601F638C602F6FF
:105B3A0039C603F6000E0601046F000E056F960EB5
:105B4A00066F430E076FE2EC4BF00601D8B0B0EFD8
:105B5A002DF0B2EF2DF0CCEF2DF0000E006F000EFD
:105B6A00016F480E026F420E036F36C604F637C63F
:105B7A0005F638C606F639C607F6E2EC4BF006011A
:105B8A00D8A0CAEF2DF0CCEF2DF0D5EF2DF0040EF2
:105B9A00D56F000E0501ED6F010EEC6F35EF2EF09B
:105BAA00000E006F000E016FA00E026F410E036F10
:105BBA0036C604F637C605F638C606F639C607F6F7
:105BCA00E2EC4BF00601D8A0EDEF2DF0EFEF2DF04F
:105BDA00F8EF2DF0050ED56F000E0501ED6F020EE0
:105BEA00EC6F35EF2EF0CD0E0501C36FCC0EC46FEE
:105BFA008C0EC56F3F0EC66FBEC698F5BFC699F527
:105C0A009A6B9B6B000E39EC45F098C5BFF599C5A8
:105C1A00C0F59AC5C1F59BC5C2F54FEC30F0BFC5BA
:105C2A0000F6C0C501F6C1C502F6C2C503F629C60B
:105C3A0004F62AC605F62BC606F62CC607F6E2ECCB
:105C4A004BF00601D8B02CEF2EF02EEF2EF00CEF11
:105C5A002DF0060ED56F000E0501ED6F020EEC6FEA
:105C6A00120051C6D9F452C6DAF4DEC4F6F4DDC421
:105C7A00F7F4000EF86E0800F550250AD8A448EF8C
:105C8A002EF04AEF2EF037EF30F051C6D9F452C653
:105C9A00DAF4DE2A000EDD22000E0601B16F000ED4
:105CAA00B06FB0C6C2F6B269B369556B7DEF2EF01C
:105CBA00C28351C6D9F452C6DAF4DE2A000EDD22B6
:105CCA007DEF2EF0010E556F7DEF2EF051C6D9F4FF
:105CDA0052C6DAF4DEC4F6F4DDC4F7F4000EF86E48
:105CEA000800F550300AD8B45DEF2EF067EF2EF0B9
:105CFA005551D8B483EF2EF085EF2EF06BEF2EF0CE
:105D0A0051C663F552C664F553C665F554C666F5C1
:105D1A00C2EC54F063C5B0F664C5B1F60601B1BF72
:105D2A009BEF2EF099EF2EF0A0EF2EF0C281B06D0E
:105D3A00B11FD8B0B12B51C6D9F452C6DAF4DEC4B9
:105D4A00F6F4DDC4F7F4000EF86E0800F5502E0ADA
:105D5A00D8A4B2EF2EF0B4EF2EF0C9EF2EF051C650
:105D6A00D9F452C6DAF4DE2A000EDD2251C663F5F2
:105D7A0052C664F553C665F554C666F5C2EC54F0CE
:105D8A0063C5B2F664C5B3F651C6D9F452C6DAF49D
:105D9A00DEC45BF6DDC45CF65BC6F6F45CC6F7F4FB
:105DAA00000EF86E0800F550640AD8B4DFEF2EF042
:105DBA00E1EF2EF0F1EF2EF05BC6F6F45CC6F7F4D5
:105DCA00000EF86E0800F550690AD8A4EFEF2EF01D
:105DDA00F1EF2EF023EF2FF053C6D9F454C6DAF4BC
:105DEA00DFC4F8F5020EDE26DFC4F9F5000EDD2267
:105DFA00F8C5D9F4F9C5DAF4DEC457F6DDC458F6A5
:105E0A00010E06015B250501F86F000E06015C21F3
:105E1A000501F96F51C6D9F452C6DAF4F8C5DEF4B1
:105E2A00F9C5DDF44FC680F550C681F557C682F52F
:105E3A0058C683F57AEC43F04EEF30F05BC6F6F4C1
:105E4A005CC6F7F4000EF86E0800F550580AD8A49C
:105E5A0031EF2FF033EF2FF075EF2FF053C6D9F44F
:105E6A0054C6DAF4DFC4F8F5020EDE26DFC4F9F50B
:105E7A00000EDD22F8C5D9F4F9C5DAF4DEC457F606
:105E8A00DDC458F6010E06015B250501F86F000E08
:105E9A0006015C210501F96F51C6D9F452C6DAF43C
:105EAA00F8C5DEF4F9C5DDF467EF2FF04FC680F5CB
:105EBA0050C681F557C682F558C683F5A4EC4AF058
:105ECA004EEF30F05BC6F6F45CC6F7F4000EF86EDF
:105EDA000800F550580AD8B45BEF2FF075EF2FF091
:105EEA0051C6D9F452C6DAF4DEC45BF6DDC45CF6F8
:105EFA005BC6F6F45CC6F7F4000EF86E0800F5C44B
:105F0A0056F693EF2FF05B4B5C2BA3EF2FF06C0E42
:105F1A00566FA3EF2FF0566BA3EF2FF006015651E1
:105F2A004C0AD8B488EF2FF02A0AD8B48CEF2FF095
:105F3A000A0AD8B488EF2FF090EF2FF05BC6F6F478
:105F4A005CC6F7F4000EF86E0800F550660AD8A48D
:105F5A00B1EF2FF0B3EF2FF02EEF30F0E9EF2FF083
:105F6A0053C6D9F454C6DAF4DFC4F8F5040EDE26B3
:105F7A00DFC4F9F5000EDD22F8C5D9F4F9C5DAF463
:105F8A00DEC457F6DEC458F6DEC459F6DEC45AF645
:105F9A00F4EF2FF053C6D9F454C6DAF4DFC4F8F597
:105FAA00040EDE26DFC4F9F5000EDD22F8C5D9F4A9
:105FBA00F9C5DAF4DEC457F6DEC458F6DEC459F67B
:105FCA00DEC45AF6F4EF2FF056514C0AD8B4CFEF8C
:105FDA002FF0200AD8B4B5EF2FF0F4EF2FF0010E0E
:105FEA005B250501F86F000E06015C210501F96FBA
:105FFA0051C6D9F452C6DAF4F8C5DEF4F9C5DDF4AF
:10600A0020EF30F04FC61CF650C61DF657C61EF6D6
:10601A0058C61FF659C620F65AC621F65BC6F6F4CC
:10602A005CC6F7F4000EF86E0800F5C422F60DEC13
:10603A001FF04EEF30F05BC6F6F45CC6F7F4000EC4
:10604A00F86E0800F550660AD8B407EF30F02EEF64
:10605A0030F051C6D9F452C6DAF4DE2A000EDD2237
:10606A004EEF30F051C6D9F452C6DAF4DEC4F6F473
:10607A00DDC4F7F4000EF86E0800F5500501676FED
:10608A00686B4FC669F550C66AF529EC55F02EEFD4
:10609A0030F012000501C251800BCB6FC251C225EC
:1060AA00D16FC1AF5BEF30F05DEF30F05EEF30F0F3
:1060BA00D181D151D8B464EF30F066EF30F079EF86
:1060CA0030F0D129D8A46CEF30F06EEF30F076EFD3
:1060DA0030F0000EBF6F000EC06F000EC16F000ED1
:1060EA00C26FC18F81EF30F0000EBF6F000EC06F1C
:1060FA00000EC16F000EC26FC651800BCB1BC6517A
:10610A00C625CC6FC5AF8CEF30F08EEF30F08FEF35
:10611A0030F0CC81CC51D8B495EF30F097EF30F015
:10612A00AAEF30F0CC29D8A49DEF30F09FEF30F0E1
:10613A00A7EF30F0000EC36F000EC46F000EC56FDC
:10614A00000EC66FC58FB2EF30F0000EC36F000E9F
:10615A00C46F000EC56F000EC66FCC51D8B4B8EF2D
:10616A0030F0BAEF30F0C2EF30F0D151D8A4C0EF1E
:10617A0030F0C2EF30F0CCEF30F0000EBF6F000EFF
:10618A00C06F000EC16F000EC26F62EF32F0C551D0
:10619A00BF03F3C4D6F5F4C4D7F5D651CD6FCE6B91
:1061AA00CF6BD06BD751D26FD36BD46BD56BC45135
:1061BA00C003F3C4D6F5F4C4D7F5D651CD27000EE3
:1061CA00CE23CF23D023D751D227000ED323D423D3
:1061DA00D523C351C103F3C4D6F5F4C4D7F5D651B8
:1061EA00CD27000ECE23CF23D023D751D227000E9E
:1061FA00D323D423D523CFC5D0F5CEC5CFF5CDC56E
:10620A00CEF5CD6BC351C003F3C4D6F5F4C4D7F5AC
:10621A00D651CD27D751CE23000ECF23000ED0233F
:10622A00C451BF03F3C4D6F5F4C4D7F5D651CD276C
:10623A00D751CE23000ECF23000ED023CFC5D0F5E1
:10624A00CEC5CFF5CDC5CEF5CD6BC351BF03F3C4D3
:10625A00D6F5F4C4D7F5D651CD27D751CE23000EA3
:10626A00CF23000ED023C551C003F3C4D6F5F4C41E
:10627A00D7F5D651D227D751D323000ED423000EF7
:10628A00D523C451C103F3C4D6F5F4C4D7F5D65106
:10629A00D227D751D323000ED423000ED523C551BC
:1062AA00C103F3C4D6F5F4C4D7F5D651C76FD75195
:1062BA00C86FC96BCA6BC9C5CAF5C8C5C9F5C7C510
:1062CA00C8F5C76BC751D227C851D323C951D423A4
:1062DA00CA51D523CDC5C7F5CEC5C8F5CFC5C9F5B1
:1062EA00D0C5CAF5190E7FEF31F0D890CA33C93339
:1062FA00C833C733E82E7AEF31F0C751D227C851D5
:10630A00D323C951D423CA51D523CFC5D0F5CEC57D
:10631A00CFF5CDC5CEF5CD6BCC51D1C5C7F5C86B80
:10632A00C727000EC823820EC725D66FFF0EC821C5
:10633A00D76FB5EF31F0D890D237D337D437D537B6
:10634A00D0AFAAEF31F0ACEF31F0ADEF31F0D2813E
:10635A00D890CD37CE37CF37D037D607D8A0D70782
:10636A00D4AFBAEF31F0BCEF31F0A0EF31F0CC6B23
:10637A00D0AFC2EF31F0C4EF31F0E8EF31F0FF0EE9
:10638A00CD15C76FFF0ECE15C86FFF0ECF15C96F9B
:10639A007F0ED015CA6FC751C811C911CA11D8B416
:1063AA00D9EF31F0DBEF31F0DFEF31F0010ECC6FD6
:1063BA00E8EF31F0D2A1E4EF31F0E6EF31F0E8EFA7
:1063CA0031F0DBEF31F0CC51D8B4EEEF31F0F0EF31
:1063DA0031F014EF32F0010ED227000ED323D4236A
:1063EA00D523D5A1FBEF31F0FDEF31F014EF32F0F8
:1063FA00D2C5C7F5D3C5C8F5D4C5C9F5D5C5CAF53B
:10640A00CA35CA33C933C833C733C7C5D2F5C8C5B5
:10641A00D3F5C9C5D4F5CAC5D5F5D64BD72BD7BF41
:10642A001FEF32F0D75108E1D629D8A01FEF32F07A
:10643A0021EF32F02BEF32F0000ED26F000ED36F45
:10644A00800ED46F7F0ED56F58EF32F0D7BF38EF7A
:10645A0032F0D75106E1D605D8B036EF32F038EF30
:10646A0032F043EF32F0000ED26F000ED36F000EFF
:10647A00D46F000ED56FCB6B58EF32F0D6C5D1F57D
:10648A00FF0ED217FF0ED3177F0ED417000ED517A3
:10649A00D1A152EF32F054EF32F055EF32F0D48FEF
:1064AA00D890D131D56FCB51D513D2C5BFF5D3C54D
:1064BA00C0F5D4C5C1F5D5C5C2F51200060108510B
:1064CA000911D8A46BEF32F06DEF32F077EF32F0AA
:1064DA00000E086F000E096F000E0A6F000E0B6F98
:1064EA0041EF34F021EC69F063C51AF664C51BF676
:1064FA0065C51CF666C51DF6060120EE08F00851B2
:10650A00D9260951DA22DEC463F5DEC464F5DEC495
:10651A0065F5DEC466F50AC667F50BC668F50CC6EE
:10652A0069F50DC66AF5DEEC58F00501D8B0A0EFA2
:10653A0032F0A2EF32F031EF33F0060120EE08F02C
:10654A000851D9260951DA220AC6DEF40BC6DEF44E
:10655A000CC6DEF40DC6DEF408C6D9F409C6DAF4B0
:10656A00DEC400F6DEC401F6DEC402F6DEC403F6BB
:10657A000AC604F60BC605F60CC606F60DC607F6DD
:10658A00E2EC4BF00601D8B0CDEF32F0CFEF32F0AB
:10659A00FFEF32F008C6D9F409C6DAF410EE04F0B7
:1065AA000851E1260951E222DEC4E6F4DEC4E6F42B
:1065BA00DEC4E6F4DEC4E6F420EE0CF00851D92677
:1065CA000951DA221AC6DEF41BC6DEF41CC6DEF452
:1065DA001DC6DEF420EE10F00851D9260951DA2240
:1065EA000EC6DEF40FC6DEF410C6DEF411C6DEF403
:1065FA0031EF33F020EE04F00851D9260951DA229E
:10660A000AC6DEF40BC6DEF40CC6DEF40DC6DEF4F2
:10661A0008C6D9F409C6DAF40AC6DEF40BC6DEF4F3
:10662A000CC6DEF40DC6DEF420EE0CF00851D926B5
:10663A000951DA221AC6DEF41BC6DEF41CC6DEF4E1
:10664A001DC6DEF420EE10F00851D9260951DA22CF
:10665A00DE6ADE6ADE6ADD6A060120EE10F00851A3
:10666A00D9260951DA22DE50DE10DE10DE10D8A457
:10667A0041EF33F043EF33F051EF33F008C6D9F46A
:10668A0009C6DAF4DEC408F6DEC409F6DEC40AF680
:10669A00DEC40BF641EF34F020EE0CF00851D92697
:1066AA000951DA22DEC467F5DEC468F5DEC469F58D
:1066BA00DEC46AF557EC5CF067C51EF668C51FF6BE
:1066CA0069C520F66AC521F6060120EE10F00851C8
:1066DA00D9260951DA22DE501E5DDE501F59DE50DE
:1066EA002059DE502159D8A07DEF33F07FEF33F0E7
:1066FA009FEF33F020EE08F00851D9260951DA222B
:10670A0008C6E1F409C6E2F4DEC4E6F4DEC4E6F43F
:10671A00DEC4E6F4DEC4E6F408C6D9F409C6DAF43F
:10672A00DEC408F6DEC409F6DEC40AF6DEC40BF6D9
:10673A0041EF34F01EC698F51FC699F520C69AF5A2
:10674A0021C69BF5000E39EC45F098C5A6F599C50A
:10675A00A7F59AC5A8F59BC5A9F5060120EE10F084
:10676A000851D9260951DA22DEC498F5DEC499F512
:10677A00DEC49AF5DEC49BF5000E39EC45F098C5E7
:10678A00AAF599C5ABF59AC5ACF59BC5ADF51CEC58
:10679A0036F0A6C512F6A7C513F6A8C514F6A9C5FC
:1067AA0015F612C6C3F513C6C4F514C6C5F515C643
:1067BA00C6F5060120EE04F00851D9260951DA225D
:1067CA00DEC4DCF5DEC4DDF5DEC4DEF5DEC4DFF5ED
:1067DA0020EE08F00851D9260951DA22DEC4D8F58C
:1067EA00DEC4D9F5DEC4DAF5DEC4DBF5F7EC62F017
:1067FA00D8C5BFF5D9C5C0F5DAC5C1F5DBC5C2F53F
:10680A004FEC30F0BFC516F6C0C517F6C1C518F66D
:10681A00C2C519F616C663F517C664F518C665F536
:10682A0019C666F5060120EE04F00851D926095169
:10683A00DA22DEC467F5DEC468F5DEC469F5DEC4B3
:10684A006AF589EC29F008C6D9F409C6DAF4050113
:10685A0063C5DEF464C5DEF465C5DEF466C5DEF440
:10686A0008C6D9F409C6DAF4DEC408F6DEC409F6A5
:10687A00DEC40AF6DEC40BF612002CC767F52DC774
:10688A0068F52EC769F52FC76AF557EC5CF067C53E
:10689A00EEF568C5EFF569C5F0F56AC5F1F5030EC1
:1068AA000AEC65F063C5ECF564C5EDF5000E05016B
:1068BA00AA6FF00EAB6F7F0EAC6F450EAD6FECC5D5
:1068CA0098F5EDC599F5000E99BFFF0E9A6F9B6F6B
:1068DA00010E39EC45F098C5A6F599C5A7F59AC5F4
:1068EA00A8F59BC5A9F51CEC36F0A6C5BFF5A7C54A
:1068FA00C0F5A8C5C1F5A9C5C2F56F0E0501C36FDC
:10690A00120EC46F830EC56F400EC66F4FEC30F087
:10691A00BFC5F2F5C0C5F3F5C1C5F4F5C2C5F5F5B5
:10692A00F2C54CF7F3C54DF7F4C54EF7F5C54FF769
:10693A0028C7DCF529C7DDF52AC7DEF52BC7DFF541
:10694A00F2C5D8F5F3C5D9F5F4C5DAF5F5C5DBF521
:10695A00F7EC62F0D8C5E0F5D9C5E1F5DAC5E2F59C
:10696A00DBC5E3F5D2EC65F0E0C500F6E1C501F65A
:10697A00E2C502F6E3C503F6CD0E0601046FCC0E9E
:10698A00056F4C0E066F3D0E076FE2EC4BF00601E9
:10699A00D8B0D2EF34F0D4EF34F0DFEF34F0050E94
:1069AA00C561DAEF34F0DCEF34F0E0EF34F0C52BF8
:1069BA00E0EF34F0C56BF2C528F7F3C529F7F4C543
:1069CA002AF7F5C52BF70CEF36F0D46B040EC56524
:1069DA00F1EF34F0F3EF34F01BEF36F0F2C500F6C6
:1069EA00F3C501F6F4C502F6F5C503F6660E046FA3
:1069FA00660E056FE60E066F3F0E076FE2EC4BF070
:106A0A000601D8A00BEF35F00DEF35F045EF35F064
:106A1A00F2C500F6F3C501F6F4C502F6F5C503F6AC
:106A2A00CD0E046FCC0E056F0C0E066F400E076F6D
:106A3A00E2EC4BF00601D8B025EF35F027EF35F040
:106A4A0045EF35F00501F151F0110BE1E80EEE5D6D
:106A5A00030EEF59D8A034EF35F036EF35F01BEFBF
:106A6A0036F0010E0601C66F21EC69F063C52CF7FA
:106A7A0064C52DF765C52EF766C52FF71BEF36F0EF
:106A8A00F2C500F6F3C501F6F4C502F6F5C503F63C
:106A9A009A0E046F990E056F190E066F400E076F56
:106AAA00E2EC4BF00601D8A05DEF35F05FEF35F070
:106ABA0039EF35F00501F151F0110BE1E80EEE5D09
:106ACA00030EEF59D8A06CEF35F06EEF35F073EF87
:106ADA0035F0020E0601C66F39EF35F01BEF36F0BE
:106AEA00010ED46F040EC5657DEF35F07FEF35F0EA
:106AFA001BEF36F0660E006F660E016FA60E026F70
:106B0A003F0E036FF2C504F6F3C505F6F4C506F6A3
:106B1A00F5C507F6E2EC4BF00601D8A097EF35F081
:106B2A0099EF35F0ACEF35F00501F151F0110BE1B9
:106B3A00E80EEE5D030EEF59D8A0A6EF35F0A8EFE8
:106B4A0035F01BEF36F00601C66B39EF35F0F2C5AA
:106B5A0000F6F3C501F6F4C502F6F5C503F69A0E7A
:106B6A00046F990E056F190E066F400E076FE2EC5F
:106B7A004BF00601D8A0C4EF35F0C6EF35F039EF77
:106B8A0035F00501F151F0110BE1E80EEE5D030E4F
:106B9A00EF59D8A0D3EF35F0D5EF35F073EF35F0D4
:106BAA006EEF35F0020ED46F040EC565DFEF35F0D7
:106BBA00E1EF35F01BEF36F0660E006F660E016FDF
:106BCA00A60E026F3F0E036FF2C504F6F3C505F673
:106BDA00F4C506F6F5C507F6E2EC4BF00601D8A0B7
:106BEA00F9EF35F0FBEF35F01BEF36F00501F15107
:106BFA00F0110BE1D00EEE5D070EEF59D8A008EFA9
:106C0A0036F00AEF36F01BEF36F0A8EF35F0C65132
:106C1A00000AD8B4EAEF34F0010AD8B475EF35F0B7
:106C2A00030AD8B4D7EF35F01BEF36F0120005018E
:106C3A00A951800BB66FA951A925BD6FA8AF28EF3E
:106C4A0036F02AEF36F02BEF36F0BD81BD51D8B4BD
:106C5A0031EF36F033EF36F047EF36F0BD29D8A4DE
:106C6A0039EF36F03BEF36F043EF36F0000EA66F01
:106C7A00000EA76F000EA86F000EA96FA88FA96B50
:106C8A004FEF36F0000EA66F000EA76F000EA86F2A
:106C9A00000EA96FAD51800BB61BAD51AD25BE6F6D
:106CAA00ACAF5AEF36F05CEF36F05DEF36F0BE81EE
:106CBA00BE51D8B463EF36F065EF36F079EF36F0AF
:106CCA00BE29D8A46BEF36F06DEF36F075EF36F0CB
:106CDA00000EAA6F000EAB6F000EAC6F000EAD6F08
:106CEA00AC8FAD6B81EF36F0000EAA6F000EAB6F62
:106CFA00000EAC6F000EAD6FAA51AB11AC11AD1105
:106D0A00D8A48AEF36F08CEF36F0A4EF36F0000EF6
:106D1A00A66F000EA76F000EA86F000EA96F800E57
:106D2A00A8137F0EA913B651A913A6C5A6F5A7C520
:106D3A00A7F5A8C5A8F5A9C5A9F5E4EF37F0BD518F
:106D4A00D8A4AAEF36F0ACEF36F0B6EF36F0000E64
:106D5A00A66F000EA76F000EA86F000EA96FE4EFD2
:106D6A0037F0BE51BDC5AEF5AF6BAE5F000EAF5B7F
:106D7A007F0EAE25B76F000EAF21B86FA6C5B2F56C
:106D8A00A7C5B3F5A8C5B4F5A9C5B5F5000EA66F94
:106D9A00000EA76F000EA86F000EA96F000EB96F44
:106DAA00000EBA6F000EBB6F000EBC6FBE6B16EF03
:106DBA0037F0BE51D8B4E4EF36F0E6EF36F0FDEF27
:106DCA0036F0D890B237B337B437B537D890A6373C
:106DDA00A737A837A937BCAFF5EF36F0F7EF36F08B
:106DEA00F8EF36F0A681D890B937BA37BB37BC3737
:106DFA00AA51B25DAB51B359AC51B459AD51B55961
:106E0A00D8A00AEF37F00CEF37F015EF37F0BC8D4A
:106E1A00AA51B25FAB51B35BAC51B45BAD51B55B38
:106E2A00BE2B190EBE651CEF37F01EEF37F0DEEFF2
:106E3A0036F0B251B311B411B511D8B427EF37F007
:106E4A0029EF37F041EF37F0B98141EF37F0D890A9
:106E5A00A637A737A837A937BCAF36EF37F038EFD0
:106E6A0037F039EF37F0A681D890B937BA37BB3740
:106E7A00BC37B707D8A0B807A8AF46EF37F048EF36
:106E8A0037F02CEF37F0BE6BBCAF4EEF37F050EF58
:106E9A0037F074EF37F0FF0EB915AE6FFF0EBA1563
:106EAA00AF6FFF0EBB15B06F7F0EBC15B16FAE5141
:106EBA00AF11B011B111D8B465EF37F067EF37F001
:106ECA006BEF37F0010EBE6F74EF37F0A6A170EFCB
:106EDA0037F072EF37F074EF37F067EF37F0BE51E3
:106EEA00D8B47AEF37F07CEF37F0A0EF37F0010E25
:106EFA00A627000EA723A823A923A9A187EF37F065
:106F0A0089EF37F0A0EF37F0A6C5AEF5A7C5AFF504
:106F1A00A8C5B0F5A9C5B1F5B135B133B033AF33B2
:106F2A00AE33AEC5A6F5AFC5A7F5B0C5A8F5B1C5D0
:106F3A00A9F5B74BB82BB8BFABEF37F0B85108E19A
:106F4A00B729D8A0ABEF37F0ADEF37F0B8EF37F08D
:106F5A00000EB86FB769000EA66F000EA76F000E7D
:106F6A00A86F000EA96FB8BFC5EF37F0B85106E198
:106F7A00B705D8B0C3EF37F0C5EF37F0D2EF37F027
:106F8A00000EB86F000EB76F000EA66F000EA76F47
:106F9A00000EA86F000EA96FB66BB7C5BDF5BDA1EF
:106FAA00D9EF37F0DBEF37F0DEEF37F0A88FDFEFFE
:106FBA0037F0A89FD890BD31A96F98EF36F012002C
:106FCA00C0C68DF5C1C68EF50601AD5105017F6FAC
:106FDA00000E7FBFFF0E806F816F826FC0C663F5A0
:106FEA00C1C664F5656B666B0601D7510501676F0B
:106FFA00686B696B6A6B08EC5EF063C56FF564C514
:10700A0070F565C571F566C572F5640E0501736F95
:10701A00000E746F000E756F000E766F7CEC51F0E7
:10702A0005017F516F5D8F6F80517059906F81514B
:10703A007159916F82517259926F92BF29EF38F04C
:10704A0027EF38F031EF38F0000E8F6F000E906F97
:10705A00000E916F000E926F0601C05105017F6FFD
:10706A000601C1510501806F816B826B8F517F5D73
:10707A0090518059915181598251800A836F92515E
:10708A00800A8359D8B04CEF38F04EEF38F054EFFD
:10709A0038F0C0C68FF5C1C690F5916B926B8FC55B
:1070AA0046F590C547F50601AE5105017F6F000E02
:1070BA007FBFFF0E806F816F826FBEC663F5BFC64A
:1070CA0064F5656B666B0601D6510501676F686BDF
:1070DA00696B6A6B08EC5EF063C56FF564C570F5A1
:1070EA0065C571F566C572F5640E0501736F000E0C
:1070FA00746F000E756F000E766F7CEC51F005010F
:10710A007F516F5D8F6F80517059906F81517159A6
:10711A00916F82517259926F92BF98EF38F096EF41
:10712A0038F0A0EF38F0000E8F6F000E906F000E4F
:10713A00916F000E926F0601BE5105017F6F060125
:10714A00BF510501806F816B826B8F517F5D9051BA
:10715A008059915181598251800A836F9251800AD4
:10716A008359D8B0BBEF38F0BDEF38F0C3EF38F031
:10717A00BEC68FF5BFC690F5916B926B8FC5BCF6F4
:10718A0090C5BDF60601BC51462405018B6F060168
:10719A00BD51472005018C6F8B518D5D8C518E59E5
:1071AA00D8B0DAEF38F0DCEF38F005EF39F0060145
:1071BA00AF5105017F6F000E7FBFFF0E806F816F99
:1071CA00826F46508B5D836F47508C59846F835111
:1071DA008D5D856F84518E59866F876BD8A087071E
:1071EA008751886F7F51855D8F6F80518659906F67
:1071FA0081518759916F82518859926F0BEF39F0FB
:10720A0046C58FF547C590F5916B926B92BF12EF09
:10721A0039F010EF39F01AEF39F0000E8F6F000EC7
:10722A00906F000E916F000E926F8D517F6F8E518D
:10723A00806F816B826B8F517F5D90518059915124
:10724A0081598251800A836F9251800A8359D8B03A
:10725A0031EF39F033EF39F039EF39F08DC58FF569
:10726A008EC590F5916B926B8FC589F590C58AF59D
:10727A0089C57DF58AC57EF5120038C767F539C715
:10728A0068F53AC769F53BC76AF557EC5CF067C51C
:10729A009AF568C59BF569C59CF56AC59DF52C0EDE
:1072AA0082EC42F06BC59EF56CC59FF55C50D8B474
:1072BA0061EF39F063EF39F070EF39F021EC69F0E2
:1072CA0063C538F764C539F765C53AF766C53BF74C
:1072DA00010E526E5C6A5350D8A476EF39F078EFFB
:1072EA0039F07EEF3AF005019D519C110BE1880EB1
:1072FA009A5D130E9B59D8A085EF39F087EF39F0C4
:10730A007EEF3AF0010E536E7EEF3AF05250D8A457
:10731A0091EF39F093EF39F0BDEF39F09D519C119F
:10732A000BE1B80E9A5D0B0E9B59D8A09FEF39F06E
:10733A00A1EF39F0A4EF39F05D6A010E526E350EF5
:10734A009E5D080E9F59D8A0ADEF39F0AFEF39F026
:10735A0098EF3AF0010E546E21EC69F063C538F7E4
:10736A0064C539F765C53AF766C53BF798EF3AF051
:10737A005350D8A4C3EF39F0C5EF39F0DDEF39F037
:10738A00730E9E5D060E9F59D8A0CEEF39F0D0EF4E
:10739A0039F0DDEF39F0010E546E21EC69F063C566
:1073AA0038F764C539F765C53AF766C53BF7526AD7
:1073BA005304D8A4E3EF39F0E5EF39F098EF3AF047
:1073CA00350E05019E5D080E9F59D8A0EFEF39F0E2
:1073DA00F1EF39F098EF3AF0010E546E21EC69F0B2
:1073EA0063C538F764C539F765C53AF766C53BF72B
:1073FA00526A98EF3AF0576A010E5D6E5304D8A4A8
:10740A0009EF3AF00BEF3AF033EF3AF0A40E9E5D33
:10741A00060E9F59D8B014EF3AF016EF3AF019EF6A
:10742A003AF0546AF3EF39F0D70E9E5D060E9F5973
:10743A00D8A022EF3AF024EF3AF098EF3AF03A0E59
:10744A009E5D070E9F59D8B02DEF3AF02FEF3AF014
:10745A0098EF3AF0020E546EB1EF39F05350D8A4B7
:10746A0039EF3AF03BEF3AF098EF3AF0A40E9E5D0E
:10747A00060E9F59D8B044EF3AF046EF3AF04AEF79
:10748A003AF0010E536E16EF3AF0D70E9E5D060ED5
:10749A009F59D8A053EF3AF055EF3AF098EF3AF0E7
:1074AA003A0E9E5D070E9F59D8B05EEF3AF060EF34
:1074BA003AF098EF3AF02FEF3AF0010E576E350E88
:1074CA009E5D080E9F59D8A06DEF3AF06FEF3AF023
:1074DA0071EF3AF0AFEF39F0A40E9E5D060E9F5998
:1074EA00D8B07AEF3AF07CEF3AF098EF3AF016EF2C
:1074FA003AF054500501986F996B9951000AD8B423
:10750A0089EF3AF098EF3AF09851000AD8B48BEF25
:10751A0039F0010AD8B400EF3AF0030AD8B462EF9E
:10752A003AF098EF3AF012003CC767F53DC768F5A4
:10753A003EC769F53FC76AF557EC5CF067C5F9F5D0
:10754A0068C5FAF569C5FBF56AC5FCF5020E0601C0
:10755A00D761B2EF3AF0B4EF3AF0BCEF3AF0010E6D
:10756A00D665BAEF3AF0BCEF3AF0C8EF3BF0F60551
:10757A00D8A4C2EF3AF0C4EF3AF0C8EF3BF021ECDE
:10758A0069F063C53CF764C53DF765C53EF766C556
:10759A003FF7010E0601F56FF66BC8EF3BF0F7EC0B
:1075AA0069F00501FC51FB110BE1210EF95D030E97
:1075BA00FA59D8A0E3EF3AF0E5EF3AF0E6EF3BF0FC
:1075CA00010E0601D765ECEF3AF0EEEF3AF0FCEF68
:1075DA003AF0010ED665F4EF3AF0F6EF3AF0FCEF26
:1075EA003AF0020EF56F010ED26F010ED16F010E45
:1075FA00D76502EF3BF004EF3BF010EF3BF0D651BA
:10760A00D8A40AEF3BF00CEF3BF010EF3BF0030E6F
:10761A00F56F010ED26FD751D8A416EF3BF018EFD1
:10762A003BF024EF3BF0010ED6651EEF3BF020EF56
:10763A003BF024EF3BF0040EF56F010ED16F21EC05
:10764A0069F063C53CF764C53DF765C53EF766C595
:10765A003FF7E6EF3BF081EC41F05AEC3EF0010EC9
:10766A000601D7653BEF3BF03DEF3BF04DEF3BF0BA
:10767A00D651D8A443EF3BF045EF3BF04DEF3BF03A
:10768A00020E76EC60F0030E0601F56F010ED26F62
:10769A00D751D8A453EF3BF055EF3BF0E6EF3BF060
:1076AA00010ED6655BEF3BF05DEF3BF0E6EF3BF09A
:1076BA00010E76EC60F0040E0601F56F010ED16F33
:1076CA00E6EF3BF081EC41F0010E0601D76570EF61
:1076DA003BF072EF3BF080EF3BF0010ED66578EF9E
:1076EA003BF07AEF3BF080EF3BF0020EF56F010EB4
:1076FA00D26F010ED16FD751D8A486EF3BF088EF35
:10770A003BF0E6EF3BF0010ED6658EEF3BF090EFD3
:10771A003BF0E6EF3BF0010E76EC60F060EF3BF0F9
:10772A005AEC3EF0010E0601D7659EEF3BF0A0EF42
:10773A003BF0AEEF3BF0010ED665A6EF3BF0A8EFAB
:10774A003BF0AEEF3BF0020EF56F010ED26F010E69
:10775A00D16F010ED765B4EF3BF0B6EF3BF0E6EF21
:10776A003BF0D651D8A4BCEF3BF0BEEF3BF0E6EFBE
:10777A003BF0020E76EC60F0030E0601F56F010E87
:10778A00D26FE6EF3BF0F5510501F76FF86BF85150
:10779A00000AD8B4D3EF3BF0E6EF3BF0F751010A09
:1077AA00D8B4D4EF3AF0030AD8B430EF3BF0010A68
:1077BA00D8B467EF3BF0070AD8B495EF3BF0E6EF91
:1077CA003BF012000601206F160E06012019D8A4FC
:1077DA00F1EF3BF0F3EF3BF08FEF3CF0160E82EC4B
:1077EA0042F06BC51CF66CC51DF6000E0501AA6FAA
:1077FA00F00EAB6F7F0EAC6F450EAD6F1CC698F5E1
:10780A001DC699F5000E99BFFF0E9A6F9B6F010E68
:10781A0039EC45F098C5A6F599C5A7F59AC5A8F516
:10782A009BC5A9F51CEC36F0A6C5BFF5A7C5C0F5E2
:10783A00A8C5C1F5A9C5C2F53D0E0501C36F0A0E5B
:10784A00C46F830EC56F400EC66F4FEC30F0BFC5D4
:10785A000CF6C0C50DF6C1C50EF6C2C50FF6D60E9A
:10786A000601106F0D0E116FA60E126F3D0E136FEB
:10787A0010C6C3F511C6C4F512C6C5F513C6C6F5BA
:10788A000CC6BFF50DC6C0F50EC6C1F50FC6C2F5CA
:10789A004FEC30F0BFC5A6F5C0C5A7F5C1C5A8F520
:1078AA00C2C5A9F5CD0E0501AA6FCC0EAB6FCC0EE1
:1078BA00AC6F3D0EAD6F1CEC36F0A6C521F6A7C520
:1078CA0022F6A8C523F6A9C524F621C600F622C6C3
:1078DA0001F623C602F624C603F6660E0601046FF5
:1078EA00660E056F660E066F400E076FE2EC4BF0F0
:1078FA000601D8A083EF3CF085EF3CF00FEF3DF096
:10790A00660E216F660E226F660E236F400E246F7D
:10791A000FEF3DF0040E2019D8A496EF3CF098EF33
:10792A003CF00FEF3DF0040E82EC42F06BC51EF600
:10793A006CC51FF6000E0501AA6FF00EAB6F7F0E25
:10794A00AC6F450EAD6F1EC698F51FC699F5000EB1
:10795A0099BFFF0E9A6F9B6F010E39EC45F098C5DF
:10796A00A6F599C5A7F59AC5A8F59BC5A9F51CEC76
:10797A0036F0A6C5BFF5A7C5C0F5A8C5C1F5A9C506
:10798A00C2F56F0E0501C36F120EC46F830EC56F69
:10799A00400EC66F4FEC30F0BFC514F6C0C515F6E1
:1079AA00C1C516F6C2C517F6420E0601186F110EAA
:1079BA00196F8A0E1A6F3D0E1B6F18C6C3F519C6CA
:1079CA00C4F51AC6C5F51BC6C6F514C6BFF515C655
:1079DA00C0F516C6C1F517C6C2F54FEC30F0BFC5E3
:1079EA00A6F5C0C5A7F5C1C5A8F5C2C5A9F5CD0EAE
:1079FA000501AA6FCC0EAB6F4C0EAC6F3E0EAD6F8D
:107A0A001CEC36F0A6C521F6A7C522F6A8C523F6B2
:107A1A00A9C524F621C6BFF522C6C0F523C6C1F5FD
:107A2A0024C6C2F5000E0501C36F000EC46F7A0E9C
:107A3A00C56F440EC66F4FEC30F0BFC508F6C0C51F
:107A4A0009F6C1C50AF6C2C50BF6120020C767F5CA
:107A5A0021C768F522C769F523C76AF557EC5CF0B8
:107A6A0067C59AF668C59BF669C59CF66AC59DF610
:107A7A0006019D519C119B1109E10B0E9A5DD8A03C
:107A8A0049EF3DF04BEF3DF057EF3DF0C451D8B40C
:107A9A0051EF3DF053EF3DF057EF3DF0010EC36F4C
:107AAA00EDEC69F00601C305D8B45EEF3DF060EF76
:107ABA003DF062EF3DF059EF3EF0400E0501636F75
:107ACA00090E646F480E656F0A0E666FC4C667F5C5
:107ADA00686BCCEC60F00601C451FE0FA06F400E3B
:107AEA000501636F090E646FA0C665F51FEC5DF0B2
:107AFA0063C58AF764C58BF7410E0601A025D96EC6
:107B0A00DA6A090EDA22DF50966F400EA025D96E86
:107B1A00DA6A090EDA22DF50976F9751996F986BDC
:107B2A00965198250701886F0601000E99210701D1
:107B3A00896F88518A1909E189518B19D8B4A8EF3C
:107B4A003DF0AAEF3DF0AEEF3DF0AEEC62F059EF3A
:107B5A003EF046C99EF60601C451F70F9F6F9E512B
:107B6A009F19D8B4BBEF3DF0BDEF3DF0BFEF3DF03C
:107B7A00AAEF3DF0100E09014119D8A4C7EF3DF054
:107B8A00C9EF3DF0D9EF3DF00E0E4319D8A4D0EF5E
:107B9A003DF0D2EF3DF0D9EF3DF0400E0501636FA5
:107BAA00090E646F6BEC50F0AA0E09014019D8A4B3
:107BBA00E1EF3DF0E3EF3DF0AAEF3DF05A0E411937
:107BCA00D8A4EAEF3DF0ECEF3DF0AAEF3DF046EF26
:107BDA003EF04205D8A4F4EF3DF0F6EF3DF0FDEF9C
:107BEA003DF0400E0601756F090E766F9FEC4DF061
:107BFA00020E09014219D8A405EF3EF007EF3EF044
:107C0A00AAEF3DF0400E0601756F090E766FEFEC94
:107C1A0046F0AAEF3DF0020E4219D8A417EF3EF043
:107C2A0019EF3EF0AAEF3DF0400E0601756F090EFE
:107C3A00766F82EC52F0AAEF3DF0020E4219D8A4F8
:107C4A0029EF3EF02BEF3EF0AAEF3DF0400E060181
:107C5A00756F090E766F78EC40F0AAEF3DF0020ED0
:107C6A004219D8A43BEF3EF03DEF3EF0AAEF3DF0BB
:107C7A00400E0601756F090E766F3DEC49F0AAEFCA
:107C8A003DF04351010AD8B4EEEF3DF0160AD8B4DC
:107C9A0010EF3EF0400AD8B422EF3EF00F0AD8B4F3
:107CAA0034EF3EF0AAEF3DF0120040C767F541C736
:107CBA0068F542C769F543C76AF557EC5CF067C5D2
:107CCA0056F668C557F669C558F66AC559F65CEF9F
:107CDA003FF0020E23EC67F021EC69F063C540F730
:107CEA0064C541F765C542F766C543F7020E06014A
:107CFA00D16F6CEF3FF059515811571109E1C90E74
:107D0A00565DD8A08BEF3EF08DEF3EF06CEF3FF062
:107D1A00020E37EC67F021EC69F063C540F764C5E1
:107D2A0041F765C542F766C543F7030E0601D16FF1
:107D3A006CEF3FF0010ED36F000E0501AA6F000E23
:107D4A00AB6F7A0EAC6F440EAD6F110E82EC42F03F
:107D5A0005016BC598F56CC599F59A6B9B6B000E7E
:107D6A0039EC45F098C5A6F599C5A7F59AC5A8F5C1
:107D7A009BC5A9F51CEC36F0A6C5BFF5A7C5C0F58D
:107D8A00A8C5C1F5A9C5C2F5000E0501C36F000E4D
:107D9A00C46F110EC56F430EC66F4FEC30F0BFC5EE
:107DAA00E1F6C0C5E2F6C1C5E3F6C2C5E4F6040EC3
:107DBA00E7EC3BF008C65AF609C65BF60AC65CF65B
:107DCA000BC65DF6E1C6C3F5E2C6C4F5E3C6C5F562
:107DDA00E4C6C6F55AC6BFF55BC6C0F55CC6C1F5B2
:107DEA005DC6C2F54FEC30F0BFC5A6F5C0C5A7F514
:107DFA00C1C5A8F5C2C5A9F5000E0501AA6F000EF6
:107E0A00AB6F7A0EAC6F440EAD6F1CEC36F0A6C5A4
:107E1A00DDF6A7C5DEF6A8C5DFF6A9C5E0F6BCC63D
:107E2A0098F5BDC699F505019A6B9B6B000E39EC66
:107E3A0045F098C55EF699C55FF69AC560F69BC58A
:107E4A0061F65EC622F65FC623F660C624F661C6F0
:107E5A0025F652EC64F022C6D9F623C6DAF624C611
:107E6A00DBF625C6DCF68E0E06011C6F070E1D6FAB
:107E7A00D9C61EF6DAC61FF6DBC620F6DCC621F620
:107E8A00DDC622F6DEC623F6DFC624F6E0C625F6F0
:107E9A0083EC24F01CC6E5F61DC6E6F6E5C665F5D4
:107EAA00E6C666F5020ED1EC5DF06CEF3FF0060116
:107EBA00D151010AD8B46EEF3EF0030AD8B480EF6C
:107ECA003EF0010AD8B49FEF3EF06CEF3FF012008B
:107EDA0008C7CFF509C7D0F50AC7D1F50BC7D2F540
:107EEA00BFC5CFF5C0C5D0F5C1C5D1F5C2C5D2F55C
:107EFA00810E0501C36FFF0EC46FCFC5C5F5D0C58E
:107F0A00C6F5D1C5C7F5D2C5C8F5180E92EF3FF030
:107F1A00D890C833C733C633C533E82E8DEF3FF048
:107F2A00C551C325CD6F000EC421CE6FCEBFA7EFBA
:107F3A003FF0CE5109E1170ECD5DD8A0A7EF3FF073
:107F4A00A9EF3FF0B3EF3FF0BFC5BFF5C0C5C0F51D
:107F5A00C1C5C1F5C2C5C2F577EF40F0CEBFB8EFD3
:107F6A003FF0BAEF3FF02BEF40F0CDC5C3F5FF0E5F
:107F7A00C46FFF0EC56F7F0EC66F000EC76FC36753
:107F8A00C9EF3FF0D1EF3FF0C735C733C633C5332A
:107F9A00C433C32FC4EF3FF0C4C5C9F5C5C5CAF57C
:107FAA00C6C5CBF5C7C5CCF50501C951CF15C36FF9
:107FBA00CA51D015C46FCB51D115C56FCC51D2154A
:107FCA00C66FC351C411C511C611D8A4EFEF3FF053
:107FDA00F1EF3FF0F3EF3FF0A9EF3FF0CFC5C3F564
:107FEA00D0C5C4F5D1C5C5F5D2C5C6F5200E03EF77
:107FFA0040F0D890C633C533C433C333E82EFEEFFE
:10800A003FF0C351C411C511C611D8B40FEF40F0E7
:10801A0011EF40F019EF40F0C951CF27CA51D023D0
:10802A00CB51D123CC51D223C91DC36FCA1DC46FF2
:10803A00CB1DC56FCC1DC66FC351CF17C451D01706
:10804A00C551D117C651D2176FEF40F0CFC5C3F54E
:10805A00D0C5C4F5D1C5C5F5D2C5C6F5200E3BEFCE
:10806A0040F0D890C633C533C433C333E82E36EF55
:10807A0040F0C351C411C511C611D8A447EF40F04E
:10808A0049EF40F053EF40F0000ECF6F000ED06F73
:10809A00000ED16F000ED26F6FEF40F0D890CF353F
:1080AA00C36FD035C46FD135C56FD235C66FC351D2
:1080BA00C411C511C611D8B465EF40F067EF40F09E
:1080CA006FEF40F0000ECF6F000ED06F800ED16FB1
:1080DA00BF0ED26FCFC5BFF5D0C5C0F5D1C5C1F5AA
:1080EA00D2C5C2F5120021EE77F2100EDE6AE8065A
:1080FA00FDE2770E0501636F060E646F75C665F5BE
:10810A0076C666F5000E686F110E676FCCEC60F0EC
:10811A0006017E05D8A494EF40F096EF40F0B7EF41
:10812A0040F0040E05016B6F000E6C6F000E6D6F50
:10813A007FC66EF596EC5DF0150E0501FC6FC60E56
:10814A00E82EFED7FC2FFCD70000040E0501696F4C
:10815A00000E6A6F000E6B6F1BEC63F00601AD6FC9
:10816A00DFEF40F0020E7E19D8A4BEEF40F0C0EF58
:10817A0040F0DFEF40F0040E05016F6F000E706FE4
:10818A00000E716F7FC672F51AEC68F0150E0501C4
:10819A00FC6FC60EE82EFED7FC2FFCD70000040E9B
:1081AA000501706F000E716F000E726F65EC68F05A
:1081BA000601AD6F8005D8A4E5EF40F0E7EF40F087
:1081CA0008EF41F0050E05016B6F000E6C6F000E93
:1081DA006D6F81C66EF596EC5DF0150E0501FC6FAC
:1081EA00C60EE82EFED7FC2FFCD70000050E0501AF
:1081FA00696F000E6A6F000E6B6F1BEC63F006016D
:10820A00AE6F30EF41F0020E8019D8A40FEF41F0A3
:10821A0011EF41F030EF41F0050E05016F6F000ECE
:10822A00706F000E716F7FC672F51AEC68F0150E4A
:10823A000501FC6FC60EE82EFED7FC2FFCD7000006
:10824A00050E0501706F000E716F000E726F65ECFE
:10825A0068F00601AE6F550E776F770E0501636FF2
:10826A00060E646F0F0E656F1FEC5DF063C588F62E
:10827A0064C589F688C687F606018951866F8A6BB6
:10828A000B0E636F3E0E646F770E8A25D96EDA6A1B
:10829A00060EDA22DF500501FC6FFC510601656FFC
:1082AA00666B0FEC67F0100E06018A615FEF41F012
:1082BA0061EF41F067EF41F0D20E636F3D0E646FDC
:1082CA000FEC67F006018A2B100E8A656FEF41F0FA
:1082DA0071EF41F045EF41F0770E0501636F060E2D
:1082EA00646F000E656F000E666F000E686F110EE8
:1082FA00676FCCEC60F0120044C767F545C768F5B4
:10830A0046C769F547C76AF557EC5CF067C556F684
:10831A0068C557F669C558F66AC559F671EF42F04D
:10832A00010E23EC67F021EC69F063C544F764C5DC
:10833A0045F765C546F766C547F7020E0601D26FCF
:10834A0081EF42F059515811571109E1C90E565D92
:10835A00D8A0B2EF41F0B4EF41F081EF42F0010E44
:10836A0037EC67F021EC69F063C544F764C545F75B
:10837A0065C546F766C547F7030E0601D26F81EF5A
:10838A0042F0010ED36F000E0501AA6F000EAB6F0B
:10839A007A0EAC6F440EAD6F1C0E82EC42F00501F2
:1083AA006BC598F56CC599F59A6B9B6B000E39EC09
:1083BA0045F098C5A6F599C5A7F59AC5A8F59BC530
:1083CA00A9F51CEC36F0A6C5BFF5A7C5C0F5A8C52A
:1083DA00C1F5A9C5C2F5000E0501C36F000EC46F31
:1083EA00110EC56F430EC66F4FEC30F0BFC5EFF6E6
:1083FA00C0C5F0F6C1C5F1F6C2C5F2F6160EE7EC35
:10840A003BF008C65AF609C65BF60AC65CF60BC606
:10841A005DF6EFC6C3F5F0C6C4F5F1C6C5F5F2C6FA
:10842A00C6F55AC6BFF55BC6C0F55CC6C1F55DC6E2
:10843A00C2F54FEC30F0BFC5A6F5C0C5A7F5C1C55A
:10844A00A8F5C2C5A9F5000E0501AA6F000EAB6F0B
:10845A007A0EAC6F440EAD6F1CEC36F0A6C5EBF687
:10846A00A7C5ECF6A8C5EDF6A9C5EEF648C722F6EB
:10847A0049C723F64AC724F64BC725F672EC64F0BF
:10848A0022C6E7F623C6E8F624C6E9F625C6EAF6C2
:10849A00B50E06011C6F070E1D6FE7C61EF6E8C66D
:1084AA001FF6E9C620F6EAC621F6EBC622F6ECC6A6
:1084BA0023F6EDC624F6EEC625F683EC24F01CC698
:1084CA00F3F61DC6F4F6F3C665F5F4C666F5010EB5
:1084DA00D1EC5DF081EF42F00601D251010AD8B425
:1084EA0095EF41F0030AD8B4A7EF41F0010AD8B4D6
:1084FA00C6EF41F081EF42F0120005018B6F000ECA
:10850A000501936F000E926F8B510AEC65F0D890BB
:10851A0005019235D96E9335DA6E730ED926050E9A
:10852A00DA2263C5DEF464C5DDF4924B932B93BF64
:10853A00A8EF42F0935109E10C0E925DD8A0A8EF82
:10854A0042F0AAEF42F089EF42F0000E916F000E5E
:10855A00906F000E956F000E946F000E976F000ECD
:10856A00966F1FEF43F0D8909635D96E9735DA6E2D
:10857A00730ED926050EDA2296C56FF597C570F5E2
:10858A00D8906F377037020E6F27000E7023730E64
:10859A006F25E16E050E7021E26EDE50E65CDE505C
:1085AA00E658D8B0DBEF42F0DDEF42F01DEF43F0C2
:1085BA00D8909635D96E9735DA6E730ED926050E90
:1085CA00DA22DEC48CF5DDC48DF596C56DF597C546
:1085DA006EF5D8906D376E37020E6D27000E6E233A
:1085EA00730E6D25D96E050E6E21DA6ED89096350A
:1085FA00E16E9735E26E730EE126050EE222DEC4C5
:10860A00E6F4DDC4E5F496C56DF597C56EF5D89028
:10861A006D376E37020E6D27000E6E23730E6D25B1
:10862A00D96E050E6E21DA6E8CC5DEF48DC5DDF4C9
:10863A00964B972B0B0E6D6F000E6E6F94516D5FFC
:10864A0095516E5B6D51965D9751800A6F6F6E51B1
:10865A00800A6F59D8A034EF43F036EF43F0B8EFF1
:10866A0042F0944B952B95BF44EF43F0955109E1A5
:10867A000B0E945DD8A044EF43F046EF43F0B2EFFF
:10868A0042F0000E956F020E946FD8909435D96E11
:10869A009535DA6E730ED926050EDA22DE5090274A
:1086AA00DD509123944B952B95BF65EF43F095517F
:1086BA0009E10A0E945DD8A065EF43F067EF43F035
:1086CA004AEF43F090C563F591C564F5000E666FF5
:1086DA00080E656FF3EC55F063C58EF564C58FF52A
:1086EA008EC56BF58FC56CF51200050183BF80EF4F
:1086FA0043F083EF43F0010E84EF43F0000E8A6FDC
:10870A000601B3BF8BEF43F08DEF43F08EEF43F0DA
:10871A00C293B3BF95EF43F093EF43F09CEF43F05E
:10872A00000E0501876F010E866FA0EF43F0B2C6F7
:10873A0086F5B3C687F5B0C688F5B1C689F50501D1
:10874A008A51D8B4ABEF43F0ADEF43F0C4EF43F036
:10875A008807D8A089078A51D8A4B6EF43F0B8EFA2
:10876A0043F0BEEF43F0000E856F2B0E846FC2EF0D
:10877A0043F0000E856F2D0E846F84C58AF5000EB6
:10878A008C6F4F0E8B6F0901F36BFEEF43F00501FF
:10879A008B07D8A08C07A40E8B25D96E090E8C21C5
:1087AA00DA6E82C563F583C564F5000E666F0A0E3C
:1087BA00656F86EC58F063C569F564C56AF5B7EC70
:1087CA0065F005016951300FDF6E8607D8A087076B
:1087DA008807D8A0890782C563F583C564F5000EAA
:1087EA00666F0A0E656FF3EC55F063C582F564C5D2
:1087FA0083F505018CBF0AEF44F08C5108E18B0523
:10880A00D8A00AEF44F00CEF44F037EF44F082515D
:10881A008311D8A413EF44F015EF44F0CCEF43F0E2
:10882A0087BF22EF44F0875106E18605D8B020EFD2
:10883A0044F022EF44F0CCEF43F089BF2DEF44F02F
:10884A00895108E18805D8A02DEF44F02FEF44F0B4
:10885A0037EF44F00601C2B335EF44F037EF44F086
:10886A00CCEF43F005018A51D8B43EEF44F040EF13
:10887A0044F04BEF44F08B07D8A08C07A40E8B254D
:10888A00D96E090E8C21DA6E8AC5DFF480C577F5B8
:10889A0081C578F5A40E8B25796F090E8C217A6F24
:1088AA0088C57BF589C57CF5E0EC59F0120030C724
:1088BA0067F531C768F532C769F533C76AF557EC0A
:1088CA005CF067C5F0F568C5F1F569C5F2F56AC5EA
:1088DA00F3F5110EE5EC2BF0ECC5EEF5EDC5EFF571
:1088EA000601C951D8B47CEF44F07EEF44F099EF09
:1088FA0044F00501F351F2110BE1880EF05D130EFD
:10890A00F159D8A08BEF44F08DEF44F038EF45F0E1
:10891A000601C96B000EB96F000EB86F010ED16F58
:10892A0038EF45F038EF45F0C851D8B49FEF44F01E
:10893A00A1EF44F0A7EF44F0000EB96F010EB86F33
:10894A0038EF45F00501EE05EF11D8A4AFEF44F07A
:10895A00B1EF44F0F8EF44F00601CB51D8A4B8EFD8
:10896A0044F0BAEF44F0C9EF44F021EC69F063C572
:10897A0030F764C531F765C532F766C533F7010EBE
:10898A000601CB6F38EF45F00501F351F2110BE107
:10899A00E90EF05D030EF159D8A0D6EF44F0D8EFF6
:1089AA0044F038EF45F0000E0601B96F010EB86FBA
:1089BA00010EC96F21EC69F063C530F764C531F760
:1089CA0065C532F766C533F70601CB6BC72B040EB4
:1089DA00C765F2EF44F0F4EF44F097EF44F0010E6C
:1089EA00C86F38EF45F0020EEE19EF11D8A400EF68
:1089FA0045F002EF45F030EF45F00601CA51D8A420
:108A0A0009EF45F00BEF45F01AEF45F021EC69F05C
:108A1A0063C530F764C531F765C532F766C533F704
:108A2A00010E0601CA6F38EF45F00501F351F21144
:108A3A00F11109E1C90EF05DD8A026EF45F028EF43
:108A4A0045F038EF45F0000E0601B96F020EB86F17
:108A5A00CA6B38EF45F0000E0601B96F000EB86F09
:108A6A00CB6B2DEF45F012000501A06F0501A05157
:108A7A00D8B442EF45F044EF45F066EF45F09BBFAE
:108A8A004BEF45F049EF45F066EF45F098C59CF588
:108A9A0099C59DF59AC59EF59BC59FF59C1F9D1F7F
:108AAA009E1F9F1F9C2B000E9D239E239F239CC5C8
:108ABA00A2F59DC5A3F59EC5A4F59FC5A5F56EEFC4
:108ACA0045F098C5A2F599C5A3F59AC5A4F59BC525
:108ADA00A5F5985199119A119B11D8A477EF45F0F1
:108AEA0079EF45F083EF45F0000E986F000E996F0D
:108AFA00000E9A6F000E9B6F14EF46F0960EA16F50
:108B0A008DEF45F0A12BD890A533A433A333A2331C
:108B1A00000EA2159C6F000EA3159D6F000EA415E2
:108B2A009E6FFE0EA5159F6F9C519D119E119F1160
:108B3A00D8A4A2EF45F0A4EF45F087EF45F0B2EFD5
:108B4A0045F0A12B010EA227000EA323A423A523DF
:108B5A00D890A533A433A333A233000EA2159C6F79
:108B6A00000EA3159D6F000EA4159E6FFF0EA5158E
:108B7A009F6F9C519D119E119F11D8A4C7EF45F07C
:108B8A00C9EF45F0A6EF45F0D1EF45F0A107D8901F
:108B9A00A237A337A437A537A4BFD6EF45F0D8EF3D
:108BAA0045F0E0EF45F0020EA161DEEF45F0E0EF9F
:108BBA0045F0CBEF45F0A1B1E5EF45F0E7EF45F021
:108BCA00E8EF45F0A49FD890A133A1C59CF59D6B11
:108BDA009E6B9F6B9CC59FF59E6B9D6B9C6B9C517E
:108BEA00A2139D51A3139E51A4139F51A513A051E3
:108BFA00D8B402EF46F004EF46F00CEF46F09BBF04
:108C0A000BEF46F009EF46F00CEF46F0A58FA2C530
:108C1A0098F5A3C599F5A4C59AF5A5C59BF51200C3
:108C2A0034C767F535C768F536C769F537C76AF5D2
:108C3A0057EC5CF067C5EFF568C5F0F569C5F1F565
:108C4A006AC5F2F51C0EE5EC2BF00501EC51EE6F4E
:108C5A000601CE51D8B434EF46F036EF46F051EF64
:108C6A0046F00501F251F1110BE1880EEF5D130E8A
:108C7A00F059D8A043EF46F045EF46F0EEEF46F044
:108C8A000601CE6B000EBB6F000EBA6F010ED26FDB
:108C9A00EEEF46F0EEEF46F0CD51D8B457EF46F07E
:108CAA0059EF46F05FEF46F0000EBB6F010EBA6F48
:108CBA00EEEF46F00501EE05D8A466EF46F068EF40
:108CCA0046F0AFEF46F00601D051D8A46FEF46F058
:108CDA0071EF46F080EF46F021EC69F063C534F796
:108CEA0064C535F765C536F766C537F7010E06015F
:108CFA00D06FEEEF46F00501F251F1110BE1E90EEA
:108D0A00EF5D030EF059D8A08DEF46F08FEF46F0D5
:108D1A00EEEF46F0000E0601BB6F010EBA6F010EB0
:108D2A00CE6F21EC69F063C534F764C535F765C5C4
:108D3A0036F766C537F70601D06BCC2B040ECC6527
:108D4A00A9EF46F0ABEF46F04FEF46F0010ECD6FBC
:108D5A00EEEF46F0020EEE19D8A4B6EF46F0B8EFE1
:108D6A0046F0E6EF46F00601CF51D8A4BFEF46F031
:108D7A00C1EF46F0D0EF46F021EC69F063C534F755
:108D8A0064C535F765C536F766C537F7010E0601BE
:108D9A00CF6FEEEF46F00501F251F111F01109E142
:108DAA00C90EEF5DD8A0DCEF46F0DEEF46F0EEEF3D
:108DBA0046F0000E0601BB6F020EBA6FCF6BEEEFE4
:108DCA0046F0000E0601BB6F000EBA6FD06BE3EFE0
:108DDA0046F01200000E06018A6F000E8B6F000E1D
:108DEA008C6F000E8D6F21EE79F2100EDE6AE806A6
:108DFA00FDE2790E0501636F060E646F75C665F5AF
:108E0A0076C666F5000E686F110E676FCCEC60F0DF
:108E1A000601946B9451776F786B070E7727000ED3
:108E2A007823790E7725D96E060E7821DA6E8A0EA6
:108E3A009425E16EE26A060EE222DFC4E7F4150E1B
:108E4A000601776FC60EE82EFED7772FFCD70000F3
:108E5A000601942B030E946535EF47F037EF47F080
:108E6A000FEF47F08A0E0501BF6F060EC06F040EA2
:108E7A00C16F540E9DEC66F0D00E0601776FC90ED5
:108E8A00E82EFED7772FFCD700D0550E0601796F52
:108E9A00040E0501786F540E44EC65F078C58EF621
:108EAA0079C58FF6800E0501636F060E646F8EC654
:108EBA0065F58FC666F5000E686F040E676FCCEC19
:108ECA0060F0030E0501786F5C0E44EC65F078C51E
:108EDA0090F679C591F6060120EE02F09051D92656
:108EEA009151DA22DF50846F790E0501636F060E05
:108EFA00646F0F0E656F1FEC5DF063C592F664C573
:108F0A0093F692C689F606019351886F956B0B0EFC
:108F1A00636F3E0E646F790E9525D96EDA6A060E76
:108F2A00DA22DF50776F7751656F666B0FEC67F067
:108F3A00100E06019561A4EF47F0A6EF47F0ACEFDB
:108F4A0047F0D20E636F3D0E646F0FEC67F00601B7
:108F5A00952B100E9565B4EF47F0B6EF47F08CEFFE
:108F6A0047F0790E0501636F060E646F000E666F97
:108F7A00000E656F000E686F110E676FD0EC64F01B
:108F8A0012004A50020D000EF324D96E080EF42086
:108F9A00DA6EDE6ADD6A0201B2A7D6EF47F0D8EFD1
:108FAA0047F0FAEF47F04A50020D000EF324D96E4B
:108FBA00080EF420DA6E0801DF820701625163119C
:108FCA006411D8B4EBEF47F0EDEF47F0FAEF47F052
:108FDA0002D8FAEF47F00500FA6E6251FD6E63514E
:108FEA00FE6E6451FF6EFA5012000201B2A300EF46
:108FFA0048F002EF48F024EF48F04A50020D000E04
:10900A00F324D96E080EF420DA6E0801DF84070112
:10901A005F5160116111D8B415EF48F017EF48F0AD
:10902A0024EF48F002D824EF48F00500FA6E5F51A9
:10903A00FD6E6051FE6E6151FF6EFA501200020120
:10904A00B2AD2AEF48F02CEF48F04EEF48F04A5004
:10905A00020D000EF324D96E080EF420DA6E080110
:10906A00DF8007015C515D115E11D8B43FEF48F013
:10907A0041EF48F04EEF48F002D84EEF48F00500B5
:10908A00FA6E5C51FD6E5D51FE6E5E51FF6EFA50D6
:10909A001200A1C224F54A281F0B256E4950251833
:1090AA00D8A45AEF48F05CEF48F05EEF48F069EF59
:1090BA0048F0000E4A24D96EDA6A090EDA2224C56B
:1090CA00DFF425C54AF5482A0701505151115211BA
:1090DA00D8B472EF48F074EF48F081EF48F002D844
:1090EA0081EF48F00500FA6E5051FD6E5151FE6E47
:1090FA005251FF6EFA5012001200050120EE03F0E1
:10910A007851D9267951DA22DF50636F20EE02F0C6
:10911A007851D9267951DA22DF50A0EC5CF063C588
:10912A007AF564C57BF5460E05017A5D050E7B5915
:10913A00D8A0A2EF48F0A4EF48F0A8EF48F0050E37
:10914A007B6F460E7A6F580E7A5D020E7B59D8B045
:10915A00B1EF48F0B3EF48F0B7EF48F0020E7B6F7B
:10916A00580E7A6F7AC5C0F67BC5C1F678C5D9F4B0
:10917A0079C5DAF4DF500601D76FD751D8B4C8EFF2
:10918A0048F0CAEF48F0DEEF48F0150ED761D0EF8D
:10919A0048F0D2EF48F0D4EF48F0140ED76F630EC0
:1091AA00D765DAEF48F0DCEF48F0DEEF48F0640EFE
:1091BA00D76F050120EE07F07851D9267951DA22C6
:1091CA00DF50636F20EE06F07851D9267951DA2202
:1091DA00DF50A0EC5CF063C57CF564C57DF5050144
:1091EA007D5109E1960E7C5DD8A0FEEF48F000EFB4
:1091FA0049F004EF49F0000E7D6F960E7C6F7D51A9
:10920A0007E13C0E7C5DD8B00DEF49F00FEF49F055
:10921A0013EF49F0000E7D6F3C0E7C6F7CC5BEF6E5
:10922A007DC5BFF620EE04F07851D9267951DA22AD
:10923A00DF500601D66FD651D8B426EF49F028EF91
:10924A0049F03CEF49F01F0ED6612EEF49F030EF9E
:10925A0049F032EF49F01E0ED66F630ED66538EF2D
:10926A0049F03AEF49F03CEF49F0640ED66F12002C
:10927A0021EE77F2100EDE6AE806FDE2770E0501AE
:10928A00636F060E646F75C665F576C666F5000EE1
:10929A00686F110E676FCCEC60F006017E05D8A4EA
:1092AA0059EF49F05BEF49F07CEF49F0060E0501F2
:1092BA006B6F000E6C6F000E6D6F7FC66EF596ECCD
:1092CA005DF0150E0501FC6FC60EE82EFED7FC2FC9
:1092DA00FCD70000060E0501696F000E6A6F000ECA
:1092EA006B6F1BEC63F00601AF6FA4EF49F0020E3F
:1092FA007E19D8A483EF49F085EF49F0A4EF49F02D
:10930A00060E05016F6F000E706F000E716F7FC63B
:10931A0072F51AEC68F0150E0501FC6FC60EE82E00
:10932A00FED7FC2FFCD70000060E0501706F000E59
:10933A00716F000E726F65EC68F00601AF6F550E23
:10934A00776F770E0501636F060E646F0F0E656FF8
:10935A001FEC5DF063C588F664C589F688C687F692
:10936A0006018951866F8A6B0B0E636F3E0E646F1E
:10937A00770E8A25D96EDA6A060EDA22DF500501DF
:10938A00FC6FFC510601656F666B0FEC67F0100EFF
:10939A0006018A61D3EF49F0D5EF49F0DBEF49F0D6
:1093AA00D20E636F3D0E646F0FEC67F006018A2BD5
:1093BA00100E8A65E3EF49F0E5EF49F0B9EF49F09D
:1093CA00770E0501636F060E646F000E656F000E5F
:1093DA00666F000E686F110E676FCCEC60F01200BA
:1093EA00F80E0501696F030E6A6F000E6B6F1BECB6
:1093FA0063F00501786FF90E696F030E6A6F000E4C
:10940A006B6F1BEC63F00501796FFA0E696F030E3F
:10941A006A6F000E6B6F1BEC63F005017A6FFB0E2F
:10942A00696F030E6A6F000E6B6F1BEC63F0050128
:10943A007B6FFC0E696F030E6A6F000E6B6F1BEC7D
:10944A0063F005017C6FFD0E696F030E6A6F000EF3
:10945A006B6F1BEC63F005017D6F060E7819D8A4BB
:10946A0039EF4AF03BEF4AF067EF4AF0050E7919F7
:10947A00D8A442EF4AF044EF4AF067EF4AF0040EEC
:10948A007A19D8A44BEF4AF04DEF4AF067EF4AF049
:10949A00030E7B19D8A454EF4AF056EF4AF067EF4F
:1094AA004AF0020E7C19D8A45DEF4AF05FEF4AF049
:1094BA0067EF4AF07D05D8B465EF4AF067EF4AF0E6
:1094CA006AEF4AF0000EA3EF4AF0FE0E696F030E30
:1094DA006A6F000E6B6F1BEC63F00501766FFF0E6F
:1094EA00696F030E6A6F000E6B6F1BEC63F0050168
:1094FA00776F775176C570F5716B70C571F5706BC2
:10950A007011726F7151736F780E636F050E646F0D
:10951A00060E656FF5EC60F063C574F564C575F504
:10952A0005017451721907E175517319D8A4A0EF96
:10953A004AF0A2EF4AF067EF4AF0010E1200060164
:10954A00B3BFAAEF4AF0ACEF4AF0ADEF4AF0C293CC
:10955A00B3BFB4EF4AF0B2EF4AF0BBEF4AF0000EE5
:10956A000501886F010E876FBFEF4AF0B2C687F513
:10957A00B3C688F5B0C689F5B1C68AF5000E0501ED
:10958A008D6F4F0E8C6F0901F36BFFEF4AF00501E7
:10959A008C07D8A08D0782510F0B8B6F0A0E8B6137
:1095AA00D9EF4AF0DBEF4AF0DFEF4AF0300E8B27B3
:1095BA00E1EF4AF0370E8B27A40E8C25D96E090EDF
:1095CA008D21DA6E8BC5DFF48707D8A08807890753
:1095DA00D8A08A0782C584F583C585F5040E866FEF
:1095EA00D89085338433862FF5EF4AF084C582F507
:1095FA0085C583F505018DBF0CEF4BF08D5109E14F
:10960A00020E8C5DD8A00CEF4BF00EEF4BF039EF49
:10961A004BF082518311D8A415EF4BF017EF4BF0A2
:10962A00CCEF4AF088BF24EF4BF0885106E187055A
:10963A00D8B022EF4BF024EF4BF0CCEF4AF08ABFC0
:10964A002FEF4BF08A5108E18905D8A02FEF4BF094
:10965A0031EF4BF039EF4BF00601C2B337EF4BF065
:10966A0039EF4BF0CCEF4AF080C577F581C578F534
:10967A00A40E05018C25796F090E8D217A6F89C593
:10968A007BF58AC57CF5E0EC59F01200000E050165
:10969A00656F570E646FF60E666F070E676F000EE2
:1096AA00696F020E686FF3EC5FF00009D8B460EFDF
:1096BA004BF062EF4BF04BEF4BF0000E0501656F7C
:1096CA00570E646F590E666F050E676F000E696F4D
:1096DA00010E686F1FEC60F00009D8B477EF4BF009
:1096EA0079EF4BF062EF4BF0680E05016B6FE40EF9
:1096FA00E82EFED76B2FFCD7000059C550F5680E2F
:10970A0005016B6FE40EE82EFED76B2FFCD7000025
:10971A00C00E5018D8A494EF4BF096EF4BF098EF88
:10972A004BF0D8EF4BF0000E0501656F570E646FD2
:10973A00EA0E666F080E676F000E696F130E686F88
:10974A00F3EC5FF00009D8B4ADEF4BF0AFEF4BF09C
:10975A0098EF4BF0680E05016B6FE40EE82EFED70A
:10976A006B2FFCD70000000E0501656F570E646F62
:10977A00F60E666F070E676F000E696F030E686F4D
:10978A001FEC60F00009D8B4CDEF4BF0CFEF4BF0EF
:10979A00B8EF4BF02A0E05016B6F8D0EE82EFED73F
:1097AA006B2FFCD700D0D00E05016B6FC90EE82EC7
:1097BA00FED76B2FFCD700D01200000E0601001551
:1097CA000501E86F000E060101150501E96F800E1B
:1097DA00060102150501EA6F7F0E06010315050150
:1097EA00EB6FE851E911EA11EB11D8A4FFEF4BF046
:1097FA0001EF4CF00AEF4CF0000E0601006F000E6C
:10980A00016F000E026F000E036F000E06010415B1
:10981A000501E86F000E060105150501E96F800EC6
:10982A00060106150501EA6F7F0E060107150501F7
:10983A00EB6FE851E911EA11EB11D8A427EF4CF0CC
:10984A0029EF4CF032EF4CF0000E0601046F000EC7
:10985A00056F000E066F000E076F060103AF38EFA3
:10986A004CF03AEF4CF043EF4CF0006D011FD8B0CA
:10987A00012B021FD8B0022B800E035707AF48EF07
:10988A004CF04AEF4CF053EF4CF0046D051FD8B082
:10989A00052B061FD8B0062B800E0757000E001B9B
:1098AA00000E011B000E021B800E031B000E041B80
:1098BA00000E051B000E061B800E071B0451005DDF
:1098CA00055101590651025907510359D8B070EF91
:1098DA004CF072EF4CF075EF4CF0D89076EF4CF0FC
:1098EA00D880120008C663F509C664F50AC665F58C
:1098FA000BC666F502EC52F0050163516411D8A457
:10990A0089EF4CF08BEF4CF095EF4CF00CC608F653
:10991A000DC609F60EC60AF60FC60BF60AEF4DF08B
:10992A000CC663F50DC664F50EC665F50FC666F579
:10993A0002EC52F0050163516411D8A4A7EF4CF070
:10994A00A9EF4CF0B3EF4CF008C608F609C609F6C1
:10995A000AC60AF60BC60BF60AEF4DF008C663F5FF
:10996A0009C664F50AC665F50BC666F51EEC61F014
:10997A0063C5ECF564C5EDF50CC663F50DC664F573
:10998A000EC665F50FC666F51EEC61F0050163515A
:10999A00EC1909E16451ED19D8B4D6EF4CF0D8EFBF
:1099AA004CF0EEEF4CF008C663F509C664F50AC63A
:1099BA0065F50BC666F51EEC61F00501635164118D
:1099CA00D8A4EAEF4CF0ECEF4CF0A9EF4CF08BEF97
:1099DA004CF008C600F609C601F60AC602F60BC61E
:1099EA0003F60CC604F60DC605F60EC606F60FC635
:1099FA0007F6E2EC4BF00601D8A006EF4DF008EFAF
:109A0A004DF0A9EF4CF08BEF4CF0120010C663F545
:109A1A0011C664F512C665F513C666F502EC52F076
:109A2A00050163516411D8A41DEF4DF01FEF4DF0ED
:109A3A0029EF4DF014C610F615C611F616C612F621
:109A4A0017C613F69EEF4DF014C663F515C664F5F6
:109A5A0016C665F517C666F502EC52F005016351A4
:109A6A006411D8A43BEF4DF03DEF4DF047EF4DF0B8
:109A7A0010C610F611C611F612C612F613C613F660
:109A8A009EEF4DF010C663F511C664F512C665F572
:109A9A0013C666F51EEC61F063C5EEF564C5EFF515
:109AAA0014C663F515C664F516C665F517C666F5D8
:109ABA001EEC61F005016351EE1909E16451EF19D9
:109ACA00D8B46AEF4DF06CEF4DF082EF4DF010C64E
:109ADA0063F511C664F512C665F513C666F51EEC84
:109AEA0061F0050163516411D8A47EEF4DF080EF57
:109AFA004DF01FEF4DF03DEF4DF010C600F611C6C8
:109B0A0001F612C602F613C603F614C604F615C603
:109B1A0005F616C606F617C607F6E2EC4BF006017E
:109B2A00D8A09AEF4DF09CEF4DF01FEF4DF03DEFAE
:109B3A004DF0120021EE77F2100EDE6AE806FDE221
:109B4A00770E0501636F060E646F75C665F576C6F6
:109B5A0066F5000E686F110E676FCCEC60F0550E5B
:109B6A000601776F040E0501786F540E44EC65F018
:109B7A0078C588F679C589F67E0E0501636F060EEB
:109B8A00646F88C665F589C666F5000E686F040EAF
:109B9A00676FCCEC60F0030E0501786F5C0E44EC45
:109BAA0065F078C58AF679C58BF6060120EE02F0D3
:109BBA008A51D9268B51DA22DF50826F770E05013E
:109BCA00636F060E646F0F0E656F1FEC5DF063C561
:109BDA008CF664C58DF68CC687F606018D51866FA4
:109BEA008E6B0B0E636F3E0E646F770E8E25D96EE9
:109BFA00DA6A060EDA22DF500501FC6FFC51060113
:109C0A00656F666B0FEC67F0100E06018E6110EF40
:109C1A004EF012EF4EF018EF4EF0D20E636F3D0E7B
:109C2A00646F0FEC67F006018E2B100E8E6520EF25
:109C3A004EF022EF4EF0F6EF4DF0770E0501636F0E
:109C4A00060E646F000E666F000E656F000E686F79
:109C5A00110E676FD0EC64F0120063C5D9F464C5C5
:109C6A00DAF465C5DFF4050120EE01F06351D92667
:109C7A006451DA2266C5DEF467C5DEF468C5DEF42F
:109C8A0069C5DEF420EE05F06351D9266451DA2263
:109C9A006AC5DEF46BC5DEF46CC5DEF46DC5DEF4B0
:109CAA0020EE09F06351D9266451DA226EC5DEF43A
:109CBA006FC5DEF470C5DEF471C5DEF420EE15F072
:109CCA006351D9266451DA2272C5DEF473C5DEF413
:109CDA0074C5DEF475C5DEF420EE19F06351D92699
:109CEA006451DA2276C5DEF477C5DEF478C5DEF48F
:109CFA0079C5DEF420EE0DF06351D9266451DA22DB
:109D0A00000EDE6E000EDE6E480EDE6E440EDD6E56
:109D1A0020EE11F06351D9266451DA22000EDE6E6C
:109D2A00000EDE6E480EDE6EC40EDD6E20EE1DF0F5
:109D3A006351D9266451DA22000EDE6E000EDE6E01
:109D4A00000EDE6E000EDD6E20EE21F06351D92684
:109D5A006451DA22000EDE6E000EDE6E000EDE6E3A
:109D6A00000EDD6E20EE25F06351D9266451DA2209
:109D7A007AC5DEF47BC5DDF41200C80E0501746FE6
:109D8A00000E756F000E766F000E776F6C51726F52
:109D9A006BC573F5EDEF4EF005017451751176112F
:109DAA007711D8A4DBEF4EF0DDEF4EF0DFEF4EF087
:109DBA0051EF4FF07407000E755B765B775B150EFB
:109DCA000501706FC60EE82EFED7702FFCD7000073
:109DDA00000E0501656F530E646F720E666F050EF5
:109DEA00676F000E696F020E686FF3EC5FF000098F
:109DFA00D8B402EF4FF004EF4FF0D1EF4EF0C80E97
:109E0A000501746F000E756F000E766F000E776F86
:109E1A002BEF4FF005017451751176117711D8A403
:109E2A0019EF4FF01BEF4FF01DEF4FF051EF4FF0CE
:109E3A007407000E755B765B775B150E0501706F14
:109E4A00C60EE82EFED7702FFCD70000000E0501C3
:109E5A00656F530E646F6DC566F56EC567F5020EC4
:109E6A006F25686F696B000E69231FEC60F00009AB
:109E7A00D8B442EF4FF044EF4FF00FEF4FF0090E16
:109E8A000501716F1E0E706FE40EE82EFED7702F5B
:109E9A00FCD7712FFAD70000120006011A351B35BC
:109EAA000501F56FF551D8A45DEF4FF05FEF4FF064
:109EBA006AEF4FF0000E0601186F000E196F000EC0
:109ECA001A6F000E1B6FDEEF4FF018C6F0F519C6B9
:109EDA00F1F51AC6F2F51BC6F3F5200E7AEF4FF02C
:109EEA00D890F333F233F133F033E82E75EF4FF0B5
:109EFA00F051F46F06011A8FFF0E1817FF0E19178B
:109F0A00FF0E1A17000E1B17960E0501F55FF5BF17
:109F1A0093EF4FF091EF4FF0ABEF4FF0F551800A0E
:109F2A00970FD8B09BEF4FF09DEF4FF09FEF4FF098
:109F3A005FEF4FF00601D8901B331A3319331833E9
:109F4A000501F53F9FEF4FF0C5EF4FF01F0EF56586
:109F5A00B1EF4FF0B3EF4FF0BDEF4FF05FEF4FF0BF
:109F6A000601D890183719371A371B370501F50734
:109F7A00F551D8A4C3EF4FF0C5EF4FF0B5EF4FF04E
:109F8A00F451D8B4CBEF4FF0CDEF4FF0D6EF4FF0FE
:109F9A0006011B1F1A1F191F186D000E19231A23F9
:109FAA001B2318C618F619C619F61AC61AF61BC6BE
:109FBA001BF6120055EC56F0566E5650D8B4E8EF20
:109FCA004FF0EAEF4FF01EEF50F055505618D8B444
:109FDA00F1EF4FF0F3EF4FF021EF50F05604D8A411
:109FEA00F9EF4FF0FBEF4FF000EF50F0030E76EC75
:109FFA0060F01AEF50F0020E5618D8A407EF50F08E
:10A00A0009EF50F00EEF50F0010E76EC60F01AEF07
:10A01A0050F0030E5618D8A415EF50F017EF50F071
:10A02A001AEF50F0020E76EC60F056C555F521EFA6
:10A03A0050F0556A0601D56B5604D8A427EF50F0A4
:10A04A0029EF50F02BEF50F06AEF50F0E5EC37F0C3
:10A05A0005017DC598F57EC599F59A6B9B6B000E37
:10A06A0039EC45F098C548F799C549F79AC54AF7B2
:10A07A009BC54BF75704D8B445EF50F047EF50F063
:10A08A0050EF50F00601D405D8A44EEF50F050EF2F
:10A09A0050F068EF50F0D8900601C131636FC031BB
:10A0AA00626F62C698F563C699F505019A6B9B6B58
:10A0BA00000E39EC45F098C548F799C549F79AC595
:10A0CA004AF79BC54BF799EC3AF01200050120EECE
:10A0DA0008F06351D9266451DA22DF50D8B478EFF8
:10A0EA0050F07AEF50F0A6EF50F020EE08F06351EE
:10A0FA00D9266451DA22150EDF6086EF50F088EF18
:10A10A0050F090EF50F020EE08F06351D9266451D8
:10A11A00DA22140EDF6E20EE08F06351D92664515C
:10A12A00DA22630EDF649CEF50F09EEF50F0A6EF48
:10A13A0050F020EE08F06351D9266451DA22640EF9
:10A14A00DF6E20EE08F06351D9266451DA22DF501F
:10A15A000601D76F050120EE0AF06351D926645132
:10A16A00DA22DF50D8B4BCEF50F0BEEF50F0EAEF7D
:10A17A0050F020EE0AF06351D9266451DA22150E06
:10A18A00DF60CAEF50F0CCEF50F0D4EF50F020EE81
:10A19A000AF06351D9266451DA22140EDF6E20EEDA
:10A1AA000AF06351D9266451DA22630EDF64E0EFC4
:10A1BA0050F0E2EF50F0EAEF50F020EE0AF063516F
:10A1CA00D9266451DA22640EDF6E20EE0AF063515A
:10A1DA00D9266451DA22DF500601D66F1200050132
:10A1EA00636F05016305D8A4FDEF50F0FFEF50F04F
:10A1FA001BEF51F0000E0701DB6F000EDA6F000E45
:10A20A00D26F000ED36F000ED46F000ED56F000E02
:10A21A00D66F000ED76F000ED86F000ED96F000EE2
:10A22A000601B76F000EB66F7BEF51F0020E63198D
:10A23A00D8A422EF51F024EF51F040EF51F0000E74
:10A24A000701B46F000EB36F000EAB6F000EAC6F58
:10A25A00000EAD6F000EAE6F000EAF6F000EB06F46
:10A26A00000EB16F000EB26F000E0601B56F000E40
:10A27A00B46F7BEF51F0030E6319D8A447EF51F086
:10A28A0049EF51F07BEF51F0000E0701DB6F000E32
:10A29A00DA6F000ED26F000ED36F000ED46F000E6D
:10A2AA00D56F000ED66F000ED76F000ED86F000E56
:10A2BA00D96F000EB46F000EB36F000EAB6F000EB5
:10A2CA00AC6F000EAD6F000EAE6F000EAF6F000EDA
:10A2DA00B06F000EB16F000EB26F000E0601B76FBD
:10A2EA00000EB66F000EB56F000EB46F12000501B6
:10A2FA00786B76BF85EF51F083EF51F08FEF51F015
:10A30A00761F751F741F736D000E742375237623D1
:10A31A00010E786F72BF96EF51F094EF51F0A0EFF3
:10A32A0051F0721F711F701F6F6D000E7023712321
:10A33A007223010E781B000E796F000E7A6F000EE1
:10A34A007B6F000E7C6F7351741175117611D8B43E
:10A35A00B1EF51F0B3EF51F0E9EF51F0010E776F21
:10A36A00BDEF51F0D8907337743775377637772B3E
:10A37A0076AFC2EF51F0C4EF51F0B7EF51F0D89079
:10A38A0079377A377B377C3773516F5D74517059DF
:10A39A007551715976517259D8A0D6EF51F0D8EF4C
:10A3AA0051F0E1EF51F073516F5F7451705B755169
:10A3BA00715B7651725B7981D890763375337433D9
:10A3CA007333772FC4EF51F07851D8B4EFEF51F0CF
:10A3DA00F1EF51F0F9EF51F07C1F7B1F7A1F796D75
:10A3EA00000E7A237B237C2379C56FF57AC570F535
:10A3FA007BC571F57CC572F5120010C76DF511C7E2
:10A40A006EF512C76FF513C770F563C56DF564C5B0
:10A41A006EF565C56FF566C570F56DC567F56EC5F0
:10A42A0068F56FC569F570C56AF5180E23EF52F025
:10A43A000501D8906A33693368336733E82E1DEF14
:10A44A0052F067516B6F6C6B6B516C11D8A430EF83
:10A45A0052F032EF52F052EF52F0D8906D35676FEA
:10A46A006E35686F6F35696F70356A6F675168113D
:10A47A0069116A11D8A444EF52F046EF52F04CEF3A
:10A48A0052F0000E646F020E636F81EF52F0000EFD
:10A49A00646F030E636F81EF52F06B296C11D8A4BD
:10A4AA0059EF52F05BEF52F07DEF52F06DC567F550
:10A4BA006EC568F56FC569F570C56AF5090ED8905D
:10A4CA006737683769376A37E82E64EF52F06751A1
:10A4DA00681169116A11D8B475EF52F078EF52F029
:10A4EA00010E79EF52F0000E636F646B81EF52F048
:10A4FA00000E646F040E636F120072EC53F0090EC3
:10A50A000601786F1E0E776FE40EE82EFED7772FBE
:10A51A00FCD7782FFAD70000F5EC49F0E806D8A462
:10A52A0099EF52F09BEF52F0FDEF52F0010E060147
:10A53A00D86F75C6D9F476C6DAF4550EDF6E75C6CD
:10A54A0063F576C664F50F0E0501656F1FEC5DF0C5
:10A55A0063C579F664C57AF6060120EE10F07551E6
:10A56A00D9267651DA2279C6DFF420EE0FF075513A
:10A57A00D9267651DA227A51DF6E7B6B0B0E636F26
:10A58A003E0E646F7B517525D96E000E7621DA6E08
:10A59A00DF50776F7751656F666B0FEC67F0100EBF
:10A5AA0006017B61DBEF52F0DDEF52F0E3EF52F090
:10A5BA00D20E636F3D0E646F0FEC67F006017B2BC2
:10A5CA00100E7B65EBEF52F0EDEF52F0C3EF52F055
:10A5DA0075C663F576C664F5000E0501666F000E52
:10A5EA00656F000E686F110E676FD0EC64F0FF00A4
:10A5FA001200C80E0501BA6F000EBB6F000EBC6FC9
:10A60A00000EBD6F6C51726F6BC573F5BE6B24EF94
:10A61A0053F0BE516D25D96E000E6E21DA6EBE5111
:10A62A00706F716B020E7027000E7123720E702507
:10A63A00E16E050E7121E26EDFC4E7F4BE2B6F51A5
:10A64A00BE5DD8A02BEF53F02DEF53F00EEF53F071
:10A65A004BEF53F00501BA51BB11BC11BD11D8A47F
:10A66A0039EF53F03BEF53F03DEF53F071EF53F0F6
:10A67A00BA07000EBB5BBC5BBD5B150E0501706FB4
:10A68A00C60EE82EFED7702FFCD70000000E05017B
:10A69A00656F530E646F720E666F050E676F020E5A
:10A6AA006F25686F696B000E6923F3EC5FF0000990
:10A6BA00D8B462EF53F064EF53F02FEF53F0090E62
:10A6CA000501716F1E0E706FE40EE82EFED7702F13
:10A6DA00FCD7712FFAD70000120021EEF0F311EE29
:10A6EA006FF1050EDBC4E3F4E806FCE26F0E050128
:10A6FA00636F050E646F060E656FF5EC60F063C557
:10A70A0077F564C578F505017851756F77C576F5E3
:10A71A00F80E6B6F030E6C6F000E6D6F6FC56EF5E2
:10A72A0096EC5DF0F90E05016B6F030E6C6F000E6F
:10A73A006D6F70C56EF596EC5DF0FA0E05016B6FE4
:10A74A00030E6C6F000E6D6F71C56EF596EC5DF0C1
:10A75A00FB0E05016B6F030E6C6F000E6D6F72C5F9
:10A76A006EF596EC5DF0FC0E05016B6F030E6C6FD7
:10A77A00000E6D6F73C56EF596EC5DF0FD0E05016A
:10A78A006B6F030E6C6F000E6D6F74C56EF596ECF1
:10A79A005DF0FE0E05016B6F030E6C6F000E6D6FA0
:10A7AA0075C56EF596EC5DF0FF0E05016B6F030E35
:10A7BA006C6F000E6D6F76C56EF596EC5DF012004B
:10A7CA00600EF66EC80EF76E000EF86E02EEBAF064
:10A7DA0010EE43F00900F5C4EEF4E550E150FAE159
:10A7EA00100EF66ED30EF76E000EF86E01EEF0F351
:10A7FA0010EE0CF00900F5C4EEF4E550E150FAE170
:10A80A000C0EF66ED40EF76E000EF86E0900F5C443
:10A81A00F5F60900F5C4F6F6D60EF66ED30EF76E07
:10A82A00000EF86E01EE5AF110EE04F00900F5C4BC
:10A83A00EEF4E550E150FAE102EE00F3640EEE6A3E
:10A84A00E806FDE102EE00F2F40EEE6AE806FDE12A
:10A85A0002EE00F1F40EEE6AE806FDE102EE00F007
:10A86A00BA0EEE6AE806FDE101EE00F3E10EEE6AC9
:10A87A00E806FDE101EEA4F2510EEE6AE806FDE1FA
:10A88A000501FD6B01EE30F12A0EEE6AE806FDE1E4
:10A89A000401080E5D6F300E5E6F000E5F6F0001DF
:10A8AA0021EF66F0B50E0501636F070E646F010EA6
:10A8BA00656F0A0E666FD70E676FA30E686F3D0E3F
:10A8CA00696F6F0E6A6F120E6B6F030E6C6F3B0E21
:10A8DA006D6F9A0E6E6F990E6F6F190E706F3E0E36
:10A8EA00716F000E726F000E736F480E746F450E13
:10A8FA00756F000E766F000E776F000E786F000E80
:10A90A00796F000E7B6F000E7A6F32EC4EF08E0E6E
:10A91A000501636F070E646F020E656F9A0E666F0C
:10A92A00990E676F990E686F3E0E696F170E6A6F00
:10A93A00B70E6B6FD10E6C6F380E6D6F170E6E6F90
:10A94A00B70E6F6FD10E706F380E716F000E726F87
:10A95A00000E736F480E746F450E756F000E766F9A
:10A96A00000E776F000E786F000E796F000E7B6F06
:10A97A00000E7A6F32EC4EF01200000E05016B6F7A
:10A98A00000E6A6F63C5D9F464C5DAF4DEC4F6F45E
:10A99A00DDC4F7F4000EF86E0800F5502A0AD8A4B0
:10A9AA00D9EF54F0DBEF54F00EEF55F063C5D9F44C
:10A9BA0064C5DAF4DE2A000EDD2265C5D9F466C55F
:10A9CA00DAF4DFC467F5020EDE26DFC468F5000E8E
:10A9DA00DD2267C5D9F468C5DAF4DEC46AF5DDC4D8
:10A9EA006BF524EF55F00A0E6A03F3C467F5F4C455
:10A9FA0068F56B03F3506827695167256A6F000E83
:10AA0A0068216B6F63C5D9F464C5DAF4DE2A000ED7
:10AA1A00DD2263C5D9F464C5DAF4DEC4F6F4DDC414
:10AA2A00F7F4000EF86E0800F550D00F696F090EA2
:10AA3A00696522EF55F024EF55F0F8EF54F06AC536
:10AA4A0063F56BC564F51200050169516A11D8B442
:10AA5A0031EF55F033EF55F03CEF55F069516A117B
:10AA6A00D8A43AEF55F03CEF55F041EF55F0675155
:10AA7A0014EC62F08EEF55F020EE09F06951D926F8
:10AA8A006A51DA22DE50DE10D8B44EEF55F050EF9C
:10AA9A0055F06BEF55F020EE09F06951D9266A514D
:10AAAA00DA2210EE02F06951E1266A51E222DE5002
:10AABA00E65CE650800A6F6FDE50800A6F59D8B0A4
:10AACA0069EF55F06BEF55F08EEF55F020EE02F07E
:10AADA006951D9266A51DA22DEC46BF5DDC46CF5F8
:10AAEA0069C5D9F46AC5DAF4DEC46DF5DDC46EF55C
:10AAFA006B516D25D96E6C516E21DA6E67C5DFF424
:10AB0A0020EE02F06951D9266A51DA22DE2A000EB5
:10AB1A00DD22120024C767F525C768F526C769F53F
:10AB2A0027C76AF557EC5CF067C579F568C57AF509
:10AB3A0069C57BF56AC57CF5DCEF55F07C517B1164
:10AB4A007A1109E1650E795DD8A0AEEF55F0B0EF44
:10AB5A0055F0F2EF55F0F3EC69F0010E516E21EC6D
:10AB6A0069F063C524F764C525F765C526F766C588
:10AB7A0027F7F2EF55F07C517B117A1109E1650E46
:10AB8A00795DD8A0CBEF55F0CDEF55F0F2EF55F047
:10AB9A00F5EC69F0516A21EC69F063C524F764C5E4
:10ABAA0025F765C526F766C527F7F2EF55F0515028
:10ABBA000501776F786B7851000AD8B4E7EF55F042
:10ABCA00F2EF55F07751000AD8B4A3EF55F0010A15
:10ABDA00D8B4C0EF55F0F2EF55F012000501686BDA
:10ABEA0066BFFCEF55F0FAEF55F002EF56F0656DCF
:10ABFA00661FD8B0662B010E686F64BF09EF56F066
:10AC0A0007EF56F00FEF56F0636D641FD8B0642B50
:10AC1A00010E681B000E6A6F000E696F655166119E
:10AC2A00D8B41AEF56F01CEF56F044EF56F0010E66
:10AC3A00676F24EF56F0D89065376637672B66AF93
:10AC4A0029EF56F02BEF56F020EF56F0D8906937DF
:10AC5A006A376551635D66516459D8A037EF56F07B
:10AC6A0039EF56F03EEF56F06551635F6651645B0B
:10AC7A006981D89066336533672F2BEF56F0685198
:10AC8A00D8B44AEF56F04CEF56F050EF56F0696DD3
:10AC9A006A1FD8B06A2B69C563F56AC564F51200E4
:10ACAA005D04D8B45BEF56F05DEF56F060EF56F0F6
:10ACBA00010EB5EF56F00601D805D8A467EF56F095
:10ACCA0069EF56F06BEF56F05DEF56F0020ED419AD
:10ACDA00D8A472EF56F074EF56F076EF56F05DEFA7
:10ACEA0056F0D751D8A47CEF56F07EEF56F088EF95
:10ACFA0056F0D651D8A484EF56F086EF56F088EF76
:10AD0A0056F05DEF56F0BA51BB11D8B48FEF56F03A
:10AD1A0091EF56F09CEF56F0B851B911D8B498EFAC
:10AD2A0056F09AEF56F09CEF56F05DEF56F0BA5196
:10AD3A00BB11D8B4A3EF56F0A5EF56F0A8EF56F022
:10AD4A00020EB5EF56F0B851B911D8B4AFEF56F0BC
:10AD5A00B1EF56F0B4EF56F0030EB5EF56F0000E11
:10AD6A001200BE6AB00EBF6EC06AC16AC26A400EE5
:10AD7A00C36E0401026B300E0A6F126B1A6B226BE0
:10AD8A002A6BDF0EC66E8F0EC76E6F0EC86ED00EA0
:10AD9A00C96E0F0ECA6E9E0ECB6EDF0E006F0F0EBF
:10ADAA00086F4F0E106FD10E186F070E206F9E0E90
:10ADBA00286F016B800E096F116B196B216B296B60
:10ADCA0003690B6913691B69070E236F2B690469F1
:10ADDA000C6914691C690F0E246F2C690201896BB6
:10ADEA00886B876B866B150E726F1C0E196F1A0EA5
:10ADFA001B6F200E156F0C0E716F370E0D6F0D0E37
:10AE0A00706F380E0E6F0401056B066B076B0D6BC6
:10AE1A000E6B0F6B156B166B176B256B266B276BFF
:10AE2A001200D8C42CF5CEEC68F00009D8B420EF93
:10AE3A0057F022EF57F02AEF57F0030E3C6E02014B
:10AE4A00979BB1EC64F072EF57F0D9EC68F0000907
:10AE5A00D8B432EF57F034EF57F046EF57F0ADEC75
:10AE6A0068F00009D8B43CEF57F03EEF57F046EFD0
:10AE7A0057F0010E3C6E02019799ACEC67F072EF45
:10AE8A0057F0B8EC68F00009D8B44EEF57F050EF1D
:10AE9A0057F060EF57F0ADEC68F00009D8B458EFFE
:10AEAA0057F05AEF57F060EF57F0020E3C6E02016E
:10AEBA00979942EF57F0C3EC68F00009D8B468EFED
:10AECA0057F06AEF57F070EF57F0030E3C6E02012D
:10AEDA00979D72EF57F0020197993C502CC5D8F410
:10AEEA0011000501656F05016505D8A47FEF57F0CC
:10AEFA0081EF57F08BEF57F0000E646F000E636F0F
:10AF0A009AEC69F0FBEC69F0D0EF57F0020E651984
:10AF1A00D8A492EF57F094EF57F09EEF57F0000E37
:10AF2A00646F000E636F94EC69F0F9EC69F0D0EF8E
:10AF3A0057F0020E6519D8A4A5EF57F0A7EF57F0FE
:10AF4A00A9EF57F0D0EF57F0020E6519D8A4B0EF69
:10AF5A0057F0B2EF57F0B4EF57F0D0EF57F0050EB5
:10AF6A006519D8A4BBEF57F0BDEF57F0D0EF57F0F3
:10AF7A00000E646F000E636F9AEC69F0FBEC69F0E7
:10AF8A00000E0501646F000E636F94EC69F0F9EC32
:08AF9A0069F0D0EF57F012003E
:10AFA400FAC401F5FBC402F5B39E77A0DCEF57F0B9
:10AFB400DEEF57F000EF58F076A0E3EF57F0E5EF3F
:10AFC40057F000EF58F076900601AA51AB11AC117E
:10AFD400D8B4EFEF57F0F1EF57F027EF58F002D85D
:10AFE400FEEF57F00500FA6EAA51FD6EAB51FE6EEE
:10AFF400AC51FF6EFA50120027EF58F077A205EF1C
:10B0040058F007EF58F027EF58F076A20CEF58F0FD
:10B014000EEF58F027EF58F076920601A751A811C9
:10B02400A911D8B418EF58F01AEF58F027EF58F0D8
:10B0340002D827EF58F00500FA6EA751FD6EA8510B
:10B04400FE6EA951FF6EFA50120002C5FBF401C551
:10B05400FAF41100FAC405F5FBC406F5B59E86A002
:10B0640036EF58F038EF58F05AEF58F085A03DEF1E
:10B0740058F03FEF58F05AEF58F08590070174519B
:10B0840075117611D8B449EF58F04BEF58F081EFB1
:10B0940058F002D858EF58F00500FA6E7451FD6E5E
:10B0A4007551FE6E7651FF6EFA50120081EF58F022
:10B0B40086A25FEF58F061EF58F081EF58F085A257
:10B0C40066EF58F068EF58F081EF58F08592070169
:10B0D400715172117311D8B472EF58F074EF58F0C3
:10B0E40081EF58F002D881EF58F00500FA6E7151E3
:10B0F400FD6E7251FE6E7351FF6EFA50120006C55A
:10B10400FBF405C5FAF411000501686B64BF8FEF09
:10B1140058F08DEF58F095EF58F0636D641FD8B078
:10B12400642B010E686F66BF9CEF58F09AEF58F0DD
:10B13400A0EF58F0656D661FD8B0662B6551661197
:10B14400D8B4A7EF58F0A9EF58F0CDEF58F0010E9E
:10B15400676FB1EF58F0D89065376637672B66AFE5
:10B16400B6EF58F0B8EF58F0ADEF58F06551635DA5
:10B1740066516459D8A0C1EF58F0C3EF58F0C7EF37
:10B1840058F06551635F6651645BD89066336533EC
:10B19400672FB8EF58F06851D8B4D3EF58F0D5EF13
:10B1A40058F0D9EF58F0636D641FD8B0642B63C5B1
:10B1B40063F564C564F51200000E050163156B6F39
:10B1C400000E64156C6F800E65156D6F7F0E66152D
:10B1D4006E6F6B516C116D116E11D8A4F4EF58F0B1
:10B1E400F6EF58F0FEEF58F0000E636F000E646F38
:10B1F400000E656F000E666F000E67156B6F000E14
:10B2040068156C6F800E69156D6F7F0E6A156E6F11
:10B214006B516C116D116E11D8A413EF59F015EF29
:10B2240059F01DEF59F0000E676F000E686F000EA5
:10B23400696F000E6A6F675163190FE168516419F1
:10B244000CE16951651909E16A516619D8B42DEF09
:10B2540059F02FEF59F032EF59F0D89033EF59F0FD
:10B26400D88012000501656F05016505D8A43DEF7E
:10B2740059F03FEF59F050EF59F0E70E636F060EA7
:10B28400646FE2EC5CF0000E0701486F000E496F3A
:10B29400000E4A6F000E4B6F89EF59F0020E6519CC
:10B2A400D8A457EF59F059EF59F066EF59F0D90E79
:10B2B400636F060E646FE2EC5CF0000E0601BD6F76
:10B2C400000EBC6F89EF59F0030E6519D8A46DEF19
:10B2D40059F06FEF59F089EF59F0E70E636F060EDE
:10B2E400646FE2EC5CF0D90E0501636F060E646FC7
:10B2F400E2EC5CF0010E0601F66FD36B000E070161
:10B30400486F000E496F000E4A6F000E4B6F12001B
:10B31400116A1150080DBB0EF324D96E080EF420E7
:10B32400DA6EDE50DE10D8B49AEF59F09CEF59F083
:10B33400D6EF59F01150080DBB0EF324D96E080E48
:10B34400F420DA6EDE06000EDD5A1150080DBB0E35
:10B35400F324D96E080EF420DA6EDE50DE10D8A481
:10B36400B6EF59F0B8EF59F0D6EF59F01150080D77
:10B37400BA0EF324D96E080EF420DA6E010EDF6ED5
:10B384001150080DBD0EF324D96E080EF420DA6EA8
:10B394001150080DBB0EF324E16E080EF420E26E8A
:10B3A400DEC4E6F4DDC4E5F4112A050E1164DDEF14
:10B3B40059F0DFEF59F08BEF59F012000601C2A1EA
:10B3C400E6EF59F0E8EF59F0F2EF59F079C570F56E
:10B3D4007AC571F577C572F578C573F5D3EC62F06B
:10B3E40005017CBFFAEF59F0F8EF59F0FEEF59F080
:10B3F400000E7C6F000E7B6F000E7F6F000E7E6F61
:10B4040011EF5AF0000E686F200E676F77C569F56B
:10B4140078C56AF529EC55F005017E4B7F2B7B51ED
:10B424007E5D7F51800A7D6F7C51800A7D59D8A052
:10B434001EEF5AF020EF5AF004EF5AF00601C2B1A1
:10B4440026EF5AF028EF5AF032EF5AF079C570F52A
:10B454007AC571F577C572F578C573F5D3EC62F0EA
:10B464001200050120EE40F06351D9266451DA221E
:10B47400DF50656F0F0E651720EE40F06351D9263B
:10B484006451DA22DF50666F66390F0B0A0DF350F0
:10B494006525696F20EE41F06351D9266451DA22A3
:10B4A400DF50656F0F0E651720EE41F06351D9260A
:10B4B4006451DA22DF50666F66390F0B0A0DF350C0
:10B4C40065256A6F6951640DF3C465F5F4C466F5C6
:10B4D4006A5165255A6E000E66215B6EE80E656F33
:10B4E400030E666F65515A02F3C467F5F4C468F538
:10B4F4005B02F350682766515A02F350682767C508
:10B504005AF568C55BF51200A2908C0E0701536FC3
:10B514008F0E546F000E556FA292FC0E596FCA0E17
:10B524005A6F000E5B6F0201A26BA46BA56BA66B36
:10B53400A76BA86BA96BAA6BB00EAB6F800EAC6F38
:10B54400080EAD6F820EAE6F060EAF6F2E0EB06F8B
:10B55400B16B800EB26FB36B2E0E0501636FD40E08
:10B56400646F000E656FF6EC67F02C0E0501636FD7
:10B57400D40E646F000E656FE4EC67F02A0E0501CB
:10B58400636FD40E646F000E656FD2EC67F0000E2B
:10B594000701816F000E806F4C6A4B6A200E050113
:10B5A400FD6F4A6A496A486AA28012007DC585F522
:10B5B4007EC586F57FC587F580C588F5E9EF5AF025
:10B5C4008107D8A08207854B862B874B882B0501E2
:10B5D40081518211D8B4F1EF5AF0F3EF5AF004EF2D
:10B5E4005BF087C5D9F488C5DAF485C5E1F486C56E
:10B5F400E2F4DE50E618D8B402EF5BF004EF5BF03F
:10B60400E2EF5AF081518211D8A40BEF5BF00DEFF9
:10B614005BF013EF5BF0000E7E6F000E7D6F25EF85
:10B624005BF085C5D9F486C5DAF4DF50836F87C52E
:10B63400D9F488C5DAF4DF50846F8451835D7D6F5B
:10B644007E6BD8A07E071200050163516411D8A453
:10B654002EEF5BF030EF5BF032EF5BF072EF5BF0FC
:10B6640063C5D9F464C5DAF4000EDE6E000EDE6E36
:10B67400000EDE6E000EDD6E20EE04F06351D9265E
:10B684006451DA22000EDE6E000EDE6E000EDE6EF7
:10B69400000EDD6E20EE08F06351D9266451DA22E3
:10B6A400000EDE6E000EDE6E000EDE6E000EDD6E2F
:10B6B40020EE0CF06351D9266451DA22DE6ADE6A88
:10B6C400DE6ADD6A20EE10F06351D9266451DA2275
:10B6D400E80EDE6E030EDE6E000EDE6E000EDD6E14
:10B6E4001200050163516411D8A47BEF5BF07DEF78
:10B6F4005BF07FEF5BF0BFEF5BF063C5D9F464C52B
:10B70400DAF465C5DEF466C5DEF467C5DEF468C543
:10B71400DEF420EE04F06351D9266451DA2265C5C3
:10B72400DEF466C5DEF467C5DEF468C5DEF420EE3B
:10B7340008F06351D9266451DA2265C5DEF466C582
:10B74400DEF467C5DEF468C5DEF420EE0CF0635168
:10B75400D9266451DA22DE6ADE6ADE6ADD6A20EE08
:10B7640010F06351D9266451DA2269C5DEF46AC542
:10B77400DEF46BC5DEF46CC5DEF41200D8C42AF521
:10B7840002019BA5C8EF5BF0CAEF5BF0D5EF5BF05D
:10B794009AA5CFEF5BF0D1EF5BF0D5EF5BF0BFEC98
:10B7A40067F00AEF5CF09BAFDAEF5BF0DCEF5BF085
:10B7B400F6EF5BF09AAFE1EF5BF0E3EF5BF0F6EFEF
:10B7C4005BF03B50D8B4E9EF5BF0EBEF5BF0F2EFEA
:10B7D4005BF03B6A9A919A9F99EC67F00AEF5CF0F0
:10B7E400ACEC67F0D1EF5BF09BA3FBEF5BF0FDEFFC
:10B7F4005BF00AEF5CF09AA302EF5CF004EF5CF0FC
:10B804000AEF5CF0DBEC69F002019A930AEF5CF05A
:10B814002AC5D8F41100D68A000ED6BE010E050141
:10B82400666FD69E550E0401596FAA0E596F599131
:10B834005F6B300E5E6F080E5D6F550E596FAA0E6A
:10B84400596F5981050166B102D0D69E01D0D68EBA
:10B85400030165876589658F66816683699169934C
:10B86400699569976D97AF90D6801E0E0501636F39
:10B87400D40E646F000E656F73EC69F0B490D682D9
:10B88400200E0501636FD40E646F000E656F6CECBF
:10B8940069F0B890D684220E0501636FD40E646FEC
:10B8A400000E656F65EC69F0120021EC69F063C568
:10B8B40073F564C574F565C575F566C576F505015A
:10B8C4006751735D68517459695175596A51765954
:10B8D400D8A06FEF5CF071EF5CF07FEF5CF0675124
:10B8E400735D676F68517459686F69517559696FF1
:10B8F4006A5176596A6F9FEF5CF0671D6B6F681D24
:10B904006C6F691D6D6F6A1D6E6F73516B256F6F60
:10B9140074516C21706F75516D21716F76516E2168
:10B92400726F010E6F25676F000E7021686F000E35
:10B934007121696F000E72216A6F12000501776F21
:10B94400050177390F0B736F77510F0B746F6339E0
:10B954000F0B756F63510F0B766F75510A0DF3C49E
:10B9640065F5F4C466F57451640DF3C467F5F4C465
:10B9740068F57351696F6A6BE80E6903F3C46BF57C
:10B98400F4C46CF56A03F3506C27030E6903F35097
:10B994006C2767516B256D6F68516C216E6F655113
:10B9A4006D256F6F66516E21706F76516F25716FC3
:10B9B400000E7021726F71C563F572C564F51200D3
:10B9C400050163516411D8A4EAEF5CF0ECEF5CF07C
:10B9D400EEEF5CF01EEF5DF063C5D9F464C5DAF4F4
:10B9E400000EDE6E000EDE6E000EDE6E000EDD6EEC
:10B9F40020EE04F06351D9266451DA22000EDE6E83
:10BA0400000EDE6E000EDE6E000EDD6E20EE08F01F
:10BA14006351D9266451DA22000EDE6E000EDE6E0A
:10BA2400000EDE6E000EDD6E20EE0CF06351D926A2
:10BA34006451DA22DE6ADD6A1200050169696A6905
:10BA440046EF5DF063C5D9F464C5DAF4DF506919D3
:10BA5400686F634B642B070E6825F66EF76A320E27
:10BA6400F722F86A000EF8220800F5506A19696F87
:10BA7400070E6825F66EF76A310EF722F86A000E93
:10BA8400F8220800F5C46AF565076529D8A44DEFC6
:10BA94005DF04FEF5DF024EF5DF06A5169C566F526
:10BAA400676B66C567F5666B6611636F6751646F94
:10BAB40012000601A16BA151080DBA0EF324D96E30
:10BAC400080EF420DA6EDF50D8B46BEF5DF06DEF42
:10BAD4005DF08BEF5DF0A151080DBA0EF324D96E21
:10BAE400080EF420DA6EDF6AA151080DBF0EF324AC
:10BAF400D96E080EF420DA6E02D88BEF5DF00500E3
:10BB0400FA6EDE50FD6EDE50FE6EDE50FF6EFA50B1
:10BB140012000601A12B050EA16593EF5DF095EFD0
:10BB24005DF05DEF5DF0120005016D5109E1040E59
:10BB34006C5DD8A0A0EF5DF0A2EF5DF0A4EF5DF026
:10BB4400D0EF5DF0AA0E646F550E636F8EEC69F052
:10BB5400000E05016B25636F000E6C21646F380EB7
:10BB64006D21656F6EC566F56DEC5FF0A2EC68F053
:10BB74000009D8A4C0EF5DF0C2EF5DF0B8EF5DF04E
:10BB840058EC68F0E806D8A4CAEF5DF0CCEF5DF09D
:10BB9400CEEF5DF0CFEC69F0C9EC69F0120005015D
:10BBA400696FE9EF5DF065C563F566C564F59AEC08
:10BBB40069F0FBEC69F007EF5EF065C563F566C5F7
:10BBC40064F594EC69F0F9EC69F007EF5EF00501B7
:10BBD4006951676F686B6851000AD8B4F4EF5DF07F
:10BBE40007EF5EF06751010AD8B4D5EF5DF0030AA0
:10BBF400D8B4DFEF5DF0010AD8B407EF5EF0070AAE
:10BC0400D8B407EF5EF007EF5EF01200000E0501F6
:10BC14006B6F000E6C6F000E6D6F000E6E6F63A184
:10BC240016EF5EF018EF5EF020EF5EF067516B27C1
:10BC340068516C2369516D236A516E23D89067371C
:10BC4400683769376A37D89066336533643363334A
:10BC54006351641165116611D8A433EF5EF035EFBA
:10BC64005EF011EF5EF06BC563F56CC564F56DC5F0
:10BC740065F56EC566F512007E6A020E7F6E806AF7
:10BC84007F0E816E0C0E826E836A846A856A866A70
:10BC9400886A896A8A6A8B6A8C6AB59CB59E859023
:10BCA4008592A59EA59C180E0501636FD40E646F42
:10BCB400000E656F42EC69F0160E0501636FD40E39
:10BCC400646F000E656F3BEC69F01A0E0501636F3B
:10BCD400D40E646F000E656F49EC69F0800E876EB8
:10BCE40012006F6A020E706E716A7F0E726E0C0E15
:10BCF400736E746A756A766A776A796A7A6A7B6A35
:10BD04007C6A7D6AB39CB39E76907692A39EA39C34
:10BD1400120E0501636FD40E646F000E656F57EC4D
:10BD240069F0100E0501636FD40E646F000E656F29
:10BD340050EC69F0140E0501636FD40E646F000EAD
:10BD4400656F5EEC69F0800E786E12000301F39F5C
:10BD5400D96BDA6BDB6BDC6BDF6BE06BE56BE76B92
:10BD6400EC6BEE6BEF6BD86BF06BF16BF26BF46B0F
:10BD7400180EF56F100EF66FF76B030EF86F1F0EAB
:10BD8400FA6F020EF96F000E07017D6F000E7E6FD1
:10BD9400000E7F6F000E7A6F000E7B6F000E7C6FBB
:10BDA4004F6AAF949F94B090A090840E0301F36FF8
:10BDB40012002AEC69F01BC520F71CC521F71DC52C
:10BDC40022F71EC523F7640E0601C461ECEF5EF092
:10BDD400EEEF5EF0FDEF5EF007EC66F0236E480ECA
:10BDE4000601C425D96EDA6A0A0EDA2223C5DFF405
:10BDF400C42B0CEF5FF0C46B480E1B6E0A0E1C6E56
:10BE0400000E1E6E000E1D6E000E206E640E1F6E60
:10BE14009BEC65F0120007018C4B8D2BC80E8C191E
:10BE24008D11D8A418EF5FF01AEF5FF01EEF5FF0EA
:10BE3400000E8D6F000E8C6F010E3D26000E3E220B
:10BE44003F224022415042104310D8A42CEF5FF00F
:10BE54002EEF5FF030EF5FF03DEF5FF002D83DEF83
:10BE64005FF00500FA6E4150FD6E4250FE6E435085
:10BE7400FF6EFA5012001200A60E0501636F080E41
:10BE8400646F000E656F000E666F000E676F000E24
:10BE9400686FB80E696F0B0E6A6F000E6B6F000E41
:10BEA4006C6F73EC5BF0920E0501636F080E646FA8
:10BEB400000E656F000E666F000E676F000E686FF0
:10BEC400E80E696F030E6A6F000E6B6F000E6C6FE5
:10BED40073EC5BF01200000ED6BE010E05016A6F12
:10BEE40065C545F063C567F564C568F565C569F55D
:10BEF40068C567F569C568F5696B67510001446FEA
:10BF040063C543F066C546F04151F80B0309416F20
:10BF1400D69E00014EC542F04D50426F408105014E
:10BF24006AB102D0D69E01D0D68EF80E0001411718
:10BF34001200050166BFA1EF5FF0A3EF5FF0ADEF64
:10BF44005FF063C563F564C564F565C565F566C5ED
:10BF540066F5C6EF5FF063C567F564C568F565C54A
:10BF640069F566C56AF5671F681F691F6A1F672B35
:10BF7400000E682369236A2367C563F568C564F501
:10BF840069C565F56AC566F51200010E34EC59F011
:10BF9400010EF4EC50F0010E3FEC63F0010E76EC70
:10BFA40057F0090E0501676F1E0E666FE40EE82E4A
:10BFB400FED7662FFCD7672FFAD70000010E5FEC7F
:10BFC40067F0290E0501676F960E666F7F0EE82EE7
:10BFD400FED7662FFCD7672FFAD7010E4BEC67F01C
:10BFE400120005016A6BCDEC66F00009D8A4FDEFE0
:10BFF4005FF0FFEF5FF01CEF60F0010E306E64C580
:10C0040031F565C532F53B6A66C533F567C534F568
:10C0140068C535F569C536F5000E376E000E386E05
:10C02400000E3A6E000E396E3C6A61EC65F0010E4A
:10C0340005016A6F05016A51120005016A6BCDECB6
:10C0440066F00009D8A429EF60F02BEF60F048EF08
:10C0540060F0010E306E64C531F565C532F53B6A9A
:10C0640066C537F567C538F568C539F569C53AF564
:10C07400000E336E000E346E000E366E000E356EFA
:10C084003C6A86EC67F0010E05016A6F05016A518E
:10C0940012005FC6FAF560C6FBF560EF60F05DC69E
:10C0A4004FF65EC650F6FA0E0601516F050E526F3A
:10C0B40061C653F662C654F636EC2EF0FAC5F6F4B1
:10C0C400FBC5F7F4000EF86E0800F5500009D8A47B
:10C0D4006EEF60F070EF60F051EF60F0000E06015B
:10C0E4005E6F000E5D6F120005016A6F86EF60F0EF
:10C0F400C7EC5FF0A0EF60F047EC61F0A0EF60F0F8
:10C10400A1EC60F0A0EF60F005016A51686F696B03
:10C114006951000AD8B491EF60F0A0EF60F0685163
:10C12400010AD8B47AEF60F0030AD8B47EEF60F065
:10C13400010AD8B482EF60F0A0EF60F01200FFECC7
:10C1440069F0030E34EC59F0030EF4EC50F0010ED8
:10C154003FEC63F0020E3FEC63F0050E76EC57F013
:10C16400010E5FEC67F0020E5FEC67F0090E05014B
:10C17400676F1E0E666FE40EE82EFED7662FFCD79F
:10C18400672FFAD70000010E4BEC67F0020E4BEC60
:10C1940067F0120065C56CF566C56DF563C56AF593
:10C1A40064C56BF5E6EF60F06CC5D9F46DC5DAF4DF
:10C1B400DF50696F6C4B6D2B6AC5D9F46BC5DAF42B
:10C1C40069C5DFF46A4B6B2B05016707D8A06807C4
:10C1D400672906E16829D8A4F2EF60F0F4EF60F073
:10C1E400D6EF60F01200000E0501676F000E686F55
:10C1F400000E696F000E6A6F6B6B10EF61F06B518C
:10C204006325D96E000E6421DA6EDF50666F6651C5
:10C214006727000E682369236A236B2B65516B5DC6
:10C22400D8A017EF61F019EF61F001EF61F067C575
:10C2340063F568C564F512000CC76BF50DC76CF5A2
:10C244000EC76DF50FC76EF563C56BF564C56CF568
:10C2540065C56DF566C56EF56BC567F56CC568F5A6
:10C264006DC569F56EC56AF5200E3FEF61F00501F5
:10C27400D8906A33693368336733E82E39EF61F055
:10C2840067C563F568C564F51200020E34EC59F015
:10C29400020EF4EC50F0020E76EC57F0090E050194
:10C2A400676F1E0E666FE40EE82EFED7662FFCD76E
:10C2B400672FFAD70000020E5FEC67F0290E050124
:10C2C400676F960E666F7F0EE82EFED7662FFCD73B
:10C2D400672FFAD7020E4BEC67F01200040E02012E
:10C2E400946F800E956F080E966F030E9C6F9A6B79
:10C2F4009B6B976B8D6BEFEC68F002019B919B95A8
:10C30400948F050EE82EFED7000000000000000008
:10C3140000000000000002019A919A959B85000E8E
:10C324000701776F000E786F000E796F1200030E0D
:10C334000501786F5C0E44EC65F078C57DF579C530
:10C344007EF5F90E05017F6F070E806F000E826F78
:10C35400030E816FD8EC5AF005017D517E11D8B4DB
:10C36400B6EF61F0B8EF61F0C1EF61F0F90EBF6FA5
:10C37400070EC06F030EC16F5C0E9DEC66F01200D9
:10C384004BEC4BF0000E05016C6F000E6B6FAC0EA6
:10C394006D6F0A0E6E6F460E6F6FC2EC4EF0D00ECC
:10C3A40005017E6FC90EE82EFED77E2FFCD700D084
:10C3B400AC0E0501786F0A0E796F82EC48F0AC0E72
:10C3C4000501636F0A0E646F33EC5AF085EC63F079
:02C3D400120055
:10C3D800FAC419F5FBC41AF544C516F545C517F591
:10C3E80062EC63F00701E751E811E911D8B4FFEFF7
:10C3F80061F001EF62F00EEF62F002D80EEF62F02A
:10C408000500FA6EE751FD6EE851FE6EE951FF6EC8
:10C41800FA501200B1981AC5FBF419C5FAF41100C4
:10C428000501666FF1EC69F0680E0501656FE40EB1
:10C43800E82EFED7652FFCD7000071EC68F00009E4
:10C44800D8B429EF62F02BEF62F021EF62F005011A
:10C4580066513BEC62F02A0E0501656F8D0EE82EE1
:10C46800FED7652FFCD700D0FDEC69F0120005015E
:10C47800646FA2B242EF62F044EF62F048EF62F0FC
:10C4880064C5A3F260EF62F00501FD51D8B44FEF27
:10C4980062F051EF62F060EF62F0200E4C24D96E2A
:10C4A800DA6A090EDA2264C5DFF44C281F0B636FC1
:10C4B80063C54CF5A292FD07A282120003011E91EA
:10C4C8001F6B206B030E216F050E1D6FFE0E1C6F78
:10C4D8001D510501636F03011C51446E63C545F589
:10C4E800280E0701E76FD40EE86F000EE96F000E03
:10C4F800E46F000EE56F000EE66FB198A188B19A5F
:10C50800050E03011E6F1200D8C460F5FAC461F568
:10C51800FBC462F50701E151E211E311D8B497EFCA
:10C5280062F099EF62F0A6EF62F002D8A6EF62F02F
:10C538000500FA6EE151FD6EE251FE6EE351FF6EA9
:10C54800FA501200B99662C5FBF461C5FAF460C5E9
:10C55800D8F411000601C46B400E0501636F090E83
:10C56800646F000E666F000E656F000E686F640ED4
:10C57800676FD0EC64F0480E0501636F0A0E646FB4
:10C58800000E666F000E656F000E686F640E676FB1
:10C59800D0EC64F00601C36BEFEC69F01200000EFA
:10C5A8000501766F000E756FE6EF62F074C567F5EA
:10C5B800686B72C569F573C56AF529EC55F0050114
:10C5C800754B762B75517025D96E76517121DA6EBF
:10C5D800DF50746F7451D8A4F4EF62F0F6EF62F094
:10C5E800DAEF62F01200000E0501DC1B000EDD1B05
:10C5F800000EDE1B800EDF1BD8C563F5D9C564F5B8
:10C60800DAC565F5DBC566F5DCC567F5DDC568F532
:10C61800DEC569F5DFC56AF589EC29F063C5D8F58B
:10C6280064C5D9F565C5DAF566C5DBF512000501FF
:10C638006B5109E1040E6A5DD8A025EF63F027EF7E
:10C6480063F02AEF63F0000E3EEF63F0000E6925F9
:10C658006C6F000E6A216D6F380E6B216E6F6CC5A2
:10C6680063F56DC564F56EC565F5B5EC66F0050155
:10C678006F6F6F5112000501656F05016505D8A43C
:10C6880048EF63F04AEF63F052EF63F0A60E636F72
:10C69800080E646F26EC5BF061EF63F0020E65191B
:10C6A800D8A459EF63F05BEF63F061EF63F0920E8B
:10C6B800636F080E646F26EC5BF0120003011EA581
:10C6C80068EF63F06AEF63F080EF63F01EB16FEF1D
:10C6D80063F072EF63F0010E73EF63F0000E186EF3
:10C6E80017501D6F16C51CF318B002D01E9102D04A
:10C6F80003011E8184EF63F017501D6F16C51CF3EC
:10C708001200040E0501696F000E6A6F000E6B6F50
:10C718001BEC63F00601AD6F050E0501696F000E95
:10C728006A6F000E6B6F1BEC63F00601AE6F060EAE
:10C738000501696F000E6A6F000E6B6F1BEC63F0EA
:06C748000601AF6F1200B4
:10C75000FAC403F5FBC404F5B39C0601A451A5116A
:10C76000A611D8B4B6EF63F0B8EF63F0C5EF63F08D
:10C7700002D8C5EF63F00500FA6EA451FD6EA55115
:10C78000FE6EA651FF6EFA50120004C5FBF403C5FD
:10C79000FAF41100FAC407F5FBC408F5B59C0701CB
:10C7A0006E516F117011D8B4D8EF63F0DAEF63F007
:10C7B000E7EF63F002D8E7EF63F00500FA6E6E5121
:10C7C000FD6E6F51FE6E7051FF6EFA50120008C57B
:10C7D000FBF407C5FAF41100FAC412F5FBC413F513
:10C7E0000701ED51EE11EF11D8B4F9EF63F0FBEF53
:10C7F00063F008EF64F002D808EF64F00500FA6E09
:10C80000ED51FD6EEE51FE6EEF51FF6EFA501200CB
:10C81000B19E13C5FBF412C5FAF41100FAC414F565
:10C82000FBC415F50701EA51EB11EC11D8B41BEF6D
:10C8300064F01DEF64F02AEF64F002D82AEF64F090
:10C840000500FA6EEA51FD6EEB51FE6EEC51FF6E83
:10C85000FA501200B19615C5FBF414C5FAF4110094
:10C860000064006400567A00006400640086D3000F
:10C8700000F401F4018CD300000A000A00BE9F00FE
:10C880000014001400DACB00000A000A001EAB00FE
:10C890000900000000000000000009000000000086
:03C8A00000000095
:10C8A400920E0601086F080E096F22C60AF623C607
:10C8B4000BF624C60CF625C60DF6C80E0E6F000E38
:10C8C4000F6F000E106F000E116F63EC32F008C68C
:10C8D40022F609C623F60AC624F60BC625F612006C
:10C8E400A60E0601086F080E096F22C60AF623C6B3
:10C8F4000BF624C60CF625C60DF6B80E0E6F0B0EFD
:10C904000F6F000E106F000E116F63EC32F008C64B
:10C9140022F609C623F60AC624F60BC625F612002B
:10C9240063C567F564C568F565C5F6F466C5F7F4CF
:10C934000501654B662B000EF86E67C5D9F468C512
:10C94400DAF4674B682B0800F5C4DFF4DF50D8A491
:10C95400AEEF64F0B0EF64F096EF64F01200E1EC37
:10C9640069F0AAEC69F033EC69F0BFEC69F00201FC
:10C97400949F17EC69F002019B919B95948F050E8F
:10C98400E82EFED7000000000000000000000000B8
:10C99400000002019A919A959B85120063C569F57E
:10C9A40064C56AF5DEEF64F069C5D9F46AC5DAF4E2
:10C9B40065C5DFF4694B6A2B05016707D8A06807D2
:10C9C400672906E16829D8A4EAEF64F0ECEF64F083
:10C9D400D6EF64F01200050163516411651166110C
:10C9E400D8B4F7EF64F0F9EF64F001EF65F0000EEE
:10C9F400631B000E641B000E651B800E661B63C563
:10CA040063F564C564F565C565F566C566F512002C
:10CA14000501676F67C5ECF30301F39DF381F3B17F
:10CA240016EF65F018EF65F011EF65F0EB510501B5
:10CA3400666F656B0301EA5105016525636F0301A8
:10CA4400000E05016621646F1200F9EC68F0B6EC83
:10CA540056F0A8EC5EF073EC67F062EC62F0FAEC6E
:10CA640066F0E5EC66F0AFEC69F070EC61F0CCECEC
:10CA740069F073EC5EF03EEC5EF086EC5AF00DEC7F
:10CA84005CF0120005017C6F7CC56BF505016C6BD5
:10CA9400DC0E6D6F070E6E6F78C56FF5C2EC4EF04D
:10CAA400680E05017B6FE40EE82EFED77B2FFCD7C2
:10CAB4000000DC0E0501786F070E796F1200355007
:10CAC4003610D8B468EF65F06AEF65F077EF65F07B
:10CAD4003550A0EC69F03B50D8B473EF65F075EFB6
:10CAE40065F077EF65F0D2EC69F031503124A5ECB4
:10CAF40069F0D5EC69F01200200E0501FD6185EFA7
:10CB040065F087EF65F099EF65F0200E4B24D96E40
:10CB1400DA6A090EDA22DF500201A36F4B281F0BD9
:10CB2400286E28C54BF50501FD2B9AEF65F0A292FE
:10CB340012001BC521F51CC522F5A9EF65F021C51E
:10CB4400D9F422C5DAF41DC5DFF4214A222A1F06CE
:10CB5400D8A020061F2806E12028D8A4B4EF65F049
:10CB6400B6EF65F0A1EF65F0120005016ABFBDEFF5
:10CB740065F0BFEF65F0C5EF65F069C569F56AC595
:10CB84006AF5D1EF65F069C56BF56AC56CF56B1F85
:10CB94006C1F6B4B6C2B6BC569F56CC56AF5120089
:10CBA40014C7E4F515C7E5F516C7E6F517C7E7F5A5
:10CBB400E0C5E4F5E1C5E5F5E2C5E6F5E3C5E7F56D
:10CBC4000501E79FE4C5E0F5E5C5E1F5E6C5E2F555
:10CBD400E7C5E3F512005D04D8B4F3EF65F0F5EFB3
:10CBE40065F0F7EF65F006EF66F00601D305D8B4FB
:10CBF400FEEF65F000EF66F002EF66F006EF66F018
:10CC040015EC46F05CEC44F01200000E4924D96E99
:10CC1400DA6A090EDA22DF501C6E49281F0B1B6EDC
:10CC24001BC549F5A2904850D8B41BEF66F01DEF20
:10CC340066F01EEF66F04806A2801C50120027EC36
:10CC440065F0D68ED68C85EC66F07A0E0601A36F5D
:10CC5400C10EA26F810EE82EFED7A22FFCD7A32F00
:10CC6400FAD700D05BEC5DF034EF66F081EF18F09A
:10CC740007016B516C116D11D8B443EF66F045EFA9
:10CC840066F052EF66F002D852EF66F00500FA6ED5
:10CC94006B51FD6E6C51FE6E6D51FF6EFA501200B9
:10CCA40012000701685169116A11D8B45CEF66F08B
:10CCB4005EEF66F06BEF66F002D86BEF66F005008E
:10CCC400FA6E6851FD6E6951FE6E6A51FF6EFA503C
:10CCD400120012000701655166116711D8B475EF8F
:10CCE40066F077EF66F084EF66F002D884EF66F0C2
:10CCF4000500FA6E6551FD6E6651FE6E6751FF6E5A
:10CD0400FA50120012002BEC68F00DEC69F003EC01
:10CD140069F057EC54F03EEC5FF0C2EC61F0140E95
:10CD24000501636FB30E646F000E656F81EC69F0EB
:10CD340099EC61F012000501C36FC3C56BF50501E1
:10CD44006C6BBFC56DF5C0C56EF5C1C56FF5FEEC66
:10CD540052F0D00E0501C26FC90EE82EFED7C22FC5
:10CD6400FCD700D0120065C545F063C566F564C5FF
:10CD740067F565C568F567C566F568C567F50501B6
:10CD8400686B66510001446F63C543F0F80E4117A8
:10CD9400408146511200010E0501636F3050D8A442
:10CDA400D6EF66F0D8EF66F0E2EF66F0020198AFD6
:10CDB400DEEF66F0E0EF66F0E2EF66F00501636B2C
:10CDC400050163511200010E0301326F316B336BA5
:10CDD4001F0E2F6F2E6B0E0E0701E16FD40EE26F44
:10CDE400000EE36FB996A986DF0E0301306F1200BF
:10CDF400010E0301266F256B276B1F0E236F226B19
:10CE0400260E0701EA6FD40EEB6F000EEC6FB1969D
:10CE1400A186DF0E0301246F1200650E0601736FF5
:10CE2400060E746F000E5D6F000E5E6F63C65FF6D4
:10CE340064C660F6730E616F060E626F4BEC60F0B1
:10CE440012000501636F050163A12BEF67F02DEF5D
:10CE540067F02EEF67F0C08E63A333EF67F035EF12
:10CE640067F036EF67F0BE8A12000501636F0501B3
:10CE740063A13FEF67F041EF67F042EF67F0C18ACB
:10CE840063A347EF67F049EF67F04AEF67F0C380A9
:10CE940012000501636F050163A153EF67F055EFBD
:10CEA40067F056EF67F0C09E63A35BEF67F05DEF3A
:10CEB40067F05EEF67F0BE9A12000501636F05012B
:10CEC40063A167EF67F069EF67F06AEF67F0C19AF3
:10CED40063A36FEF67F071EF67F072EF67F0C390D1
:10CEE40012003D0E0301196F186B570E1B6F240EB1
:10CEF4000701ED6FD40EEE6F000EEF6FB19EA18EA1
:10CF0400810E03011A6F120039503A10D8B48DEF14
:10CF140067F08FEF67F092EF67F03950A0EC69F09B
:10CF2400D8803134A5EC69F0D5EC69F012003950A1
:10CF34003A10D8B4A0EF67F0A2EF67F0A5EF67F05E
:10CF44003950B7EC69F0D8803134B3EC69F0D8ECDF
:10CF540069F01200DBEC69F0DEEC69F00009D8B48A
:10CF6400B6EF67F0B8EF67F0BEEF67F0000EB7EC0E
:10CF740069F0000EBBEC69F01200306A000E326EEC
:10CF84003168000E336E000E346E000E376E000EE4
:10CF9400386EE1EC69F0AAEC69F0BFEC69F01200BC
:10CFA4000501635164116511D8B4DBEF67F0DDEF5F
:10CFB40067F0E3EF67F063C55CF764C55DF765C5CB
:10CFC4005EF712000501635164116511D8B4EDEFE9
:10CFD40067F0EFEF67F0F5EF67F063C55FF764C5DF
:10CFE40060F765C561F712000501635164116511AD
:10CFF400D8B4FFEF67F001EF68F007EF68F063C59E
:10D0040062F764C563F765C564F7120005016351EF
:10D0140064116511D8B411EF68F013EF68F019EFDB
:10D0240068F063C550F764C551F765C552F712003F
:10D03400050172510008746F74C573F56FC56BF503
:10D0440070C56CF571C56DF573C56EF596EC5DF044
:10D054001200FDEC69F0FFEC69F0010E5FEC67F083
:10D06400020E5FEC67F0010E4BEC67F0020E4BEC26
:10D0740067F01200D8C42DF5E4EC69F037C5D9F493
:10D0840038C5DAF4DF6E374A382A2DC5D8F41100D2
:10D09400D8C42FF533C5D9F434C5DAF4334A342A65
:10D0A400DF50BBEC69F02FC5D8F41100000141AF8B
:10D0B4005EEF68F060EF68F063EF68F0010E64EF14
:10D0C40068F0000E120070C569F571C56AF572C585
:10D0D4006BF51BEC63F00501736F735112000501CE
:10D0E400FD51D8A478EF68F07BEF68F0010E7CEF77
:06D0F40068F0000E1200BE
:10D0FC00FAC409F5FBC40AF5AF903AEC66F00AC520
:10D10C00FBF409C5FAF41100FAC40BF5FBC40CF5D9
:10D11C00B49053EC66F00CC5FBF40BC5FAF411009B
:10D12C00FAC40DF5FBC40EF5B8906CEC66F00EC5A8
:10D13C00FBF40DC5FAF41100000140B1A8EF68F042
:10D14C00ABEF68F0010EACEF68F0000E12000201BC
:10D15C0095BBB3EF68F0B6EF68F0010EB7EF68F06F
:10D16C00000E1200020198B7BEEF68F0C1EF68F034
:10D17C00010EC2EF68F0000E1200020197BDC9EF5C
:10D18C0068F0CCEF68F0010ECDEF68F0000E1200E5
:10D19C00020197BBD4EF68F0D7EF68F0010ED8EF1F
:10D1AC0068F0000E1200020198A7DFEF68F0E2EFC2
:10D1BC0068F0010EE3EF68F0000E1200FAC426F5D9
:10D1CC00FBC427F5C6EC47F027C5FBF426C5FAF4DB
:10D1DC001100A584A586A580A58202019B859B8351
:10D1EC009B8F97811200600E0001AD6FAF6BB36B1C
:10D1FC00080EB16FB06BAC6B1200B60E0501636F0D
:10D20C00BD0E646F000E656F08EC68F012001A0E0C
:10D21C000501636FBE0E646F000E656F7AEC69F0EA
:10D22C001200A584A586A580A58202019B859B83FF
:10D23C009B8F978112003DC563F53EC564F53FC5D4
:10D24C0065F540C566F512003DC51BF53EC51CF5E0
:10D25C003FC51DF540C51EF51200A594A596A590D9
:10D26C00A59202019B6B976B120063C571F764C5A5
:10D27C0072F765C573F7120063C574F764C575F76B
:10D28C0065C576F7120063C56EF764C56FF765C5A3
:10D29C0070F7120063C5A7F664C5A8F665C5A9F6B4
:10D2AC00120063C5AAF664C5ABF665C5ACF61200F0
:10D2BC0063C5A4F664C5A5F665C5A6F6120063C5DC
:10D2CC0065F764C566F765C567F7120063C568F74F
:10D2DC0064C569F765C56AF7120063C56BF764C569
:10D2EC006CF765C56DF7120063C5EDF764C5EEF715
:10D2FC0065C5EFF7120063C541F564C542F565C518
:10D30C0043F512000605040302010000C0000002F0
:10D31C00050164514D6E63C54EF5120063C589F469
:10D32C00050164518A6E120063C57AF405016451DB
:10D33C007B6E12000501636F63C58DF2120005014F
:10D34C00636F63C58FF212000201979B979D9799AB
:10D35C001200C30E0301D76F1200296E29C58FF27C
:10D36C0012002B6E2BC58DF212002E6E2EC58CF278
:10D37C0012000201996B9985120042EC39F01200EF
:10D38C0042EC34F012004D6A4E6A1200CFEC69F098
:10D39C0012000001419F12000201948D1200020143
:10D3AC00948B12000201948B12000201949D1200C6
:10D3BC0002018D51120002019A6B120002018B5175
:02D3CC0012004D
:10D3D0007EEC65F0110001000101A2901200A28014
:10D3E0001200C1861200C1921200C1821200C38ACB
:10D3F00012008784120078841200C1961200C39A2A
:02D40000120018
:10D40400AF941100B0901100050112001200120037
:10D414001200120012001200110012001200120079
:0CD4240012001200120012001200120090
:020000040030CA
:080000008FFFEFFF9FFFFFFFE0
:01000900FFF7
:00000001FF
