:0430000081EF18F054
:10300800E534E534E534E534400CE534400CE5348A
:103018001D34E534DF34E534E534E534E534E534AE
:10302800E034400C400C400CE534E534E534E5343C
:10303800E534E534E5340432E030E534E534F331A1
:103048005034D234E534E534400C400CE534E534F2
:10305800E534E534E534400CE534E534D131C32BAF
:103068002334E534E534E534E534E534E534E53452
:1030780002340934E62D082B400CE534E231F02BFC
:10308800E534E534E534E534E534E534E534E53470
:10309800E534E534E534E534400CE534400C400CC7
:1030A8002934E534E534E534E534E534E534E5340C
:1030B800E534E534E5342E31E534E534E534E534FA
:1030C800E534E534E534E534E534E534E534E53430
:1030D800E534E534E534E534E534E534E534E53420
:1030E800400CE534E534E534400C400C400C400C11
:1030F800E534E534E534E534FF00ECEF54F0000046
:10310800C0C101C30302C2C60607C705C5C404CCB3
:103118000C0DCD0FCFCE0E0ACACB0BC90908C8D8E3
:103128001819D91BDBDA1A1EDEDF1FDD1D1CDC14A3
:10313800D4D515D71716D6D21213D311D1D010F073
:103148003031F133F3F23236F6F737F53534F43CF3
:10315800FCFD3DFF3F3EFEFA3A3BFB39F9F83828C3
:10316800E8E929EB2B2AEAEE2E2FEF2DEDEC2CE4E3
:103178002425E527E7E62622E2E323E12120E0A053
:103188006061A163A3A26266A6A767A56564A46C33
:10319800ACAD6DAF6F6EAEAA6A6BAB69A9A8687863
:1031A800B8B979BB7B7ABABE7E7FBF7DBDBC7CB423
:1031B8007475B577B7B67672B2B373B17170B05033
:1031C8009091519353529296565797559594549C73
:1031D8005C5D9D5F9F9E5E5A9A9B5B995958988843
:1031E8004849894B8B8A4A4E8E8F4F8D4D4C8C4463
:1031F80084854587474686824243834181804000D3
:10320800C1814001C0804101C0804100C1814001AD
:10321800C0804100C1814000C1814001C08041019E
:10322800C0804100C1814000C1814001C08041008F
:10323800C1814001C0804101C0804100C18140017D
:10324800C0804100C1814000C1814001C08041006F
:10325800C1814001C0804101C0804100C18140005E
:10326800C1814001C0804101C0804100C18140014D
:10327800C0804100C1814000C1814001C08041013E
:10328800C0804100C1814000C1814001C08041002F
:10329800C1814001C0804101C0804100C18140001E
:1032A800C1814001C0804101C0804100C18140010D
:1032B800C0804100C1814000C1814001C0804100FF
:1032C800C1814001C0804101C0804100C1814001ED
:1032D800C0804100C1814000C1814001C0804101DE
:1032E800C0804100C1814000C1814001C0804100CF
:1032F800C1814001C0804101C0804100C1814000BE
:10330800C0C101C30302C2C60607C705C5C404CCB1
:103318000C0DCD0FCFCE0E0ACACB0BC90908C8D8E1
:103328001819D91BDBDA1A1EDEDF1FDD1D1CDC14A1
:10333800D4D515D71716D6D21213D311D1D010F071
:103348003031F133F3F23236F6F737F53534F43CF1
:10335800FCFD3DFF3F3EFEFA3A3BFB39F9F83828C1
:10336800E8E929EB2B2AEAEE2E2FEF2DEDEC2CE4E1
:103378002425E527E7E62622E2E323E12120E0A051
:103388006061A163A3A26266A6A767A56564A46C31
:10339800ACAD6DAF6F6EAEAA6A6BAB69A9A8687861
:1033A800B8B979BB7B7ABABE7E7FBF7DBDBC7CB421
:1033B8007475B577B7B67672B2B373B17170B05031
:1033C8009091519353529296565797559594549C71
:1033D8005C5D9D5F9F9E5E5A9A9B5B995958988841
:1033E8004849894B8B8A4A4E8E8F4F8D4D4C8C4461
:1033F80084854587474686824243834181804000D1
:10340800C1814001C0804101C0804100C1814001AB
:10341800C0804100C1814000C1814001C08041019C
:10342800C0804100C1814000C1814001C08041008D
:10343800C1814001C0804101C0804100C18140017B
:10344800C0804100C1814000C1814001C08041006D
:10345800C1814001C0804101C0804100C18140005C
:10346800C1814001C0804101C0804100C18140014B
:10347800C0804100C1814000C1814001C08041013C
:10348800C0804100C1814000C1814001C08041002D
:10349800C1814001C0804101C0804100C18140001C
:1034A800C1814001C0804101C0804100C18140010B
:1034B800C0804100C1814000C1814001C0804100FD
:1034C800C1814001C0804101C0804100C1814001EB
:1034D800C0804100C1814000C1814001C0804101DC
:1034E800C0804100C1814000C1814001C0804100CD
:1034F800C1814001C0804101C0804100C1814000BC
:10350800C0C101C30302C2C60607C705C5C404CCAF
:103518000C0DCD0FCFCE0E0ACACB0BC90908C8D8DF
:103528001819D91BDBDA1A1EDEDF1FDD1D1CDC149F
:10353800D4D515D71716D6D21213D311D1D010F06F
:103548003031F133F3F23236F6F737F53534F43CEF
:10355800FCFD3DFF3F3EFEFA3A3BFB39F9F83828BF
:10356800E8E929EB2B2AEAEE2E2FEF2DEDEC2CE4DF
:103578002425E527E7E62622E2E323E12120E0A04F
:103588006061A163A3A26266A6A767A56564A46C2F
:10359800ACAD6DAF6F6EAEAA6A6BAB69A9A868785F
:1035A800B8B979BB7B7ABABE7E7FBF7DBDBC7CB41F
:1035B8007475B577B7B67672B2B373B17170B0502F
:1035C8009091519353529296565797559594549C6F
:1035D8005C5D9D5F9F9E5E5A9A9B5B99595898883F
:1035E8004849894B8B8A4A4E8E8F4F8D4D4C8C445F
:1035F80084854587474686824243834181804000CF
:10360800C1814001C0804101C0804100C1814001A9
:10361800C0804100C1814000C1814001C08041019A
:10362800C0804100C1814000C1814001C08041008B
:10363800C1814001C0804101C0804100C181400179
:10364800C0804100C1814000C1814001C08041006B
:10365800C1814001C0804101C0804100C18140005A
:10366800C1814001C0804101C0804100C181400149
:10367800C0804100C1814000C1814001C08041013A
:10368800C0804100C1814000C1814001C08041002B
:10369800C1814001C0804101C0804100C18140001A
:1036A800C1814001C0804101C0804100C181400109
:1036B800C0804100C1814000C1814001C0804100FB
:1036C800C1814001C0804101C0804100C1814001E9
:1036D800C0804100C1814000C1814001C0804101DA
:1036E800C0804100C1814000C1814001C0804100CB
:1036F800C1814001C0804101C0804100C1814000BA
:10370800C0C101C30302C2C60607C705C5C404CCAD
:103718000C0DCD0FCFCE0E0ACACB0BC90908C8D8DD
:103728001819D91BDBDA1A1EDEDF1FDD1D1CDC149D
:10373800D4D515D71716D6D21213D311D1D010F06D
:103748003031F133F3F23236F6F737F53534F43CED
:10375800FCFD3DFF3F3EFEFA3A3BFB39F9F83828BD
:10376800E8E929EB2B2AEAEE2E2FEF2DEDEC2CE4DD
:103778002425E527E7E62622E2E323E12120E0A04D
:103788006061A163A3A26266A6A767A56564A46C2D
:10379800ACAD6DAF6F6EAEAA6A6BAB69A9A868785D
:1037A800B8B979BB7B7ABABE7E7FBF7DBDBC7CB41D
:1037B8007475B577B7B67672B2B373B17170B0502D
:1037C8009091519353529296565797559594549C6D
:1037D8005C5D9D5F9F9E5E5A9A9B5B99595898883D
:1037E8004849894B8B8A4A4E8E8F4F8D4D4C8C445D
:1037F80084854587474686824243834181804000CD
:10380800C1814001C0804101C0804100C1814001A7
:10381800C0804100C1814000C1814001C080410198
:10382800C0804100C1814000C1814001C080410089
:10383800C1814001C0804101C0804100C181400177
:10384800C0804100C1814000C1814001C080410069
:10385800C1814001C0804101C0804100C181400058
:10386800C1814001C0804101C0804100C181400147
:10387800C0804100C1814000C1814001C080410138
:10388800C0804100C1814000C1814001C080410029
:10389800C1814001C0804101C0804100C181400018
:1038A800C1814001C0804101C0804100C181400107
:1038B800C0804100C1814000C1814001C0804100F9
:1038C800C1814001C0804101C0804100C1814001E7
:1038D800C0804100C1814000C1814001C0804101D8
:1038E800C0804100C1814000C1814001C0804100C9
:1038F800C1814001C0804101C0804100C1814000B8
:10390800C0C101C30302C2C60607C705C5C404CCAB
:103918000C0DCD0FCFCE0E0ACACB0BC90908C8D8DB
:103928001819D91BDBDA1A1EDEDF1FDD1D1CDC149B
:10393800D4D515D71716D6D21213D311D1D010F06B
:103948003031F133F3F23236F6F737F53534F43CEB
:10395800FCFD3DFF3F3EFEFA3A3BFB39F9F83828BB
:10396800E8E929EB2B2AEAEE2E2FEF2DEDEC2CE4DB
:103978002425E527E7E62622E2E323E12120E0A04B
:103988006061A163A3A26266A6A767A56564A46C2B
:10399800ACAD6DAF6F6EAEAA6A6BAB69A9A868785B
:1039A800B8B979BB7B7ABABE7E7FBF7DBDBC7CB41B
:1039B8007475B577B7B67672B2B373B17170B0502B
:1039C8009091519353529296565797559594549C6B
:1039D8005C5D9D5F9F9E5E5A9A9B5B99595898883B
:1039E8004849894B8B8A4A4E8E8F4F8D4D4C8C445B
:1039F80084854587474686824243834181804000CB
:103A0800C1814001C0804101C0804100C1814001A5
:103A1800C0804100C1814000C1814001C080410196
:103A2800C0804100C1814000C1814001C080410087
:103A3800C1814001C0804101C0804100C181400175
:103A4800C0804100C1814000C1814001C080410067
:103A5800C1814001C0804101C0804100C181400056
:103A6800C1814001C0804101C0804100C181400145
:103A7800C0804100C1814000C1814001C080410136
:103A8800C0804100C1814000C1814001C080410027
:103A9800C1814001C0804101C0804100C181400016
:103AA800C1814001C0804101C0804100C181400105
:103AB800C0804100C1814000C1814001C0804100F7
:103AC800C1814001C0804101C0804100C1814001E5
:103AD800C0804100C1814000C1814001C0804101D6
:103AE800C0804100C1814000C1814001C0804100C7
:103AF800C1814001C0804101C0804100C1814000B6
:103B0800C0C101C30302C2C60607C705C5C404CCA9
:103B18000C0DCD0FCFCE0E0ACACB0BC90908C8D8D9
:103B28001819D91BDBDA1A1EDEDF1FDD1D1CDC1499
:103B3800D4D515D71716D6D21213D311D1D010F069
:103B48003031F133F3F23236F6F737F53534F43CE9
:103B5800FCFD3DFF3F3EFEFA3A3BFB39F9F83828B9
:103B6800E8E929EB2B2AEAEE2E2FEF2DEDEC2CE4D9
:103B78002425E527E7E62622E2E323E12120E0A049
:103B88006061A163A3A26266A6A767A56564A46C29
:103B9800ACAD6DAF6F6EAEAA6A6BAB69A9A8687859
:103BA800B8B979BB7B7ABABE7E7FBF7DBDBC7CB419
:103BB8007475B577B7B67672B2B373B17170B05029
:103BC8009091519353529296565797559594549C69
:103BD8005C5D9D5F9F9E5E5A9A9B5B995958988839
:103BE8004849894B8B8A4A4E8E8F4F8D4D4C8C4459
:103BF80084854587474686824243834181804000C9
:103C0800C1814001C0804101C0804100C1814001A3
:103C1800C0804100C1814000C1814001C080410194
:103C2800C0804100C1814000C1814001C080410085
:103C3800C1814001C0804101C0804100C181400173
:103C4800C0804100C1814000C1814001C080410065
:103C5800C1814001C0804101C0804100C181400054
:103C6800C1814001C0804101C0804100C181400143
:103C7800C0804100C1814000C1814001C080410134
:103C8800C0804100C1814000C1814001C080410025
:103C9800C1814001C0804101C0804100C181400014
:103CA800C1814001C0804101C0804100C181400103
:103CB800C0804100C1814000C1814001C0804100F5
:103CC800C1814001C0804101C0804100C1814001E3
:103CD800C0804100C1814000C1814001C0804101D4
:103CE800C0804100C1814000C1814001C0804100C5
:103CF800C1814001C0804101C0804100C18140862E
:103D0800B400000000BECB001EC4000000005AD062
:103D1800000000000000000000000000000000009B
:103D2800000000000000000000000000000000008B
:103D38000000000000C0CF000000009CCF0078CF3A
:103D48000054CF000000008AC200000000E4BF0059
:103D58003CC0000000000000000000004ACD000048
:103D6800000000000053503A252E32667C55524719
:103D780045313A25647C55524745323A25647C20C2
:103D88000A0D004348317C493A252E32667C563A62
:103D9800252E32660A0D004348327C493A252E32D8
:103DA800667C563A252E32660A0D0054656D703AC7
:103DB800252E32667C0A0D0056696E3A25647C20F1
:103DC8000A0D0050574D313A25647C0A0D005057B2
:103DD8004D323A25647C0A0D0050726F3A25647C96
:103DE8000A0D00503A252E32667C0A0D0025303225
:0D3DF8005800696E66006E616E00200000CC
:103E06000601446B1EC645F61FC646F620C647F693
:103E160021C648F648BF14EF1FF012EF1FF028EF37
:103E26001FF0010E446F45C663F546C664F547C6E6
:103E360065F548C666F5E2EC64F063C545F664C50B
:103E460046F665C547F666C548F6000E06014A6F92
:103E5600000E496FC9C638F6CAC639F64451D8B4F9
:103E660037EF1FF039EF1FF04DEF1FF04451D8A484
:103E76003FEF1FF041EF1FF047EF1FF0000E2A6FD4
:103E86002B0E296F4BEF1FF0000E2A6F2D0E296F98
:103E960029C644F645C663F546C664F547C665F5C4
:103EA60048C666F50AEC51F0050163056411D8A40D
:103EB6005FEF1FF061EF1FF098EF1FF0060144510E
:103EC600D8B468EF1FF06AEF1FF073EF1FF044C617
:103ED60084F93807D8A03907000E4A6F010E496FDA
:103EE600840E49250501636F090E06014A21050165
:103EF600646FFA0E656F3D0E666F6AEC64F006013C
:103F0600FD0E3827FF0E39231CC677F51DC678F53A
:103F1600840E0501796F090E7A6F38C67BF539C6AE
:103F26007CF5F0EC59F078EF24F045C663F546C60B
:103F360064F547C665F548C666F50AEC51F0050115
:103F460063516411D8A4AAEF1FF0ACEF1FF0CFEFB6
:103F56001FF006014451D8B4B3EF1FF0B5EF1FF0C0
:103F6600BEEF1FF044C684F93807D8A03907000E03
:103F76004A6F010E496F840E49250501636F090ECC
:103F860006014A210501646FFE0E656F3D0E666FE0
:103F96006AEC64F082EF1FF0000E06014B6F000E14
:103FA6004C6F800E4D6F3F0E4E6F000E336F000E3E
:103FB600326F45C663F546C664F547C665F548C61D
:103FC60066F5000E0501676F000E686F000E696FDB
:103FD600000E6A6F44EC59F00501D8B0F5EF1FF0FA
:103FE600F7EF1FF0F1EF20F004EF20F034C64BF6A8
:103FF60035C64CF636C64DF637C64EF60601324B7A
:10400600332B4BC6BFF54CC6C0F54DC6C1F54EC6E3
:10401600C2F5000E0501C36F000EC46F200EC56FFA
:10402600410EC66FFDEC2DF0BFC534F6C0C535F6A2
:10403600C1C536F6C2C537F606013451455D0501E0
:10404600636F0601355146590501646F0601365105
:1040560047590501656F0601375148590501666FD5
:10406600C6EC5FF0050166BF44EF20F066516511AE
:10407600641109E1020E635DD8A044EF20F046EF1B
:1040860020F0F9EF1FF034C600F635C601F636C645
:1040960002F637C603F645C604F646C605F647C613
:1040A60006F648C607F6E6EC4AF00601D8A05EEF2B
:1040B60020F060EF20F0F9EF1FF04B51455D050150
:1040C600636F06014C5146590501646F06014D5157
:1040D60047590501656F06014E5148590501666F3E
:1040E600C6EC5FF0050166BF86EF20F066516511EC
:1040F600641107E1020E635DD8B084EF20F086EF0D
:1041060020F0D7EF20F04BC645F64CC646F64DC616
:1041160047F64EC648F6F1EF20F04BC6A6F54CC65C
:10412600A7F54DC6A8F54EC6A9F5000E0501AA6F5E
:10413600000EAB6F200EAC6F410EAD6FEAEC35F0A2
:10414600A6C54BF6A7C54CF6A8C54DF6A9C54EF6AD
:1041560006013207D8A033074B51455D0501636F51
:1041660006014C5146590501646F06014D514759E8
:104176000501656F06014E5148590501666FC6EC8B
:104186005FF0050166BFD5EF20F066516511641139
:1041960007E1020E635DD8B0D3EF20F0D5EF20F033
:1041A600D7EF20F086EF20F045C600F646C601F6AA
:1041B60047C602F648C603F64BC604F64CC605F6D5
:1041C6004DC606F64EC607F6E6EC4AF00601D8A03E
:1041D600EFEF20F0F1EF20F090EF20F022C62CF662
:1041E6002CC62DF60601CCBFFBEF20F0FDEF20F02C
:1041F60003EF21F0CBC625F6CCC626F607EF21F055
:10420600000E266F060E256F25C630F626C631F639
:10421600304B312B660E2D19D8A414EF21F016EF72
:1042260021F036EF21F033BF1DEF21F01BEF21F017
:1042360029EF21F0000E4B6F000E4C6F800E4D6F74
:104246003F0E4E6F000E336F000E326F670E2C1945
:10425600D8B430EF21F032EF21F036EF21F03251B1
:10426600302733513123000E436F000E426F45C68F
:104276003AF646C63BF647C63CF648C63DF64BC63A
:1042860034F64CC635F64DC636F64EC637F6C8EF8A
:1042960021F03AC6A6F53BC6A7F53CC6A8F53DC62D
:1042A600A9F54BC6AAF54CC6ABF54DC6ACF54EC640
:1042B600ADF5EAEC35F0A6C5BFF5A7C5C0F5A8C5AE
:1042C600C1F5A9C5C2F5E3EC3FF0BFC53EF6C0C5D2
:1042D6003FF6C1C540F6C2C541F63EC618F63FC612
:1042E60019F640C61AF641C61BF6E3EC4EF018C6A0
:1042F6002EF619C62FF63AC6D8F53BC6D9F53CC6F2
:10430600DAF53DC6DBF53EC6C3F53FC6C4F540C685
:10431600C5F541C6C6F54BC6BFF54CC6C0F54DC67C
:10432600C1F54EC6C2F5FDEC2DF0BFC5DCF5C0C526
:10433600DDF5C1C5DEF5C2C5DFF5F1EC62F0D8C525
:104346003AF6D9C53BF6DAC53CF6DBC53DF64BC6B3
:10435600A6F54CC6A7F54DC6A8F54EC6A9F5000E9E
:104366000501AA6F000EAB6F200EAC6F410EAD6F4C
:10437600EAEC35F0A6C54BF6A7C54CF6A8C54DF632
:10438600A9C54EF60601424B432B3051425D4351BF
:10439600800A0501FB6F06013151800A0501FB59B0
:1043A600D8A0D8EF21F0DAEF21F04CEF21F04BC680
:1043B600BFF54CC6C0F54DC6C1F54EC6C2F5000EDA
:1043C600C36F000EC46FA00EC56F400EC66FFDEC26
:1043D6002DF0BFC53EF6C0C53FF6C1C540F6C2C505
:1043E60041F63AC600F63BC601F63CC602F63DC6A5
:1043F60003F63EC604F63FC605F640C606F641C6B7
:1044060007F6E6EC4AF00601D8B00CEF22F00EEF04
:1044160022F018EF22F0000E3E6F000E3F6F000EE6
:10442600406F000E416F42EF22F03AC663F53BC67D
:1044360064F53CC665F53DC666F53EC667F53FC6FE
:1044460068F540C669F541C66AF544EC59F00501C0
:10445600D8A030EF22F032EF22F042EF22F0060130
:104466002EB138EF22F03AEF22F042EF22F0000EA2
:104476003E6F000E3F6F000E406F000E416F45C647
:1044860063F546C664F547C665F548C666F53EC695
:1044960067F53FC668F540C669F541C66AF57FEC23
:1044A60029F063C53AF664C53BF665C53CF666C5B4
:1044B6003DF63AC600F63BC601F63CC602F63DC6D8
:1044C60003F6000E0501C36F000EC46F200EC56F04
:1044D600410EC66F34C6BFF535C6C0F536C6C1F542
:1044E60037C6C2F5FDEC2DF0BFC504F6C0C505F60E
:1044F600C1C506F6C2C507F6E6EC4AF00601D8A025
:1045060087EF22F089EF22F0B2EF22F0324B332B05
:1045160034C6BFF535C6C0F536C6C1F537C6C2F5D1
:10452600000E0501C36F000EC46F200EC56F410E4D
:10453600C66FFDEC2DF0BFC534F6C0C535F6C1C556
:1045460036F6C2C537F6660E06012D19D8A4AEEFAB
:1045560022F0B0EF22F0B2EF22F0304B312B34C60E
:104566004BF635C64CF636C64DF637C64EF632C64F
:1045760023F633C624F62B6B000E286F000E276F2A
:10458600000E436F000E426FAFEF23F03AC6A6F55A
:104596003BC6A7F53CC6A8F53DC6A9F54BC6AAF588
:1045A6004CC6ABF54DC6ACF54EC6ADF5EAEC35F0EE
:1045B600A6C5BFF5A7C5C0F5A8C5C1F5A9C5C2F56D
:1045C600E3EC3FF0BFC53EF6C0C53FF6C1C540F6B9
:1045D600C2C541F63EC618F63FC619F640C61AF6DB
:1045E60041C61BF6E3EC4EF0060119BF06EF23F0B9
:1045F600195107E10A0E185DD8B004EF23F006EF53
:1046060023F016EF23F03EC618F63FC619F640C64D
:104616001AF641C61BF6E3EC4EF018C62EF619C67E
:104626002FF61AEF23F0000E2F6F090E2E6F0601DC
:104636002B51D8A421EF23F023EF23F04BEF23F0E7
:1046460024BF2AEF23F028EF23F04BEF23F0840E4C
:104656004925D96E090E4A21DA6E2E0EDF6E494BB8
:104666004A2B3807D8A03907010E2B6F4BEF23F0E2
:10467600840E4925D96E090E4A21DA6E300EDF6E98
:10468600494B4A2B3807D8A039072707D8A028074F
:1046960027512811D8A452EF23F054EF23F03BEF13
:1046A60023F0840E4925D96E090E4A21DA6E2E5161
:1046B600300FDF6E494B4A2B3807D8A039073AC668
:1046C600D8F53BC6D9F53CC6DAF53DC6DBF53EC6A0
:1046D600C3F53FC6C4F540C6C5F541C6C6F54BC6CB
:1046E600BFF54CC6C0F54DC6C1F54EC6C2F5FDECCC
:1046F6002DF0BFC5DCF5C0C5DDF5C1C5DEF5C2C50B
:10470600DFF5F1EC62F0D8C53AF6D9C53BF6DAC565
:104716003CF6DBC53DF64BC6A6F54CC6A7F54DC621
:10472600A8F54EC6A9F5000E0501AA6F000EAB6FDF
:10473600200EAC6F410EAD6FEAEC35F0A6C54BF618
:10474600A7C54CF6A8C54DF6A9C54EF60601230722
:10475600D8A02407424B432B3051425D4351800A77
:104766000501FB6F06013151800A0501FB59D8B0DE
:10477600BFEF23F0C1EF23F0D0EF23F006014ABFCD
:10478600CEEF23F04A5109E14B0E495DD8A0CEEF9A
:1047960023F0D0EF23F0C9EF22F0000E0601436F9D
:1047A6004F0E426F840E4225D96E090E4321DA6EF2
:1047B600DF6A840E0501FB6F090EFC6F0601495185
:1047C6000501FB5F06014A510501FC5B06014251EA
:1047D6000501FB25636F060143510501FC21646F4A
:1047E600840E656F090E666F49C667F54AC668F599
:1047F600F3EC60F006014951425D496F4A51435955
:104806004A6F4451D8A40AEF24F00DEF24F0010EAC
:104816000EEF24F0000E426F436BE5A315EF24F074
:1048260017EF24F04DEF24F028EF24F00601490796
:10483600D8A04A07840E4925D96E090E4A21DA6E98
:10484600300EDF6E3807D8A039073851425D435124
:10485600800A0501FB6F06013951800A0501FB59E3
:10486600D8B038EF24F03AEF24F04DEF24F00601EB
:104876004951425D4351800A0501FB6F06014A51C9
:10488600800A0501FB59D8A04BEF24F04DEF24F028
:1048960019EF24F006014451D8B454EF24F056EF32
:1048A60024F061EF24F04907D8A04A07840E492571
:1048B600D96E090E4A21DA6E44C6DFF44251385FDA
:1048C6004351395B1CC677F51DC678F5840E49251C
:1048D6000501796F090E06014A2105017A6F38C66E
:1048E6007BF539C67CF5F0EC59F012001EC6D8F5FA
:1048F6001FC6D9F520C6DAF521C6DBF522C6DCF5DA
:1049060023C6DDF524C6DEF525C6DFF5F1EC62F03B
:10491600D8C546F6D9C547F6DAC548F6DBC549F621
:1049260046C6E0F547C6E1F548C6E2F549C6E3F5F1
:10493600AAEC65F0E0C54EF6E1C54FF6E2C550F6C5
:10494600E3C551F6060120EE05F01C51D9261D518E
:10495600DA22DEC44AF6DEC44BF6DEC44CF6DEC40A
:104966004DF6000E006F000E016F480E026F420EEC
:10497600036F4EC604F64FC605F650C606F651C678
:1049860007F6E6EC4AF00601D8B0CCEF24F0CEEFFD
:1049960024F0EBEF24F04AC6BFF54BC6C0F54CC673
:1049A600C1F54DC6C2F5CD0E0501C36FCC0EC46F61
:1049B600CC0EC56F3D0EC66FFDEC2DF0BFC54AF699
:1049C600C0C54BF6C1C54CF6C2C54DF657EF25F02E
:1049D600000E006F000E016FA00E026F410E036FF6
:1049E6004EC604F64FC605F650C606F651C607F67D
:1049F600E6EC4AF00601D8B003EF25F005EF25F006
:104A060022EF25F04AC6BFF54BC6C0F54CC6C1F528
:104A16004DC6C2F59A0E0501C36F990EC46F990E65
:104A2600C56F3E0EC66FFDEC2DF0BFC54AF6C0C57C
:104A36004BF6C1C54CF6C2C54DF657EF25F04EC62E
:104A460000F64FC601F650C602F651C603F6000E32
:104A5600046F000E056FA00E066F400E076FE6ECA2
:104A66004AF00601D8B03AEF25F03CEF25F057EFB3
:104A760025F04AC6BFF54BC6C0F54CC6C1F54DC6B6
:104A8600C2F5000E0501C36F000EC46F000EC56FA0
:104A9600400EC66FFDEC2DF0BFC54AF6C0C54BF6FD
:104AA600C1C54CF6C2C54DF6060120EE01F01C51FB
:104AB600D9261D51DA22DEC4BFF5DEC4C0F5DEC438
:104AC600C1F5DEC4C2F546C6C3F547C6C4F548C639
:104AD600C5F549C6C6F5FDEC2DF0BFC526F6C0C521
:104AE60027F6C1C528F6C2C529F64EC600F64FC63A
:104AF60001F650C602F651C603F6000E0601046F13
:104B0600000E056F480E066F420E076FE6EC4AF080
:104B16000601D8B091EF25F093EF25F072EF27F05C
:104B260046C652F647C653F648C654F649C655F623
:104B3600000E006F000E016FF00E026F410E036F44
:104B46004EC604F64FC605F650C606F651C607F61B
:104B5600E6EC4AF00601D8B0B3EF25F0B5EF25F044
:104B6600FBEF25F0000E006F000E016F200E026FA6
:104B7600420E036F52C604F653C605F654C606F631
:104B860055C607F6E6EC4AF00601D8B0CDEF25F09B
:104B9600CFEF25F0D7EF25F0000E526F000E536FC2
:104BA600200E546F420E556F52C600F653C601F6DC
:104BB60054C602F655C603F6000E046F000E056FC6
:104BC600200E066FC20E076FE6EC4AF00601D8B05B
:104BD600EFEF25F0F1EF25F0CEEF26F0000E526F45
:104BE600000E536F200E546FC20E556FCEEF26F097
:104BF600000E006F000E016F200E026F410E036F54
:104C06004EC604F64FC605F650C606F651C607F65A
:104C1600E6EC4AF00601D8B013EF26F015EF26F0C1
:104C26008AEF26F04EC6BFF54FC6C0F550C6C1F591
:104C360051C6C2F5CD0E0501C36FCC0EC46F4C0E26
:104C4600C56F3F0EC66FFDEC2DF0BFC53EF6C0C565
:104C56003FF6C1C540F6C2C541F63EC600F63FC6A0
:104C660001F640C602F641C603F652C604F653C61E
:104C760005F654C606F655C607F6E6EC4AF00601F2
:104C8600D8B048EF26F04AEF26F052EF26F03EC69F
:104C960052F63FC653F640C654F641C655F652C6BE
:104CA60000F653C601F654C602F655C603F63EC6CE
:104CB60063F53FC664F540C665F541C666F5E2ECA8
:104CC60064F063C504F664C505F665C506F666C5F3
:104CD60007F6E6EC4AF00601D8B074EF26F076EF58
:104CE60026F0CEEF26F03EC663F53FC664F540C615
:104CF60065F541C666F5E2EC64F063C552F664C537
:104D060053F665C554F666C555F6CEEF26F0000E89
:104D1600006F000E016FA00E026F400E036F52C6A9
:104D260004F653C605F654C606F655C607F6E6EC6F
:104D36004AF00601D8B0A2EF26F0A4EF26F0ACEFB9
:104D460026F0000E526F000E536FA00E546F400EE9
:104D5600556F52C600F653C601F654C602F655C63E
:104D660003F6000E046F000E056FA00E066FC00E50
:104D7600076FE6EC4AF00601D8B0C4EF26F0C6EF9E
:104D860026F0CEEF26F0000E526F000E536FA00EE7
:104D9600546FC00E556F52C6BFF553C6C0F554C604
:104DA600C1F555C6C2F5060120EE05F01C51D926FF
:104DB6001D51DA22DEC4AAF5DEC4ABF5DEC4ACF5BD
:104DC600DEC4ADF54AC6A6F54BC6A7F54CC6A8F592
:104DD6004DC6A9F5EAEC35F0A6C5C3F5A7C5C4F5D9
:104DE600A8C5C5F5A9C5C6F5FDEC2DF0BFC552F69B
:104DF600C0C553F6C1C554F6C2C555F6060120EE28
:104E06001DF01C51D9261D51DA22DEC463F5DEC41D
:104E160064F5DEC465F5DEC466F552C667F553C6AD
:104E260068F554C669F555C66AF57FEC29F00601A2
:104E360020EE1DF01C51D9261D51DA22050163C54D
:104E4600DEF464C5DEF465C5DEF466C5DEF406018F
:104E560020EE11F01C51D9261D51DA22DEC410F6BF
:104E6600DEC411F6DEC412F6DEC413F620EE1DF023
:104E76001C51D9261D51DA22DEC408F6DEC409F615
:104E8600DEC40AF6DEC40BF620EE0DF01C51D92660
:104E96001D51DA22DEC40CF6DEC40DF6DEC40EF6B3
:104EA600DEC40FF67BEC4BF008C614F609C615F601
:104EB6000AC616F60BC617F60FEC4CF0060120EEE6
:104EC6001DF01C51D9261D51DA2210C6DEF411C67A
:104ED600DEF412C6DEF413C6DEF480EF27F020EE11
:104EE6001DF01C51D9261D51DA22000EDE6E000E71
:104EF600DE6E000EDE6E000EDD6E20EE1DF01C5125
:104F0600D9261D51DA22DEC4BFF5DEC4C0F5DEC4E3
:104F1600C1F5DEC4C2F54AC6C3F54BC6C4F54CC6D8
:104F2600C5F54DC6C6F5FDEC2DF0BFC52AF6C0C5C4
:104F36002BF6C1C52CF6C2C52DF6060120EE21F0D2
:104F46001C51D9261D51DA22DEC4DCF5DEC4DDF59E
:104F5600DEC4DEF5DEC4DFF546C6D8F547C6D9F5AC
:104F660048C6DAF549C6DBF5F1EC62F0D8C5BFF5FF
:104F7600D9C5C0F5DAC5C1F5DBC5C2F5060120EE17
:104F860009F01C51D9261D51DA22DEC4C3F5DEC450
:104F9600C4F5DEC4C5F5DEC4C6F5FDEC2DF0BFC50F
:104FA6003AF6C0C53BF6C1C53CF6C2C53DF6330E62
:104FB6000501C36F330EC46F330EC56F3F0EC66F48
:104FC6003AC6BFF53BC6C0F53CC6C1F53DC6C2F5FF
:104FD600FDEC2DF0BFC563F5C0C564F5C1C565F52B
:104FE600C2C566F59A0E0501C36F990EC46F990E78
:104FF600C56F3E0EC66F10C7BFF511C7C0F512C705
:10500600C1F513C7C2F5FDEC2DF0BFC567F5C0C5E8
:1050160068F5C1C569F5C2C56AF57FEC29F063C5B7
:105026003AF664C53BF665C53CF666C53DF63AC636
:1050360010F73BC611F73CC612F73DC613F706013B
:1050460020EE21F01C51D9261D51DA2246C6DEF487
:1050560047C6DEF448C6DEF449C6DEF42AC667F55E
:105066002BC668F52CC669F52DC66AF526C663F506
:1050760027C664F528C665F529C666F57FEC29F0CE
:1050860063C52EF664C52FF665C530F666C531F6DE
:105096002EC663F52FC664F530C665F531C666F5CE
:1050A6003AC667F53BC668F53CC669F53DC66AF57E
:1050B6007FEC29F063C542F664C543F665C544F640
:1050C60066C545F61CC6D9F41DC6DAF4DE04D8A4B6
:1050D6006FEF28F071EF28F0F2EF28F0060145BFD8
:1050E60079EF28F077EF28F083EF28F0000E326F83
:1050F600000E336F000E346FBF0E356F8BEF28F046
:10510600000E326F000E336F000E346F3F0E356F98
:1051160042C667F543C668F544C669F545C66AF5ED
:1051260032C663F533C664F534C665F535C666F52D
:105136007FEC29F063C518F664C519F665C51AF63D
:1051460066C51BF6E3EC4EF006011851CF27195140
:10515600D023000E0C6F000E0D6F480E0E6F450E1D
:105166000F6FCFC698F5D0C699F50501000E99BF09
:10517600FF0E9A6F9B6F010ED1EC43F098C508F6AF
:1051860099C509F69AC50AF69BC50BF67BEC4BF05A
:1051960008C614F609C615F60AC616F60BC617F69D
:1051A600000E0601106F000E116F000E126F000E3A
:1051B600136F0FEC4CF010C618F611C619F612C68E
:1051C6001AF613C61BF6E3EC4EF018C6CFF619C650
:1051D600D0F6CFC61CF6D0C61DF67EEF29F01CC64B
:1051E600D9F41DC6DAF4020EDE18D8A4FDEF28F0B5
:1051F600FFEF28F07EEF29F0060145BF07EF29F003
:1052060005EF29F011EF29F0000E366F000E376F0B
:10521600000E386FBF0E396F19EF29F0000E366F8A
:10522600000E376F000E386F3F0E396F42C667F5B6
:1052360043C668F544C669F545C66AF536C663F5DC
:1052460037C664F538C665F539C666F57FEC29F0CC
:1052560063C518F664C519F665C51AF666C51BF664
:10526600E3EC4EF006011851CD271951CE23000E5E
:105276000C6F000E0D6F480E0E6F450E0F6FCDC6EC
:1052860098F5CEC699F50501000E99BFFF0E9A6FE7
:105296009B6F010ED1EC43F098C508F699C509F647
:1052A6009AC50AF69BC50BF67BEC4BF008C614F6BE
:1052B60009C615F60AC616F60BC617F6000E06013F
:1052C600106F000E116F000E126F000E136F0FECB1
:1052D6004CF010C618F611C619F612C61AF613C601
:1052E6001BF6E3EC4EF018C6CDF619C6CEF6CDC6C3
:1052F6001CF6CEC61DF6120005016651800B6F6FB7
:1053060066516625716F65AF8BEF29F08DEF29F039
:105316008EEF29F071817151D8B494EF29F096EF90
:1053260029F0AAEF29F07129D8A49CEF29F09EEF65
:1053360029F0A6EF29F0000E636F000E646F000ED1
:10534600656F000E666F658F666BB2EF29F0000E13
:10535600636F000E646F000E656F000E666F6A5114
:10536600800B706F6F517019D8B4BCEF29F0BEEF87
:1053760029F0BFEF29F06F8D6A516A25706F69AF0A
:10538600C7EF29F0C9EF29F0CAEF29F070817051F3
:10539600D8B4D0EF29F0D2EF29F0E6EF29F0702942
:1053A600D8A4D8EF29F0DAEF29F0E2EF29F0000EC1
:1053B600676F000E686F000E696F000E6A6F698F67
:1053C6006A6BEEEF29F0000E676F000E686F000E35
:1053D600696F000E6A6F7151705DD8B0F5EF29F0F4
:1053E600F7EF29F01EEF2AF06FADFCEF29F0FEEF84
:1053F60029F000EF2AF0800E6F1B71C572F570C59B
:1054060071F572C570F563C572F567C563F572C54A
:1054160067F564C572F568C564F572C568F565C556
:1054260072F569C565F572C569F566C572F56AC531
:1054360066F572C56AF5726B715170C56BF56C6B6A
:105446006B5F000E6C5B6CBF32EF2AF06C5109E1AA
:105456001A0E6B5DD8A032EF2AF034EF2AF06BEF0C
:105466002AF06351641165116611D8A43DEF2AF044
:1054760040EF2AF0010E41EF2AF0000E726F000E87
:10548600636F000E646F000E656F000E666F70C569
:1054960071F574EF2AF072A153EF2AF055EF2AF056
:1054A6005BEF2AF0D89072310109726F5DEF2AF036
:1054B600D890723363A162EF2AF064EF2AF065EFA9
:1054C6002AF0728F66356633653364336333712B26
:1054D6007051715DD8A072EF2AF074EF2AF04EEF8A
:1054E6002AF06FBD79EF2AF07BEF2AF0BBEF2AF0A6
:1054F6007151D8A481EF2AF083EF2AF08DEF2AF0BC
:10550600000E636F000E646F000E656F000E666F0F
:10551600DAEF2BF0675163276851642369516523DD
:105526006A51662366A19AEF2AF09CEF2AF048EFAB
:105536002BF072A1A1EF2AF0A3EF2AF0A9EF2AF02F
:10554600D89072310109726FABEF2AF0D89072339E
:1055560063A1B0EF2AF0B2EF2AF0B3EF2AF0728F10
:1055660066356633653364336333712B48EF2BF04E
:105576006751635D68516459695165596651800A7E
:105586006B6F6A51800A6B59D8B0CCEF2AF0CEEF18
:105596002AF0F9EF2AF06351675D6B6F6451685921
:1055A6006C6F655169596D6F66516A596E6FFF0E62
:1055B6006B25636FFF0E6C21646FFF0E6D21656FA7
:1055C600FF0E6E21666F800E6F1B726D7251D8A42E
:1055D600EFEF2AF0F1EF2AF001EF2BF0010E63272F
:1055E600000E64236523662301EF2BF06751635F8A
:1055F6006851645B6951655B6A51665B635164110E
:1056060065116611D8A40AEF2BF00CEF2BF041EFD1
:105616002BF07251D8A412EF2BF014EF2BF041EFC0
:105626002BF0000E636F000E646F000E656F000EA8
:10563600666FDAEF2BF0D8906337643765376637D5
:1056460072AF28EF2BF02AEF2BF02BEF2BF06381B4
:1056560072A130EF2BF032EF2BF036EF2BF0D88023
:10566600723738EF2BF0D89072377151D8B43EEFBD
:105676002BF040EF2BF041EF2BF0710765AF46EFB3
:105686002BF048EF2BF01EEF2BF0706B72AF4EEF46
:105696002BF050EF2BF068EF2BF072C56BF57F0EF9
:1056A6006B17D8B459EF2BF05BEF2BF05FEF2BF0B5
:1056B600010E706F68EF2BF063A164EF2BF066EFBD
:1056C6002BF068EF2BF05BEF2BF07051D8B46EEF38
:1056D6002BF070EF2BF09BEF2BF0010E6327000EE3
:1056E60064236523662366A17BEF2BF07DEF2BF009
:1056F6009BEF2BF063C56BF564C56CF565C56DF561
:1057060066C56EF56E356E336D336C336B336BC5B4
:1057160063F56CC564F56DC565F56EC566F57129ED
:10572600D8B498EF2BF09AEF2BF09BEF2BF0712B60
:105736007129D8B4A1EF2BF0A3EF2BF0ABEF2BF030
:105746007151D8A4A9EF2BF0ABEF2BF0BCEF2BF0E7
:10575600000E636F000E646F000E656F000E666FBD
:105766007151D8A4B9EF2BF0BBEF2BF0BCEF2BF0A7
:105776006F6B71A1C1EF2BF0C3EF2BF0C6EF2BF0CF
:10578600658FC7EF2BF0659FD8907131666F6FAF4D
:10579600CFEF2BF0D1EF2BF0D2EF2BF0668F63C556
:1057A60063F564C564F565C565F566C566F51200FD
:1057B60006011E6F1C0E06011E19D8A4E5EF2BF07C
:1057C600E7EF2BF0F7EF2CF0010EF565EDEF2BF080
:1057D600EFEF2BF0F7EF2CF0000E0501C36F000E74
:1057E600C46F110EC56F430EC66F000EAA6F000E72
:1057F600AB6F7A0EAC6F440EAD6F1C0EF7EC41F03A
:1058060005016BC598F56CC599F59A6B9B6B000EF7
:10581600D1EC43F098C5A6F599C5A7F59AC5A8F5A4
:105826009BC5A9F5EAEC35F0A6C5BFF5A7C5C0F539
:10583600A8C5C1F5A9C5C2F5FDEC2DF0BFC518F682
:10584600C0C519F6C1C51AF6C2C51BF6E3EC4EF083
:1058560018C6D3F619C6D4F6160EC2EC3EF0D8C555
:105866001FF6D9C520F6DAC521F6DBC522F6000EED
:105876000501AA6F000EAB6F7A0EAC6F440EAD6FCA
:10588600D3C698F5D4C699F59A6B9B6B000ED1ECEE
:1058960043F098C5C3F599C5C4F59AC5C5F59BC52A
:1058A600C6F51FC6BFF520C6C0F521C6C1F522C67E
:1058B600C2F5FDEC2DF0BFC5A6F5C0C5A7F5C1C55F
:1058C600A8F5C2C5A9F5EAEC35F0A6C518F6A7C530
:1058D60019F6A8C51AF6A9C51BF6E3EC4EF018C6CC
:1058E60086F719C687F7260E0601D35D020ED45930
:1058F600D8B080EF2CF082EF2CF08DEF2CF0D45145
:1059060007E1970ED35DD8B08BEF2CF08DEF2CF01E
:1059160095EF2CF0010EF36F000E1D6F010E1C6F3C
:10592600FCEF2DF0D45107E11F0ED35DD8B09EEFEA
:105936002CF0A0EF2CF0A8EF2CF0020EF36F000E67
:105946001D6F020E1C6FFCEF2DF0CD0E0501C36F0F
:10595600CC0EC46F8C0EC56F3F0EC66F47C598F54B
:1059660048C599F59A6B9B6B000ED1EC43F098C530
:10597600BFF599C5C0F59AC5C1F59BC5C2F5FDEC45
:105986002DF0BFC500F6C0C501F6C1C502F6C2C5F9
:1059960003F686C798F587C799F505019A6B9B6B41
:1059A600000ED1EC43F098C504F699C505F69AC5E4
:1059B60006F69BC507F6E6EC4AF00601D8B0E6EF18
:1059C6002CF0E8EF2CF0F0EF2CF0030EF36F000E46
:1059D6001D6F020E1C6FFCEF2DF0000E06011D6FF1
:1059E600000E1C6FFCEF2DF0110E1E19D8A4FEEF51
:1059F6002CF000EF2DF0F0EF2CF0010E0501FF6505
:105A060007EF2DF009EF2DF0F0EF2CF0000EC36F2D
:105A1600000EC46F110EC56F430EC66F000EAA6F3F
:105A2600000EAB6F7A0EAC6F440EAD6F110EF7EC35
:105A360041F005016BC598F56CC599F59A6B9B6BA2
:105A4600000ED1EC43F098C5A6F599C5A7F59AC501
:105A5600A8F59BC5A9F5EAEC35F0A6C5BFF5A7C51F
:105A6600C0F5A8C5C1F5A9C5C2F5FDEC2DF0BFC5A9
:105A760018F6C0C519F6C1C51AF6C2C51BF6E3EC81
:105A86004EF018C6D1F619C6D2F6040EC2EC3EF098
:105A9600D8C51FF6D9C520F6DAC521F6DBC522F62C
:105AA600000E0501AA6F000EAB6F7A0EAC6F440EA6
:105AB600AD6FD1C698F5D2C699F59A6B9B6B000E61
:105AC600D1EC43F098C5C3F599C5C4F59AC5C5F59B
:105AD6009BC5C6F51FC6BFF520C6C0F521C6C1F5D4
:105AE60022C6C2F5FDEC2DF0BFC5A6F5C0C5A7F5CB
:105AF600C1C5A8F5C2C5A9F5EAEC35F0A6C518F6E4
:105B0600A7C519F6A8C51AF6A9C51BF6E3EC4EF00B
:105B160018C684F719C685F72C0E0601D15D010E4D
:105B2600D259D8A099EF2DF09BEF2DF0A3EF2DF0D1
:105B3600040EF36F000E1D6F010E1C6FFCEF2DF0AF
:105B4600D25107E1150ED15DD8B0ACEF2DF0AEEF16
:105B56002DF0B6EF2DF0050EF36F000E1D6F020E41
:105B66001C6FFCEF2DF0CD0E0501C36FCC0EC46F7C
:105B76008C0EC56F3F0EC66F45C598F546C599F59F
:105B86009A6B9B6B000ED1EC43F098C5BFF599C597
:105B9600C0F59AC5C1F59BC5C2F5FDEC2DF0BFC594
:105BA60000F6C0C501F6C1C502F6C2C503F684C734
:105BB60098F585C799F505019A6B9B6B000ED1EC9C
:105BC60043F098C504F699C505F69AC506F69BC531
:105BD60007F6E6EC4AF00601D8B0F4EF2DF0F6EF42
:105BE6002DF0F0EF2CF0060EF36F000E1D6F020E77
:105BF6001C6F12000501C251800BCB6FC251C2252A
:105C0600D16FC1AF09EF2EF00BEF2EF00CEF2EF097
:105C1600D181D151D8B412EF2EF014EF2EF027EF28
:105C26002EF0D129D8A41AEF2EF01CEF2EF024EF77
:105C36002EF0000EBF6F000EC06F000EC16F000E7B
:105C4600C26FC18F2FEF2EF0000EBF6F000EC06F18
:105C5600000EC16F000EC26FC651800BCB1BC65122
:105C6600C625CC6FC5AF3AEF2EF03CEF2EF03DEFD8
:105C76002EF0CC81CC51D8B443EF2EF045EF2EF068
:105C860058EF2EF0CC29D8A44BEF2EF04DEF2EF086
:105C960055EF2EF0000EC36F000EC46F000EC56FD9
:105CA600000EC66FC58F60EF2EF0000EC36F000E9C
:105CB600C46F000EC56F000EC66FCC51D8B466EF28
:105CC6002EF068EF2EF070EF2EF0D151D8A46EEFC3
:105CD6002EF070EF2EF07AEF2EF0000EBF6F000E52
:105CE600C06F000EC16F000EC26F10EF30F0C551CD
:105CF600BF03F3C4D6F5F4C4D7F5D651CD6FCE6B3A
:105D0600CF6BD06BD751D26FD36BD46BD56BC451DD
:105D1600C003F3C4D6F5F4C4D7F5D651CD27000E8B
:105D2600CE23CF23D023D751D227000ED323D4237B
:105D3600D523C351C103F3C4D6F5F4C4D7F5D65160
:105D4600CD27000ECE23CF23D023D751D227000E46
:105D5600D323D423D523CFC5D0F5CEC5CFF5CDC516
:105D6600CEF5CD6BC351C003F3C4D6F5F4C4D7F555
:105D7600D651CD27D751CE23000ECF23000ED023E8
:105D8600C451BF03F3C4D6F5F4C4D7F5D651CD2715
:105D9600D751CE23000ECF23000ED023CFC5D0F58A
:105DA600CEC5CFF5CDC5CEF5CD6BC351BF03F3C47C
:105DB600D6F5F4C4D7F5D651CD27D751CE23000E4C
:105DC600CF23000ED023C551C003F3C4D6F5F4C4C7
:105DD600D7F5D651D227D751D323000ED423000EA0
:105DE600D523C451C103F3C4D6F5F4C4D7F5D651AF
:105DF600D227D751D323000ED423000ED523C55165
:105E0600C103F3C4D6F5F4C4D7F5D651C76FD7513D
:105E1600C86FC96BCA6BC9C5CAF5C8C5C9F5C7C5B8
:105E2600C8F5C76BC751D227C851D323C951D4234C
:105E3600CA51D523CDC5C7F5CEC5C8F5CFC5C9F559
:105E4600D0C5CAF5190E2DEF2FF0D890CA33C93335
:105E5600C833C733E82E28EF2FF0C751D227C851D1
:105E6600D323C951D423CA51D523CFC5D0F5CEC526
:105E7600CFF5CDC5CEF5CD6BCC51D1C5C7F5C86B29
:105E8600C727000EC823820EC725D66FFF0EC8216E
:105E9600D76F63EF2FF0D890D237D337D437D537B3
:105EA600D0AF58EF2FF05AEF2FF05BEF2FF0D281E3
:105EB600D890CD37CE37CF37D037D607D8A0D7072B
:105EC600D4AF68EF2FF06AEF2FF04EEF2FF0CC6BC8
:105ED600D0AF70EF2FF072EF2FF096EF2FF0FF0E8E
:105EE600CD15C76FFF0ECE15C86FFF0ECF15C96F44
:105EF6007F0ED015CA6FC751C811C911CA11D8B4BF
:105F060087EF2FF089EF2FF08DEF2FF0010ECC6F7A
:105F160096EF2FF0D2A192EF2FF094EF2FF096EF9D
:105F26002FF089EF2FF0CC51D8B49CEF2FF09EEFD5
:105F36002FF0C2EF2FF0010ED227000ED323D42369
:105F4600D523D5A1A9EF2FF0ABEF2FF0C2EF2FF09D
:105F5600D2C5C7F5D3C5C8F5D4C5C9F5D5C5CAF5E3
:105F6600CA35CA33C933C833C733C7C5D2F5C8C55E
:105F7600D3F5C9C5D4F5CAC5D5F5D64BD72BD7BFEA
:105F8600CDEF2FF0D75108E1D629D8A0CDEF2FF0CD
:105F9600CFEF2FF0D9EF2FF0000ED26F000ED36F98
:105FA600800ED46F7F0ED56F06EF30F0D7BFE6EFC9
:105FB6002FF0D75106E1D605D8B0E4EF2FF0E6EF83
:105FC6002FF0F1EF2FF0000ED26F000ED36F000E00
:105FD600D46F000ED56FCB6B06EF30F0D6C5D1F57A
:105FE600FF0ED217FF0ED3177F0ED417000ED5174C
:105FF600D1A100EF30F002EF30F003EF30F0D48F94
:10600600D890D131D56FCB51D513D2C5BFF5D3C5F5
:10601600C0F5D4C5C1F5D5C5C2F5120051C6D9F42F
:1060260052C6DAF4DEC4F6F4DDC4F7F4000EF86EF8
:106036000800F550250AD8A423EF30F025EF30F0FC
:1060460009EF32F051C6D9F452C6DAF4DE2A000E50
:10605600DD22000E0601CA6F000EC96FC9C6E5F63D
:10606600CB69CC69576B58EF30F0E58351C6D9F44C
:1060760052C6DAF4DE2A000EDD2258EF30F0010EA9
:10608600576F58EF30F051C6D9F452C6DAF4DEC471
:10609600F6F4DDC4F7F4000EF86E0800F550300A89
:1060A600D8B438EF30F042EF30F05751D8B45EEF45
:1060B60030F060EF30F046EF30F051C663F552C66F
:1060C60064F553C665F554C666F558EC53F063C5DA
:1060D600C9F664C5CAF60601CABF76EF30F074EF9A
:1060E60030F07BEF30F0E581C96DCA1FD8B0CA2BFE
:1060F60051C6D9F452C6DAF4DEC4F6F4DDC4F7F4B8
:10610600000EF86E0800F5502E0AD8A48DEF30F078
:106116008FEF30F0A4EF30F051C6D9F452C6DAF45E
:10612600DE2A000EDD2251C663F552C664F553C65B
:1061360065F554C666F558EC53F063C5CBF664C5F1
:10614600CCF651C6D9F452C6DAF4DEC45DF6DDC427
:106156005EF65DC6F6F45EC6F7F4000EF86E08004D
:10616600F550640AD8B4BAEF30F0BCEF30F0CCEF9B
:1061760030F05DC6F6F45EC6F7F4000EF86E080061
:10618600F550690AD8A4CAEF30F0CCEF30F0FBEF37
:1061960030F053C6D9F454C6DAF4DFC455F6020E0D
:1061A600DE26DFC456F6000EDD2255C6D9F456C6E5
:1061B600DAF4DEC459F6DDC45AF6010E06015D2591
:1061C600556F000E5E21566F51C6D9F452C6DAF4E9
:1061D60055C6DEF456C6DDF44FC680F550C681F5C9
:1061E60059C682F55AC683F5EFEC42F020EF32F03D
:1061F6005DC6F6F45EC6F7F4000EF86E0800F550BC
:10620600580AD8A409EF31F00BEF31F04AEF31F01C
:1062160053C6D9F454C6DAF4DFC455F6020EDE26A8
:10622600DFC456F6000EDD2255C6D9F456C6DAF49A
:10623600DEC459F6DDC45AF6010E06015D25556F1A
:10624600000E5E21566F51C6D9F452C6DAF455C611
:10625600DEF456C6DDF43CEF31F04FC680F550C68D
:1062660081F559C682F55AC683F575EC48F020EFDC
:1062760032F05DC6F6F45EC6F7F4000EF86E08005E
:10628600F550580AD8B430EF31F04AEF31F051C624
:10629600D9F452C6DAF4DEC45DF6DDC45EF65DC638
:1062A600F6F45EC6F7F4000EF86E0800F5C458F66C
:1062B60068EF31F05D4B5E2B78EF31F06C0E586F66
:1062C60078EF31F0586B78EF31F0060158514C0AEF
:1062D600D8B45DEF31F02A0AD8B461EF31F00A0A7A
:1062E600D8B45DEF31F065EF31F05DC6F6F45EC609
:1062F600F7F4000EF86E0800F550660AD8A486EF8B
:1063060031F088EF31F000EF32F0BEEF31F053C6D6
:10631600D9F454C6DAF4DFC455F6040EDE26DFC41B
:1063260056F6000EDD2255C6D9F456C6DAF4DEC49A
:1063360059F6DEC45AF6DEC45BF6DEC45CF6C9EF77
:1063460031F053C6D9F454C6DAF4DFC455F6040E58
:10635600DE26DFC456F6000EDD2255C6D9F456C633
:10636600DAF4DEC459F6DEC45AF6DEC45BF6DEC4E1
:106376005CF6C9EF31F058514C0AD8B4A4EF31F0AD
:10638600200AD8B48AEF31F0C9EF31F0010E5D254D
:10639600556F000E5E21566F51C6D9F452C6DAF417
:1063A60055C6DEF456C6DDF4F2EF31F04FC61CF6E4
:1063B60050C61DF659C61EF65AC61FF65BC620F60F
:1063C6005CC621F65DC6F6F45EC6F7F4000EF86EFE
:1063D6000800F5C422F603EC1FF020EF32F05DC68C
:1063E600F6F45EC6F7F4000EF86E0800F550660A7D
:1063F600D8B4D9EF31F000EF32F051C6D9F452C615
:10640600DAF4DE2A000EDD2220EF32F051C6D9F48E
:1064160052C6DAF4DEC4F6F4DDC4F7F4000EF86E04
:106426000800F5500501676F686B4FC669F550C6E1
:106436006AF5BFEC53F000EF32F01200030EC5EC24
:1064460064F063C5ECF564C5EDF5000E0501AA6FB1
:10645600F00EAB6F7F0EAC6F450EAD6FECC598F5C9
:10646600EDC599F5000E99BFFF0E9A6F9B6F010E51
:10647600D1EC43F098C5A6F599C5A7F59AC5A8F538
:106486009BC5A9F5EAEC35F0A6C5BFF5A7C5C0F5CD
:10649600A8C5C1F5A9C5C2F56F0E0501C36F120ED9
:1064A600C46F830EC56F400EC66FFDEC2DF0BFC5E1
:1064B600F6F5C0C5F7F5C1C5F8F5C2C5F9F5F6C5D7
:1064C60050F7F7C551F7F8C552F7F9C553F7DDECA4
:1064D60068F063C5F2F564C5F3F565C5F4F566C500
:1064E600F5F524C767F525C768F526C769F527C7F3
:1064F6006AF563EC5CF067C5EEF568C5EFF569C54E
:10650600F0F56AC5F1F520C7DCF521C7DDF522C730
:10651600DEF523C7DFF5F6C5D8F5F7C5D9F5F8C515
:10652600DAF5F9C5DBF5F1EC62F0D8C5E0F5D9C5C9
:10653600E1F5DAC5E2F5DBC5E3F5AAEC65F0E0C501
:1065460000F6E1C501F6E2C502F6E3C503F6CD0E97
:106556000601046FCC0E056F4C0E066F3D0E076FDD
:10656600E6EC4AF00601D8B0BBEF32F0BDEF32F0F0
:10657600C8EF32F0050EE961C3EF32F0C5EF32F035
:10658600C9EF32F0E92BC9EF32F0E96BF6C520F717
:10659600F7C521F7F8C522F7F9C523F7FBEF33F066
:1065A600F46B040EE965DAEF32F0DCEF32F00AEF55
:1065B60034F0F6C500F6F7C501F6F8C502F6F9C5DA
:1065C60003F6660E046F660E056FE60E066F3F0E47
:1065D600076FE6EC4AF00601D8A0F4EF32F0F6EFCA
:1065E60032F02CEF33F0F6C500F6F7C501F6F8C524
:1065F60002F6F9C503F6CD0E046FCC0E056F0C0E30
:10660600066F400E076FE6EC4AF00601D8B00EEFB3
:1066160033F010EF33F02CEF33F00501F151F011A8
:106626000BE1E80EEE5D030EEF59D8A01DEF33F037
:106636001FEF33F00AEF34F0010E0601EA6FF2C5E0
:1066460024F7F3C525F7F4C526F7F5C527F70AEFAE
:1066560034F0F6C500F6F7C501F6F8C502F6F9C539
:1066660003F69A0E046F990E056F190E066F400E0B
:10667600076FE6EC4AF00601D8A044EF33F046EF88
:1066860033F022EF33F00501F151F0110BE1E80E82
:10669600EE5D030EEF59D8A053EF33F055EF33F00C
:1066A6005AEF33F0020E0601EA6F22EF33F00AEFDB
:1066B60034F0010EF46F040EE96564EF33F066EF13
:1066C60033F00AEF34F0660E006F660E016FA60E09
:1066D600026F3F0E036FF6C504F6F7C505F6F8C55B
:1066E60006F6F9C507F6E6EC4AF00601D8A07EEFF5
:1066F60033F080EF33F09BEF33F00501F151F011E9
:106706000BE1E80EEE5D030EEF59D8A08DEF33F0E6
:106716008FEF33F00AEF34F00601EA6BF2C524F787
:10672600F3C525F7F4C526F7F5C527F70AEF34F0C4
:10673600F6C500F6F7C501F6F8C502F6F9C503F683
:106746009A0E046F990E056F190E066F400E076FAD
:10675600E6EC4AF00601D8A0B3EF33F0B5EF33F01C
:1067660022EF33F00501F151F0110BE1E80EEE5D79
:10677600030EEF59D8A0C2EF33F0C4EF33F05AEF4F
:1067860033F055EF33F0020EF46F040EE965CEEFE9
:1067960033F0D0EF33F00AEF34F0660E006F660E7A
:1067A600016FA60E026F3F0E036FF6C504F6F7C51E
:1067B60005F6F8C506F6F9C507F6E6EC4AF0060151
:1067C600D8A0E8EF33F0EAEF33F00AEF34F0050132
:1067D600F151F0110BE1D00EEE5D070EEF59D8A086
:1067E600F7EF33F0F9EF33F00AEF34F08FEF33F0D1
:1067F600EA51000AD8B4D3EF32F0010AD8B45CEFFC
:1068060033F0030AD8B4C6EF33F00AEF34F01200BF
:10681600060108510911D8A413EF34F015EF34F02E
:106826001FEF34F0000E086F000E096F000E0A6F9E
:10683600000E0B6FE9EF35F0DDEC68F063C51AF674
:1068460064C51BF665C51CF666C51DF6060120EE79
:1068560008F00851D9260951DA22DEC463F5DEC4F0
:1068660064F5DEC465F5DEC466F50AC667F50BC6D3
:1068760068F50CC669F50DC66AF544EC59F00501D4
:10688600D8B048EF34F04AEF34F0D9EF34F00601CF
:1068960020EE08F00851D9260951DA220AC6DEF49C
:1068A6000BC6DEF40CC6DEF40DC6DEF408C6D9F45B
:1068B60009C6DAF4DEC400F6DEC401F6DEC402F66A
:1068C600DEC403F60AC604F60BC605F60CC606F6C3
:1068D6000DC607F6E6EC4AF00601D8B075EF34F0BF
:1068E60077EF34F0A7EF34F008C6D9F409C6DAF426
:1068F60010EE04F00851E1260951E222DEC4E6F466
:10690600DEC4E6F4DEC4E6F4DEC4E6F420EE0CF003
:106916000851D9260951DA221AC6DEF41BC6DEF45E
:106926001CC6DEF41DC6DEF420EE10F00851D92692
:106936000951DA220EC6DEF40FC6DEF410C6DEF406
:1069460011C6DEF4D9EF34F020EE04F00851D92652
:106956000951DA220AC6DEF40BC6DEF40CC6DEF4F2
:106966000DC6DEF408C6D9F409C6DAF40AC6DEF4A2
:106976000BC6DEF40CC6DEF40DC6DEF420EE0CF01B
:106986000851D9260951DA221AC6DEF41BC6DEF4EE
:106996001CC6DEF41DC6DEF420EE10F00851D92622
:1069A6000951DA22DE6ADE6ADE6ADD6A060120EE57
:1069B60010F00851D9260951DA22DE50DE10DE1019
:1069C600DE10D8A4E9EF34F0EBEF34F0F9EF34F051
:1069D60008C6D9F409C6DAF4DEC408F6DEC409F638
:1069E600DEC40AF6DEC40BF6E9EF35F020EE0CF055
:1069F6000851D9260951DA22DEC467F5DEC468F5E6
:106A0600DEC469F5DEC46AF563EC5CF067C51EF6A4
:106A160068C51FF669C520F66AC521F6060120EE8F
:106A260010F00851D9260951DA22DE501E5DDE50DB
:106A36001F59DE502059DE502159D8A025EF35F0D8
:106A460027EF35F047EF35F020EE08F00851D9264C
:106A56000951DA2208C6E1F409C6E2F4DEC4E6F416
:106A6600DEC4E6F4DEC4E6F4DEC4E6F408C6D9F411
:106A760009C6DAF4DEC408F6DEC409F6DEC40AF690
:106A8600DEC40BF6E9EF35F01EC698F51FC699F57C
:106A960020C69AF521C69BF5000ED1EC43F098C5A9
:106AA600A6F599C5A7F59AC5A8F59BC5A9F506014A
:106AB60020EE10F00851D9260951DA22DEC498F5E5
:106AC600DEC499F5DEC49AF5DEC49BF5000ED1EC62
:106AD60043F098C5AAF599C5ABF59AC5ACF59BC523
:106AE600ADF5EAEC35F0A6C512F6A7C513F6A8C5AE
:106AF60014F6A9C515F612C6C3F513C6C4F514C611
:106B0600C5F515C6C6F5060120EE04F00851D926CE
:106B16000951DA22DEC4DCF5DEC4DDF5DEC4DEF5BD
:106B2600DEC4DFF520EE08F00851D9260951DA2235
:106B3600DEC4D8F5DEC4D9F5DEC4DAF5DEC4DBF58D
:106B4600F1EC62F0D8C5BFF5D9C5C0F5DAC5C1F517
:106B5600DBC5C2F5FDEC2DF0BFC516F6C0C517F6B0
:106B6600C1C518F6C2C519F616C663F517C664F58B
:106B760018C665F519C666F5060120EE04F008513B
:106B8600D9260951DA22DEC467F5DEC468F5DEC40B
:106B960069F5DEC46AF57FEC29F008C6D9F409C6A2
:106BA600DAF4050163C5DEF464C5DEF465C5DEF41A
:106BB60066C5DEF408C6D9F409C6DAF4DEC408F6FA
:106BC600DEC409F6DEC40AF6DEC40BF612000501C1
:106BD600A951800BB66FA951A925BD6FA8AFF6EFD5
:106BE60035F0F8EF35F0F9EF35F0BD81BD51D8B489
:106BF600FFEF35F001EF36F015EF36F0BD29D8A4DA
:106C060007EF36F009EF36F011EF36F0000EA66FFB
:106C1600000EA76F000EA86F000EA96FA88FA96BB4
:106C26001DEF36F0000EA66F000EA76F000EA86FC0
:106C3600000EA96FAD51800BB61BAD51AD25BE6FD1
:106C4600ACAF28EF36F02AEF36F02BEF36F0BE81E8
:106C5600BE51D8B431EF36F033EF36F047EF36F0A9
:106C6600BE29D8A439EF36F03BEF36F043EF36F0C5
:106C7600000EAA6F000EAB6F000EAC6F000EAD6F6C
:106C8600AC8FAD6B4FEF36F0000EAA6F000EAB6FF8
:106C9600000EAC6F000EAD6FAA51AB11AC11AD1169
:106CA600D8A458EF36F05AEF36F072EF36F0000EF1
:106CB600A66F000EA76F000EA86F000EA96F800EBC
:106CC600A8137F0EA913B651A913A6C5A6F5A7C585
:106CD600A7F5A8C5A8F5A9C5A9F5B2EF37F0BD5126
:106CE600D8A478EF36F07AEF36F084EF36F0000E5F
:106CF600A66F000EA76F000EA86F000EA96FB2EF69
:106D060037F0BE51BDC5AEF5AF6BAE5F000EAF5BE3
:106D16007F0EAE25B76F000EAF21B86FA6C5B2F5D0
:106D2600A7C5B3F5A8C5B4F5A9C5B5F5000EA66FF8
:106D3600000EA76F000EA86F000EA96F000EB96FA8
:106D4600000EBA6F000EBB6F000EBC6FBE6BE4EF99
:106D560036F0BE51D8B4B2EF36F0B4EF36F0CBEF22
:106D660036F0D890B237B337B437B537D890A637A0
:106D7600A737A837A937BCAFC3EF36F0C5EF36F053
:106D8600C6EF36F0A681D890B937BA37BB37BC37CD
:106D9600AA51B25DAB51B359AC51B459AD51B559C5
:106DA600D8A0D8EF36F0DAEF36F0E3EF36F0BC8D48
:106DB600AA51B25FAB51B35BAC51B45BAD51B55B9D
:106DC600BE2B190EBE65EAEF36F0ECEF36F0ACEFEF
:106DD60036F0B251B311B411B511D8B4F5EF36F09F
:106DE600F7EF36F00FEF37F0B9810FEF37F0D890A5
:106DF600A637A737A837A937BCAF04EF37F006EF99
:106E060037F007EF37F0A681D890B937BA37BB37D6
:106E1600BC37B707D8A0B807A8AF14EF37F016EFFE
:106E260037F0FAEF36F0BE6BBCAF1CEF37F01EEF53
:106E360037F042EF37F0FF0EB915AE6FFF0EBA15F9
:106E4600AF6FFF0EBB15B06F7F0EBC15B16FAE51A5
:106E5600AF11B011B111D8B433EF37F035EF37F0C9
:106E660039EF37F0010EBE6F42EF37F0A6A13EEFC5
:106E760037F040EF37F042EF37F035EF37F0BE51DD
:106E8600D8B448EF37F04AEF37F06EEF37F0010E1F
:106E9600A627000EA723A823A923A9A155EF37F0FB
:106EA60057EF37F06EEF37F0A6C5AEF5A7C5AFF5CD
:106EB600A8C5B0F5A9C5B1F5B135B133B033AF3317
:106EC600AE33AEC5A6F5AFC5A7F5B0C5A8F5B1C535
:106ED600A9F5B74BB82BB8BF79EF37F0B85108E131
:106EE600B729D8A079EF37F07BEF37F086EF37F088
:106EF600000EB86FB769000EA66F000EA76F000EE2
:106F0600A86F000EA96FB8BF93EF37F0B85106E12E
:106F1600B705D8B091EF37F093EF37F0A0EF37F021
:106F2600000EB86F000EB76F000EA66F000EA76FAB
:106F3600000EA86F000EA96FB66BB7C5BDF5BDA153
:106F4600A7EF37F0A9EF37F0ACEF37F0A88FADEF2A
:106F560037F0A89FD890BD31A96F66EF36F01200C2
:106F66000501FE05D8B4BAEF37F0BCEF37F0C5EF30
:106F760037F0030EFE19D8A4C3EF37F0C5EF37F08C
:106F860083EF38F0000EAA6F000EAB6F7A0EAC6F6F
:106F9600440EAD6F1C0EF7EC41F005016BC598F57C
:106FA6006CC599F59A6B9B6B000ED1EC43F098C5B6
:106FB600A6F599C5A7F59AC5A8F59BC5A9F5EAEC66
:106FC60035F0A6C5BFF5A7C5C0F5A8C5C1F5A9C5C5
:106FD600C2F5000E0501C36F000EC46F110EC56F1A
:106FE600430EC66FFDEC2DF0BFC5AAF6C0C5ABF6C5
:106FF600C1C5ACF6C2C5ADF6160EC2EC3EF0D8C59C
:107006005AF6D9C55BF6DAC55CF6DBC55DF6000E49
:107016000501AA6F000EAB6F7A0EAC6F440EAD6F12
:10702600AAC6C3F5ABC6C4F5ACC6C5F5ADC6C6F5AE
:107036005AC6BFF55BC6C0F55CC6C1F55DC6C2F5EE
:10704600FDEC2DF0BFC5A6F5C0C5A7F5C1C5A8F5D1
:10705600C2C5A9F5EAEC35F0A6C518F6A7C519F616
:10706600A8C51AF6A9C51BF6E3EC4EF018C6D7F666
:1070760019C6D8F6A2C622F6A3C623F6A4C624F6D7
:10708600A5C625F64AEC64F022C64CF723C64DF792
:1070960024C64EF725C64FF7D7C698F5D8C699F534
:1070A60005019A6B9B6B000ED1EC43F098C55EF61A
:1070B60099C55FF69AC560F69BC561F6B50E0601E1
:1070C6001C6F070E1D6F4CC71EF64DC71FF64EC729
:1070D60020F64FC721F65EC622F65FC623F660C6C7
:1070E60024F661C625F679EC24F01CC6DBF61DC62F
:1070F600DCF6DBC665F5DCC666F5010EA0EC5DF0D8
:10710600020E0501FE19D8B48BEF38F08DEF38F07A
:1071160096EF38F0030EFE19D8A494EF38F096EFE8
:1071260038F066EF39F0000EAA6F000EAB6F7A0EDC
:10713600AC6F440EAD6F110EF7EC41F005016BC557
:1071460098F56CC599F59A6B9B6B000ED1EC43F0E4
:1071560098C5A6F599C5A7F59AC5A8F59BC5A9F53D
:10716600EAEC35F0A6C5BFF5A7C5C0F5A8C5C1F5BB
:10717600A9C5C2F5000E0501C36F000EC46F110E3E
:10718600C56F430EC66FFDEC2DF0BFC5A6F6C0C594
:10719600A7F6C1C5A8F6C2C5A9F6040EC2EC3EF014
:1071A600D8C55AF6D9C55BF6DAC55CF6DBC55DF619
:1071B600000E0501AA6F000EAB6F7A0EAC6F440E7F
:1071C600AD6FA6C6C3F5A7C6C4F5A8C6C5F5A9C6BC
:1071D600C6F55AC6BFF55BC6C0F55CC6C1F55DC649
:1071E600C2F5FDEC2DF0BFC5A6F5C0C5A7F5C1C516
:1071F600A8F5C2C5A9F5EAEC35F0A6C518F6A7C5E7
:1072060019F6A8C51AF6A9C51BF6E3EC4EF018C682
:10721600D5F619C6D6F6E3C698F5E4C699F505017E
:107226009A6B9B6B000ED1EC43F098C556F699C548
:1072360057F69AC558F69BC559F656C622F657C64E
:1072460023F658C624F659C625F62AEC64F022C65B
:1072560048F723C649F724C64AF725C64BF7D5C6CD
:1072660098F5D6C699F505019A6B9B6B000ED1EC85
:1072760043F098C55EF699C55FF69AC560F69BC55C
:1072860061F68E0E06011C6F070E1D6F48C71EF6AF
:1072960049C71FF64AC720F64BC721F65EC622F637
:1072A6005FC623F660C624F661C625F679EC24F09F
:1072B6001CC6D9F61DC6DAF6D9C665F5DAC666F570
:1072C600020EA0EC5DF0120047C58BF548C58CF5A3
:1072D600C6C67FF50501806B7FBF80077FC581F538
:1072E60080C582F5000E82BFFF0E836F846F47C58F
:1072F60063F548C564F5656B666B0601F5510501D6
:10730600676F686B696B6A6BD7EC5DF063C56FF589
:1073160064C570F565C571F566C572F5640E05013F
:10732600736F000E746F000E756F000E766F84EC2F
:1073360050F0050181516F5D8D6F825170598E6FCE
:10734600835171598F6F84517259906F90BFB9EF05
:1073560039F090518F118E1107E1140E8D5DD8B062
:10736600B7EF39F0B9EF39F0C1EF39F0140E8D6F80
:10737600000E8E6F000E8F6F000E906F47507F6F5E
:107386004850806F816B826B8D517F5D8E51805925
:107396008F5181598251800A836F9051800A835997
:1073A600D8B0D8EF39F0DAEF39F0E0EF39F047C569
:1073B6008DF548C58EF58F6B906B8DC543F58EC5E3
:1073C60044F5C7C67FF5806B7FBF80077FC581F513
:1073D60080C582F5000E82BFFF0E836F846F45C5A0
:1073E60063F546C564F5656B666BFF51676F686B41
:1073F600696B6A6BD7EC5DF063C56FF564C570F5B4
:1074060065C571F566C572F5640E0501736F000EEC
:10741600746F000E756F000E766F84EC50F00501E8
:1074260081516F5D8D6F825170598E6F8351715985
:107436008F6F84517259906F90BF2FEF3AF0905131
:107446008F118E1107E1140E8D5DD8B02DEF3AF035
:107456002FEF3AF037EF3AF0140E8D6F000E8E6F65
:10746600000E8F6F000E906F45507F6F4650806FF5
:10747600816B826B8D517F5D8E5180598F51815901
:107486008251800A836F9051800A8359D8B04EEF9B
:107496003AF050EF3AF056EF3AF045C58DF546C54D
:1074A6008EF58F6B906B8DC5E3F68EC5E4F60601FF
:1074B600E3514324E16FE4514420E26FE1510501B9
:1074C6008B5D0601E25105018C59D8B06DEF3AF09B
:1074D6006FEF3AF0A0EF3AF0C8C67FF5806B7FBF3A
:1074E60080077FC581F580C582F5000E82BFFF0E3D
:1074F600836F846F43500601E15D0501856F44503B
:107506000601E2590501866F85518B5D876F8651AD
:107516008C59886F896BD8A0890789518A6F8151E8
:10752600875D8D6F825188598E6F835189598F6F10
:1075360084518A59906FA6EF3AF043C58DF544C53C
:107546008EF58F6B906B90BFB6EF3AF090518F111E
:107556008E1107E1140E8D5DD8B0B4EF3AF0B6EF98
:107566003AF0BEEF3AF0140E8D6F000E8E6F000EDD
:107576008F6F000E906F8B517F6F8C51806F816B78
:10758600826B8D517F5D8E5180598F518159825109
:10759600800A836F9051800A8359D8B0D5EF3AF0AC
:1075A600D7EF3AF0DDEF3AF08BC58DF58CC58EF549
:1075B6008F6B906B8DC58CF78EC58DF78CC77DF55F
:1075C6008DC77EF5120034C767F535C768F536C72F
:1075D60069F537C76AF563EC5CF067C59AF568C567
:1075E6009BF569C59CF56AC59DF530C767F531C73A
:1075F60068F532C769F533C76AF563EC5CF067C5B1
:107606009EF568C59FF569C5A0F56AC5A1F52C0E5E
:10761600F7EC41F06BC5A2F56CC5A3F55C50D8B488
:1076260017EF3BF019EF3BF030EF3BF0DDEC68F085
:1076360063C530F764C531F765C532F766C533F7FC
:10764600DDEC68F063C534F764C535F765C536F714
:1076560066C537F7010E526E5C6A5350D8A436EFF2
:107666003BF038EF3BF033EF3CF00501A151A011A0
:107676000BE1880E9E5D130E9F59D8A045EF3BF097
:1076860047EF3BF033EF3CF0010E536E33EF3CF027
:107696005250D8A451EF3BF053EF3BF066EF3BF06E
:1076A6009D519C110BE1B80E9A5D0B0E9B59D8A00B
:1076B6005FEF3BF061EF3BF04DEF3CF05F6A010E90
:1076C600526E4DEF3CF05350D8A46CEF3BF06EEF8A
:1076D6003BF086EF3BF0730EA25D060EA359D8A0D1
:1076E60077EF3BF079EF3BF086EF3BF0010E546EFF
:1076F600DDEC68F063C534F764C535F765C536F764
:1077060066C537F7526A5304D8A48CEF3BF08EEF68
:107716003BF04DEF3CF0350E0501A25D080EA35976
:10772600D8A098EF3BF09AEF3BF04DEF3CF0010EFE
:10773600546EDDEC68F063C534F764C535F765C58E
:1077460036F766C537F7526A4DEF3CF0596A010EB7
:107756005F6E5304D8A4B2EF3BF0B4EF3BF0E6EF14
:107766003BF0A40EA25D060EA359D8B0BDEF3BF0C8
:10777600BFEF3BF0C2EF3BF0546A9CEF3BF0D70EF5
:10778600A25D060EA359D8A0CBEF3BF0CDEF3BF0A0
:107796004DEF3CF03A0EA25D070EA359D8B0D6EFD6
:1077A6003BF0D8EF3BF04DEF3CF0020E546EDDECB3
:1077B60068F063C534F764C535F765C536F766C541
:1077C60037F74DEF3CF05350D8A4ECEF3BF0EEEF1B
:1077D6003BF04DEF3CF0A40EA25D060EA359D8B0C7
:1077E600F7EF3BF0F9EF3BF0FDEF3BF0010E536E88
:1077F600BFEF3BF0D70EA25D060EA359D8A006EF49
:107806003CF008EF3CF04DEF3CF03A0EA25D070E5F
:10781600A359D8B011EF3CF013EF3CF04DEF3CF01C
:10782600D8EF3BF0010E596E350EA25D080EA35936
:10783600D8A020EF3CF022EF3CF026EF3CF0010E02
:10784600546EDAEF3BF0A40EA25D060EA359D8B033
:107856002FEF3CF031EF3CF04DEF3CF0BFEF3BF04B
:1078660054500501986F996B9951000AD8B43EEFB0
:107876003CF04DEF3CF09851000AD8B44BEF3BF08A
:10788600010AD8B4A9EF3BF0030AD8B415EF3CF0CF
:107896004DEF3CF0120038C767F539C768F53AC7AF
:1078A60069F53BC76AF563EC5CF067C57DF568C5AD
:1078B6007EF569C57FF56AC580F5020E0601F5619C
:1078C60067EF3CF069EF3CF072EF3CF0010E05010A
:1078D600FF6570EF3CF072EF3CF078EF3DF05E0430
:1078E600D8A478EF3CF07AEF3CF078EF3DF0DDEC91
:1078F60068F063C538F764C539F765C53AF766C5F4
:107906003BF7010E5D6E5E6A78EF3DF0B3EC69F011
:10791600050180517F110BE1210E7D5D030E7E591D
:10792600D8A098EF3CF09AEF3CF096EF3DF0010EB0
:107936000601F565A1EF3CF0A3EF3CF0AFEF3CF09C
:10794600010E0501FF65AAEF3CF0ACEF3CF0AFEF8E
:107956003CF0020E5D6E586A010E0601F565B6EF43
:107966003CF0B8EF3CF0C4EF3CF00501FF51D8A461
:10797600BFEF3CF0C1EF3CF0C4EF3CF0030E5D6E90
:10798600576A0601F551D8A4CBEF3CF0CDEF3CF099
:10799600D9EF3CF0010E0501FF65D4EF3CF0D6EFC0
:1079A6003CF0D9EF3CF0040E5D6E566ADDEC68F0F3
:1079B60063C538F764C539F765C53AF766C53BF759
:1079C60096EF3DF070EC56F0010E0601F565EEEF10
:1079D6003CF0F0EF3CF0FFEF3CF00501FF51D8A47E
:1079E600F7EF3CF0F9EF3CF0FFEF3CF0020E75ECE0
:1079F60060F0030E5D6E576A0601F551D8A406EFD6
:107A06003DF008EF3DF096EF3DF0010E0501FF65F4
:107A16000FEF3DF011EF3DF096EF3DF0010E75ECE6
:107A260060F0040E5D6E566A96EF3DF093EC58F0EA
:107A3600010E0601F56522EF3DF024EF3DF030EF33
:107A46003DF0010E0501FF652BEF3DF02DEF3DF0FA
:107A560030EF3DF0020E5D6E586A0601F551D8A46E
:107A660037EF3DF039EF3DF096EF3DF0010E0501A1
:107A7600FF6540EF3DF042EF3DF096EF3DF0010E21
:107A860075EC60F014EF3DF03AEC58F0010E06018B
:107A9600F56550EF3DF052EF3DF05EEF3DF0010E23
:107AA6000501FF6559EF3DF05BEF3DF05EEF3DF000
:107AB600020E5D6E586A010E0601F56565EF3DF032
:107AC60067EF3DF096EF3DF00501FF51D8A46EEF4C
:107AD6003DF070EF3DF096EF3DF0020E75EC60F074
:107AE600030E5D6E576A96EF3DF05D5005017B6FA4
:107AF6007C6B7C51000AD8B483EF3DF096EF3DF0E5
:107B06007B51010AD8B489EF3CF0030AD8B4E5EFFB
:107B16003CF0010AD8B419EF3DF0070AD8B447EF94
:107B26003DF096EF3DF0120018C767F519C768F5E6
:107B36001AC769F51BC76AF563EC5CF067C598F66A
:107B460068C599F669C59AF66AC59BF606019B5102
:107B56009A11991109E10B0E985DD8A0B5EF3DF089
:107B6600B7EF3DF0C3EF3DF0E751D8B4BDEF3DF0C0
:107B7600BFEF3DF0C3EF3DF0010EE86FA9EC69F0F1
:107B86000601E805D8B4CAEF3DF0CCEF3DF0CEEFE4
:107B96003DF0C1EF3EF0560E0501636F080E646FAF
:107BA600D40E656F090E666FE7C667F5686BF3EC72
:107BB60060F00601E751FE0F9E6F560E0501636FDA
:107BC600080E646F9EC665F5EEEC5CF063C580F743
:107BD60064C581F7570E06019E25D96EDA6A080E2E
:107BE600DA22DF50946F560E9E25D96EDA6A080E99
:107BF600DA22DF50956F9551976F966B94519625C3
:107C060007017E6F0601000E972107017F6F7E51E7
:107C1600801909E17F518119D8B414EF3EF016EFAF
:107C26003EF01AEF3EF0A8EC62F0C1EF3EF05CC801
:107C36009CF60601E751F70F9D6F9C519D19D8B42C
:107C460027EF3EF029EF3EF02BEF3EF016EF3EF029
:107C5600100E08015719D8A433EF3EF035EF3EF069
:107C660042EF3EF00E0E5919D8A43CEF3EF03EEF1F
:107C76003EF042EF3EF05EC8F5F660C8FFF5AA0E8C
:107C86005619D8A449EF3EF04BEF3EF016EF3EF002
:107C96005A0E5719D8A452EF3EF054EF3EF016EFA5
:107CA6003EF0AEEF3EF05805D8A45CEF3EF05EEF36
:107CB6003EF065EF3EF0560E0601736F080E746FC8
:107CC600A3EC4CF0020E08015819D8A46DEF3EF053
:107CD6006FEF3EF016EF3EF0560E0601736F080E7C
:107CE600746FADEC44F016EF3EF0020E5819D8A4AE
:107CF6007FEF3EF081EF3EF016EF3EF0560E0601A6
:107D0600736F080E746F8AEC51F016EF3EF0020E98
:107D16005819D8A491EF3EF093EF3EF016EF3EF0DF
:107D2600560E0601736F080E746FEEEC40F016EFF8
:107D36003EF0020E5819D8A4A3EF3EF0A5EF3EF090
:107D460016EF3EF0560E0601736F080E746F0FECB9
:107D560047F016EF3EF05951010AD8B456EF3EF0FF
:107D6600160AD8B478EF3EF0400AD8B48AEF3EF04F
:107D76000F0AD8B49CEF3EF016EF3EF01200050154
:107D8600F46F160E0501F419D8A4CCEF3EF0CEEF31
:107D96003EF047EF3FF0160EF7EC41F06BC5ECF501
:107DA6006CC5EDF5000E0501AA6FF00EAB6F7F0EE8
:107DB600AC6F450EAD6FECC598F5EDC599F5000EA7
:107DC60099BFFF0E9A6F9B6F010ED1EC43F098C5D9
:107DD600A6F599C5A7F59AC5A8F59BC5A9F5EAEC38
:107DE60035F0A6C5BFF5A7C5C0F5A8C5C1F5A9C597
:107DF600C2F53D0E0501C36F0A0EC46F830EC56F33
:107E0600400EC66FFDEC2DF0BFC5DCF5C0C5DDF537
:107E1600C1C5DEF5C2C5DFF5D60E0501E06F0D0E54
:107E2600E16FA60EE26F3D0EE36FE0C5C3F5E1C557
:107E3600C4F5E2C5C5F5E3C5C6F5DCC5BFF5DDC5C8
:107E4600C0F5DEC5C1F5DFC5C2F5FDEC2DF0BFC539
:107E5600A6F5C0C5A7F5C1C5A8F5C2C5A9F5CD0E3D
:107E66000501AA6FCC0EAB6FCC0EAC6F3D0EAD6F9D
:107E7600EAEC35F0A6C5F0F5A7C5F1F5A8C5F2F50B
:107E8600A9C5F3F5C7EF3FF0040EF419D8A44EEFD9
:107E96003FF050EF3FF0C7EF3FF0040EF7EC41F034
:107EA6006BC5EEF56CC5EFF5000E0501AA6FF00E79
:107EB600AB6F7F0EAC6F450EAD6FEEC598F5EFC597
:107EC60099F5000E99BFFF0E9A6F9B6F010ED1ECCC
:107ED60043F098C5A6F599C5A7F59AC5A8F59BC51B
:107EE600A9F5EAEC35F0A6C5BFF5A7C5C0F5A8C546
:107EF600C1F5A9C5C2F56F0E0501C36F120EC46F99
:107F0600830EC56F400EC66FFDEC2DF0BFC5E4F5C0
:107F1600C0C5E5F5C1C5E6F5C2C5E7F5420E0501E2
:107F2600E86F110EE96F8A0EEA6F3D0EEB6FE8C53A
:107F3600C3F5E9C5C4F5EAC5C5F5EBC5C6F5E4C59F
:107F4600BFF5E5C5C0F5E6C5C1F5E7C5C2F5FDEC6B
:107F56002DF0BFC5A6F5C0C5A7F5C1C5A8F5C2C514
:107F6600A9F5CD0E0501AA6FCC0EAB6F4C0EAC6F0A
:107F76003E0EAD6FEAEC35F0A6C5F0F5A7C5F1F5F6
:107F8600A8C5F2F5A9C5F3F5F0C5BFF5F1C5C0F56D
:107F9600F2C5C1F5F3C5C2F5000E0501C36F000EAB
:107FA600C46F7A0EC56F440EC66FFDEC2DF0BFC5CB
:107FB600D8F5C0C5D9F5C1C5DAF5C2C5DBF51200DD
:107FC60000C7CFF501C7D0F502C7D1F503C7D2F573
:107FD600BFC5CFF5C0C5D0F5C1C5D1F5C2C5D2F56F
:107FE600810E0501C36FFF0EC46FCFC5C5F5D0C5A1
:107FF600C6F5D1C5C7F5D2C5C8F5180E08EF40F0CD
:10800600D890C833C733C633C533E82E03EF40F0E4
:10801600C551C325CD6F000EC421CE6FCEBF1DEF57
:1080260040F0CE5109E1170ECD5DD8A01DEF40F00E
:108036001FEF40F029EF40F0BFC5BFF5C0C5C0F542
:10804600C1C5C1F5C2C5C2F5EDEF40F0CEBF2EEFFA
:1080560040F030EF40F0A1EF40F0CDC5C3F5FF0E84
:10806600C46FFF0EC56F7F0EC66F000EC76FC36766
:108076003FEF40F047EF40F0C735C733C633C5334F
:10808600C433C32F3AEF40F0C4C5C9F5C5C5CAF518
:10809600C6C5CBF5C7C5CCF50501C951CF15C36F0C
:1080A600CA51D015C46FCB51D115C56FCC51D2155D
:1080B600C66FC351C411C511C611D8A465EF40F0EF
:1080C60067EF40F069EF40F01FEF40F0CFC5C3F512
:1080D600D0C5C4F5D1C5C5F5D2C5C6F5200E79EF14
:1080E60040F0D890C633C533C433C333E82E74EF9B
:1080F60040F0C351C411C511C611D8B485EF40F084
:1081060087EF40F08FEF40F0C951CF27CA51D023F7
:10811600CB51D123CC51D223C91DC36FCA1DC46F05
:10812600CB1DC56FCC1DC66FC351CF17C451D01719
:10813600C551D117C651D217E5EF40F0CFC5C3F5EB
:10814600D0C5C4F5D1C5C5F5D2C5C6F5200EB1EF6B
:1081560040F0D890C633C533C433C333E82EACEFF2
:1081660040F0C351C411C511C611D8A4BDEF40F0EB
:10817600BFEF40F0C9EF40F0000ECF6F000ED06F9A
:10818600000ED16F000ED26FE5EF40F0D890CF35DC
:10819600C36FD035C46FD135C56FD235C66FC351E5
:1081A600C411C511C611D8B4DBEF40F0DDEF40F0C5
:1081B600E5EF40F0000ECF6F000ED06F800ED16F4E
:1081C600BF0ED26FCFC5BFF5D0C5C0F5D1C5C1F5BD
:1081D600D2C5C2F5120021EE76F2100EDE6AE8066E
:1081E600FDE2760E0501636F060E646F73C665F5D4
:1081F60074C666F5000E686F110E676FF3EC60F0DB
:1082060006017D05D8A40AEF41F00CEF41F02DEFF1
:1082160041F0040E05016B6F000E6C6F000E6D6F62
:108226007EC66EF565EC5DF0150E0601756FC60E21
:10823600E82EFED7752FFCD70000040E0501696FE6
:10824600000E6A6F000E6B6F15EC63F00601C66FC9
:1082560056EF41F0020E7D19D8A434EF41F036EF07
:1082660041F056EF41F0040E05016B6F000E6C6F86
:10827600000E6D6F7EC66EF565EC5DF0150E06019F
:10828600756FC60EE82EFED7752FFCD70000040EBC
:108296000501696F000E6A6F000E6B6F15EC63F0D7
:1082A60000080601C66F7F05D8A45CEF41F05EEFBB
:1082B60041F07FEF41F0050E05016B6F000E6C6F0C
:1082C600000E6D6F80C66EF565EC5DF0150E06014D
:1082D600756FC60EE82EFED7752FFCD70000050E6B
:1082E6000501696F000E6A6F000E6B6F15EC63F087
:1082F6000601C76FA8EF41F0020E7F19D8A486EFDA
:1083060041F088EF41F0A8EF41F0050E05016B6FD3
:10831600000E6C6F000E6D6F80C66EF565EC5DF03D
:10832600150E0601756FC60EE82EFED7752FFCD703
:108336000000050E0501696F000E6A6F000E6B6F77
:1083460015EC63F000080601C76F550E766F760EC2
:108356000501636F060E646F0F0E656FEEEC5CF041
:1083660063C587F664C588F687C686F60601885112
:10837600856F896BF50E676F3D0E686F760E8925E2
:10838600D96EDA6A060EDA22DF50756F7551696F9B
:108396006A6BE7EC66F0100E06018961D5EF41F0D5
:1083A600D7EF41F0DDEF41F0020E676F3E0E686FCA
:1083B600E7EC66F00601892B100E8965E5EF41F0C2
:1083C600E7EF41F0BDEF41F0760E0501636F060E53
:1083D600646F000E656F000E666F000E686F110EFB
:1083E600676FF3EC60F0120005018B6F000E05015C
:1083F600936F000E926F8B51C5EC64F0D890050117
:108406009235D96E9335DA6E730ED926050EDA22B9
:1084160063C5DEF464C5DDF4924B932B93BF1DEF69
:1084260042F0935109E10C0E925DD8A01DEF42F087
:108436001FEF42F0FEEF41F0000E916F000E906FBD
:10844600000E956F000E946F000E976F000E966FDC
:1084560094EF42F0D8909635D96E9735DA6E730E52
:10846600D926050EDA2296C56FF597C570F5D89010
:108476006F377037020E6F27000E7023730E6F254D
:10848600E16E050E7021E26EDE50E65CDE50E658C7
:10849600D8B050EF42F052EF42F092EF42F0D8904F
:1084A6009635D96E9735DA6E730ED926050EDA2211
:1084B600DEC48CF5DDC48DF596C56DF597C56EF5F4
:1084C600D8906D376E37020E6D27000E6E23730E31
:1084D6006D25D96E050E6E21DA6ED8909635E16E51
:1084E6009735E26E730EE126050EE222DEC4E6F44F
:1084F600DDC4E5F496C56DF597C56EF5D8906D3774
:108506006E37020E6D27000E6E23730E6D25D96E23
:10851600050E6E21DA6E8CC5DEF48DC5DDF4964B44
:10852600972B0B0E6D6F000E6E6F94516D5F95510C
:108536006E5B6D51965D9751800A6F6F6E51800A22
:108546006F59D8A0A9EF42F0ABEF42F02DEF42F001
:10855600944B952B95BFB9EF42F0955109E10B0E5F
:10856600945DD8A0B9EF42F0BBEF42F027EF42F09E
:10857600000E956F020E946FD8909435D96E95358E
:10858600DA6E730ED926050EDA22DE509027DD50FC
:108596009123944B952B95BFDAEF42F0955109E163
:1085A6000A0E945DD8A0DAEF42F0DCEF42F0BFEF9E
:1085B60042F090C563F591C564F5000E666F080E2E
:1085C600656F4EEC55F063C58EF564C58FF58EC5A7
:1085D6006BF58FC56CF51200050183BFF5EF42F010
:1085E600F8EF42F0010EF9EF42F0000E8A6F060135
:1085F600CCBF00EF43F002EF43F003EF43F0E59307
:10860600CCBF0AEF43F008EF43F011EF43F0000E42
:108616000501876F010E866F15EF43F0CBC686F511
:10862600CCC687F5C9C688F5CAC689F505018A513B
:10863600D8B420EF43F022EF43F039EF43F0880738
:10864600D8A089078A51D8A42BEF43F02DEF43F029
:1086560033EF43F0000E856F2B0E846F37EF43F038
:10866600000E856F2D0E846F84C58AF5000E8C6F03
:108676004F0E8B6F0901D36B73EF43F005018B0728
:10868600D8A08C07840E8B25D96E090E8C21DA6E44
:1086960082C563F583C564F5000E666F0A0E656FC5
:1086A600ECEC58F063C569F564C56AF58FEC65F0C6
:1086B60005016951300FDF6E8607D8A08707880746
:1086C600D8A0890782C563F583C564F5000E666F79
:1086D6000A0E656F4EEC55F063C582F564C583F5E9
:1086E60005018CBF7FEF43F08C5108E18B05D8A0C4
:1086F6007FEF43F081EF43F0ACEF43F082518311FB
:10870600D8A488EF43F08AEF43F041EF43F087BFE8
:1087160097EF43F0875106E18605D8B095EF43F011
:1087260097EF43F041EF43F089BFA2EF43F0895141
:1087360008E18805D8A0A2EF43F0A4EF43F0ACEF20
:1087460043F00601E5B3AAEF43F0ACEF43F041EF87
:1087560043F005018A51D8B4B3EF43F0B5EF43F0C7
:10876600C0EF43F08B07D8A08C07840E8B25D96EFB
:10877600090E8C21DA6E8AC5DFF480C577F581C5CE
:1087860078F5840E8B25796F090E8C217A6F88C552
:108796007BF589C57CF5F0EC59F012000501A06F58
:1087A6000501A051D8B4DAEF43F0DCEF43F0FEEF59
:1087B60043F09BBFE3EF43F0E1EF43F0FEEF43F0FE
:1087C60098C59CF599C59DF59AC59EF59BC59FF5DF
:1087D6009C1F9D1F9E1F9F1F9C2B000E9D239E234B
:1087E6009F239CC5A2F59DC5A3F59EC5A4F59FC56F
:1087F600A5F506EF44F098C5A2F599C5A3F59AC567
:10880600A4F59BC5A5F5985199119A119B11D8A469
:108816000FEF44F011EF44F01BEF44F0000E986F99
:10882600000E996F000E9A6F000E9B6FACEF44F02E
:10883600960EA16F25EF44F0A12BD890A533A43353
:10884600A333A233000EA2159C6F000EA3159D6FD5
:10885600000EA4159E6FFE0EA5159F6F9C519D11CF
:108866009E119F11D8A43AEF44F03CEF44F01FEF5D
:1088760044F04AEF44F0A12B010EA227000EA323D9
:10888600A423A523D890A533A433A333A233000E83
:10889600A2159C6F000EA3159D6F000EA4159E6F6A
:1088A600FF0EA5159F6F9C519D119E119F11D8A477
:1088B6005FEF44F061EF44F03EEF44F069EF44F0BF
:1088C600A107D890A237A337A437A537A4BF6EEF68
:1088D60044F070EF44F078EF44F0020EA16176EFB9
:1088E60044F078EF44F063EF44F0A1B17DEF44F03B
:1088F6007FEF44F080EF44F0A49FD890A133A1C548
:108906009CF59D6B9E6B9F6B9CC59FF59E6B9D6BAF
:108916009C6B9C51A2139D51A3139E51A4139F516E
:10892600A513A051D8B49AEF44F09CEF44F0A4EFFD
:1089360044F09BBFA3EF44F0A1EF44F0A4EF44F052
:10894600A58FA2C598F5A3C599F5A4C59AF5A5C5A1
:108956009BF51200000E0601886F000E896F000E4F
:108966008A6F000E8B6F21EE77F2100EDE6AE80634
:10897600FDE2770E0501636F060E646F73C665F53B
:1089860074C666F5000E686F110E676FF3EC60F043
:108996000601926B9251756F766B070E7527000E66
:1089A6007623770E7525D96E060E7621DA6E880E39
:1089B6009225E16EE26A060EE222DFC4E7F4150EA6
:1089C6000601756FC60EE82EFED7752FFCD7000080
:1089D6000601922B030E9265F3EF44F0F5EF44F097
:1089E600CDEF44F0880E0501BF6F060EC06F040E72
:1089F600C16F540E75EC66F0D00E0601756FC90E88
:108A0600E82EFED7752FFCD700D0550E0601776FDE
:108A1600040E0501786F540E1CEC65F078C58CF6D3
:108A260079C58DF67E0E0501636F060E646F8CC6E2
:108A360065F58DC666F5000E686F040E676FF3EC7C
:108A460060F0030E0501786F5C0E1CEC65F078C5CE
:108A56008EF679C58FF6060120EE02F08E51D926E4
:108A66008F51DA22DF50826F770E0501636F060E93
:108A7600646F0F0E656FEEEC5CF063C590F664C52F
:108A860091F690C687F606019151866F936BF50EA7
:108A9600676F3D0E686F770E9325D96EDA6A060EFC
:108AA600DA22DF50756F7551696F6A6BE7EC66F015
:108AB600100E0601936162EF45F064EF45F06AEF30
:108AC60045F0020E676F3E0E686FE7EC66F0060132
:108AD600932B100E936572EF45F074EF45F04AEF55
:108AE60045F0770E0501636F060E646F000E666F24
:108AF600000E656F000E686F110E676FA8EC64F0CC
:108B060012002CC767F52DC768F52EC769F52FC764
:108B16006AF563EC5CF067C524F668C525F669C599
:108B260026F66AC527F61C0EDBEC2BF006011C5157
:108B3600236FEF51D8B4A2EF45F0A4EF45F0BDEF97
:108B460045F0275126110BE1880E245D130E255999
:108B5600D8A0B0EF45F0B2EF45F052EF46F0EF6B1C
:108B6600000EE06F000EDF6F640EF56F52EF46F0F9
:108B760052EF46F0EE51D8B4C3EF45F0C5EF45F0DD
:108B8600CBEF45F0000EE06F010EDF6F52EF46F0BF
:108B96002305D8A4D1EF45F0D3EF45F017EF46F003
:108BA600F151D8A4D9EF45F0DBEF45F0EAEF45F0F7
:108BB600DDEC68F063C52CF764C52DF765C52EF7A7
:108BC60066C52FF7010E0601F16F52EF46F02751E9
:108BD60026110BE1E90E245D030E2559D8A0F6EF08
:108BE60045F0F8EF45F052EF46F0000EE06F010E4B
:108BF600DF6F010EEF6FDDEC68F063C52CF764C51F
:108C06002DF765C52EF766C52FF70601F16BED2B1F
:108C1600040EED6511EF46F013EF46F0BBEF45F09D
:108C2600010EEE6F52EF46F0020E2319D8A41EEF86
:108C360046F020EF46F04BEF46F0F051D8A426EF71
:108C460046F028EF46F037EF46F0DDEC68F063C5F6
:108C56002CF764C52DF765C52EF766C52FF7010EEF
:108C66000601F06F52EF46F027512611251109E152
:108C7600C90E245DD8A042EF46F044EF46F052EF0D
:108C860046F0000EE06F020EDF6FF06B52EF46F01B
:108C9600000EE06F000EDF6FF16B48EF46F012003A
:108CA6004B50020D000EF324D96E080EF420DA6E36
:108CB600DE6ADD6A0201B2A763EF46F065EF46F0B1
:108CC60087EF46F04B50020D000EF324D96E080EC6
:108CD600F420DA6E0801DF82070166516711681118
:108CE600D8B478EF46F07AEF46F087EF46F002D830
:108CF60087EF46F00500FA6E6651FD6E6751FE6E0F
:108D06006851FF6EFA5012000201B2A38DEF46F0D1
:108D16008FEF46F0B1EF46F04B50020D000EF324F4
:108D2600D96E080EF420DA6E0801DF84070163515C
:108D360064116511D8B4A2EF46F0A4EF46F0B1EF86
:108D460046F002D8B1EF46F00500FA6E6351FD6EAB
:108D56006451FE6E6551FF6EFA5012000201B2AD0B
:108D6600B7EF46F0B9EF46F0DBEF46F04B50020D99
:108D7600000EF324D96E080EF420DA6E0801DF80A7
:108D86000701605161116211D8B4CCEF46F0CEEF05
:108D960046F0DBEF46F002D8DBEF46F00500FA6E50
:108DA6006051FD6E6151FE6E6251FF6EFA50120007
:108DB600A1C224F54B281F0B256E4A502518D8A4AE
:108DC600E7EF46F0E9EF46F0EBEF46F0F6EF46F058
:108DD600000E4B24D96EDA6A090EDA2224C5DFF4B6
:108DE60025C54BF5492A0701545155115611D8B4DA
:108DF600FFEF46F001EF47F00EEF47F002D80EEF17
:108E060047F00500FA6E5451FD6E5551FE6E5651EF
:108E1600FF6EFA501200120021EE76F2100EDE6A94
:108E2600E806FDE2760E0501636F060E646F73C6F3
:108E360065F574C666F5000E686F110E676FF3EC84
:108E460060F006017D05D8A42BEF47F02DEF47F023
:108E56004EEF47F0060E05016B6F000E6C6F000EAD
:108E66006D6F7EC66EF565EC5DF0150E0601756FCD
:108E7600C60EE82EFED7752FFCD70000060E05019C
:108E8600696F000E6A6F000E6B6F15EC63F00601DA
:108E9600C86F77EF47F0020E7D19D8A455EF47F05B
:108EA60057EF47F077EF47F0060E05016B6F000EA0
:108EB6006C6F000E6D6F7EC66EF565EC5DF0150E7F
:108EC6000601756FC60EE82EFED7752FFCD700007B
:108ED600060E0501696F000E6A6F000E6B6F15ECCA
:108EE60063F000080601C86F550E766F760E050111
:108EF600636F060E646F0F0E656FEEEC5CF063C574
:108F060087F664C588F687C686F606018851856F9A
:108F1600896BF50E676F3D0E686F760E8925D96EE3
:108F2600DA6A060EDA22DF50756F7551696F6A6B61
:108F3600E7EC66F0100E06018961A4EF47F0A6EF94
:108F460047F0ACEF47F0020E676F3E0E686FE7EC36
:108F560066F00601892B100E8965B4EF47F0B6EF6F
:108F660047F08CEF47F0760E0501636F060E646FCF
:108F7600000E656F000E666F000E686F110E676F4C
:108F8600F3EC60F01200F80E0501696F030E6A6FCC
:108F9600000E6B6F15EC63F00501786FF90E696FC3
:108FA600030E6A6F000E6B6F15EC63F00501796FA7
:108FB600FA0E696F030E6A6F000E6B6F15EC63F0A5
:108FC60005017A6FFB0E696F030E6A6F000E6B6FF9
:108FD60015EC63F005017B6FFC0E696F030E6A6F7B
:108FE600000E6B6F15EC63F005017C6FFD0E696F6B
:108FF600030E6A6F000E6B6F15EC63F005017D6F53
:10900600060E7819D8A40AEF48F00CEF48F038EFAE
:1090160048F0050E7919D8A413EF48F015EF48F07B
:1090260038EF48F0040E7A19D8A41CEF48F01EEF6A
:1090360048F038EF48F0030E7B19D8A425EF48F026
:1090460027EF48F038EF48F0020E7C19D8A42EEF2F
:1090560048F030EF48F038EF48F07D05D8B436EFE9
:1090660048F038EF48F03BEF48F0000E74EF48F058
:10907600FE0E696F030E6A6F000E6B6F15EC63F0E0
:109086000501766FFF0E696F030E6A6F000E6B6F38
:1090960015EC63F00501776F775176C570F5716B46
:1090A60070C571F5706B7011726F7151736F780EB8
:1090B600636F050E646F060E656FCAEC60F063C5DC
:1090C60074F564C575F505017451721907E175519A
:1090D6007319D8A471EF48F073EF48F038EF48F0F1
:1090E600010E12000601CCBF7BEF48F07DEF48F081
:1090F6007EEF48F0E593CCBF85EF48F083EF48F06C
:109106008CEF48F0000E0501886F010E876F90EF17
:1091160048F0CBC687F5CCC688F5C9C689F5CAC658
:109126008AF5000E05018D6F4F0E8C6F0901D36B0A
:10913600D0EF48F005018C07D8A08D0782510F0BA0
:109146008B6F0A0E8B61AAEF48F0ACEF48F0B0EFD8
:1091560048F0300E8B27B2EF48F0370E8B27840E7F
:109166008C25D96E090E8D21DA6E8BC5DFF4870743
:10917600D8A088078907D8A08A0782C584F583C541
:1091860085F5040E866FD89085338433862FC6EF17
:1091960048F084C582F585C583F505018DBFDDEFF1
:1091A60048F08D5109E1020E8C5DD8A0DDEF48F044
:1091B600DFEF48F00AEF49F082518311D8A4E6EFB9
:1091C60048F0E8EF48F09DEF48F088BFF5EF48F02B
:1091D600885106E18705D8B0F3EF48F0F5EF48F07F
:1091E6009DEF48F08ABF00EF49F08A5108E18905F2
:1091F600D8A000EF49F002EF49F00AEF49F0060166
:10920600E5B308EF49F00AEF49F09DEF48F080C555
:1092160077F581C578F5840E05018C25796F090EE1
:109226008D217A6F89C57BF58AC57CF5F0EC59F0FE
:109236001200C00E0601676F3D0E686F2C0EF7EC2C
:1092460041F06BC569F66CC56AF6E7EC66F08B0E05
:109256000601676F3D0E686F160EC2EC3EF0D8C56C
:1092660069F6D9C56AF6DAC56BF6DBC56CF6AAC629
:109276006DF6ABC66EF6ACC66FF6ADC670F6E7EC2D
:1092860066F09F0E0601676F3D0E686F040EC2EC16
:109296003EF0D8C569F6D9C56AF6DAC56BF6DBC500
:1092A6006CF6A6C66DF6A7C66EF6A8C66FF6A9C674
:1092B60070F6E7EC66F0CB0E0601676F3D0E686F41
:1092C600DBC669F6DCC66AF6E7EC66F0D60E060182
:1092D600676F3D0E686FD9C669F6DAC66AF6E7ECBF
:1092E60066F0EB0E0601676F3D0E686FD7C669F62E
:1092F600D8C66AF6E7EC66F0EB0E0601676F3D0E20
:10930600686FD5C669F6D6C66AF6E7EC66F06D0EE6
:109316000601676F3D0E686FA2C669F6A3C66AF6B8
:10932600A4C66BF6A5C66CF6F5C66DF66E6BFFC5E4
:109336006FF6706BE7EC66F0E10E0601676F3D0EA7
:10934600686FF3C669F66A6BE7EC66F0B30E060162
:10935600676F3D0E686F50C769F651C76AF652C708
:109366006BF653C76CF6E7EC66F01200000E0501CB
:10937600656F570E646FF80E666F070E676F000E07
:10938600696F020E686FF2EC5FF00009D8B4CEEF99
:1093960049F0D0EF49F0B9EF49F0000E0501656FCD
:1093A600570E646F5B0E666F050E676F000E696F72
:1093B600010E686F1EEC60F00009D8B4E5EF49F0C5
:1093C600E7EF49F0D0EF49F0680E05016B6FE40E48
:1093D600E82EFED76B2FFCD700005BC550F5680E54
:1093E60005016B6FE40EE82EFED76B2FFCD700004D
:1093F600C00E5018D8A402EF4AF004EF4AF006EF68
:109406004AF046EF4AF0000E0501656F570E646F8D
:10941600DE0E666F080E676F000E696F130E686FBB
:10942600F2EC5FF00009D8B41BEF4AF01DEF4AF0EA
:1094360006EF4AF0680E05016B6FE40EE82EFED7C4
:109446006B2FFCD70000000E0501656F570E646F89
:10945600F80E666F070E676F000E696F030E686F72
:109466001EEC60F00009D8B43BEF4AF03DEF4AF03D
:1094760026EF4AF02A0E05016B6F8D0EE82EFED7F9
:109486006B2FFCD700D0D00E05016B6FC90EE82EEE
:10949600FED76B2FFCD700D01200050120EE03F09B
:1094A6007851D9267951DA22DF50636F20EE02F027
:1094B6007851D9267951DA22DF50ACEC5CF063C5DD
:1094C6007AF564C57BF5E80E05017A5D030E7B59D6
:1094D600D8A070EF4AF072EF4AF076EF4AF0030E2A
:1094E6007B6FE80E7A6FF40E7A5D010E7B59D8B069
:1094F6007FEF4AF081EF4AF085EF4AF0010E7B6F6D
:10950600F40E7A6F7AC547F57BC548F578C5D9F468
:1095160079C5DAF4DF500601F56F630EF56596EF4F
:109526004AF098EF4AF09AEF4AF0640EF56F05019B
:1095360020EE07F07851D9267951DA22DF50636F91
:1095460020EE06F07851D9267951DA22DF50ACECBC
:109556005CF063C57CF564C57DF52C0E05017C5D6C
:10956600010E7D59D8A0BAEF4AF0BCEF4AF0C0EF21
:109576004AF0010E7D6F2C0E7C6F7D5107E1640E63
:109586007C5DD8B0C9EF4AF0CBEF4AF0CFEF4AF096
:10959600000E7D6F640E7C6F7CC545F57DC546F576
:1095A60020EE04F07851D9267951DA22DF50FF6F88
:1095B600630EFF65E1EF4AF0E3EF4AF0E5EF4AF0AC
:1095C600640EFF6F1200000E060100150501E86F1C
:1095D600000E060101150501E96F800E0601021550
:1095E6000501EA6F7F0E060103150501EB6FE851D1
:1095F600E911EA11EB11D8A403EF4BF005EF4BF09C
:109606000EEF4BF0000E0601006F000E016F000E0C
:10961600026F000E036F000E060104150501E86FC8
:10962600000E060105150501E96F800E06010615F7
:109636000501EA6F7F0E060107150501EB6FE8517C
:10964600E911EA11EB11D8A42BEF4BF02DEF4BF0FB
:1096560036EF4BF0000E0601046F000E056F000E8C
:10966600066F000E076F060103AF3CEF4BF03EEFAF
:109676004BF047EF4BF0006D011FD8B0012B021FD6
:10968600D8B0022B800E035707AF4CEF4BF04EEFCE
:109696004BF057EF4BF0046D051FD8B0052B061F96
:1096A600D8B0062B800E0757000E001B000E011BBC
:1096B600000E021B800E031B000E041B000E051B72
:1096C600000E061B800E071B0451005D0551015953
:1096D6000651025907510359D8B074EF4BF076EF93
:1096E6004BF079EF4BF0D8907AEF4BF0D880120020
:1096F60008C663F509C664F50AC665F50BC666F5C0
:109706000AEC51F0050163516411D8A48DEF4BF0BA
:109716008FEF4BF099EF4BF00CC608F60DC609F625
:109726000EC60AF60FC60BF60EEF4CF00CC663F526
:109736000DC664F50EC665F50FC666F50AEC51F062
:10974600050163516411D8A4ABEF4BF0ADEF4BF0BC
:10975600B7EF4BF008C608F609C609F60AC60AF6B8
:109766000BC60BF60EEF4CF008C663F509C664F59A
:109776000AC665F50BC666F51CEC61F063C5ECF52B
:1097860064C5EDF50CC663F50DC664F50EC665F544
:109796000FC666F51CEC61F005016351EC1909E191
:1097A6006451ED19D8B4DAEF4BF0DCEF4BF0F2EF81
:1097B6004BF008C663F509C664F50AC665F50BC61F
:1097C60066F51CEC61F0050163516411D8A4EEEF57
:1097D6004BF0F0EF4BF0ADEF4BF08FEF4BF008C6D0
:1097E60000F609C601F60AC602F60BC603F60CC653
:1097F60004F60DC605F60EC606F60FC607F6E6EC27
:109806004AF00601D8A00AEF4CF00CEF4CF0ADEF91
:109816004BF08FEF4BF0120010C663F511C664F5DE
:1098260012C665F513C666F50AEC51F005016351DB
:109836006411D8A421EF4CF023EF4CF02DEF4CF03F
:1098460014C610F615C611F616C612F617C613F686
:10985600A2EF4CF014C663F515C664F516C665F599
:1098660017C666F50AEC51F0050163516411D8A4D8
:109876003FEF4CF041EF4CF04BEF4CF010C610F6BA
:1098860011C611F612C612F613C613F6A2EF4CF065
:1098960010C663F511C664F512C665F513C666F5FE
:1098A6001CEC61F063C5EEF564C5EFF514C663F50F
:1098B60015C664F516C665F517C666F51CEC61F0A7
:1098C60005016351EE1909E16451EF19D8B46EEF41
:1098D6004CF070EF4CF086EF4CF010C663F511C6F5
:1098E60064F512C665F513C666F51CEC61F0050154
:1098F60063516411D8A482EF4CF084EF4CF023EF4F
:109906004CF041EF4CF010C600F611C601F612C637
:1099160002F613C603F614C604F615C605F616C6F1
:1099260006F617C607F6E6EC4AF00601D8A09EEF43
:109936004CF0A0EF4CF023EF4CF041EF4CF012004E
:1099460021EE76F2100EDE6AE806FDE2760E0501DD
:10995600636F060E646F73C665F574C666F5000E12
:10996600686F110E676FF3EC60F0550E0601766FA7
:10997600040E0501786F540E1CEC65F078C587F669
:1099860079C588F67D0E0501636F060E646F87C67E
:1099960065F588C666F5000E686F040E676FF3EC12
:1099A60060F0030E0501786F5C0E1CEC65F078C55F
:1099B60089F679C58AF6060120EE02F08951D92684
:1099C6008A51DA22DF50816F760E0501636F060E2B
:1099D600646F0F0E656FEEEC5CF063C58BF664C5C5
:1099E6008CF68BC686F606018C51856F8D6BF50E4F
:1099F600676F3D0E686F760E8D25D96EDA6A060E94
:109A0600DA22DF50756F7551696F6A6BE7EC66F0A5
:109A1600100E06018D6112EF4DF014EF4DF01AEFA6
:109A26004DF0020E676F3E0E686FE7EC66F00601BA
:109A36008D2B100E8D6522EF4DF024EF4DF0FAEFD1
:109A46004CF0760E0501636F060E646F000E666FAE
:109A5600000E656F000E686F110E676FA8EC64F05C
:109A6600120063C5D9F464C5DAF465C5DFF40501EF
:109A760020EE01F06351D9266451DA2266C5DEF480
:109A860067C5DEF468C5DEF469C5DEF420EE05F0D0
:109A96006351D9266451DA226AC5DEF46BC5DEF459
:109AA6006CC5DEF46DC5DEF420EE09F06351D926EF
:109AB6006451DA226EC5DEF46FC5DEF470C5DEF4DD
:109AC60071C5DEF420EE15F06351D9266451DA2211
:109AD60072C5DEF473C5DEF474C5DEF475C5DEF456
:109AE60020EE19F06351D9266451DA2276C5DEF4E8
:109AF60077C5DEF478C5DEF479C5DEF420EE0DF028
:109B06006351D9266451DA22000EDE6E000EDE6E37
:109B1600480EDE6E440EDD6E20EE11F06351D9263E
:109B26006451DA22000EDE6E000EDE6E480EDE6E28
:109B3600C40EDD6E20EE1DF06351D9266451DA2283
:109B4600000EDE6E000EDE6E000EDE6E000EDD6EA8
:109B560020EE21F06351D9266451DA22000EDE6E22
:109B6600000EDE6E000EDE6E000EDD6E20EE25F0BF
:109B76006351D9266451DA227AC5DEF47BC5DDF459
:109B86001200C80E0501746F000E756F000E766F19
:109B9600000E776F6C51726F6BC573F5EFEF4DF07A
:109BA60005017451751176117711D8A4DDEF4DF0CA
:109BB600DFEF4DF0E1EF4DF053EF4EF07407000E7E
:109BC600755B765B775B150E0501706FC60EE82E2A
:109BD600FED7702FFCD70000000E0501656F530EEF
:109BE600646F720E666F050E676F000E696F020E68
:109BF600686FF2EC5FF00009D8B404EF4EF006EFA0
:109C06004EF0D3EF4DF0C80E0501746F000E756F60
:109C1600000E766F000E776F2DEF4EF00501745132
:109C2600751176117711D8A41BEF4EF01DEF4EF08B
:109C36001FEF4EF053EF4EF07407000E755B765B28
:109C4600775B150E0501706FC60EE82EFED7702FD6
:109C5600FCD70000000E0501656F530E646F6DC5DD
:109C660066F56EC567F5020E6F25686F696B000EA7
:109C760069231EEC60F00009D8B444EF4EF046EFBD
:109C86004EF011EF4EF0090E0501716F1E0E706F4A
:109C9600E40EE82EFED7702FFCD7712FFAD70000FE
:109CA600120089EC54F0556E5550D8B45DEF4EF065
:109CB6005FEF4EF09CEF4EF05504D8A465EF4EF0E2
:109CC60067EF4EF06CEF4EF0030E75EC60F0E2EFCE
:109CD6004EF0020E5518D8A473EF4EF075EF4EF005
:109CE60083EF4EF0010E0601F5657CEF4EF07EEF38
:109CF6004EF083EF4EF0010E75EC60F09EEF4EF0E5
:109D0600030E5518D8A48AEF4EF08CEF4EF09AEF5A
:109D16004EF0010E0501FF6593EF4EF095EF4EF004
:109D26009AEF4EF0020E75EC60F09EEF4EF09EEF4D
:109D36004EF00601F36B67EC39F005017DC598F529
:109D46007EC599F59A6B9B6B000ED1EC43F098C5D6
:109D5600A2F699C5A3F69AC5A4F69BC5A5F659041D
:109D6600D8B4B8EF4EF0BAEF4EF0C3EF4EF006019E
:109D7600F405D8A4C1EF4EF0C3EF4EF0DEEF4EF07F
:109D8600A2C6A6F5A3C6A7F5A4C6A8F5A5C6A9F5B5
:109D9600000E0501AA6F000EAB6F000EAC6F400EF1
:109DA600AD6FEAEC35F0A6C5A2F6A7C5A3F6A8C521
:109DB600A4F6A9C5A5F64EEC3CF0B3EC37F01200BC
:109DC60006011A351B350501FA6FFA51D8A4EEEFD4
:109DD6004EF0F0EF4EF0FBEF4EF0000E0601186F5E
:109DE600000E196F000E1A6F000E1B6F6FEF4FF00B
:109DF60018C6F5F519C6F6F51AC6F7F51BC6F8F531
:109E0600200E0BEF4FF0D890F833F733F633F533D7
:109E1600E82E06EF4FF0F551F96F06011A8FFF0E87
:109E26001817FF0E1917FF0E1A17000E1B17960E9E
:109E36000501FA5FFABF24EF4FF022EF4FF03CEF37
:109E46004FF0FA51800A970FD8B02CEF4FF02EEF53
:109E56004FF030EF4FF0F0EF4EF00601D8901B3385
:109E66001A33193318330501FA3F30EF4FF056EF26
:109E76004FF01F0EFA6542EF4FF044EF4FF04EEFF2
:109E86004FF0F0EF4EF00601D890183719371A3711
:109E96001B370501FA07FA51D8A454EF4FF056EFD5
:109EA6004FF046EF4FF0F951D8B45CEF4FF05EEF4C
:109EB6004FF067EF4FF006011B1F1A1F191F186D91
:109EC600000E19231A231B2318C618F619C619F6ED
:109ED6001AC61AF61BC61BF6120028C767F529C74D
:109EE60068F52AC769F52BC76AF563EC5CF067C5A8
:109EF60023F668C524F669C525F66AC526F6110E49
:109F0600DBEC2BF01CC627F61DC628F60601270536
:109F16002811D8A491EF4FF093EF4FF0BFEF4FF019
:109F2600EC51D8A499EF4FF09BEF4FF0AAEF4FF00A
:109F3600DDEC68F063C528F764C529F765C52AF71F
:109F460066C52BF7010E0601EC6FFBEF4FF02651AD
:109F560025110BE1E90E235D030E2459D8A0B6EFB7
:109F66004FF0B8EF4FF0FBEF4FF0000EDE6F010E33
:109F7600DD6FEC6BFBEF4FF0020E27192811D8A40A
:109F8600C7EF4FF0C9EF4FF0F4EF4FF0EB51D8A405
:109F9600CFEF4FF0D1EF4FF0E0EF4FF0DDEC68F090
:109FA60063C528F764C529F765C52AF766C52BF783
:109FB600010E0601EB6FFBEF4FF026512511241120
:109FC60009E1C90E235DD8A0EBEF4FF0EDEF4FF09E
:109FD600FBEF4FF0000EDE6F020EDD6FEB6BFBEF5B
:109FE6004FF0000EDE6F000EDD6FEC6BF1EF4FF001
:109FF60012000501636F05016305D8A405EF50F053
:10A0060007EF50F023EF50F0000E0701DB6F000E54
:10A01600DA6F000ED26F000ED36F000ED46F000EF3
:10A02600D56F000ED66F000ED76F000ED86F000EDC
:10A03600D96F000E0601D06F000ECF6F83EF50F080
:10A04600020E6319D8A42AEF50F02CEF50F048EF17
:10A0560050F0000E0701B46F000EB36F000EAB6F29
:10A06600000EAC6F000EAD6F000EAE6F000EAF6F40
:10A07600000EB06F000EB16F000EB26F000E06013B
:10A08600CE6F000ECD6F83EF50F0030E6319D8A488
:10A096004FEF50F051EF50F083EF50F0000E0701F4
:10A0A600DB6F000EDA6F000ED26F000ED36F000E5C
:10A0B600D46F000ED56F000ED66F000ED76F000E50
:10A0C600D86F000ED96F000EB46F000EB36F000E7E
:10A0D600AB6F000EAC6F000EAD6F000EAE6F000ED4
:10A0E600AF6F000EB06F000EB16F000EB26F000EB4
:10A0F6000601D06F000ECF6F000ECE6F000ECD6F33
:10A1060012000501786B76BF8DEF50F08BEF50F0A3
:10A1160097EF50F0761F751F741F736D000E742332
:10A1260075237623010E786F72BF9EEF50F09CEF79
:10A1360050F0A8EF50F0721F711F701F6F6D000E68
:10A14600702371237223010E781B000E796F000EA7
:10A156007A6F000E7B6F000E7C6F73517411751150
:10A166007611D8B4B9EF50F0BBEF50F0F1EF50F0E4
:10A17600010E776FC5EF50F0D89073377437753787
:10A186007637772B76AFCAEF50F0CCEF50F0BFEFB3
:10A1960050F0D89079377A377B377C3773516F5DBB
:10A1A600745170597551715976517259D8A0DEEFB4
:10A1B60050F0E0EF50F0E9EF50F073516F5F7451DB
:10A1C600705B7551715B7651725B7981D89076338D
:10A1D600753374337333772FCCEF50F07851D8B48E
:10A1E600F7EF50F0F9EF50F001EF51F07C1F7B1FB5
:10A1F6007A1F796D000E7A237B237C2379C56FF550
:10A206007AC570F57BC571F57CC572F5120008C775
:10A216006DF509C76EF50AC76FF50BC770F563C50F
:10A226006DF564C56EF565C56FF566C570F56DC5EA
:10A2360067F56EC568F56FC569F570C56AF5180EE0
:10A246002BEF51F00501D8906A33693368336733D1
:10A25600E82E25EF51F067516B6F6C6B6B516C11EB
:10A26600D8A438EF51F03AEF51F05AEF51F0D890A8
:10A276006D35676F6E35686F6F35696F70356A6FEC
:10A286006751681169116A11D8A44CEF51F04EEF6D
:10A2960051F054EF51F0000E646F020E636F89EFB8
:10A2A60051F0000E646F030E636F89EF51F06B2956
:10A2B6006C11D8A461EF51F063EF51F085EF51F0C6
:10A2C6006DC567F56EC568F56FC569F570C56AF544
:10A2D600090ED8906737683769376A37E82E6CEF0A
:10A2E60051F06751681169116A11D8B47DEF51F0C8
:10A2F60080EF51F0010E81EF51F0000E636F646B39
:10A3060089EF51F0000E646F040E636F12007AEC51
:10A3160052F0090E0601766F1E0E756FE40EE82EDA
:10A32600FED7752FFCD7762FFAD70000C6EC47F07C
:10A33600E806D8A4A1EF51F0A3EF51F005EF52F0D3
:10A34600010E0601F66F73C6D9F474C6DAF4550E1B
:10A35600DF6E73C663F574C664F50F0E0501656F8F
:10A36600EEEC5CF063C577F664C578F6060120EE80
:10A3760010F07351D9267451DA2277C6DFF420EE35
:10A386000FF07351D9267451DA227851DF6E796B4A
:10A39600F50E676F3D0E686F79517325D96E000E05
:10A3A6007421DA6EDF50756F7551696F6A6BE7EC71
:10A3B60066F0100E06017961E3EF51F0E5EF51F01A
:10A3C600EBEF51F0020E676F3E0E686FE7EC66F03A
:10A3D6000601792B100E7965F3EF51F0F5EF51F088
:10A3E600CBEF51F073C663F574C664F5000E050134
:10A3F600666F000E656F000E686F110E676FA8EC32
:10A4060064F0FF001200C80E0501BA6F000EBB6FA4
:10A41600000EBC6F000EBD6F6C51726F6BC573F58D
:10A42600BE6B2CEF52F0BE516D25D96E000E6E211B
:10A43600DA6EBE51706F716B020E7027000E7123BB
:10A44600720E7025E16E050E7121E26EDFC4E7F42F
:10A45600BE2B6F51BE5DD8A033EF52F035EF52F0F0
:10A4660016EF52F053EF52F00501BA51BB11BC1171
:10A47600BD11D8A441EF52F043EF52F045EF52F030
:10A4860079EF52F0BA07000EBB5BBC5BBD5B150EE5
:10A496000501706FC60EE82EFED7702FFCD70000A0
:10A4A600000E0501656F530E646F720E666F050E22
:10A4B600676F020E6F25686F696B000E6923F2ECF9
:10A4C6005FF00009D8B46AEF52F06CEF52F037EF44
:10A4D60052F0090E0501716F1E0E706FE40EE82E24
:10A4E600FED7702FFCD7712FFAD70000120021EE8D
:10A4F600F0F311EE6FF1050EDBC4E3F4E806FCE2BF
:10A506006F0E0501636F050E646F060E656FCAEC6C
:10A5160060F063C577F564C578F505017851756F08
:10A5260077C576F5F80E6B6F030E6C6F000E6D6FC8
:10A536006FC56EF565EC5DF0F90E05016B6F030EE8
:10A546006C6F000E6D6F70C56EF565EC5DF0FA0E02
:10A5560005016B6F030E6C6F000E6D6F71C56EF5A6
:10A5660065EC5DF0FB0E05016B6F030E6C6F000E64
:10A576006D6F72C56EF565EC5DF0FC0E05016B6FD7
:10A58600030E6C6F000E6D6F73C56EF565EC5DF0B6
:10A59600FD0E05016B6F030E6C6F000E6D6F74C5BB
:10A5A6006EF565EC5DF0FE0E05016B6F030E6C6FCC
:10A5B600000E6D6F75C56EF565EC5DF0FF0E05015D
:10A5C6006B6F030E6C6F000E6D6F76C56EF565ECE6
:10A5D6005DF01200B50E0501636F070E646F010E84
:10A5E600656F290E666F5C0E676F8F0E686F3D0E86
:10A5F600696FA60E6A6F9B0E6B6FC40E6C6F3A0E78
:10A606006D6F7B0E6E6F140E6F6F2E0E706F3E0E9B
:10A61600716F000E726F000E736F480E746F450EE9
:10A62600756F000E766F000E776F000E786F000E56
:10A63600796F000E7B6F000E7A6F34EC4DF08E0E44
:10A646000501636F070E646F020E656FCD0E666FB0
:10A65600CC0E676F4C0E686F3E0E696F0A0E6A6FFE
:10A66600D70E6B6FA30E6C6F3B0E6D6F6F0E6E6F1A
:10A67600120E6F6F830E706F3A0E716F000E726F4F
:10A68600000E736F480E746F450E756F000E766F71
:10A69600000E776F000E786F000E796F000E7B6FDD
:10A6A600000E7A6F34EC4DF01200000E05016B6F50
:10A6B600000E6A6F63C5D9F464C5DAF4DEC4F6F435
:10A6C600DDC4F7F4000EF86E0800F5502A0AD8A487
:10A6D6006FEF53F071EF53F0A4EF53F063C5D9F465
:10A6E60064C5DAF4DE2A000EDD2265C5D9F466C536
:10A6F600DAF4DFC467F5020EDE26DFC468F5000E65
:10A70600DD2267C5D9F468C5DAF4DEC46AF5DDC4AE
:10A716006BF5BAEF53F00A0E6A03F3C467F5F4C497
:10A7260068F56B03F3506827695167256A6F000E59
:10A7360068216B6F63C5D9F464C5DAF4DE2A000EAE
:10A74600DD2263C5D9F464C5DAF4DEC4F6F4DDC4EB
:10A75600F7F4000EF86E0800F550D00F696F090E79
:10A766006965B8EF53F0BAEF53F08EEF53F06AC550
:10A7760063F56BC564F51200050169516A11D8B419
:10A78600C7EF53F0C9EF53F0D2EF53F069516A1196
:10A79600D8A4D0EF53F0D2EF53F0D7EF53F0675170
:10A7A600E8EC61F024EF54F020EE09F06951D92667
:10A7B6006A51DA22DE50DE10D8B4E4EF53F0E6EF49
:10A7C60053F001EF54F020EE09F06951D9266A5191
:10A7D600DA2210EE02F06951E1266A51E222DE50D9
:10A7E600E65CE650800A6F6FDE50800A6F59D8B07B
:10A7F600FFEF53F001EF54F024EF54F020EE02F097
:10A806006951D9266A51DA22DEC46BF5DDC46CF5CE
:10A8160069C5D9F46AC5DAF4DEC46DF5DDC46EF532
:10A826006B516D25D96E6C516E21DA6E67C5DFF4FA
:10A8360020EE02F06951D9266A51DA22DE2A000E8C
:10A84600DD2212001CC767F51DC768F51EC769F52E
:10A856001FC76AF563EC5CF067C579F568C57AF5DC
:10A8660069C57BF56AC57CF572EF54F07C517B11A6
:10A876007A1109E1650E795DD8A044EF54F046EFF0
:10A8860054F088EF54F0ADEC69F0010E516EDDEC3A
:10A8960068F063C51CF764C51DF765C51EF766C578
:10A8A6001FF788EF54F07C517B117A1109E1650E90
:10A8B600795DD8A061EF54F063EF54F088EF54F05F
:10A8C600AFEC69F0516ADDEC68F063C51CF764C54E
:10A8D6001DF765C51EF766C51FF788EF54F0515082
:10A8E6000501776F786B7851000AD8B47DEF54F084
:10A8F60088EF54F07751000AD8B439EF54F0010AC2
:10A90600D8B456EF54F088EF54F012005F04D8B470
:10A916008FEF54F091EF54F094EF54F0010EEBEFFB
:10A9260054F00601F605D8A49BEF54F09DEF54F0C1
:10A936009FEF54F091EF54F0020EF419D8A4A6EF4D
:10A9460054F0A8EF54F0AAEF54F091EF54F0F551FB
:10A95600D8A4B0EF54F0B2EF54F0BDEF54F00501B7
:10A96600FF51D8A4B9EF54F0BBEF54F0BDEF54F04B
:10A9760091EF54F00601DF51E011D8B4C5EF54F061
:10A98600C7EF54F0D2EF54F0DD51DE11D8B4CEEF5C
:10A9960054F0D0EF54F0D2EF54F091EF54F0DF5171
:10A9A600E011D8B4D9EF54F0DBEF54F0DEEF54F0F9
:10A9B600020EEBEF54F0DD51DE11D8B4E5EF54F0A2
:10A9C600E7EF54F0EAEF54F0030EEBEF54F0000E0D
:10A9D6001200040EF66EC50EF76E000EF86E02EE4D
:10A9E600A6F010EE4BF00900F5C4EEF4E550E15088
:10A9F600FAE1EE0EF66ED10EF76E000EF86E01EE6F
:10AA0600F0F310EE0EF00900F5C4EEF4E550E15057
:10AA1600FAE14E0EF66ED30EF76E000EF86E01EEEC
:10AA26005CF110EE04F00900F5C4EEF4E550E150D7
:10AA3600FAE102EE00F2AC0EEE6AE806FDE102EE85
:10AA460000F1FC0EEE6AE806FDE102EE00F0A60E4D
:10AA5600EE6AE806FDE101EE00F3E10EEE6AE806B5
:10AA6600FDE101EEA2F2550EEE6AE806FDE10501F2
:10AA7600FF6BFE6BFD6B01EE30F12C0EEE6AE80605
:10AA8600FDE10401080E5D6F300E5E6F000E5F6F14
:10AA96000001F9EF65F00501686B66BF57EF55F0E9
:10AAA60055EF55F05DEF55F0656D661FD8B0662B16
:10AAB600010E686F64BF64EF55F062EF55F06AEF00
:10AAC60055F0636D641FD8B0642B010E681B000E31
:10AAD6006A6F000E696F65516611D8B475EF55F04F
:10AAE60077EF55F09FEF55F0010E676F7FEF55F04A
:10AAF600D89065376637672B66AF84EF55F086EFDB
:10AB060055F07BEF55F0D89069376A376551635D2C
:10AB160066516459D8A092EF55F094EF55F099EF2D
:10AB260055F06551635F6651645B6981D890663301
:10AB36006533672F86EF55F06851D8B4A5EF55F009
:10AB4600A7EF55F0ABEF55F0696D6A1FD8B06A2BC9
:10AB560069C563F56AC564F51200BE6AB00EBF6EBC
:10AB6600C06AC16AC26A400EC36E0401026B300E2F
:10AB76000A6F126B1A6B226B2A6BDF0EC66E8F0E74
:10AB8600C76E6F0EC86ED00EC96E0F0ECA6E9E0EC1
:10AB9600CB6EDF0E006F0F0E086F4F0E106FD10ECB
:10ABA600186F070E206F9E0E286F016B800E096FBF
:10ABB600116B196B216B296B03690B6913691B698F
:10ABC600070E236F2B6904690C6914691C690F0E43
:10ABD600246F2C690201896B886B876B866B150E57
:10ABE600726F1C0E196F1A0E1B6F200E156F0C0E4E
:10ABF600716F370E0D6F0D0E706F380E0E6F0401EC
:10AC0600056B066B076B0D6B0E6B0F6B156B166B7F
:10AC1600176B256B266B276B1200D8C42CF58AECB4
:10AC260068F00009D8B41AEF56F01CEF56F024EF7E
:10AC360056F0030E3C6E0201979B89EC64F06CEFB4
:10AC460056F095EC68F00009D8B42CEF56F02EEFCC
:10AC560056F040EF56F069EC68F00009D8B436EFCC
:10AC660056F038EF56F040EF56F0010E3C6E0201FA
:10AC7600979984EC67F06CEF56F074EC68F0000975
:10AC8600D8B448EF56F04AEF56F05AEF56F069EC52
:10AC960068F00009D8B452EF56F054EF56F05AEF68
:10ACA60056F0020E3C6E020197993CEF56F07FEC8F
:10ACB60068F00009D8B462EF56F064EF56F06AEF18
:10ACC60056F0030E3C6E0201979D6CEF56F00201A2
:10ACD60097993C502CC5D8F4110044C767F545C771
:10ACE60068F546C769F547C76AF563EC5CF067C562
:10ACF60077F568C578F569C579F56AC57AF5BFEF60
:10AD060056F0010EFBEC66F0020EFBEC66F0DDEC95
:10AD160068F063C544F764C545F765C546F766C57B
:10AD260047F7010E586ECEEF56F005017A517911AC
:10AD3600781109E1C90E775DD8A0A4EF56F0A6EF09
:10AD460056F0CEEF56F0010E0FEC67F0020E0FEC48
:10AD560067F0DDEC68F063C544F764C545F765C583
:10AD660046F766C547F7020E586ECEEF56F0030E4D
:10AD76000501FE6FCEEF56F05850000AD8B484EFA6
:10AD860056F0010AD8B498EF56F0030AD8B4BAEFD1
:10AD960056F0CEEF56F012000501656F0501650508
:10ADA600D8A4D8EF56F0DAEF56F0E4EF56F0000EDE
:10ADB600646F000E636F57EC69F0B7EC69F029EF2A
:10ADC60057F0020E6519D8A4EBEF56F0EDEF56F0EA
:10ADD600F7EF56F0000E646F000E636F51EC69F0EA
:10ADE600B5EC69F029EF57F0020E6519D8A4FEEF0D
:10ADF60056F000EF57F002EF57F029EF57F0020E2A
:10AE06006519D8A409EF57F00BEF57F00DEF57F07F
:10AE160029EF57F0050E6519D8A414EF57F016EF71
:10AE260057F029EF57F0000E646F000E636F57EC72
:10AE360069F0B7EC69F0000E0501646F000E636FF0
:10AE460051EC69F0B5EC69F029EF57F012000501F5
:10AE560020EE40F06351D9266451DA22DF50656F47
:10AE66000F0E651720EE40F06351D9266451DA22A1
:10AE7600DF50666F66390F0B0A0DF3506525696F53
:10AE860020EE41F06351D9266451DA22DF50656F16
:10AE96000F0E651720EE41F06351D9266451DA2270
:10AEA600DF50666F66390F0B0A0DF35065256A6F22
:10AEB6006951640DF3C465F5F4C466F56A516525F8
:10AEC6000701F66F0501000E66210701F76FE80E10
:10AED6000501656F030E666F65510701F603F3C43E
:10AEE60067F5F4C468F5F703F35005016827665162
:10AEF6000701F6030501F350682767C5F6F768C52D
:04AF0600F7F7120047
:10AF0C00FAC401F5FBC402F5B39E77A090EF57F09D
:10AF1C0092EF57F0B4EF57F076A097EF57F099EF08
:10AF2C0057F0B4EF57F076900601C051C111C21121
:10AF3C00D8B4A3EF57F0A5EF57F0DBEF57F002D8DA
:10AF4C00B2EF57F00500FA6EC051FD6EC151FE6EA6
:10AF5C00C251FF6EFA501200DBEF57F077A2B9EF37
:10AF6C0057F0BBEF57F0DBEF57F076A2C0EF57F07E
:10AF7C00C2EF57F0DBEF57F076920601BD51BE11D0
:10AF8C00BF11D8B4CCEF57F0CEEF57F0DBEF57F042
:10AF9C0002D8DBEF57F00500FA6EBD51FD6EBE51C5
:10AFAC00FE6EBF51FF6EFA50120002C5FBF401C5D4
:10AFBC00FAF41100FAC405F5FBC406F5B59E86A09B
:10AFCC00EAEF57F0ECEF57F00EEF58F085A0F1EFE9
:10AFDC0057F0F3EF57F00EEF58F085900601B7518C
:10AFEC00B811B911D8B4FDEF57F0FFEF57F035EFAA
:10AFFC0058F002D80CEF58F00500FA6EB751FD6E00
:10B00C00B851FE6EB951FF6EFA50120035EF58F080
:10B01C0086A213EF58F015EF58F035EF58F085A2D3
:10B02C001AEF58F01CEF58F035EF58F085920601E6
:10B03C00B451B511B611D8B426EF58F028EF58F02A
:10B04C0035EF58F002D835EF58F00500FA6EB451D0
:10B05C00FD6EB551FE6EB651FF6EFA50120006C56C
:10B06C00FBF405C5FAF411003CC767F53DC768F55C
:10B07C003EC769F53FC76AF563EC5CF067C577F5C9
:10B08C0068C578F569C579F56AC57AF583EF58F026
:10B09C00020EFBEC66F0DDEC68F063C53CF764C5B2
:10B0AC003DF765C53EF766C53FF7010E566E92EF4C
:10B0BC0058F005017A517911781109E1650E775D27
:10B0CC00D8A06BEF58F06DEF58F092EF58F0020EDD
:10B0DC000FEC67F0DDEC68F063C53CF764C53DF739
:10B0EC0065C53EF766C53FF7020E566E92EF58F0F7
:10B0FC00020E0501FE6F92EF58F05650000AD8B4BC
:10B10C004EEF58F0010AD8B45FEF58F0030AD8B4E8
:10B11C007EEF58F092EF58F0120040C767F541C728
:10B12C0068F542C769F543C76AF563EC5CF067C51F
:10B13C0077F568C578F569C579F56AC57AF5DCEFF8
:10B14C0058F0010EFBEC66F0DDEC68F063C540F7DF
:10B15C0064C541F765C542F766C543F7010E576EE6
:10B16C00EBEF58F005017A517911781109E1C90E0C
:10B17C00775DD8A0C4EF58F0C6EF58F0EBEF58F05D
:10B18C00010E0FEC67F0DDEC68F063C540F764C5A9
:10B19C0041F765C542F766C543F7020E576EEBEFF4
:10B1AC0058F0010E0501FE6FEBEF58F05750000AF6
:10B1BC00D8B4A7EF58F0010AD8B4B8EF58F0030A86
:10B1CC00D8B4D7EF58F0EBEF58F012000501686BCC
:10B1DC0064BFF5EF58F0F3EF58F0FBEF58F0636DE8
:10B1EC00641FD8B0642B010E686F66BF02EF59F074
:10B1FC0000EF59F006EF59F0656D661FD8B0662B5D
:10B20C0065516611D8B40DEF59F00FEF59F033EFCB
:10B21C0059F0010E676F17EF59F0D8906537663704
:10B22C00672B66AF1CEF59F01EEF59F013EF59F076
:10B23C006551635D66516459D8A027EF59F029EF29
:10B24C0059F02DEF59F06551635F6651645BD890EE
:10B25C0066336533672F1EEF59F06851D8B439EF58
:10B26C0059F03BEF59F03FEF59F0636D641FD8B0C4
:10B27C00642B63C563F564C564F51200000E05010B
:10B28C0063156B6F000E64156C6F800E65156D6F1A
:10B29C007F0E66156E6F6B516C116D116E11D8A40B
:10B2AC005AEF59F05CEF59F064EF59F0000E636FF0
:10B2BC00000E646F000E656F000E666F000E671552
:10B2CC006B6F000E68156C6F800E69156D6F7F0EBD
:10B2DC006A156E6F6B516C116D116E11D8A479EFEC
:10B2EC0059F07BEF59F083EF59F0000E676F000EA9
:10B2FC00686F000E696F000E6A6F675163190FE17A
:10B30C00685164190CE16951651909E16A516619B2
:10B31C00D8B493EF59F095EF59F098EF59F0D890C5
:10B32C0099EF59F0D8801200116A1150080DA70E30
:10B33C00F324D96E080EF420DA6EDE50DE10D8B489
:10B34C00AAEF59F0ACEF59F0E6EF59F01150080D97
:10B35C00A70EF324D96E080EF420DA6EDE06000E6A
:10B36C00DD5A1150080DA70EF324D96E080EF420E7
:10B37C00DA6EDE50DE10D8A4C6EF59F0C8EF59F0E3
:10B38C00E6EF59F01150080DA60EF324D96E080EF5
:10B39C00F420DA6E010EDF6E1150080DA90EF324A5
:10B3AC00D96E080EF420DA6E1150080DA70EF32496
:10B3BC00E16E080EF420E26EDEC4E6F4DDC4E5F4C2
:10B3CC00112A060E1164EDEF59F0EFEF59F09BEFD7
:10B3DC0059F012000601E5A1F6EF59F0F8EF59F01B
:10B3EC0002EF5AF079C570F57AC571F577C572F52B
:10B3FC0078C573F5CDEC62F005017CBF0AEF5AF00D
:10B40C0008EF5AF00EEF5AF0000E7C6F000E7B6FB7
:10B41C00000E7F6F000E7E6F21EF5AF0000E686FEA
:10B42C00200E676F77C569F578C56AF5BFEC53F0E8
:10B43C0005017E4B7F2B7B517E5D7F51800A7D6F9A
:10B44C007C51800A7D59D8A02EEF5AF030EF5AF07B
:10B45C0014EF5AF00601E5B136EF5AF038EF5AF016
:10B46C0042EF5AF079C570F57AC571F577C572F56A
:10B47C0078C573F5CDEC62F01200A290A60E070110
:10B48C00576F8C0E586F000E596FA292AC0E5D6FF9
:10B49C00CA0E5E6F000E5F6F0201A26BA46BA56BF0
:10B4AC00A66BA76BA86BA96BAA6BB00EAB6F800ECB
:10B4BC00AC6F080EAD6F820EAE6F060EAF6F2E0E18
:10B4CC00B06FB16B800EB26FB36BA60E0501636FDC
:10B4DC00D30E646F000E656FCEEC67F0A40E050101
:10B4EC00636FD30E646F000E656FBCEC67F0A20E39
:10B4FC000501636FD30E646F000E656FAAEC67F0E5
:10B50C00000E0701796F000E786F4D6A4C6A200EA1
:10B51C000501FD6F4B6A4A6A496AA2801200050157
:10B52C00636F05016305D8A49EEF5AF0A0EF5AF0A3
:10B53C00B0EF5AF00601F56B000EA26F000EA36F70
:10B54C00000EA46F000EA56F000EDC6F000EDB6FFB
:10B55C00E2EF5AF0020E6319D8A4B7EF5AF0B9EF24
:10B56C005AF0C5EF5AF0FF6B000E0601E46F000EA7
:10B57C00E36F000EDA6F000ED96FE2EF5AF0030E94
:10B58C006319D8A4CCEF5AF0CEEF5AF0E2EF5AF090
:10B59C00010E5E6EFE6B000E0601A26F000EA36F15
:10B5AC00000EA46F000EA56F000EDC6F000EDB6F9B
:10B5BC00000EDA6F000ED96F12007DC585F57EC5C1
:10B5CC0086F57FC587F580C588F5F4EF5AF08107BD
:10B5DC00D8A08207854B862B874B882B0501815180
:10B5EC008211D8B4FCEF5AF0FEEF5AF00FEF5BF07B
:10B5FC0087C5D9F488C5DAF485C5E1F486C5E2F4CB
:10B60C00DE50E618D8B40DEF5BF00FEF5BF0EDEF0A
:10B61C005AF081518211D8A416EF5BF018EF5BF051
:10B62C001EEF5BF0000E7E6F000E7D6F30EF5BF057
:10B63C0085C5D9F486C5DAF4DF50836F87C5D9F494
:10B64C0088C5DAF4DF50846F8451835D7D6F7E6B27
:10B65C00D8A07E071200050163516411D8A439EFFC
:10B66C005BF03BEF5BF03DEF5BF07DEF5BF063C5B8
:10B67C00D9F464C5DAF4000EDE6E000EDE6E000E38
:10B68C00DE6E000EDD6E20EE04F06351D92664519F
:10B69C00DA22000EDE6E000EDE6E000EDE6E000E86
:10B6AC00DD6E20EE08F06351D9266451DA22000ECB
:10B6BC00DE6E000EDE6E000EDE6E000EDD6E20EE17
:10B6CC000CF06351D9266451DA22DE6ADE6ADE6A36
:10B6DC00DD6A20EE10F06351D9266451DA22E80EAF
:10B6EC00DE6E030EDE6E000EDE6E000EDD6E1200E0
:10B6FC00050163516411D8A486EF5BF088EF5BF011
:10B70C008AEF5BF0CAEF5BF063C5D9F464C5DAF479
:10B71C0065C5DEF466C5DEF467C5DEF468C5DEF427
:10B72C0020EE04F06351D9266451DA2265C5DEF4AB
:10B73C0066C5DEF467C5DEF468C5DEF420EE08F0FD
:10B74C006351D9266451DA2265C5DEF466C5DEF490
:10B75C0067C5DEF468C5DEF420EE0CF06351D92623
:10B76C006451DA22DE6ADE6ADE6ADD6A20EE10F0EF
:10B77C006351D9266451DA2269C5DEF46AC5DEF458
:0AB78C006BC5DEF46CC5DEF412009C
:10B79800D8C42AF502019BA5D4EF5BF0D6EF5BF085
:10B7A800E1EF5BF09AA5DBEF5BF0DDEF5BF0E1EF3B
:10B7B8005BF097EC67F016EF5CF09BAFE6EF5BF0A1
:10B7C800E8EF5BF002EF5CF09AAFEDEF5BF0EFEFC4
:10B7D8005BF002EF5CF03B50D8B4F5EF5BF0F7EFAD
:10B7E8005BF0FEEF5BF03B6A9A919A9F71EC67F011
:10B7F80016EF5CF084EC67F0DDEF5BF09BA307EFDE
:10B808005CF009EF5CF016EF5CF09AA30EEF5CF0C9
:10B8180010EF5CF016EF5CF098EC69F002019A9377
:10B8280016EF5CF02AC5D8F41100D68A000ED6BEF1
:10B83800010E0501666FD69E550E0401596FAA0EBA
:10B84800596F59915F6B300E5E6F080E5D6F550E24
:10B85800596FAA0E596F5981050166B102D0D69E5B
:10B8680001D0D68E030165876589658F66816683F9
:10B8780069916993699569976D97AF90D680960E8F
:10B888000501636FD30E646F000E656F36EC69F0C7
:10B89800B490D682980E0501636FD30E646F000EC4
:10B8A800656F2FEC69F0B890D6849A0E0501636F26
:10B8B800D30E646F000E656F28EC69F01200DDECA2
:10B8C80068F063C573F564C574F565C575F566C537
:10B8D80076F505016751735D685174596951755959
:10B8E8006A517659D8A07BEF5CF07DEF5CF08BEF66
:10B8F8005CF06751735D676F68517459686F69517F
:10B908007559696F6A5176596A6FABEF5CF0671DBC
:10B918006B6F681D6C6F691D6D6F6A1D6E6F73515B
:10B928006B256F6F74516C21706F75516D21716F3C
:10B9380076516E21726F010E6F25676F000E7021B0
:10B94800686F000E7121696F000E72216A6F120014
:10B958000501776F050177390F0B736F77510F0B5F
:10B96800746F63390F0B756F63510F0B766F7551D9
:10B978000A0DF3C465F5F4C466F57451640DF3C497
:10B9880067F5F4C468F57351696F6A6BE80E69036B
:10B99800F3C46BF5F4C46CF56A03F3506C27030E1B
:10B9A8006903F3506C2767516B256D6F68516C21E3
:10B9B8006E6F65516D256F6F66516E21706F765190
:10B9C8006F25716F000E7021726F71C563F572C5B6
:10B9D80064F51200050169696A6915EF5DF063C5D0
:10B9E800D9F464C5DAF4DF506919686F634B642BC6
:10B9F800070E6825F66EF76A320EF722F86A000E0F
:10BA0800F8220800F5506A19696F070E6825F66E66
:10BA1800F76A310EF722F86A000EF8220800F5C41A
:10BA28006AF565076529D8A41CEF5DF01EEF5DF087
:10BA3800F3EF5CF06A5169C566F5676B66C567F533
:10BA4800666B6611636F6751646F120006019F6B26
:10BA58009F51080DA60EF324D96E080EF420DA6E55
:10BA6800DF50D8B43AEF5DF03CEF5DF05AEF5DF08F
:10BA78009F51080DA60EF324D96E080EF420DA6E35
:10BA8800DF6A9F51080DAB0EF324D96E080EF4201F
:10BA9800DA6E02D85AEF5DF00500FA6EDE50FD6EE0
:10BAA800DE50FE6EDE50FF6EFA50120006019F2B2C
:10BAB800060E9F6562EF5DF064EF5DF02CEF5DF0C0
:10BAC800120005016D5109E1040E6C5DD8A06FEFFD
:10BAD8005DF071EF5DF073EF5DF09FEF5DF0AA0E22
:10BAE800646F550E636F4BEC69F0000E05016B2512
:10BAF800636F000E6C21646F380E6D21656F6EC523
:10BB080066F53EEC5FF05EEC68F00009D8A48FEFB4
:10BB18005DF091EF5DF087EF5DF020EC68F0E806EE
:10BB2800D8A499EF5DF09BEF5DF09DEF5DF08CEC94
:10BB380069F086EC69F012000501696FB8EF5DF0F5
:10BB480065C563F566C564F557EC69F0B7EC69F04F
:10BB5800D6EF5DF065C563F566C564F551EC69F02F
:10BB6800B5EC69F0D6EF5DF005016951676F686B58
:10BB78006851000AD8B4C3EF5DF0D6EF5DF06751A5
:10BB8800010AD8B4A4EF5DF0030AD8B4AEEF5DF0B3
:10BB9800010AD8B4D6EF5DF0070AD8B4D6EF5DF045
:10BBA800D6EF5DF01200000E05016B6F000E6C6F92
:10BBB800000E6D6F000E6E6F63A1E5EF5DF0E7EFAD
:10BBC8005DF0EFEF5DF067516B2768516C236951A9
:10BBD8006D236A516E23D8906737683769376A379B
:10BBE800D8906633653364336333635164116511E8
:10BBF8006611D8A402EF5EF004EF5EF0E0EF5DF0AE
:10BC08006BC563F56CC564F56DC565F56EC566F500
:10BC180012007E6A020E7F6E806A7F0E816E0C0EA5
:10BC2800826E836A846A856A866A886A896A8A6A89
:10BC38008B6A8C6AB59CB59E85908592A59EA59CBD
:10BC48008E0E0501636FD30E646F000E656F05ECF1
:10BC580069F08C0E0501636FD30E646F000E656F7B
:10BC6800FEEC68F0900E0501636FD30E646F000E52
:10BC7800656F0CEC69F0800E876E12006F6A020E19
:10BC8800706E716A7F0E726E0C0E736E746A756ACE
:10BC9800766A776A796A7A6A7B6A7C6A7D6AB39C13
:10BCA800B39E76907692A39EA39C880E0501636F3F
:10BCB800D30E646F000E656F1AEC69F0860E0501ED
:10BCC800636FD30E646F000E656F13EC69F08A0E14
:10BCD8000501636FD30E646F000E656F21EC69F088
:10BCE800800E786E12000301F39FD96BDA6BDB6B61
:10BCF800DC6BDF6BE06BE56BE76BEC6BEE6BEF6BB4
:10BD0800D86BF06BF16BF26BF46B180EF56F100ECD
:10BD1800F66FF76B030EF86F1F0EFA6F020EF96FCE
:10BD2800000E0701756F000E766F000E776F000E1C
:10BD3800726F000E736F000E746F0601E66BAF949E
:10BD48009F94B090A090840E0301F36F1200070136
:10BD5800824B832BC80E82198311D8A4B6EF5EF0EC
:10BD6800B8EF5EF0BCEF5EF0000E836F000E826FDE
:10BD7800010E3D26000E3E223F2240220601C351FD
:10BD8800C411C511D8A4CBEF5EF0CDEF5EF0CFEFB4
:10BD98005EF0DCEF5EF002D8DCEF5EF00500FA6ED4
:10BDA800C351FD6EC451FE6EC551FF6EFA501200AC
:10BDB8001200E6EC68F01BC518F71CC519F71DC57D
:10BDC8001AF71EC51BF7280E0601E761EEEF5EF0B5
:10BDD800F0EF5EF0FFEF5EF0DFEC65F0236ED40E5F
:10BDE8000601E725D96EDA6A090EDA2223C5DFF4DF
:10BDF800E72B0EEF5FF0E76BD40E1B6E090E1C6E7F
:10BE0800000E1E6E000E1D6E000E206E280E1F6E98
:10BE180073EC65F01200920E0501636F080E646FF3
:10BE2800000E656F000E666F000E676F000E686F7C
:10BE3800B80E696F0B0E6A6F000E6B6F000E6C6F99
:10BE48007EEC5BF07E0E0501636F080E646F000EDA
:10BE5800656F000E666F000E676F000E686FE80E64
:10BE6800696F030E6A6F000E6B6F000E6C6F7EECCD
:10BE78005BF01200000ED6BE010E05016A6F65C5A3
:10BE880045F063C567F564C568F565C569F568C5B6
:10BE980067F569C568F5696B67510001446F63C54B
:10BEA80043F066C546F04151F80B0309416FD69E31
:10BEB80000014FC542F04E50426F408105016AB102
:10BEC80002D0D69E01D0D68EF80E0001411712007E
:10BED800020E95EC5AF0020E39EC63F0020EFCECFF
:10BEE8004FF0020ECFEC56F0090E0501676F1E0EDB
:10BEF800666FE40EE82EFED7662FFCD7672FFAD7B9
:10BF08000000020E37EC67F0190E0501676F5A0E34
:10BF1800666FB10EE82EFED7662FFCD7672FFAD7CB
:10BF280000D0020E23EC67F01200010E39EC63F02A
:10BF3800010E95EC5AF0010EFCEC4FF0010ECFEC1F
:10BF480056F0090E0501676F1E0E666FE40EE82EA7
:10BF5800FED7662FFCD7672FFAD70000010E37EC03
:10BF680067F0190E0501676F5A0E666FB10EE82E5D
:10BF7800FED7662FFCD7672FFAD700D0010E23EC27
:10BF880067F01200050166BFCCEF5FF0CEEF5FF0FF
:10BF9800D8EF5FF063C563F564C564F565C565F5FD
:10BFA80066C566F5F1EF5FF063C567F564C568F5CA
:10BFB80065C569F566C56AF5671F681F691F6A1F49
:10BFC800672B000E682369236A2367C563F568C574
:10BFD80064F569C565F56AC566F5120005016A6B01
:10BFE800A5EC66F00009D8A4FCEF5FF0FEEF5FF067
:10BFF8001BEF60F0010E306E64C531F565C532F592
:10C008003B6A66C533F567C534F568C535F569C556
:10C0180036F5000E376E000E386E000E3A6E000EC2
:10C02800396E3C6A39EC65F0010E05016A6F05014D
:10C038006A51120005016A6BA5EC66F00009D8A4E4
:10C0480028EF60F02AEF60F047EF60F0010E306EE5
:10C0580064C531F565C532F53B6A66C537F567C510
:10C0680038F568C539F569C53AF5000E336E000E26
:10C07800346E000E366E000E356E3C6A5EEC67F06C
:10C08800010E05016A6F05016A51120061C665F665
:10C0980062C666F65FEF60F05FC64FF660C650F6A0
:10C0A800650E0601516F060E526F63C653F664C6DD
:10C0B80054F611EC30F065C6F6F466C6F7F4000ED7
:10C0C800F86E0800F5500009D8A46DEF60F06FEF26
:10C0D80060F050EF60F0000E0601606F000E5F6FB9
:10C0E800120005016A6F85EF60F099EC5FF09FEF31
:10C0F80060F06CEC5FF09FEF60F0A0EC60F09FEFF9
:10C1080060F005016A51686F696B6951000AD8B41B
:10C1180090EF60F09FEF60F06851010AD8B479EFB2
:10C1280060F0030AD8B47DEF60F0010AD8B481EF5B
:10C1380060F09FEF60F01200BBEC69F0030E95EC25
:10C148005AF0010E39EC63F0020E39EC63F0030E7D
:10C15800FCEC4FF0050ECFEC56F0010E37EC67F013
:10C16800020E37EC67F0110E0501676F3C0E666F23
:10C17800CB0EE82EFED7662FFCD7672FFAD7010E15
:10C1880023EC67F0020E23EC67F01200000E0501A5
:10C19800676F000E686F000E696F000E6A6F6B6B39
:10C1A800E5EF60F06B516325D96E000E6421DA6EFD
:10C1B800DF50666F66516727000E682369236A237C
:10C1C8006B2B65516B5DD8A0ECEF60F0EEEF60F083
:10C1D800D6EF60F067C563F568C564F5120065C5FC
:10C1E8006BF566C56CF563C569F564C56AF50DEF51
:10C1F80061F06BC5D9F46CC5DAF4DF506D6F6B4B29
:10C208006C2B69C5D9F46AC5DAF46DC5DFF4694BDE
:10C218006A2B05016707D8A06807672906E168291E
:10C22800D8A419EF61F01BEF61F0FDEF60F0120088
:10C2380004C76BF505C76CF506C76DF507C76EF53E
:10C2480063C56BF564C56CF565C56DF566C56EF5BA
:10C258006BC567F56CC568F56DC569F56EC56AF59A
:10C26800200E3DEF61F00501D8906A3369336833D9
:10C278006733E82E37EF61F067C563F568C564F585
:10C288001200040E0201946F800E956F080E966FCF
:10C29800030E9C6F9A6B9B6B976B8D6BABEC68F086
:10C2A80002019B919B95948F050EE82EFED7000006
:10C2B80000000000000000000000000002019A9148
:10C2C8009A959B85000E07016F6F000E706F000E28
:10C2D800716F1200030E0501786F5C0E1CEC65F09F
:10C2E80078C57DF579C57EF5FB0E05017F6F070ED4
:10C2F800806F000E826F030E816FE3EC5AF0050128
:10C308007D517E11D8B48BEF61F08DEF61F096EF1F
:10C3180061F0FB0EBF6F070EC06F030EC16F5C0E9E
:10C3280075EC66F01200B9EC49F0000E05016C6F6F
:10C33800000E6B6F640E6D6F0A0E6E6F460E6F6F98
:10C34800C4EC4DF0D00E05017E6FC90EE82EFED765
:10C358007E2FFCD700D0640E0501786F0A0E796F26
:10C3680050EC4AF0640E0501636F0A0E646F2AEC04
:10C3780057F07FEC63F01200FAC419F5FBC41AF504
:10C3880041C516F542C517F55CEC63F00701E751A6
:10C39800E811E911D8B4D3EF61F0D5EF61F0E2EF1D
:10C3A80061F002D8E2EF61F00500FA6EE751FD6E28
:10C3B800E851FE6EE951FF6EFA501200B1981AC5A5
:10C3C800FBF419C5FAF411000501666FB1EC69F0C8
:10C3D800680E0501656FE40EE82EFED7652FFCD7C1
:10C3E80000002DEC68F00009D8B4FDEF61F0FFEF14
:10C3F80061F0F5EF61F0050166510FEC62F02A0E6D
:10C408000501656F8D0EE82EFED7652FFCD700D08D
:10C41800B9EC69F012000501646FA2B216EF62F080
:10C4280018EF62F01CEF62F064C5A3F234EF62F01B
:10C438000501FD51D8B423EF62F025EF62F034EF27
:10C4480062F0200E4D24D96EDA6A090EDA2264C52C
:10C45800DFF44D281F0B636F63C54DF5A292FD07EE
:10C46800A282120003011E911F6B206B030E216F25
:10C47800050E1D6FFE0E1C6F1D510501636F030134
:10C488001C51416E63C542F5A00E0701E76FD30E3C
:10C49800E86F000EE96F000EE46F000EE56F000E06
:10C4A800E66FB198A188B19A050E03011E6F1200BC
:10C4B800D8C460F5FAC461F5FBC462F50701E1511F
:10C4C800E211E311D8B46BEF62F06DEF62F07AEF2E
:10C4D80062F002D87AEF62F00500FA6EE151FD6E63
:10C4E800E251FE6EE351FF6EFA501200B99662C532
:10C4F800FBF461C5FAF460C5D8F411000064006467
:10C50800002E7B00006400640000D30000F401F4F6
:10C518000106D300000A000A00A89C0000140014B9
:10C52800008ACB00000A000A004AA8000088138885
:10C538001338920009000000000000000000090004
:07C5480000000000000000EC
:10C550000601E76B560E0501636F080E646F000E4F
:10C56000666F000E656F000E686F280E676FA8EC8F
:10C5700064F0D40E0501636F090E646F000E666FE0
:10C58000000E656F000E686F280E676FA8EC64F0F0
:10C590000601E86BABEC69F01200000E0501766F46
:10C5A000000E756FE0EF62F074C567F5686B72C5D9
:10C5B00069F573C56AF5BFEC53F00501754B762B31
:10C5C00075517025D96E76517121DA6EDF50746F16
:10C5D0007451D8A4EEEF62F0F0EF62F0D4EF62F0A5
:10C5E0001200000E0501DC1B000EDD1B000EDE1B21
:10C5F000800EDF1BD8C563F5D9C564F5DAC565F5CE
:10C60000DBC566F5DCC567F5DDC568F5DEC569F532
:10C61000DFC56AF57FEC29F063C5D8F564C5D9F5A7
:10C6200065C5DAF566C5DBF5120005016B5109E158
:10C63000040E6A5DD8A01FEF63F021EF63F024EFD2
:10C6400063F0000E38EF63F0000E69256C6F000E8A
:10C650006A216D6F380E6B216E6F6CC563F56DC509
:10C6600064F56EC565F58DEC66F005016F6F6F5171
:10C6700012000501656F05016505D8A442EF63F05E
:10C6800044EF63F04CEF63F0920E636F080E646F3B
:10C6900031EC5BF05BEF63F0020E6519D8A453EF49
:10C6A00063F055EF63F05BEF63F07E0E636F080E8F
:10C6B000646F31EC5BF0120003011EA562EF63F0C2
:10C6C00064EF63F07AEF63F01EB169EF63F06CEF33
:10C6D00063F0010E6DEF63F0000E186E17501D6FC2
:10C6E00016C51CF318B002D01E9102D003011E81A2
:10C6F0007EEF63F017501D6F16C51CF31200040E79
:10C700000501696F000E6A6F000E6B6F15EC63F028
:10C710000601C66F050E0501696F000E6A6F000EF7
:10C720006B6F15EC63F00601C76F060E0501696FAC
:10C73000000E6A6F000E6B6F15EC63F00601C86F98
:02C740001200E5
:10C74400FAC403F5FBC404F5B39C0601BA51BB114A
:10C75400BC11D8B4B0EF63F0B2EF63F0BFEF63F095
:10C7640002D8BFEF63F00500FA6EBA51FD6EBB51FB
:10C77400FE6EBC51FF6EFA50120004C5FBF403C5F3
:10C78400FAF41100FAC407F5FBC408F5B59C0601D8
:10C79400B151B211B311D8B4D2EF63F0D4EF63F056
:10C7A400E1EF63F002D8E1EF63F00500FA6EB151F6
:10C7B400FD6EB251FE6EB351FF6EFA50120008C501
:10C7C400FBF407C5FAF41100FAC412F5FBC413F51F
:10C7D4000701ED51EE11EF11D8B4F3EF63F0F5EF6B
:10C7E40063F002EF64F002D802EF64F00500FA6E21
:10C7F400ED51FD6EEE51FE6EEF51FF6EFA501200D8
:10C80400B19E13C5FBF412C5FAF41100FAC414F571
:10C81400FBC415F50701EA51EB11EC11D8B415EF7F
:10C8240064F017EF64F024EF64F002D824EF64F0AE
:10C834000500FA6EEA51FD6EEB51FE6EEC51FF6E8F
:10C84400FA501200B19615C5FBF414C5FAF41100A0
:10C854007E0E0601086F080E096F22C60AF623C66B
:10C864000BF624C60CF625C60DF6640E0E6F000EEC
:10C874000F6F000E106F000E116F0BEC34F008C632
:10C8840022F609C623F60AC624F60BC625F61200BC
:10C89400920E0601086F080E096F22C60AF623C617
:10C8A4000BF624C60CF625C60DF6B80E0E6F0B0E4D
:10C8B4000F6F000E106F000E116F0BEC34F008C6F2
:10C8C40022F609C623F60AC624F60BC625F612007C
:10C8D40063C567F564C568F565C5F6F466C5F7F420
:10C8E4000501654B662B000EF86E67C5D9F468C563
:10C8F400DAF4674B682B0800F5C4DFF4DF50D8A4E2
:10C9040086EF64F088EF64F06EEF64F012009EEC42
:10C9140069F067EC69F0EFEC68F07CEC69F0020117
:10C92400949FD3EC68F002019B919B95948F050E24
:10C93400E82EFED700000000000000000000000008
:10C94400000002019A919A959B85120063C569F5CE
:10C9540064C56AF5B6EF64F069C5D9F46AC5DAF45A
:10C9640065C5DFF4694B6A2B05016707D8A0680722
:10C97400672906E16829D8A4C2EF64F0C4EF64F023
:10C98400AEEF64F012000501676F67C5ECF30301B5
:10C99400F39DF381F3B1D1EF64F0D3EF64F0CCEF06
:10C9A40064F0EB510501666F656B0301EA51050103
:10C9B4006525636F0301000E05016621646F120093
:10C9C40005016351641165116611D8B4ECEF64F08C
:10C9D400EEEF64F0F6EF64F0000E631B000E641BD0
:10C9E400000E651B800E661B63C563F564C564F5A4
:10C9F40065C565F566C566F51200B5EC68F0B0EC82
:10CA040055F077EC5EF04BEC67F036EC62F0D2EC6C
:10CA140066F0BDEC66F06CEC69F045EC61F089EC15
:10CA240069F042EC5EF00DEC5EF043EC5AF019EC68
:10CA34005CF0120005017C6F7CC56BF505016C6B25
:10CA4400DC0E6D6F070E6E6F78C56FF5C4EC4DF09C
:10CA5400680E05017B6FE40EE82EFED77B2FFCD712
:10CA64000000DC0E0501786F070E796F1200355057
:10CA74003610D8B440EF65F042EF65F04FEF65F043
:10CA840035505DEC69F03B50D8B44BEF65F04DEF99
:10CA940065F04FEF65F08FEC69F03150312462ECB2
:10CAA40069F092EC69F01200200E0501FD615DEF62
:10CAB40065F05FEF65F071EF65F0200E4C24D96EE0
:10CAC400DA6A090EDA22DF500201A36F4C281F0B29
:10CAD400286E28C54CF50501FD2B72EF65F0A29276
:10CAE40012001BC521F51CC522F581EF65F021C597
:10CAF400D9F422C5DAF41DC5DFF4214A222A1F061F
:10CB0400D8A020061F2806E12028D8A48CEF65F0C1
:10CB14008EEF65F079EF65F0120005016ABF95EFBD
:10CB240065F097EF65F09DEF65F069C569F56AC535
:10CB34006AF5A9EF65F069C56BF56AC56CF56B1FFD
:10CB44006C1F6B4B6C2B6BC569F56CC56AF51200D9
:10CB54000CC7E4F50DC7E5F50EC7E6F50FC7E7F515
:10CB6400E0C5E4F5E1C5E5F5E2C5E6F5E3C5E7F5BD
:10CB74000501E79FE4C5E0F5E5C5E1F5E6C5E2F5A5
:10CB8400E7C5E3F512005F04D8B4CBEF65F0CDEF51
:10CB940065F0CFEF65F0DEEF65F00501FE51D8A436
:10CBA400D6EF65F0D8EF65F0DAEF65F0DEEF65F00B
:10CBB40084EC45F070EC4FF01200000E4A24D96E5C
:10CBC400DA6A090EDA22DF501C6E4A281F0B1B6E2C
:10CBD4001BC54AF5A2904950D8B4F3EF65F0F5EFC0
:10CBE40065F0F6EF65F04906A2801C501200FFECD8
:10CBF40064F0D68ED68C5DEC66F07A0E0601A16FD9
:10CC0400C10EA06F810EE82EFED7A02FFCD7A12F56
:10CC1400FAD700D02AEC5DF00CEF66F081EF18F043
:10CC24000601AE51AF11B011D8B41BEF66F01DEF81
:10CC340066F02AEF66F002D82AEF66F00500FA6E75
:10CC4400AE51FD6EAF51FE6EB051FF6EFA50120040
:10CC5400120007016C516D116E11D8B434EF66F0F7
:10CC640036EF66F043EF66F002D843EF66F0050056
:10CC7400FA6E6C51FD6E6D51FE6E6E51FF6EFA5080
:10CC840012001200070169516A116B11D8B44DEFFB
:10CC940066F04FEF66F05CEF66F002D85CEF66F08A
:10CCA4000500FA6E6951FD6E6A51FE6E6B51FF6E9E
:10CCB400FA5012001200F2EC67F0C9EC68F0BFEC15
:10CCC40068F0EDEC52F00FEC5FF097EC61F0340E8D
:10CCD4000501636FB30E646F000E656F44EC69F079
:10CCE4006EEC61F012000501C36FC3C56BF505015D
:10CCF4006C6BBFC56DF5C0C56EF5C1C56FF506ECAF
:10CD040052F0D00E0501C26FC90EE82EFED7C22F15
:10CD1400FCD700D0120065C545F063C566F564C54F
:10CD240067F565C568F567C566F568C567F5050106
:10CD3400686B66510001446F63C543F0F80E4117F8
:10CD4400408146511200010E0501636F3050D8A492
:10CD5400AEEF66F0B0EF66F0BAEF66F0020198AF9E
:10CD6400B6EF66F0B8EF66F0BAEF66F00501636BF4
:10CD7400050163511200010E0301326F316B336BF5
:10CD84001F0E2F6F2E6B840E0701E16FD30EE26F1F
:10CD9400000EE36FB996A986DF0E0301306F12000F
:10CDA400010E0301266F256B276B1F0E236F226B69
:10CDB4009E0E0701EA6FD30EEB6F000EEC6FB19677
:10CDC400A186DF0E0301246F1200690E0601716F44
:10CDD400060E726F000E5F6F000E606F67C661F61D
:10CDE40068C662F6710E636F060E646F4AEC60F0FB
:10CDF40012000501636F050163A103EF67F005EFFE
:10CE040067F006EF67F0C08E63A30BEF67F00DEFDA
:10CE140067F00EEF67F0BE8A12000501636F05012B
:10CE240063A117EF67F019EF67F01AEF67F0C18A93
:10CE340063A31FEF67F021EF67F022EF67F0C38071
:10CE440012000501636F050163A12BEF67F02DEF5D
:10CE540067F02EEF67F0C09E63A333EF67F035EF02
:10CE640067F036EF67F0BE9A12000501636F0501A3
:10CE740063A13FEF67F041EF67F042EF67F0C19ABB
:10CE840063A347EF67F049EF67F04AEF67F0C39099
:10CE940012003D0E0301196F186B570E1B6F9C0E89
:10CEA4000701ED6FD30EEE6F000EEF6FB19EA18EF2
:10CEB400810E03011A6F120039503A10D8B465EF8D
:10CEC40067F067EF67F06AEF67F039505DEC69F07F
:10CED400D880313462EC69F092EC69F01200395078
:10CEE4003A10D8B478EF67F07AEF67F07DEF67F027
:10CEF400395074EC69F0D880313470EC69F095ECF9
:10CF040069F0120098EC69F09BEC69F00009D8B460
:10CF14008EEF67F090EF67F096EF67F0000E74EC19
:10CF240069F0000E78EC69F01200306A000E326E7F
:10CF34003168000E336E000E346E000E376E000E34
:10CF4400386E9EEC69F067EC69F07CEC69F01200D5
:10CF54000501635164116511D8B4B3EF67F0B5EFFF
:10CF640067F0BBEF67F063C560F764C561F765C53B
:10CF740062F712000501635164116511D8B4C5EF5D
:10CF840067F0C7EF67F0CDEF67F063C563F764C57B
:10CF940064F765C565F712000501635164116511F5
:10CFA400D8B4D7EF67F0D9EF67F0DFEF67F063C568
:10CFB40066F764C567F765C568F712000501635134
:10CFC40064116511D8B4E9EF67F0EBEF67F0F1EFA6
:10CFD40067F063C554F764C555F765C556F7120085
:10CFE400B9EC69F0BBEC69F0010E37EC67F0020EA6
:10CFF40037EC67F0010E23EC67F0020E23EC67F0C8
:02D00400120018
:10D00800D8C42DF5A1EC69F037C5D9F438C5DAF4E0
:10D01800DF6E374A382A2DC5D8F41100D8C42FF549
:10D0280033C5D9F434C5DAF4334A342ADF5078ECFE
:10D0380069F02FC5D8F41100000141AF26EF68F060
:10D0480028EF68F02BEF68F0010E2CEF68F0000E67
:10D0580012000501FD51D8A434EF68F037EF68F0ED
:0AD06800010E38EF68F0000E120010
:10D07400FAC409F5FBC40AF5AF9012EC66F00AC5D0
:10D08400FBF409C5FAF41100FAC40BF5FBC40CF562
:10D09400B4902BEC66F00CC5FBF40BC5FAF411004C
:10D0A400FAC40DF5FBC40EF5B89044EC66F00EC559
:10D0B400FBF40DC5FAF41100000140B164EF68F00F
:10D0C40067EF68F0010E68EF68F0000E12000201CD
:10D0D40095BB6FEF68F072EF68F0010E73EF68F0C4
:10D0E400000E1200020198B77AEF68F07DEF68F045
:10D0F400010E7EEF68F0000E1200020197BD85EF6D
:10D1040068F088EF68F0010E89EF68F0000E1200F5
:10D11400020197BB90EF68F093EF68F0010E94EF73
:10D1240068F0000E1200020198A79BEF68F09EEFD2
:10D1340068F0010E9FEF68F0000E1200FAC426F5A5
:10D14400FBC427F553EC46F027C5FBF426C5FAF4D7
:10D154001100A584A586A580A58202019B859B83D9
:10D164009B8F97811200600E0001AD6FAF6BB36BA4
:10D17400080EB16FB06BAC6B1200BA0E0501636F91
:10D18400BD0E646F000E656FE0EC67F01200560E82
:10D194000501636FBD0E646F000E656F3DEC69F0B1
:10D1A4001200A584A586A580A58202019B859B8388
:10D1B4009B8F978112003DC563F53EC564F53FC55D
:10D1C40065F540C566F512003DC51BF53EC51CF569
:10D1D4003FC51DF540C51EF51200A594A596A59062
:10D1E400A59202019B6B976B1200060504030201D2
:10D1F40001000000C000000263C5B4F664C5B5F6C2
:10D2040065C5B6F6120063C5B7F664C5B8F665C55C
:10D21400B9F6120063C5B1F664C5B2F665C5B3F6D6
:10D22400120063C5BDF664C5BEF665C5BFF612003F
:10D2340063C5C0F664C5C1F665C5C2F6120063C510
:10D24400BAF664C5BBF665C5BCF6120063C569F7DA
:10D2540064C56AF765C56BF7120063C56CF764C5EE
:10D264006DF765C56EF7120063C5AEF664C5AFF61B
:10D2740065C5B0F6120063C5EDF764C5EEF765C584
:10D28400EFF7120063C5C3F664C5C4F665C5C5F6F9
:10D294001200050164514E6E63C54FF5120063C55B
:10D2A40089F4050164518A6E120063C57AF405019C
:10D2B40064517B6E12000501636F63C58DF2120029
:10D2C4000501636F63C58FF212000201979B979D5E
:10D2D40097991200C30E0301D76F1200296E29C556
:10D2E4008FF212002B6E2BC58DF212002E6E2EC5FE
:10D2F4008CF212000201996B99851200E6EC3AF067
:10D30400120021EC32F012004E6A4F6A12008CECCB
:10D3140069F012000001419F12000201948D120075
:10D324000201948B12000201948B12000201949D5D
:10D33400120002018D51120002019A6B12000201C7
:10D344008B51120056EC65F0110001050101A29009
:10D354001200A2801200C1921200C1821200C18682
:10D364001200C38A12008784120078841200C196C6
:06D374001200C39A120032
:10D37C00AF941100B09011001200120012001200B4
:06D38C0012001200120065
:10D3940011001200120012001200120012001200FA
:04D3A4001200120061
:020000040030CA
:080000008FFFEFFF9FFFFFFFE0
:01000900FFF7
:00000001FF
