:0430000081EF18F054
:10300800B02FB02FB02FB02F400CB02F400CB02FE6
:10301800EA2EB02FA92FB02FB02FB02FB02FB02F7E
:10302800AA2F400C400C400CB02FB02FB02FB02F5F
:10303800B02FB02FB02FAD2CAD2BB02FB02F9C2CB4
:103048001D2F9F2FB02FB02F400C400CB02FB02F4A
:10305800B02FB02FB02F400CB02FB02F7A2C6A278A
:10306800F02EB02FB02FB02FB02FB02FB02FB02F21
:10307800C32ECA2EE028B026400CB02F8B2C9727E1
:10308800B02FB02FB02FB02FB02FB02FB02FB02F40
:10309800B02FB02FB02FB02F400CB02F400C400CE9
:1030A800F62EB02FB02FB02FB02FB02FB02FB02FDB
:1030B800B02FB02FB02FFB2BB02FB02FB02FB02FC9
:1030C800B02FB02FB02FB02FB02FB02FB02FB02F00
:1030D800B02FB02FB02FB02FB02FB02FB02FB02FF0
:1030E800400CB02FB02FB02F400C400C400C400CBF
:1030F800B02FB02FB02FB02FFF0066EF49F00000BF
:10310800C0C101C30302C2C60607C705C5C404CCB3
:103118000C0DCD0FCFCE0E0ACACB0BC90908C8D8E3
:103128001819D91BDBDA1A1EDEDF1FDD1D1CDC14A3
:10313800D4D515D71716D6D21213D311D1D010F073
:103148003031F133F3F23236F6F737F53534F43CF3
:10315800FCFD3DFF3F3EFEFA3A3BFB39F9F83828C3
:10316800E8E929EB2B2AEAEE2E2FEF2DEDEC2CE4E3
:103178002425E527E7E62622E2E323E12120E0A053
:103188006061A163A3A26266A6A767A56564A46C33
:10319800ACAD6DAF6F6EAEAA6A6BAB69A9A8687863
:1031A800B8B979BB7B7ABABE7E7FBF7DBDBC7CB423
:1031B8007475B577B7B67672B2B373B17170B05033
:1031C8009091519353529296565797559594549C73
:1031D8005C5D9D5F9F9E5E5A9A9B5B995958988843
:1031E8004849894B8B8A4A4E8E8F4F8D4D4C8C4463
:1031F80084854587474686824243834181804000D3
:10320800C1814001C0804101C0804100C1814001AD
:10321800C0804100C1814000C1814001C08041019E
:10322800C0804100C1814000C1814001C08041008F
:10323800C1814001C0804101C0804100C18140017D
:10324800C0804100C1814000C1814001C08041006F
:10325800C1814001C0804101C0804100C18140005E
:10326800C1814001C0804101C0804100C18140014D
:10327800C0804100C1814000C1814001C08041013E
:10328800C0804100C1814000C1814001C08041002F
:10329800C1814001C0804101C0804100C18140001E
:1032A800C1814001C0804101C0804100C18140010D
:1032B800C0804100C1814000C1814001C0804100FF
:1032C800C1814001C0804101C0804100C1814001ED
:1032D800C0804100C1814000C1814001C0804101DE
:1032E800C0804100C1814000C1814001C0804100CF
:1032F800C1814001C0804101C0804100C1814000BE
:10330800C0C101C30302C2C60607C705C5C404CCB1
:103318000C0DCD0FCFCE0E0ACACB0BC90908C8D8E1
:103328001819D91BDBDA1A1EDEDF1FDD1D1CDC14A1
:10333800D4D515D71716D6D21213D311D1D010F071
:103348003031F133F3F23236F6F737F53534F43CF1
:10335800FCFD3DFF3F3EFEFA3A3BFB39F9F83828C1
:10336800E8E929EB2B2AEAEE2E2FEF2DEDEC2CE4E1
:103378002425E527E7E62622E2E323E12120E0A051
:103388006061A163A3A26266A6A767A56564A46C31
:10339800ACAD6DAF6F6EAEAA6A6BAB69A9A8687861
:1033A800B8B979BB7B7ABABE7E7FBF7DBDBC7CB421
:1033B8007475B577B7B67672B2B373B17170B05031
:1033C8009091519353529296565797559594549C71
:1033D8005C5D9D5F9F9E5E5A9A9B5B995958988841
:1033E8004849894B8B8A4A4E8E8F4F8D4D4C8C4461
:1033F80084854587474686824243834181804000D1
:10340800C1814001C0804101C0804100C1814001AB
:10341800C0804100C1814000C1814001C08041019C
:10342800C0804100C1814000C1814001C08041008D
:10343800C1814001C0804101C0804100C18140017B
:10344800C0804100C1814000C1814001C08041006D
:10345800C1814001C0804101C0804100C18140005C
:10346800C1814001C0804101C0804100C18140014B
:10347800C0804100C1814000C1814001C08041013C
:10348800C0804100C1814000C1814001C08041002D
:10349800C1814001C0804101C0804100C18140001C
:1034A800C1814001C0804101C0804100C18140010B
:1034B800C0804100C1814000C1814001C0804100FD
:1034C800C1814001C0804101C0804100C1814001EB
:1034D800C0804100C1814000C1814001C0804101DC
:1034E800C0804100C1814000C1814001C0804100CD
:1034F800C1814001C0804101C0804100C1814000BC
:10350800C0C101C30302C2C60607C705C5C404CCAF
:103518000C0DCD0FCFCE0E0ACACB0BC90908C8D8DF
:103528001819D91BDBDA1A1EDEDF1FDD1D1CDC149F
:10353800D4D515D71716D6D21213D311D1D010F06F
:103548003031F133F3F23236F6F737F53534F43CEF
:10355800FCFD3DFF3F3EFEFA3A3BFB39F9F83828BF
:10356800E8E929EB2B2AEAEE2E2FEF2DEDEC2CE4DF
:103578002425E527E7E62622E2E323E12120E0A04F
:103588006061A163A3A26266A6A767A56564A46C2F
:10359800ACAD6DAF6F6EAEAA6A6BAB69A9A868785F
:1035A800B8B979BB7B7ABABE7E7FBF7DBDBC7CB41F
:1035B8007475B577B7B67672B2B373B17170B0502F
:1035C8009091519353529296565797559594549C6F
:1035D8005C5D9D5F9F9E5E5A9A9B5B99595898883F
:1035E8004849894B8B8A4A4E8E8F4F8D4D4C8C445F
:1035F80084854587474686824243834181804000CF
:10360800C1814001C0804101C0804100C1814001A9
:10361800C0804100C1814000C1814001C08041019A
:10362800C0804100C1814000C1814001C08041008B
:10363800C1814001C0804101C0804100C181400179
:10364800C0804100C1814000C1814001C08041006B
:10365800C1814001C0804101C0804100C18140005A
:10366800C1814001C0804101C0804100C181400149
:10367800C0804100C1814000C1814001C08041013A
:10368800C0804100C1814000C1814001C08041002B
:10369800C1814001C0804101C0804100C18140001A
:1036A800C1814001C0804101C0804100C181400109
:1036B800C0804100C1814000C1814001C0804100FB
:1036C800C1814001C0804101C0804100C1814001E9
:1036D800C0804100C1814000C1814001C0804101DA
:1036E800C0804100C1814000C1814001C0804100CB
:1036F800C1814001C0804101C0804100C1814000BA
:10370800C0C101C30302C2C60607C705C5C404CCAD
:103718000C0DCD0FCFCE0E0ACACB0BC90908C8D8DD
:103728001819D91BDBDA1A1EDEDF1FDD1D1CDC149D
:10373800D4D515D71716D6D21213D311D1D010F06D
:103748003031F133F3F23236F6F737F53534F43CED
:10375800FCFD3DFF3F3EFEFA3A3BFB39F9F83828BD
:10376800E8E929EB2B2AEAEE2E2FEF2DEDEC2CE4DD
:103778002425E527E7E62622E2E323E12120E0A04D
:103788006061A163A3A26266A6A767A56564A46C2D
:10379800ACAD6DAF6F6EAEAA6A6BAB69A9A868785D
:1037A800B8B979BB7B7ABABE7E7FBF7DBDBC7CB41D
:1037B8007475B577B7B67672B2B373B17170B0502D
:1037C8009091519353529296565797559594549C6D
:1037D8005C5D9D5F9F9E5E5A9A9B5B99595898883D
:1037E8004849894B8B8A4A4E8E8F4F8D4D4C8C445D
:1037F80084854587474686824243834181804000CD
:10380800C1814001C0804101C0804100C1814001A7
:10381800C0804100C1814000C1814001C080410198
:10382800C0804100C1814000C1814001C080410089
:10383800C1814001C0804101C0804100C181400177
:10384800C0804100C1814000C1814001C080410069
:10385800C1814001C0804101C0804100C181400058
:10386800C1814001C0804101C0804100C181400147
:10387800C0804100C1814000C1814001C080410138
:10388800C0804100C1814000C1814001C080410029
:10389800C1814001C0804101C0804100C181400018
:1038A800C1814001C0804101C0804100C181400107
:1038B800C0804100C1814000C1814001C0804100F9
:1038C800C1814001C0804101C0804100C1814001E7
:1038D800C0804100C1814000C1814001C0804101D8
:1038E800C0804100C1814000C1814001C0804100C9
:1038F800C1814001C0804101C0804100C1814000B8
:10390800C0C101C30302C2C60607C705C5C404CCAB
:103918000C0DCD0FCFCE0E0ACACB0BC90908C8D8DB
:103928001819D91BDBDA1A1EDEDF1FDD1D1CDC149B
:10393800D4D515D71716D6D21213D311D1D010F06B
:103948003031F133F3F23236F6F737F53534F43CEB
:10395800FCFD3DFF3F3EFEFA3A3BFB39F9F83828BB
:10396800E8E929EB2B2AEAEE2E2FEF2DEDEC2CE4DB
:103978002425E527E7E62622E2E323E12120E0A04B
:103988006061A163A3A26266A6A767A56564A46C2B
:10399800ACAD6DAF6F6EAEAA6A6BAB69A9A868785B
:1039A800B8B979BB7B7ABABE7E7FBF7DBDBC7CB41B
:1039B8007475B577B7B67672B2B373B17170B0502B
:1039C8009091519353529296565797559594549C6B
:1039D8005C5D9D5F9F9E5E5A9A9B5B99595898883B
:1039E8004849894B8B8A4A4E8E8F4F8D4D4C8C445B
:1039F80084854587474686824243834181804000CB
:103A0800C1814001C0804101C0804100C1814001A5
:103A1800C0804100C1814000C1814001C080410196
:103A2800C0804100C1814000C1814001C080410087
:103A3800C1814001C0804101C0804100C181400175
:103A4800C0804100C1814000C1814001C080410067
:103A5800C1814001C0804101C0804100C181400056
:103A6800C1814001C0804101C0804100C181400145
:103A7800C0804100C1814000C1814001C080410136
:103A8800C0804100C1814000C1814001C080410027
:103A9800C1814001C0804101C0804100C181400016
:103AA800C1814001C0804101C0804100C181400105
:103AB800C0804100C1814000C1814001C0804100F7
:103AC800C1814001C0804101C0804100C1814001E5
:103AD800C0804100C1814000C1814001C0804101D6
:103AE800C0804100C1814000C1814001C0804100C7
:103AF800C1814001C0804101C0804100C1814000B6
:103B0800C0C101C30302C2C60607C705C5C404CCA9
:103B18000C0DCD0FCFCE0E0ACACB0BC90908C8D8D9
:103B28001819D91BDBDA1A1EDEDF1FDD1D1CDC1499
:103B3800D4D515D71716D6D21213D311D1D010F069
:103B48003031F133F3F23236F6F737F53534F43CE9
:103B5800FCFD3DFF3F3EFEFA3A3BFB39F9F83828B9
:103B6800E8E929EB2B2AEAEE2E2FEF2DEDEC2CE4D9
:103B78002425E527E7E62622E2E323E12120E0A049
:103B88006061A163A3A26266A6A767A56564A46C29
:103B9800ACAD6DAF6F6EAEAA6A6BAB69A9A8687859
:103BA800B8B979BB7B7ABABE7E7FBF7DBDBC7CB419
:103BB8007475B577B7B67672B2B373B17170B05029
:103BC8009091519353529296565797559594549C69
:103BD8005C5D9D5F9F9E5E5A9A9B5B995958988839
:103BE8004849894B8B8A4A4E8E8F4F8D4D4C8C4459
:103BF80084854587474686824243834181804000C9
:103C0800C1814001C0804101C0804100C1814001A3
:103C1800C0804100C1814000C1814001C080410194
:103C2800C0804100C1814000C1814001C080410085
:103C3800C1814001C0804101C0804100C181400173
:103C4800C0804100C1814000C1814001C080410065
:103C5800C1814001C0804101C0804100C181400054
:103C6800C1814001C0804101C0804100C181400143
:103C7800C0804100C1814000C1814001C080410134
:103C8800C0804100C1814000C1814001C080410025
:103C9800C1814001C0804101C0804100C181400014
:103CA800C1814001C0804101C0804100C181400103
:103CB800C0804100C1814000C1814001C0804100F5
:103CC800C1814001C0804101C0804100C1814001E3
:103CD800C0804100C1814000C1814001C0804101D4
:103CE800C0804100C1814000C1814001C0804100C5
:103CF800C1814001C0804101C0804100C18140684C
:103D0800A0000000002CB60052AF0000000090BBDD
:103D1800000000000000000000000000000000009B
:103D2800000000000000000000000000000000008B
:103D380000000000005EBA000000003ABA0016BA9F
:103D480000F2B900000000BEAD00000000C2AB00E8
:103D58001AAC00000000000000000000E8B70000F6
:0D3D6800000000000025303258002000004F
:103D7600A1C674F5A2C675F5A3C676F5A4C677F5F1
:103D8600A5C678F5A6C679F5A7C67AF5A8C67BF5C1
:103D960065EC58F074C5C9F675C5CAF676C5CBF696
:103DA60077C5CCF6C9C67CF5CAC67DF5CBC67EF509
:103DB600CCC67FF5E1EC5AF07CC5D1F67DC5D2F6CE
:103DC6007EC5D3F67FC5D4F6060120EE05F09F51D9
:103DD600D926A051DA22DEC4CDF6DEC4CEF6DEC484
:103DE600CFF6DEC4D0F6000E0501D96F000EDA6FED
:103DF600480EDB6F420EDC6FD1C6DDF5D2C6DEF5AE
:103E0600D3C6DFF5D4C6E0F502EC47F00501D8B01D
:103E16000FEF1FF011EF1FF02DEF1FF0CDC6C0F50D
:103E2600CEC6C1F5CFC6C2F5D0C6C3F5CD0EC46F9A
:103E3600CC0EC56FCC0EC66F3D0EC76F79EC28F061
:103E4600C0C5CDF6C1C5CEF6C2C5CFF6C3C5D0F640
:103E560097EF1FF0000ED96F000EDA6FA00EDB6F22
:103E6600410EDC6FD1C6DDF5D2C6DEF5D3C6DFF571
:103E7600D4C6E0F502EC47F00501D8B045EF1FF0D7
:103E860047EF1FF063EF1FF0CDC6C0F5CEC6C1F5F4
:103E9600CFC6C2F5D0C6C3F59A0EC46F990EC56FCC
:103EA600990EC66F3E0EC76F79EC28F0C0C5CDF6E9
:103EB600C1C5CEF6C2C5CFF6C3C5D0F697EF1FF083
:103EC600D1C6D9F5D2C6DAF5D3C6DBF5D4C6DCF54C
:103ED600000EDD6F000EDE6FA00EDF6F400EE06F8E
:103EE60002EC47F00501D8B07BEF1FF07DEF1FF025
:103EF60097EF1FF0CDC6C0F5CEC6C1F5CFC6C2F549
:103F0600D0C6C3F5000EC46F000EC56F000EC66F97
:103F1600400EC76F79EC28F0C0C5CDF6C1C5CEF608
:103F2600C2C5CFF6C3C5D0F6060120EE01F09F51FB
:103F3600D926A051DA22DEC4C0F5DEC4C1F5DEC43E
:103F4600C2F5DEC4C3F5C9C6C4F5CAC6C5F5CBC637
:103F5600C6F5CCC6C7F579EC28F0C0C5A9F6C1C52B
:103F6600AAF6C2C5ABF6C3C5ACF6D1C6D9F5D2C65C
:103F7600DAF5D3C6DBF5D4C6DCF5000E0501DD6F38
:103F8600000EDE6F480EDF6F420EE06F02EC47F068
:103F96000501D8B0D1EF1FF0D3EF1FF0B7EF21F036
:103FA600C9C6D5F6CAC6D6F6CBC6D7F6CCC6D8F697
:103FB600000ED96F000EDA6FF00EDB6F410EDC6F6C
:103FC600D1C6DDF5D2C6DEF5D3C6DFF5D4C6E0F53B
:103FD60002EC47F00501D8B0F3EF1FF0F5EF1FF044
:103FE6003EEF20F0000ED96F000EDA6F200EDB6F69
:103FF600420EDC6FD5C6DDF5D6C6DEF5D7C6DFF5D3
:10400600D8C6E0F502EC47F00501D8B00DEF20F078
:104016000FEF20F018EF20F0000E0601D56F000E0E
:10402600D66F200ED76F420ED86FD5C6D9F5D6C635
:10403600DAF5D7C6DBF5D8C6DCF5000E0501DD6F6F
:10404600000EDE6F200EDF6FC20EE06F02EC47F04F
:104056000501D8B031EF20F033EF20F013EF21F057
:10406600000E0601D56F000ED66F200ED76FC20E5A
:10407600D86F13EF21F0000ED96F000EDA6F200E05
:10408600DB6F410EDC6FD1C6DDF5D2C6DEF5D3C6D9
:10409600DFF5D4C6E0F502EC47F00501D8B056EFDF
:1040A60020F058EF20F0CCEF20F0D1C6C0F5D2C6F4
:1040B600C1F5D3C6C2F5D4C6C3F5CD0EC46FCC0EBA
:1040C600C56F4C0EC66F3F0EC76F79EC28F0C0C5A2
:1040D600C1F6C1C5C2F6C2C5C3F6C3C5C4F6C1C6DC
:1040E600D9F5C2C6DAF5C3C6DBF5C4C6DCF5D5C656
:1040F600DDF5D6C6DEF5D7C6DFF5D8C6E0F502ECA7
:1041060047F00501D8B08AEF20F08CEF20F094EF4D
:1041160020F0C1C6D5F6C2C6D6F6C3C6D7F6C4C603
:10412600D8F6D5C6D9F5D6C6DAF5D7C6DBF5D8C6DC
:10413600DCF5C1C664F5C2C665F5C3C666F5C4C678
:1041460067F517EC5AF064C5DDF565C5DEF566C59D
:10415600DFF567C5E0F502EC47F00501D8B0B6EF2C
:1041660020F0B8EF20F013EF21F0C1C664F5C2C607
:1041760065F5C3C666F5C4C667F517EC5AF064C59F
:10418600D5F665C5D6F666C5D7F667C5D8F613EF74
:1041960021F0000ED96F000EDA6FA00EDB6F400E15
:1041A600DC6FD5C6DDF5D6C6DEF5D7C6DFF5D8C6D3
:1041B600E0F502EC47F00501D8B0E4EF20F0E6EFB9
:1041C60020F0EFEF20F0000E0601D56F000ED66F3F
:1041D600A00ED76F400ED86FD5C6D9F5D6C6DAF57C
:1041E600D7C6DBF5D8C6DCF5000E0501DD6F000E7F
:1041F600DE6FA00EDF6FC00EE06F02EC47F0050128
:10420600D8B008EF21F00AEF21F013EF21F0000EED
:104216000601D56F000ED66FA00ED76FC00ED86FF1
:10422600D5C6C0F5D6C6C1F5D7C6C2F5D8C6C3F53C
:10423600060120EE05F09F51D926A051DA22DEC4F0
:10424600ABF5DEC4ACF5DEC4ADF5DEC4AEF5CDC669
:10425600A7F5CEC6A8F5CFC6A9F5D0C6AAF54AECED
:104266002EF0A7C5C4F5A8C5C5F5A9C5C6F5AAC546
:10427600C7F579EC28F0C0C5D5F6C1C5D6F6C2C5D6
:10428600D7F6C3C5D8F6060120EE1DF09F51D926F4
:10429600A051DA22DEC464F5DEC465F5DEC466F537
:1042A600DEC467F5D5C668F5D6C669F5D7C66AF51C
:1042B600D8C66BF5C5EC23F0060120EE1DF09F5124
:1042C600D926A051DA22050164C5DEF465C5DEF4FF
:1042D60066C5DEF467C5DEF4060120EE11F09F51D7
:1042E600D926A051DA22DEC493F6DEC494F6DEC4E3
:1042F60095F6DEC496F620EE1DF09F51D926A05104
:10430600DA22DEC48BF6DEC48CF6DEC48DF6DEC49D
:104316008EF620EE0DF09F51D926A051DA22DEC48A
:104326008FF6DEC490F6DEC491F6DEC492F684EC17
:1043360041F08BC697F68CC698F68DC699F68EC652
:104346009AF618EC42F0060120EE1DF09F51D92690
:10435600A051DA2293C6DEF494C6DEF495C6DEF4E6
:1043660096C6DEF4C6EF21F0060120EE1DF09F5141
:10437600D926A051DA22000EDE6E000EDE6E000E89
:10438600DE6E000EDD6E20EE1DF09F51D926A05187
:10439600DA22DEC4C0F5DEC4C1F5DEC4C2F5DEC471
:1043A600C3F5CDC6C4F5CEC6C5F5CFC6C6F5D0C6CF
:1043B600C7F579EC28F0C0C5ADF6C1C5AEF6C2C5E5
:1043C600AFF6C3C5B0F6060120EE21F09F51D926FF
:1043D600A051DA22DEC478F5DEC479F5DEC47AF5BA
:1043E600DEC47BF5C9C674F5CAC675F5CBC676F5C7
:1043F600CCC677F565EC58F074C5C0F575C5C1F542
:1044060076C5C2F577C5C3F5060120EE09F09F51C2
:10441600D926A051DA22DEC4C4F5DEC4C5F5DEC451
:10442600C6F5DEC4C7F579EC28F0C0C5BDF6C1C532
:10443600BEF6C2C5BFF6C3C5C0F6330E0501C46FCE
:10444600330EC56F330EC66F3F0EC76FBDC6C0F5C0
:10445600BEC6C1F5BFC6C2F5C0C6C3F579EC28F025
:10446600C0C564F5C1C565F5C2C566F5C3C567F5C2
:104476009A0E0501C46F990EC56F990EC66F3E0E52
:10448600C76F22C7C0F523C7C1F524C7C2F525C724
:10449600C3F579EC28F0C0C568F5C1C569F5C2C594
:1044A6006AF5C3C56BF5C5EC23F064C5BDF665C5F5
:1044B600BEF666C5BFF667C5C0F6BDC622F7BEC660
:1044C60023F7BFC624F7C0C625F7060120EE21F064
:1044D6009F51D926A051DA22C9C6DEF4CAC6DEF437
:1044E600CBC6DEF4CCC6DEF4ADC668F5AEC669F55D
:1044F600AFC66AF5B0C66BF5A9C664F5AAC665F57A
:10450600ABC666F5ACC667F5C5EC23F064C5B1F677
:1045160065C5B2F666C5B3F667C5B4F6B1C664F549
:10452600B2C665F5B3C666F5B4C667F5BDC668F529
:10453600BEC669F5BFC66AF5C0C66BF5C5EC23F005
:1045460064C5C5F665C5C6F666C5C7F667C5C8F6C9
:104556009FC6D9F4A0C6DAF4DE04D8A4B5EF22F0DB
:10456600B7EF22F038EF23F00601C8BFBFEF22F005
:10457600BDEF22F0C9EF22F0000EB56F000EB66F48
:10458600000EB76FBF0EB86FD1EF22F0000EB56FF9
:10459600000EB66F000EB76F3F0EB86FC5C668F552
:1045A600C6C669F5C7C66AF5C8C66BF5B5C664F56D
:1045B600B6C665F5B7C666F5B8C667F5C5EC23F0A9
:1045C60064C59BF665C59CF666C59DF667C59EF6F1
:1045D6005AEC44F006019B5152279C515323000E7E
:1045E6008F6F000E906F480E916F450E926F52C6F8
:1045F60099F553C69AF50501000E9ABFFF0E9B6FFB
:104606009C6F010EBBEC3BF099C58BF69AC58CF6F8
:104616009BC58DF69CC58EF684EC41F08BC697F64D
:104626008CC698F68DC699F68EC69AF6000E0601C9
:10463600936F000E946F000E956F000E966F18EC38
:1046460042F093C69BF694C69CF695C69DF696C612
:104656009EF65AEC44F09BC652F69CC653F652C6DA
:104666009FF653C6A0F6C4EF23F09FC6D9F4A0C6A2
:10467600DAF4020EDE18D8A443EF23F045EF23F058
:10468600C4EF23F00601C8BF4DEF23F04BEF23F034
:1046960057EF23F0000EB96F000EBA6F000EBB6F16
:1046A600BF0EBC6F5FEF23F0000EB96F000EBA6F3E
:1046B600000EBB6F3F0EBC6FC5C668F5C6C669F572
:1046C600C7C66AF5C8C66BF5B9C664F5BAC665F558
:1046D600BBC666F5BCC667F5C5EC23F064C59BF69C
:1046E60065C59CF666C59DF667C59EF65AEC44F010
:1046F60006019B5150279C515123000E8F6F000ECF
:10470600906F480E916F450E926F50C699F551C63F
:104716009AF50501000E9ABFFF0E9B6F9C6F010E66
:10472600BBEC3BF099C58BF69AC58CF69BC58DF60E
:104736009CC58EF684EC41F08BC697F68CC698F62F
:104746008DC699F68EC69AF6000E0601936F000E78
:10475600946F000E956F000E966F18EC42F093C69C
:104766009BF694C69CF695C69DF696C69EF65AECA2
:1047760044F09BC650F69CC651F650C69FF651C6ED
:10478600A0F6120005016751800B706F675167250F
:10479600726F66AFD1EF23F0D3EF23F0D4EF23F09F
:1047A60072817251D8B4DAEF23F0DCEF23F0F0EF28
:1047B60023F07229D8A4E2EF23F0E4EF23F0ECEF24
:1047C60023F0000E646F000E656F000E666F000E1C
:1047D600676F668F676BF8EF23F0000E646F000E4D
:1047E600656F000E666F000E676F6B51800B716F01
:1047F60070517119D8B402EF24F004EF24F005EFDC
:1048060024F0708D6B516B25716F6AAF0DEF24F03C
:104816000FEF24F010EF24F071817151D8B416EF28
:1048260024F018EF24F02CEF24F07129D8A41EEF01
:1048360024F020EF24F028EF24F0000E686F000E1D
:10484600696F000E6A6F000E6B6F6A8F6B6B34EFC9
:1048560024F0000E686F000E696F000E6A6F000E7E
:104866006B6F7251715DD8B03BEF24F03DEF24F0D1
:1048760064EF24F070AD42EF24F044EF24F046EFED
:1048860024F0800E701B72C573F571C572F573C581
:1048960071F564C573F568C564F573C568F565C5D6
:1048A60073F569C565F573C569F566C573F56AC5BA
:1048B60066F573C56AF567C573F56BC567F573C5A8
:1048C6006BF5736B725171C56CF56D6B6C5F000E99
:1048D6006D5B6DBF78EF24F06D5109E11A0E6C5DCA
:1048E600D8A078EF24F07AEF24F0B1EF24F06451E9
:1048F600651166116711D8A483EF24F086EF24F0C2
:10490600010E87EF24F0000E736F000E646F000E29
:10491600656F000E666F000E676F71C572F5BAEFB0
:1049260024F073A199EF24F09BEF24F0A1EF24F07B
:10493600D89073310109736FA3EF24F0D8907333C5
:1049460064A1A8EF24F0AAEF24F0ABEF24F0738F54
:1049560067356733663365336433722B7151725D25
:10496600D8A0B8EF24F0BAEF24F094EF24F070BD8D
:10497600BFEF24F0C1EF24F001EF25F07251D8A467
:10498600C7EF24F0C9EF24F0D3EF24F0000E646FD4
:10499600000E656F000E666F000E676F20EF26F043
:1049A60068516427695165236A5166236B516723F1
:1049B60067A1E0EF24F0E2EF24F08EEF25F073A17B
:1049C600E7EF24F0E9EF24F0EFEF24F0D89073310D
:1049D6000109736FF1EF24F0D890733364A1F6EFF9
:1049E60024F0F8EF24F0F9EF24F0738F673567337E
:1049F600663365336433722B8EEF25F06851645D40
:104A0600695165596A5166596751800A6C6F6B51D5
:104A1600800A6C59D8B012EF25F014EF25F03FEF5D
:104A260025F06451685D6C6F655169596D6F66510B
:104A36006A596E6F67516B596F6FFF0E6C25646F05
:104A4600FF0E6D21656FFF0E6E21666FFF0E6F21E3
:104A5600676F800E701B736D7351D8A435EF25F008
:104A660037EF25F047EF25F0010E6427000E65238A
:104A76006623672347EF25F06851645F6951655BDC
:104A86006A51665B6B51675B64516511661167110C
:104A9600D8A450EF25F052EF25F087EF25F073519B
:104AA600D8A458EF25F05AEF25F087EF25F0000E31
:104AB600646F000E656F000E666F000E676F20EF65
:104AC60026F0D890643765376637673773AF6EEF71
:104AD60025F070EF25F071EF25F0648173A176EF74
:104AE60025F078EF25F07CEF25F0D88073377EEF40
:104AF60025F0D89073377251D8B484EF25F086EF3D
:104B060025F087EF25F0720766AF8CEF25F08EEF64
:104B160025F064EF25F0716B73AF94EF25F096EFF7
:104B260025F0AEEF25F073C56CF57F0E6C17D8B483
:104B36009FEF25F0A1EF25F0A5EF25F0010E716F8F
:104B4600AEEF25F064A1AAEF25F0ACEF25F0AEEFAD
:104B560025F0A1EF25F07151D8B4B4EF25F0B6EFEA
:104B660025F0E1EF25F0010E6427000E652366238C
:104B7600672367A1C1EF25F0C3EF25F0E1EF25F02C
:104B860064C56CF565C56DF566C56EF567C56FF5EB
:104B96006F356F336E336D336C336CC564F56DC52D
:104BA60065F56EC566F56FC567F57229D8B4DEEF93
:104BB60025F0E0EF25F0E1EF25F0722B7229D8B44D
:104BC600E7EF25F0E9EF25F0F1EF25F07251D8A4D3
:104BD600EFEF25F0F1EF25F002EF26F0000E646FFF
:104BE600000E656F000E666F000E676F7251D8A4D7
:104BF600FFEF25F001EF26F002EF26F0706B72A1B1
:104C060007EF26F009EF26F00CEF26F0668F0DEF82
:104C160026F0669FD8907231676F70AF15EF26F059
:104C260017EF26F018EF26F0678F64C564F565C5A3
:104C360065F566C566F567C567F512000501EF6F90
:104C46001C0E0501EF19D8A42BEF26F02DEF26F048
:104C560052EF27F0010E06016A6534EF26F036EFB3
:104C660026F052EF27F0000E0501AB6F000EAC6F79
:104C76007A0EAD6F440EAE6F1C0EEAEC38F00501ED
:104C86006CC599F56DC59AF59B6B9C6B000EBBECDC
:104C96003BF099C5A7F59AC5A8F59BC5A9F59CC58E
:104CA600AAF54AEC2EF0A7C5C0F5A8C5C1F5A9C559
:104CB600C2F5AAC5C3F5000E0501C46F000EC56F87
:104CC600110EC66F430EC76F79EC28F0C0C5F4F518
:104CD600C1C5F5F5C2C5F6F5C3C5F7F5160E9CECCC
:104CE60031F08BC6F0F58CC6F1F58DC6F2F58EC6A1
:104CF600F3F5F4C5C4F5F5C5C5F5F6C5C6F5F7C5AE
:104D0600C7F5F0C5C0F5F1C5C1F5F2C5C2F5F3C5E5
:104D1600C3F579EC28F0C0C5A7F5C1C5A8F5C2C58D
:104D2600A9F5C3C5AAF5000E0501AB6F000EAC6F61
:104D36007A0EAD6F440EAE6F4AEC2EF0A7C5E7F5BE
:104D4600A8C5E8F5A9C5E9F5AAC5EAF5000E050165
:104D5600D96F000EDA6FF00EDB6F410EDC6FF4C513
:104D6600DDF5F5C5DEF5F6C5DFF5F7C5E0F502ECD0
:104D760047F00501D8A0C2EF26F0C4EF26F0CEEF2B
:104D860026F0010E0601686F000E0501E66F020EA1
:104D9600E56F78EF28F0F4C5D9F5F5C5DAF5F6C56F
:104DA600DBF5F7C5DCF5000EDD6F800EDE6F090E54
:104DB600DF6F440EE06F02EC47F00501D8B0E6EF76
:104DC60026F0E8EF26F002EF27F0000ED96F000E6E
:104DD600DA6F160EDB6F430EDC6FF4C5DDF5F5C535
:104DE600DEF5F6C5DFF5F7C5E0F502EC47F005019F
:104DF600D8A000EF27F002EF27F00CEF27F0020E05
:104E06000601686F000E0501E66F010EE56F78EF8B
:104E160028F0CD0EC46FCC0EC56F8C0EC66F3F0E3C
:104E2600C76F60C699F561C69AF59B6B9C6B000EC1
:104E3600BBEC3BF099C5C0F59AC5C1F59BC5C2F55B
:104E46009CC5C3F579EC28F0C0C5D9F5C1C5DAF51E
:104E5600C2C5DBF5C3C5DCF5E7C5DDF5E8C5DEF59E
:104E6600E9C5DFF5EAC5E0F502EC47F00501D8B083
:104E76003FEF27F041EF27F04BEF27F0030E060137
:104E8600686F000E0501E66F020EE56F78EF28F0F9
:104E9600000E0501E66F000EE56F78EF28F0110EA3
:104EA6000501EF19D8A45AEF27F05CEF27F04BEF76
:104EB60027F0010E0601696563EF27F065EF27F01D
:104EC6004BEF27F0000E0501AB6F000EAC6F7A0EAC
:104ED600AD6F440EAE6F110EEAEC38F005016CC5ED
:104EE60099F56DC59AF59B6B9C6B000EBBEC3BF080
:104EF60099C5A7F59AC5A8F59BC5A9F59CC5AAF5B8
:104F06004AEC2EF0A7C5C0F5A8C5C1F5A9C5C2F5DE
:104F1600AAC5C3F5000E0501C46F000EC56F110EBC
:104F2600C66F430EC76F79EC28F0C0C5F8F5C1C54A
:104F3600F9F5C2C5FAF5C3C5FBF5040E9CEC31F0D4
:104F46008BC6F0F58CC6F1F58DC6F2F58EC6F3F577
:104F5600F8C5C4F5F9C5C5F5FAC5C6F5FBC5C7F567
:104F6600F0C5C0F5F1C5C1F5F2C5C2F5F3C5C3F587
:104F760079EC28F0C0C5A7F5C1C5A8F5C2C5A9F545
:104F8600C3C5AAF5000E0501AB6F000EAC6F7A0E15
:104F9600AD6F440EAE6F4AEC2EF0A7C5EBF5A8C573
:104FA600ECF5A9C5EDF5AAC5EEF5000E0501D96F1C
:104FB600000EDA6FA00EDB6F410EDC6FF8C5DDF573
:104FC600F9C5DEF5FAC5DFF5FBC5E0F502EC47F0FD
:104FD6000501D8A0F1EF27F0F3EF27F0FDEF27F05A
:104FE600040E0601686F000E0501E66F020EE56FFE
:104FF60078EF28F0F8C5D9F5F9C5DAF5FAC5DBF585
:10500600FBC5DCF5000EDD6F000EDE6F960EDF6F62
:10501600430EE06F02EC47F00501D8B015EF28F01B
:1050260017EF28F031EF28F0000ED96F000EDA6F77
:10503600480EDB6F420EDC6FF8C5DDF5F9C5DEF50F
:10504600FAC5DFF5FBC5E0F502EC47F00501D8A08F
:105056002FEF28F031EF28F03BEF28F0050E060180
:10506600686F000E0501E66F010EE56F78EF28F018
:10507600CD0EC46FCC0EC56F8C0EC66F3F0EC76FBC
:105086005EC699F55FC69AF59B6B9C6B000EBBECF2
:105096003BF099C5C0F59AC5C1F59BC5C2F59CC53F
:1050A600C3F579EC28F0C0C5D9F5C1C5DAF5C2C596
:1050B600DBF5C3C5DCF5EBC5DDF5ECC5DEF5EDC509
:1050C600DFF5EEC5E0F502EC47F00501D8B06EEF6E
:1050D60028F070EF28F04BEF27F0060E0601686FF8
:1050E600000E0501E66F020EE56F12000501C351C1
:1050F600800BCC6FC351C325D26FC2AF85EF28F0AA
:1051060087EF28F088EF28F0D281D251D8B48EEFFD
:1051160028F090EF28F0A3EF28F0D229D8A496EF34
:1051260028F098EF28F0A0EF28F0000EC06F000ED0
:10513600C16F000EC26F000EC36FC28FABEF28F0B7
:10514600000EC06F000EC16F000EC26F000EC36F5F
:10515600C751800BCC1BC751C725CD6FC6AFB6EF65
:1051660028F0B8EF28F0B9EF28F0CD81CD51D8B4AA
:10517600BFEF28F0C1EF28F0D4EF28F0CD29D8A44E
:10518600C7EF28F0C9EF28F0D1EF28F0000EC46F62
:10519600000EC56F000EC66F000EC76FC68FDCEF20
:1051A60028F0000EC46F000EC56F000EC66F000E0D
:1051B600C76FCD51D8B4E2EF28F0E4EF28F0ECEF5A
:1051C60028F0D251D8A4EAEF28F0ECEF28F0F6EF59
:1051D60028F0000EC06F000EC16F000EC26F000EE9
:1051E600C36F8CEF2AF0C651C003F3C4D7F5F4C4DD
:1051F600D8F5D751CE6FCF6BD06BD16BD851D36F5B
:10520600D46BD56BD66BC551C103F3C4D7F5F4C4C3
:10521600D8F5D751CE27000ECF23D023D123D8518E
:10522600D327000ED423D523D623C451C203F3C4F7
:10523600D7F5F4C4D8F5D751CE27000ECF23D02307
:10524600D123D851D327000ED423D523D623D0C5B6
:10525600D1F5CFC5D0F5CEC5CFF5CE6BC451C103C0
:10526600F3C4D7F5F4C4D8F5D751CE27D851CF23F8
:10527600000ED023000ED123C551C003F3C4D7F5C9
:10528600F4C4D8F5D751CE27D851CF23000ED0235A
:10529600000ED123D0C5D1F5CFC5D0F5CEC5CFF5FB
:1052A600CE6BC451C003F3C4D7F5F4C4D8F5D751B7
:1052B600CE27D851CF23000ED023000ED123C651BE
:1052C600C103F3C4D7F5F4C4D8F5D751D327D851C1
:1052D600D423000ED523000ED623C551C203F3C432
:1052E600D7F5F4C4D8F5D751D327D851D423000E17
:1052F600D523000ED623C651C203F3C4D7F5F4C492
:10530600D8F5D751C86FD851C96FCA6BCB6BCAC510
:10531600CBF5C9C5CAF5C8C5C9F5C86BC851D327E9
:10532600C951D423CA51D523CB51D623CEC5C8F5EE
:10533600CFC5C9F5D0C5CAF5D1C5CBF5190EA9EFAC
:1053460029F0D890CB33CA33C933C833E82EA4EF3B
:1053560029F0C851D327C951D423CA51D523CB51DB
:10536600D623D0C5D1F5CFC5D0F5CEC5CFF5CE6BFA
:10537600CD51D2C5C8F5C96BC827000EC923820E08
:10538600C825D76FFF0EC921D86FDFEF29F0D89057
:10539600D337D437D537D637D1AFD4EF29F0D6EFB8
:1053A60029F0D7EF29F0D381D890CE37CF37D03731
:1053B600D137D707D8A0D807D5AFE4EF29F0E6EF65
:1053C60029F0CAEF29F0CD6BD1AFECEF29F0EEEF63
:1053D60029F012EF2AF0FF0ECE15C86FFF0ECF157B
:1053E600C96FFF0ED015CA6F7F0ED115CB6FC8518E
:1053F600C911CA11CB11D8B403EF2AF005EF2AF070
:1054060009EF2AF0010ECD6F12EF2AF0D3A10EEFAD
:105416002AF010EF2AF012EF2AF005EF2AF0CD510C
:10542600D8B418EF2AF01AEF2AF03EEF2AF0010E50
:10543600D327000ED423D523D623D6A125EF2AF0D1
:1054460027EF2AF03EEF2AF0D3C5C8F5D4C5C9F533
:10545600D5C5CAF5D6C5CBF5CB35CB33CA33C9339B
:10546600C833C8C5D3F5C9C5D4F5CAC5D5F5CBC5A6
:10547600D6F5D74BD82BD8BF49EF2AF0D85108E13B
:10548600D729D8A049EF2AF04BEF2AF055EF2AF09A
:10549600000ED36F000ED46F800ED56F7F0ED66FC1
:1054A60082EF2AF0D8BF62EF2AF0D85106E1D7057D
:1054B600D8B060EF2AF062EF2AF06DEF2AF0000E06
:1054C600D36F000ED46F000ED56F000ED66FCC6B67
:1054D60082EF2AF0D7C5D2F5FF0ED317FF0ED417E9
:1054E6007F0ED517000ED617D2A17CEF2AF07EEFDD
:1054F6002AF07FEF2AF0D58FD890D231D66FCC51D3
:10550600D613D3C5C0F5D4C5C1F5D5C5C2F5D6C524
:10551600C3F5120006018B518C11D8A495EF2AF021
:1055260097EF2AF0A1EF2AF0000E8B6F000E8C6F1A
:10553600000E8D6F000E8E6F6FEF2CF077EC5EF025
:1055460064C5F1F565C5F2F566C5F3F567C5F4F50D
:10555600060120EE08F08B51D9268C51DA22DEC4E2
:1055660064F5DEC465F5DEC466F5DEC467F58DC692
:1055760068F58EC669F58FC66AF590C66BF588EC38
:105586004FF00501D8B0CAEF2AF0CCEF2AF05DEF54
:105596002BF0060120EE08F08B51D9268C51DA2229
:1055A6008DC6DEF48EC6DEF48FC6DEF490C6DEF45B
:1055B6008BC6D9F48CC6DAF4DEC4D9F5DEC4DAF5C6
:1055C600DEC4DBF5DEC4DCF58DC6DDF58EC6DEF5A4
:1055D6008FC6DFF590C6E0F502EC47F00501D8B0BE
:1055E600F7EF2AF0F9EF2AF02AEF2BF08BC6D9F461
:1055F6008CC6DAF4060110EE04F08B51E1268C51CC
:10560600E222DEC4E6F4DEC4E6F4DEC4E6F4DEC47A
:10561600E6F420EE0CF08B51D9268C51DA22F1C536
:10562600DEF4F2C5DEF4F3C5DEF4F4C5DEF420EEF6
:1056360010F08B51D9268C51DA2291C6DEF492C62F
:10564600DEF493C6DEF494C6DEF45DEF2BF00601BD
:1056560020EE04F08B51D9268C51DA228DC6DEF469
:105666008EC6DEF48FC6DEF490C6DEF48BC6D9F4A1
:105676008CC6DAF48DC6DEF48EC6DEF48FC6DEF492
:1056860090C6DEF420EE0CF08B51D9268C51DA222E
:10569600F1C5DEF4F2C5DEF4F3C5DEF4F4C5DEF4DE
:1056A60020EE10F08B51D9268C51DA22DE6ADE6AA2
:1056B600DE6ADD6A060120EE10F08B51D9268C5188
:1056C600DA22DE50DE10DE10DE10D8A46DEF2BF0ED
:1056D6006FEF2BF07DEF2BF08BC6D9F48CC6DAF486
:1056E600DEC48BF6DEC48CF6DEC48DF6DEC48EF622
:1056F6006FEF2CF020EE0CF08B51D9268C51DA226C
:10570600DEC468F5DEC469F5DEC46AF5DEC46BF591
:1057160057EC52F068C5F5F569C5F6F56AC5F7F5B3
:105726006BC5F8F5060120EE10F08B51D9268C5189
:10573600DA22DE500501F55DDE50F659DE50F759E6
:10574600DE50F859D8A0AAEF2BF0ACEF2BF0CDEF36
:105756002BF0060120EE08F08B51D9268C51DA2267
:105766008BC6E1F48CC6E2F4DEC4E6F4DEC4E6F4ED
:10577600DEC4E6F4DEC4E6F48BC6D9F48CC6DAF4ED
:10578600DEC48BF6DEC48CF6DEC48DF6DEC48EF681
:105796006FEF2CF0F5C599F5F6C59AF5F7C59BF5AB
:1057A600F8C59CF5000EBBEC3BF099C5A7F59AC56C
:1057B600A8F59BC5A9F59CC5AAF5060120EE10F033
:1057C6008B51D9268C51DA22DEC499F5DEC49AF5BE
:1057D600DEC49BF5DEC49CF5000EBBEC3BF099C520
:1057E600ABF59AC5ACF59BC5ADF59CC5AEF54AECD7
:1057F6002EF0A7C5E9F5A8C5EAF5A9C5EBF5AAC532
:10580600ECF5E9C5C4F5EAC5C5F5EBC5C6F5ECC5C5
:10581600C7F5060120EE04F08B51D9268C51DA2209
:10582600DEC478F5DEC479F5DEC47AF5DEC47BF530
:1058360020EE08F08B51D9268C51DA22DEC474F59D
:10584600DEC475F5DEC476F5DEC477F565EC58F092
:1058560074C5C0F575C5C1F576C5C2F577C5C3F57E
:1058660079EC28F0C0C5EDF5C1C5EEF5C2C5EFF57A
:10587600C3C5F0F5EDC564F5EEC565F5EFC566F58E
:10588600F0C567F5060120EE04F08B51D9268C5140
:10589600DA22DEC468F5DEC469F5DEC46AF5DEC464
:1058A6006BF5C5EC23F08BC6D9F48CC6DAF405018A
:1058B60064C5DEF465C5DEF466C5DEF467C5DEF4F0
:1058C6008BC6D9F48CC6DAF4DEC48BF6DEC48CF64D
:1058D600DEC48DF6DEC48EF612002EC768F52FC71D
:1058E60069F530C76AF531C76BF557EC52F068C5F4
:1058F600E7F569C5E8F56AC5E9F56BC5EAF5030E8E
:1059060034EC5AF064C5E5F565C5E6F5000E05010B
:10591600AB6FF00EAC6F7F0EAD6F450EAE6FE5C58B
:1059260099F5E6C59AF5000E9ABFFF0E9B6F9C6F20
:10593600010EBBEC3BF099C5A7F59AC5A8F59BC52A
:10594600A9F59CC5AAF54AEC2EF0A7C5C0F5A8C5D1
:10595600C1F5A9C5C2F5AAC5C3F56F0E0501C46F89
:10596600120EC56F830EC66F400EC76F79EC28F016
:10597600C0C5EBF5C1C5ECF5C2C5EDF5C3C5EEF581
:10598600EBC532F7ECC533F7EDC534F7EEC535F7A1
:105996002AC778F52BC779F52CC77AF52DC77BF57D
:1059A600EBC574F5ECC575F5EDC576F5EEC577F581
:1059B60065EC58F074C57CF575C57DF576C57EF544
:1059C60077C57FF5E1EC5AF07CC5D9F57DC5DAF5EA
:1059D6007EC5DBF57FC5DCF5CD0E0501DD6FCC0E92
:1059E600DE6F4C0EDF6F3D0EE06F02EC47F00501F7
:1059F600D8B000EF2DF002EF2DF00EEF2DF0050ED2
:105A06000601646109EF2DF00BEF2DF010EF2DF07C
:105A1600642B10EF2DF00601646BEBC52AF7ECC57D
:105A26002BF7EDC52CF7EEC52DF73AEF2EF0676B89
:105A3600040E646521EF2DF023EF2DF049EF2EF0D3
:105A4600EBC5D9F5ECC5DAF5EDC5DBF5EEC5DCF54C
:105A5600660E0501DD6F660EDE6FE60EDF6F3F0E2A
:105A6600E06F02EC47F00501D8A03CEF2DF03EEFC9
:105A76002DF075EF2DF0EBC5D9F5ECC5DAF5EDC5D2
:105A8600DBF5EEC5DCF5CD0EDD6FCC0EDE6F0C0E54
:105A9600DF6F400EE06F02EC47F00501D8B056EF1D
:105AA6002DF058EF2DF075EF2DF0EA51E9110BE1CD
:105AB600E80EE75D030EE859D8A064EF2DF066EF17
:105AC6002DF049EF2EF0010E0601656F77EC5EF0C2
:105AD60064C52EF765C52FF766C530F767C531F77C
:105AE60049EF2EF0EBC5D9F5ECC5DAF5EDC5DBF5DA
:105AF600EEC5DCF59A0EDD6F990EDE6F190EDF6FBF
:105B0600400EE06F02EC47F00501D8A08DEF2DF0B6
:105B16008FEF2DF069EF2DF0EA51E9110BE1E80E58
:105B2600E75D030EE859D8A09BEF2DF09DEF2DF011
:105B3600A2EF2DF0020E0601656F69EF2DF049EF19
:105B46002EF0010E676F040E6465ACEF2DF0AEEF1C
:105B56002DF049EF2EF0660E0501D96F660EDA6F4D
:105B6600A60EDB6F3F0EDC6FEBC5DDF5ECC5DEF593
:105B7600EDC5DFF5EEC5E0F502EC47F00501D8A06E
:105B8600C7EF2DF0C9EF2DF0DBEF2DF0EA51E9114B
:105B96000BE1E80EE75D030EE859D8A0D5EF2DF02E
:105BA600D7EF2DF049EF2EF00601656B69EF2DF06A
:105BB600EBC5D9F5ECC5DAF5EDC5DBF5EEC5DCF5DB
:105BC6009A0EDD6F990EDE6F190EDF6F400EE06FD5
:105BD60002EC47F00501D8A0F3EF2DF0F5EF2DF01C
:105BE60069EF2DF0EA51E9110BE1E80EE75D030ECE
:105BF600E859D8A001EF2EF003EF2EF0A2EF2DF01A
:105C06009DEF2DF0020E676F040E64650DEF2EF00A
:105C16000FEF2EF049EF2EF0660E0501D96F660ED6
:105C2600DA6FA60EDB6F3F0EDC6FEBC5DDF5ECC55C
:105C3600DEF5EDC5DFF5EEC5E0F502EC47F0050152
:105C4600D8A028EF2EF02AEF2EF049EF2EF0EA51D9
:105C5600E9110BE1D00EE75D070EE859D8A036EF43
:105C66002EF038EF2EF049EF2EF0D7EF2DF06551DC
:105C7600000AD8B41AEF2DF0010AD8B4A4EF2DF01B
:105C8600030AD8B405EF2EF049EF2EF012000501F5
:105C9600AA51800BB76FAA51AA25BE6FA9AF56EFBE
:105CA6002EF058EF2EF059EF2EF0BE81BE51D8B42B
:105CB6005FEF2EF061EF2EF075EF2EF0BE29D8A41F
:105CC60067EF2EF069EF2EF071EF2EF0000EA76F42
:105CD600000EA86F000EA96F000EAA6FA98FAA6BFF
:105CE6007DEF2EF0000EA76F000EA86F000EA96FB5
:105CF600000EAA6FAE51800BB71BAE51AE25BF6F1B
:105D0600ADAF88EF2EF08AEF2EF08BEF2EF0BF812D
:105D1600BF51D8B491EF2EF093EF2EF0A7EF2EF0EF
:105D2600BF29D8A499EF2EF09BEF2EF0A3EF2EF00B
:105D3600000EAB6F000EAC6F000EAD6F000EAE6FB7
:105D4600AD8FAE6BAFEF2EF0000EAB6F000EAC6FEB
:105D5600000EAD6F000EAE6FAB51AC11AD11AE11B2
:105D6600D8A4B8EF2EF0BAEF2EF0D2EF2EF0000E38
:105D7600A76F000EA86F000EA96F000EAA6F800E07
:105D8600A9137F0EAA13B751AA13A7C5A7F5A8C5CD
:105D9600A8F5A9C5A9F5AAC5AAF512EF30F0BE5116
:105DA600D8A4D8EF2EF0DAEF2EF0E4EF2EF0000EA6
:105DB600A76F000EA86F000EA96F000EAA6F12EF54
:105DC60030F0BF51BEC5AFF5B06BAF5F000EB05B34
:105DD6007F0EAF25B86F000EB021B96FA7C5B3F51A
:105DE600A8C5B4F5A9C5B5F5AAC5B6F5000EA76F41
:105DF600000EA86F000EA96F000EAA6F000EBA6FF4
:105E0600000EBB6F000EBC6F000EBD6FBF6B44EF84
:105E16002FF0BF51D8B412EF2FF014EF2FF02BEF65
:105E26002FF0D890B337B437B537B637D890A737F1
:105E3600A837A937AA37BDAF23EF2FF025EF2FF0EC
:105E460026EF2FF0A781D890BA37BB37BC37BD37BE
:105E5600AB51B35DAC51B459AD51B559AE51B6590C
:105E6600D8A038EF2FF03AEF2FF043EF2FF0BD8D8B
:105E7600AB51B35FAC51B45BAD51B55BAE51B65BE4
:105E8600BF2B190EBF654AEF2FF04CEF2FF00CEF2A
:105E96002FF0B351B411B511B611D8B455EF2FF098
:105EA60057EF2FF06FEF2FF0BA816FEF2FF0D890EA
:105EB600A737A837A937AA37BDAF64EF2FF066EF2B
:105EC6002FF067EF2FF0A781D890BA37BB37BC37D2
:105ED600BD37B807D8A0B907A9AF74EF2FF076EF92
:105EE6002FF05AEF2FF0BF6BBDAF7CEF2FF07EEF98
:105EF6002FF0A2EF2FF0FF0EBA15AF6FFF0EBB15F6
:105F0600B06FFF0EBC15B16F7F0EBD15B26FAF51EE
:105F1600B011B111B211D8B493EF2FF095EF2FF065
:105F260099EF2FF0010EBF6FA2EF2FF0A7A19EEF02
:105F36002FF0A0EF2FF0A2EF2FF095EF2FF0BF512B
:105F4600D8B4A8EF2FF0AAEF2FF0CEEF2FF0010E66
:105F5600A727000EA823A923AA23AAA1B5EF2FF0ED
:105F6600B7EF2FF0CEEF2FF0A7C5AFF5A8C5B0F568
:105F7600A9C5B1F5AAC5B2F5B235B233B133B0335E
:105F8600AF33AFC5A7F5B0C5A8F5B1C5A9F5B2C57C
:105F9600AAF5B84BB92BB9BFD9EF2FF0B95108E123
:105FA600B829D8A0D9EF2FF0DBEF2FF0E6EF2FF0CE
:105FB600000EB96FB869000EA76F000EA86F000E2D
:105FC600A96F000EAA6FB9BFF3EF2FF0B95106E122
:105FD600B805D8B0F1EF2FF0F3EF2FF000EF30F067
:105FE600000EB96F000EB86F000EA76F000EA86FF7
:105FF600000EA96F000EAA6FB76BB8C5BEF5BEA19D
:1060060007EF30F009EF30F00CEF30F0A98F0DEF0D
:1060160030F0A99FD890BE31AA6FC6EF2EF01200BD
:106026000601AF6F77EC5EF064C5B1F665C5B2F6F2
:1060360066C5B3F667C5B4F6060120EE02F0A851B0
:10604600D926A951DA22DF50D8B42CEF30F02EEF42
:1060560030F06BEF30F020EE08F0A851D926A951A8
:10606600DA22DEC468F5DEC469F5DEC46AF5DEC48C
:106076006BF557EC52F068C5B5F669C5B6F66AC554
:10608600B7F66BC5B8F60601B851B7110BE1880E25
:10609600B55D130EB659D8A053EF30F055EF30F07A
:1060A6009BEF31F020EE02F0A851D926A951DA2251
:1060B600DF6AAAC6D9F4ABC6DAF4DF6AACC6D9F48D
:1060C600ADC6DAF4010EDF6E9BEF31F09BEF31F0D7
:1060D60020EE03F0A851D926A951DA22DF50D8B410
:1060E60077EF30F079EF30F081EF30F0AAC6D9F4CF
:1060F600ABC6DAF4010EDF6E9BEF31F0AF5121EC47
:1061060026F00501E5510601B06FB005D8A48EEF63
:1061160030F090EF30F01EEF31F0A8C6D9F4A9C6E2
:10612600DAF4DF50D8A49AEF30F09CEF30F0B2EFFB
:1061360030F020EE04F0A851D926A951DA22B1C6D2
:10614600DEF4B2C6DEF4B3C6DEF4B4C6DEF4A8C628
:10615600D9F4A9C6DAF4010EDF6E9BEF31F020EE1A
:1061660004F0A851D926A951DA22DEC468F5DEC4A6
:1061760069F5DEC46AF5DEC46BF557EC52F068C506
:10618600B5F669C5B6F66AC5B7F66BC5B8F60601C3
:10619600B851B7110BE1E90EB55D030EB659D8A09B
:1061A600D7EF30F0D9EF30F09BEF31F0AAC6D9F433
:1061B600ABC6DAF4010EDF6EACC6D9F4ADC6DAF4BE
:1061C600DF6A20EE02F0A851D926A951DA22010E83
:1061D600DF6E20EE08F0A851D926A951DA22B1C601
:1061E600DEF4B2C6DEF4B3C6DEF4B4C6DEF4A8C688
:1061F600D9F4A9C6DAF4DF6A20EE0CF0A851D92644
:10620600A951DA22DF2A20EE0CF0A851D926A9518D
:10621600DA22040EDF6412EF31F014EF31F069EF89
:1062260030F020EE03F0A851D926A951DA22010E4A
:10623600DF6E9BEF31F0020EB019D8A425EF31F0D6
:1062460027EF31F08AEF31F020EE01F0A851D92680
:10625600A951DA22DF50D8A433EF31F035EF31F00F
:106266004DEF31F020EE04F0A851D926A951DA22DB
:10627600B1C6DEF4B2C6DEF4B3C6DEF4B4C6DEF4EE
:1062860020EE01F0A851D926A951DA22010EDF6EBF
:106296009BEF31F020EE04F0A851D926A951DA225D
:1062A600DEC468F5DEC469F5DEC46AF5DEC46BF5E6
:1062B60057EC52F068C5B5F669C5B6F66AC5B7F6C5
:1062C6006BC5B8F60601B851B711B61109E1C90E8A
:1062D600B55DD8A071EF31F073EF31F09BEF31F07F
:1062E600AAC6D9F4ABC6DAF4020EDF6E20EE03F0CE
:1062F600A851D926A951DA22010EDF6E20EE01F04F
:10630600A851D926A951DA22DF6A9BEF31F0AAC635
:10631600D9F4ABC6DAF4DF6AA8C6D9F4A9C6DAF4AA
:10632600DF6A20EE01F0A851D926A951DA22DF6AE8
:1063360012000601A36F160E0601A319D8A4A6EF34
:1063460031F0A8EF31F045EF32F0160EEAEC38F0F6
:106356006CC59FF66DC5A0F6000E0501AB6FF00E7D
:10636600AC6F7F0EAD6F450EAE6F9FC699F5A0C69A
:106376009AF5000E9ABFFF0E9B6F9C6F010EBBEC49
:106386003BF099C5A7F59AC5A8F59BC5A9F59CC587
:10639600AAF54AEC2EF0A7C5C0F5A8C5C1F5A9C552
:1063A600C2F5AAC5C3F53D0E0501C46F0A0EC56F39
:1063B600830EC66F400EC76F79EC28F0C0C58FF606
:1063C600C1C590F6C2C591F6C3C592F6D60E0601B2
:1063D600936F0D0E946FA60E956F3D0E966F93C636
:1063E600C4F594C6C5F595C6C6F596C6C7F58FC657
:1063F600C0F590C6C1F591C6C2F592C6C3F579EC53
:1064060028F0C0C5A7F5C1C5A8F5C2C5A9F5C3C57D
:10641600AAF5CD0E0501AB6FCC0EAC6FCC0EAD6FF1
:106426003D0EAE6F4AEC2EF0A7C5A4F6A8C5A5F69C
:10643600A9C5A6F6AAC5A7F6A4C6D9F5A5C6DAF5CE
:10644600A6C6DBF5A7C6DCF5660E0501DD6F660E92
:10645600DE6F660EDF6F400EE06F02EC47F005015F
:10646600D8A038EF32F03AEF32F0E9EF32F0660EAC
:106476000601A46F660EA56F660EA66F400EA76F87
:10648600E9EF32F0040EA319D8A44CEF32F04EEF28
:1064960032F0E9EF32F0040EEAEC38F06CC5A1F602
:1064A6006DC5A2F6000E0501AB6FF00EAC6F7F0E48
:1064B600AD6F450EAE6FA1C699F5A2C69AF5000E50
:1064C6009ABFFF0E9B6F9C6F010EBBEC3BF099C50C
:1064D600A7F59AC5A8F59BC5A9F59CC5AAF54AECEA
:1064E6002EF0A7C5C0F5A8C5C1F5A9C5C2F5AAC5B0
:1064F600C3F56F0E0501C46F120EC56F830EC66F0E
:10650600400EC76F79EC28F0C0C597F6C1C598F65E
:10651600C2C599F6C3C59AF6420E06019B6F110EC7
:106526009C6F8A0E9D6F3D0E9E6F9BC6C4F59CC6E2
:10653600C5F59DC6C6F59EC6C7F597C6C0F598C6ED
:10654600C1F599C6C2F59AC6C3F579EC28F0C0C55F
:10655600A7F5C1C5A8F5C2C5A9F5C3C5AAF5CD0E4F
:106566000501AB6FCC0EAC6F4C0EAD6F3E0EAE6F31
:106576004AEC2EF0A7C5A4F6A8C5A5F6A9C5A6F6A9
:10658600AAC5A7F6A4C6D9F5A5C6DAF5A6C6DBF54B
:10659600A7C6DCF5000E0501DD6F000EDE6F000EEE
:1065A600DF6F400EE06F02EC47F00501D8A0DEEF8A
:1065B60032F0E0EF32F0E9EF32F0000E0601A46FA0
:1065C600000EA56F000EA66F400EA76FA4C6C0F5FD
:1065D600A5C6C1F5A6C6C2F5A7C6C3F5000E050138
:1065E600C46F000EC56F7A0EC66F440EC76F79EC86
:1065F60028F0C0C58BF6C1C58CF6C2C58DF6C3C5DD
:106606008EF6120060C68EF561C68FF54150050103
:10661600806F000E80BFFF0E816F826F836F60C632
:1066260064F561C665F5666B676B06016A5105011F
:10663600686F696B6A6B6B6B4CEC54F064C570F5F4
:1066460065C571F566C572F567C573F5640E050116
:10665600746F000E756F000E766F000E776FF8EC94
:1066660045F005018051705D906F81517159916FB0
:1066760082517259926F83517359936F93BF48EF4A
:1066860033F046EF33F050EF33F0000E906F000E0C
:10669600916F000E926F000E936F06016051050117
:1066A600806F060161510501816F826B836B90518A
:1066B600805D91518159925182598351800A846F2C
:1066C6009351800A8459D8B06BEF33F06DEF33F0F5
:1066D60073EF33F060C690F561C691F5926B936BDC
:1066E60090C548F591C549F54250806F000E80BFB0
:1066F600FF0E816F826F836F5EC664F55FC665F5B8
:10670600666B676B060169510501686F696B6A6B99
:106716006B6B4CEC54F064C570F565C571F566C5D8
:1067260072F567C573F5640E0501746F000E756F1B
:10673600000E766F000E776FF8EC45F0050180517C
:10674600705D906F81517159916F82517259926F3C
:1067560083517359936F93BFB5EF33F0B3EF33F0B3
:10676600BDEF33F0000E906F000E916F000E926F2A
:10677600000E936F06015E510501806F06015F51A1
:106786000501816F826B836B9051805D91518159B8
:10679600925182598351800A846F9351800A845999
:1067A600D8B0D8EF33F0DAEF33F0E0EF33F05EC66F
:1067B60090F55FC691F5926B936B90C55CF691C5AB
:1067C6005DF606015C51482405018C6F06015D519A
:1067D600492005018D6F8C518E5D8D518F59D8B032
:1067E600F7EF33F0F9EF33F020EF34F04350806FDA
:1067F600000E80BFFF0E816F826F836F48508C5DE5
:10680600846F49508D59856F84518E5D866F855191
:106816008F59876F886BD8A088078851896F8051F8
:10682600865D906F81518759916F82518859926F19
:1068360083518959936F26EF34F048C590F549C5C1
:1068460091F5926B936B93BF2DEF34F02BEF34F0F1
:1068560035EF34F0000E906F000E916F000E926FC0
:10686600000E936F8E51806F8F51816F826B836B99
:106876009051805D91518159925182598351800A7C
:10688600846F9351800A8459D8B04CEF34F04EEFA0
:1068960034F054EF34F08EC590F58FC591F5926BB8
:1068A600936B90C58AF591C58BF58AC57EF58BC528
:1068B6007FF5120008C668F509C669F50AC66AF5C5
:1068C6000BC66BF557EC52F068C59BF569C59CF590
:1068D6006AC59DF56BC59EF52C0EEAEC38F06CC5C5
:1068E6009FF56DC5A0F55D50D8B47CEF34F07EEF12
:1068F60034F08BEF34F077EC5EF064C508F665C5CE
:1069060009F666C50AF667C50BF6010E556E5D6A91
:106916005650D8A491EF34F093EF34F099EF35F058
:1069260005019E519D110BE1880E9B5D130E9C592E
:10693600D8A0A0EF34F0A2EF34F099EF35F0010EB5
:10694600566E99EF35F05550D8A4ACEF34F0AEEF53
:1069560034F0D8EF34F09E519D110BE1B80E9B5DDB
:106966000B0E9C59D8A0BAEF34F0BCEF34F0BFEF51
:1069760034F05E6A010E556E350E9F5D080EA05905
:10698600D8A0C8EF34F0CAEF34F0B3EF35F0010EFB
:10699600576E77EC5EF064C508F665C509F666C500
:1069A6000AF667C50BF6B3EF35F05650D8A4DEEFFE
:1069B60034F0E0EF34F0F8EF34F0730E9F5D060E1E
:1069C600A059D8A0E9EF34F0EBEF34F0F8EF34F04B
:1069D600010E576E77EC5EF064C508F665C509F6DC
:1069E60066C50AF667C50BF6556A5604D8A4FEEFC7
:1069F60034F000EF35F0B3EF35F0350E05019F5D4D
:106A0600080EA059D8A00AEF35F00CEF35F0B3EF19
:106A160035F0010E576E77EC5EF064C508F665C575
:106A260009F666C50AF667C50BF6556AB3EF35F083
:106A36005A6A010E5E6E5604D8A424EF35F026EF8E
:106A460035F04EEF35F0A40E9F5D060EA059D8B076
:106A56002FEF35F031EF35F034EF35F0576A0EEFA2
:106A660035F0D70E9F5D060EA059D8A03DEF35F044
:106A76003FEF35F0B3EF35F03A0E9F5D070EA059A4
:106A8600D8B048EF35F04AEF35F0B3EF35F0020EE7
:106A9600576ECCEF34F05650D8A454EF35F056EF7D
:106AA60035F0B3EF35F0A40E9F5D060EA059D8B0B1
:106AB6005FEF35F061EF35F065EF35F0010E566E9C
:106AC60031EF35F0D70E9F5D060EA059D8A06EEFB8
:106AD60035F070EF35F0B3EF35F03A0E9F5D070EE7
:106AE600A059D8B079EF35F07BEF35F0B3EF35F03C
:106AF6004AEF35F0010E5A6E350E9F5D080EA0590D
:106B0600D8A088EF35F08AEF35F08CEF35F0CAEF74
:106B160034F0A40E9F5D060EA059D8B095EF35F05F
:106B260097EF35F0B3EF35F031EF35F057500501FB
:106B3600996F9A6B9A51000AD8B4A4EF35F0B3EF67
:106B460035F09951000AD8B4A6EF34F0010AD8B44A
:106B56001BEF35F0030AD8B47DEF35F0B3EF35F00F
:106B6600120000C668F501C669F502C66AF503C6D5
:106B76006BF557EC52F068C5EAF569C5EBF56AC5E1
:106B8600ECF56BC5EDF50501ED51EC11EB1109E1E5
:106B96000B0EEA5DD8A0D2EF35F0D4EF35F0E1EF79
:106BA60035F006016351D8B4DBEF35F0DDEF35F093
:106BB600E1EF35F0010E626F41EC5FF00601620510
:106BC600D8B4E8EF35F0EAEF35F0ECEF35F0E1EF69
:106BD60036F0640E0501646F090E656F000E666F70
:106BE600090E676F63C668F5696B64EC56F00601BB
:106BF6006351FE0F0501F46F640E646F090E656F35
:106C0600F4C566F563EC53F064C5EEF565C5EFF5BE
:106C1600650E0501F425D96EDA6A090EDA22DF500F
:106C2600E66F640EF425D96EDA6A090EDA22DF50B1
:106C3600E76FE751E96FE86BE651E825F06F000E64
:106C4600E921F16FF051EE1909E1F151EF19D8B4CC
:106C56002FEF36F031EF36F035EF36F01CEC58F00A
:106C6600E1EF36F06AC9F2F506016351F70F050147
:106C7600F36FF251F319D8B443EF36F045EF36F01F
:106C860047EF36F031EF36F0100E09016519D8A43A
:106C96004FEF36F051EF36F061EF36F00E0E671912
:106CA600D8A458EF36F05AEF36F061EF36F0640E9E
:106CB6000501646F090E656FE7EC44F0AA0E090141
:106CC6006419D8A469EF36F06BEF36F031EF36F081
:106CD6005A0E6519D8A472EF36F074EF36F031EF1C
:106CE60036F0CEEF36F06605D8A47CEF36F07EEFB0
:106CF60036F085EF36F0640E0501AB6F090EAC6F0A
:106D0600CCEC43F0020E09016619D8A48DEF36F0DB
:106D16008FEF36F031EF36F0640E0501C56F090EC0
:106D2600C66F97EC3CF031EF36F0020E6619D8A428
:106D36009FEF36F0A1EF36F031EF36F0640E050125
:106D4600AB6F090EAC6F05EC48F031EF36F0020E72
:106D56006619D8A4B1EF36F0B3EF36F031EF36F05E
:106D6600640E0501AB6F090EAC6FEBEC37F031EF3B
:106D760036F0020E6619D8A4C3EF36F0C5EF36F02A
:106D860031EF36F0640E0501AB6F090EAC6FE0EC27
:106D96003EF031EF36F06751010AD8B476EF36F09F
:106DA600160AD8B498EF36F0400AD8B4AAEF36F0EF
:106DB6000F0AD8B4BCEF36F031EF36F0120010C629
:106DC60068F511C669F512C66AF513C66BF557EC78
:106DD60052F068C5D9F669C5DAF66AC5DBF66BC541
:106DE600DCF6DAEF37F0020E4AEC5CF077EC5EF098
:106DF60064C510F665C511F666C512F667C513F6C5
:106E0600020E0601FA6FEAEF37F0DC51DB11DA11F8
:106E160009E1C90ED95DD8A013EF37F015EF37F0A9
:106E2600EAEF37F0020E5EEC5CF0030E0601FA6F35
:106E3600EAEF37F0010E666F000E0501AB6F000E2C
:106E4600AC6F7A0EAD6F440EAE6F110EEAEC38F0F1
:106E560005016CC599F56DC59AF59B6B9C6B000E8B
:106E6600BBEC3BF099C5A7F59AC5A8F59BC5A9F556
:106E76009CC5AAF54AEC2EF0A7C5C0F5A8C5C1F574
:106E8600A9C5C2F5AAC5C3F5000E0501C46F000E5B
:106E9600C56F110EC66F430EC76F79EC28F0C0C5DB
:106EA60073F6C1C574F6C2C575F6C3C576F6040E8B
:106EB6009CEC31F08BC6DDF68CC6DEF68DC6DFF6B1
:106EC6008EC6E0F673C6C4F574C6C5F575C6C6F5B6
:106ED60076C6C7F5DDC6C0F5DEC6C1F5DFC6C2F5A6
:106EE600E0C6C3F579EC28F0C0C5A7F5C1C5A8F57D
:106EF600C2C5A9F5C3C5AAF5000E0501AB6F000E04
:106F0600AC6F7A0EAD6F440EAE6F4AEC2EF0A7C58D
:106F16006FF6A8C570F6A9C571F6AAC572F65CC665
:106F260099F55DC69AF505019B6B9C6B000EBBEC53
:106F36003BF099C5E1F69AC5E2F69BC5E3F69CC51A
:106F4600E4F6E1C695F6E2C696F6E3C697F6E4C61B
:106F560098F67CEC59F095C66BF696C66CF697C615
:106F66006DF698C66EF6430E06019F6F070EA06F6C
:106F76006BC6A1F66CC6A2F66DC6A3F66EC6A4F6DF
:106F86006FC6A5F670C6A6F671C6A7F672C6A8F6AF
:106F9600BBEC1EF09FC677F6A0C678F677C666F5F8
:106FA60078C667F5020E15EC54F0EAEF37F00601E5
:106FB600FA51010AD8B4F6EF36F0030AD8B408EF4E
:106FC60037F0010AD8B41DEF37F0EAEF37F01200B8
:106FD60021EEAEF1100EDE6AE806FDE2AE0E050108
:106FE600646F050E656FABC566F5ACC567F5000E3B
:106FF600696F110E686F64EC56F00501B505D8A4EB
:1070060007EF38F009EF38F028EF38F0040E6C6F10
:10701600000E6D6F000E6E6FB6C56FF5DAEC53F0AD
:10702600150E0501AD6FC60EE82EFED7AD2FFCD7A7
:107036000000040E05016A6F000E6B6F000E6C6F88
:1070460089EC58F0416E4EEF38F0020EB519D8A40F
:107056002FEF38F031EF38F04EEF38F0040E706F46
:10706600000E716F000E726FB6C573F541EC5DF0E0
:10707600150E0501AD6FC60EE82EFED7AD2FFCD757
:107086000000040E0501716F000E726F000E736F23
:10709600BCEC5DF0416E0501B705D8A455EF38F09C
:1070A60057EF38F076EF38F0050E6C6F000E6D6F07
:1070B600000E6E6FB8C56FF5DAEC53F0150E0501CC
:1070C600AD6FC60EE82EFED7AD2FFCD70000050E1D
:1070D60005016A6F000E6B6F000E6C6F89EC58F03D
:1070E600426E9CEF38F0020EB719D8A47DEF38F047
:1070F6007FEF38F09CEF38F0050E706F000E716F61
:10710600000E726FB6C573F541EC5DF0150E050104
:10711600AD6FC60EE82EFED7AD2FFCD70000050ECC
:107126000501716F000E726F000E736FBCEC5DF09F
:10713600426E550E0501AE6FAE0E646F050E656F9D
:107146000F0E666F63EC53F064C5BFF565C5C0F5F9
:10715600BFC5BEF50501C051BD6FC16B6D0EA56FF4
:107166003D0EA66FAE0EC125D96EDA6A050EDA227D
:10717600DF50AD6FAD51A76FA86B36EC5CF0100E0B
:107186000501C161C9EF38F0CBEF38F0D1EF38F027
:10719600720EA56F3D0EA66F36EC5CF00501C12B95
:1071A600100EC165D9EF38F0DBEF38F0B1EF38F0EB
:1071B600AE0E646F050E656F000E666F000E676F8C
:1071C600000E696F110E686F64EC56F0120005012F
:1071D6008C6F000E0501946F000E936F8C5134EC8A
:1071E6005AF0D89005019335D96E9435DA6E740E3F
:1071F600D926050EDA2264C5DEF465C5DDF4934BA7
:10720600942B94BF10EF39F0945109E10C0E935D65
:10721600D8A010EF39F012EF39F0F1EF38F0000E88
:10722600926F000E916F000E966F000E956F000E16
:10723600986F000E976F87EF39F0D8909735D96E13
:107246009835DA6E740ED926050EDA2297C570F5D2
:1072560098C571F5D89070377137020E7027000EF9
:107266007123740E7025E16E050E7121E26EDE50FB
:10727600E65CDE50E658D8B043EF39F045EF39F01A
:1072860085EF39F0D8909735D96E9835DA6E740E49
:10729600D926050EDA22DEC48DF5DDC48EF597C536
:1072A6006EF598C56FF5D8906E376F37020E6E275C
:1072B600000E6F23740E6E25D96E050E6F21DA6EE1
:1072C600D8909735E16E9835E26E740EE126050E7C
:1072D600E222DEC4E6F4DDC4E5F497C56EF598C592
:1072E6006FF5D8906E376F37020E6E27000E6F233C
:1072F600740E6E25D96E050E6F21DA6E8DC5DEF41D
:107306008EC5DDF4974B982B0B0E6E6F000E6F6FCC
:1073160095516E5F96516F5B6E51975D9851800ADD
:10732600706F6F51800A7059D8A09CEF39F09EEFAC
:1073360039F020EF39F0954B962B96BFACEF39F02C
:10734600965109E10B0E955DD8A0ACEF39F0AEEF82
:1073560039F01AEF39F0000E966F020E956FD8903D
:107366009535D96E9635DA6E740ED926050EDA2263
:10737600DE509127DD509223954B962B96BFCDEF8D
:1073860039F0965109E10A0E955DD8A0CDEF39F096
:10739600CFEF39F0B2EF39F091C564F592C565F5D6
:1073A600000E676F080E666F3DEC4CF064C58FF5F6
:1073B60065C590F58FC56CF590C56DF5120014C6C0
:1073C60068F515C669F516C66AF517C66BF557EC66
:1073D60052F068C5D9F669C5DAF66AC5DBF66BC53B
:1073E600DCF6C8EF3AF0010E4AEC5CF077EC5EF0A2
:1073F60064C514F665C515F666C516F667C517F6AF
:10740600020E0601FB6FD8EF3AF0DC51DB11DA1100
:1074160009E1C90ED95DD8A013EF3AF015EF3AF09D
:10742600D8EF3AF0010E5EEC5CF0030E0601FB6F3E
:10743600D8EF3AF0010E666F000E0501AB6F000E35
:10744600AC6F7A0EAD6F440EAE6F1C0EEAEC38F0E0
:1074560005016CC599F56DC59AF59B6B9C6B000E85
:10746600BBEC3BF099C5A7F59AC5A8F59BC5A9F550
:107476009CC5AAF54AEC2EF0A7C5C0F5A8C5C1F56E
:10748600A9C5C2F5AAC5C3F5000E0501C46F000E55
:10749600C56F110EC66F430EC76F79EC28F0C0C5D5
:1074A60081F6C1C582F6C2C583F6C3C584F6160E3B
:1074B6009CEC31F08BC6DDF68CC6DEF68DC6DFF6AB
:1074C6008EC6E0F681C6C4F582C6C5F583C6C6F586
:1074D60084C6C7F5DDC6C0F5DEC6C1F5DFC6C2F592
:1074E600E0C6C3F579EC28F0C0C5A7F5C1C5A8F577
:1074F600C2C5A9F5C3C5AAF5000E0501AB6F000EFE
:10750600AC6F7A0EAD6F440EAE6F4AEC2EF0A7C587
:107516007DF6A8C57EF6A9C57FF6AAC580F618C66B
:1075260095F619C696F61AC697F61BC698F69CECFB
:1075360059F095C679F696C67AF697C67BF698C63A
:107546007CF66A0E06019F6F070EA06F79C6A1F63C
:107556007AC6A2F67BC6A3F67CC6A4F67DC6A5F6B9
:107566007EC6A6F67FC6A7F680C6A8F6BBEC1EF0BA
:107576009FC685F6A0C686F685C666F586C667F5F5
:10758600010E15EC54F0D8EF3AF00601FB51010A52
:10759600D8B4F6EF39F0030AD8B408EF3AF0010A86
:1075A600D8B41DEF3AF0D8EF3AF0120090C5D9F4EE
:1075B60091C5DAF4DEC4F6F4DDC4F7F4000EF86E15
:1075C6000800F550250AD8A4EBEF3AF0EDEF3AF0B3
:1075D600A3EF3BF090C5D9F491C5DAF4DE2A000E8C
:1075E600DD22000E456E000E446E44C54AF50601C6
:1075F6004C694D6905019A6B21EF3BF04A8290C5B3
:10760600D9F491C5DAF4DE2A000EDD2221EF3BF033
:10761600010E9A6F21EF3BF090C5D9F491C5DAF4CB
:10762600DEC4F6F4DDC4F7F4000EF86E0800F5507B
:10763600300AD8B401EF3BF00BEF3BF09A51D8B4C7
:1076460027EF3BF029EF3BF00FEF3BF090C564F5D9
:1076560091C565F592C566F593C567F5A8EC4AF040
:1076660064C544F565C545F545BE3EEF3BF03CEFC8
:107676003BF043EF3BF04A80446C451ED8B0452AA8
:1076860090C5D9F491C5DAF4DEC49BF5DDC49CF54A
:107696009BC5F6F49CC5F7F4000EF86E0800F5508D
:1076A600580AD8A459EF3BF05BEF3BF09AEF3BF05A
:1076B60092C5D9F493C5DAF4DFC494F5020EDE263A
:1076C600DFC495F5000EDD2294C5D9F495C5DAF42C
:1076D600DEC496F5DDC497F5010E05019B25946F72
:1076E600000E9C21956F90C5D9F491C5DAF494C526
:1076F600DEF495C5DDF48CEF3BF08EC581F58FC5C4
:1077060082F596C583F597C584F57EEC46F0BAEF0B
:107716003BF09BC5F6F49CC5F7F4000EF86E080026
:10772600F550580AD8B480EF3BF09AEF3BF090C57D
:10773600D9F491C5DAF4DE2A000EDD22BAEF3BF069
:1077460090C5D9F491C5DAF4DEC4F6F4DDC4F7F4D5
:10775600000EF86E0800F5500501686F696B8EC55E
:107766006AF58FC56BF50FEC4BF09AEF3BF0120004
:107776000501A16F0501A151D8B4C4EF3BF0C6EFD6
:107786003BF0E8EF3BF09CBFCDEF3BF0CBEF3BF09F
:10779600E8EF3BF099C59DF59AC59EF59BC59FF50B
:1077A6009CC5A0F59D1F9E1F9F1FA01F9D2B000E11
:1077B6009E239F23A0239DC5A3F59EC5A4F59FC523
:1077C600A5F5A0C5A6F5F0EF3BF099C5A3F59AC5BA
:1077D600A4F59BC5A5F59CC5A6F599519A119B11D3
:1077E6009C11D8A4F9EF3BF0FBEF3BF005EF3CF022
:1077F600000E996F000E9A6F000E9B6F000E9C6F25
:1078060096EF3CF0960EA26F0FEF3CF0A22BD890AD
:10781600A633A533A433A333000EA3159D6F000E24
:10782600A4159E6F000EA5159F6FFE0EA615A06FE0
:107836009D519E119F11A011D8A424EF3CF026EF74
:107846003CF009EF3CF034EF3CF0A22B010EA327ED
:10785600000EA423A523A623D890A633A533A433CC
:10786600A333000EA3159D6F000EA4159E6F000E88
:10787600A5159F6FFF0EA615A06F9D519E119F1116
:10788600A011D8A449EF3CF04BEF3CF028EF3CF0B8
:1078960053EF3CF0A207D890A337A437A537A637F5
:1078A600A5BF58EF3CF05AEF3CF062EF3CF0020EF9
:1078B600A26160EF3CF062EF3CF04DEF3CF0A2B10C
:1078C60067EF3CF069EF3CF06AEF3CF0A59FD8907B
:1078D600A233A2C59DF59E6B9F6BA06B9DC5A0F5BF
:1078E6009F6B9E6B9D6B9D51A3139E51A4139F513D
:1078F600A513A051A613A151D8B484EF3CF086EF8E
:107906003CF08EEF3CF09CBF8DEF3CF08BEF3CF0F3
:107916008EEF3CF0A68FA3C599F5A4C59AF5A5C52B
:107926009BF5A6C59CF51200000E0501DA6F000E48
:10793600DB6F000EDC6F000EDD6F21EEC9F1100E5D
:10794600DE6AE806FDE2C90E646F050E656FC5C501
:1079560066F5C6C567F5000E696F110E686F64ECB3
:1079660056F00501E46BE451C76FC86B070EC727D5
:10797600000EC823C90EC725D96E050EC821DA6EBA
:10798600DA0EE425E16EE26A050EE222DFC4E7F4D0
:10799600150E0501C76FC60EE82EFED7C72FFCD7FA
:1079A60000000501E42B030EE465DCEF3CF0DEEF9E
:1079B6003CF0B6EF3CF0DA0EC06F050EC16F040E58
:1079C600C26F540EC4EC5BF0D00E0501C76FC90E32
:1079D600E82EFED7C72FFCD700D0550E0501C96F7C
:1079E600040E796F540E6EEC5AF079C5DEF57AC541
:1079F600DFF5D00E0501646F050E656FDEC566F511
:107A0600DFC567F5000E696F040E686F64EC56F00B
:107A1600030E0501796F5C0E6EEC5AF079C5E0F540
:107A26007AC5E1F5050120EE02F0E051D926E151D3
:107A3600DA22DF50D46FC90E646F050E656F0F0E24
:107A4600666F63EC53F064C5E2F565C5E3F5E2C520
:107A5600D9F50501E351D86FE56B6D0EA56F3D0EA7
:107A6600A66FC90EE525D96EDA6A050EDA22DF5051
:107A7600C76FC751A76FA86B36EC5CF0100E0501F7
:107A8600E56148EF3DF04AEF3DF050EF3DF0720EF4
:107A9600A56F3D0EA66F36EC5CF00501E52B100ECA
:107AA600E56558EF3DF05AEF3DF030EF3DF0C90E79
:107AB600646F050E656F000E676F000E666F000E31
:107AC600696F110E686FFAEC59F012004D50020DF5
:107AD600000EF324D96E080EF420DA6EDE6ADD6A33
:107AE6000201B2A779EF3DF07BEF3DF09DEF3DF04F
:107AF6004D50020D000EF324D96E080EF420DA6EF6
:107B06000801DF820601285129112A11D8B48EEF07
:107B16003DF090EF3DF09DEF3DF002D89DEF3DF03A
:107B26000500FA6E2851FD6E2951FE6E2A51FF6E30
:107B3600FA5012000201B2A3A3EF3DF0A5EF3DF00B
:107B4600C7EF3DF04D50020D000EF324D96E080E1E
:107B5600F420DA6E0801DF8406012551261127116B
:107B6600D8B4B8EF3DF0BAEF3DF0C7EF3DF002D81C
:107B7600C7EF3DF00500FA6E2551FD6E2651FE6EEB
:107B86002751FF6EFA5012000201B2ADCDEF3DF063
:107B9600CFEF3DF0F1EF3DF04D50020D000EF32416
:107BA600D96E080EF420DA6E0801DF800601225134
:107BB60023112411D8B4E2EF3DF0E4EF3DF0F1EFEC
:107BC6003DF002D8F1EF3DF00500FA6E2251FD6E50
:107BD6002351FE6E2451FF6EFA501200A1C225F504
:107BE6004D281F0B266E4C502618D8A4FDEF3DF0ED
:107BF600FFEF3DF001EF3EF00CEF3EF0400E4D245E
:107C0600D96EDA6A080EDA2225C5DFF426C54DF5E7
:107C16004B2A06011C511D111E11D8B415EF3EF05A
:107C260017EF3EF024EF3EF002D824EF3EF00500B9
:107C3600FA6E1C51FD6E1D51FE6E1E51FF6EFA50FE
:107C460012001200050120EE03F07951D9267A516F
:107C5600DA22DF50646F20EE02F07951D9267A518C
:107C6600DA22DF50E4EC52F064C57BF565C57CF59D
:107C7600460E05017B5D050E7C59D8A045EF3EF00A
:107C860047EF3EF04BEF3EF0050E7C6F460E7B6FE6
:107C9600580E7B5D020E7C59D8B054EF3EF056EF7D
:107CA6003EF05AEF3EF0020E7C6F580E7B6F7BC59E
:107CB60060F67CC561F679C5D9F47AC5DAF4DF5089
:107CC60006016A6F6A51D8B46BEF3EF06DEF3EF075
:107CD60081EF3EF0150E6A6173EF3EF075EF3EF0F0
:107CE60077EF3EF0140E6A6F630E6A657DEF3EF025
:107CF6007FEF3EF081EF3EF0640E6A6F050120EEE5
:107D060007F07951D9267A51DA22DF50646F20EED6
:107D160006F07951D9267A51DA22DF50E4EC52F096
:107D260064C57DF565C57EF505017E5109E1960EB2
:107D36007D5DD8A0A1EF3EF0A3EF3EF0A7EF3EF0A9
:107D4600000E7E6F960E7D6F7E5107E13C0E7D5DC7
:107D5600D8B0B0EF3EF0B2EF3EF0B6EF3EF0000E18
:107D66007E6F3C0E7D6F7DC55EF67EC55FF620EEAE
:107D760004F07951D9267A51DA22DF500601696F6B
:107D86006951D8B4C9EF3EF0CBEF3EF0DFEF3EF0DD
:107D96001F0E6961D1EF3EF0D3EF3EF0D5EF3EF016
:107DA6001E0E696F630E6965DBEF3EF0DDEF3EF098
:107DB600DFEF3EF0640E696F120021EEAEF1100E99
:107DC600DE6AE806FDE2AE0E0501646F050E656F1C
:107DD600ABC566F5ACC567F5000E696F110E686F29
:107DE60064EC56F00501B505D8A4FCEF3EF0FEEFB5
:107DF6003EF01DEF3FF0060E6C6F000E6D6F000E2D
:107E06006E6FB6C56FF5DAEC53F0150E0501AD6F62
:107E1600C60EE82EFED7AD2FFCD70000060E0501D4
:107E26006A6F000E6B6F000E6C6F89EC58F0436E34
:107E360043EF3FF0020EB519D8A424EF3FF026EF2A
:107E46003FF043EF3FF0060E706F000E716F000EAD
:107E5600726FB6C573F541EC5DF0150E0501AD6F99
:107E6600C60EE82EFED7AD2FFCD70000060E050184
:107E7600716F000E726F000E736FBCEC5DF0436E97
:107E8600550E0501AE6FAE0E646F050E656F0F0ED3
:107E9600666F63EC53F064C5BFF565C5C0F5BFC535
:107EA600BEF50501C051BD6FC16B6D0EA56F3D0ED0
:107EB600A66FAE0EC125D96EDA6A050EDA22DF503C
:107EC600AD6FAD51A76FA86B36EC5CF0100E0501D7
:107ED600C16170EF3FF072EF3FF078EF3FF0720E46
:107EE600A56F3D0EA66F36EC5CF00501C12B100E9A
:107EF600C16580EF3FF082EF3FF058EF3FF0AE0EE6
:107F0600646F050E656F000E666F000E676F000EDC
:107F1600696F110E686F64EC56F01200F80E0501D9
:107F26006A6F030E6B6F000E6C6F89EC58F00501DB
:107F3600796FF90E6A6F030E6B6F000E6C6F89EC2A
:107F460058F005017A6FFA0E6A6F030E6B6F000E1A
:107F56006C6F89EC58F005017B6FFB0E6A6F030EA0
:107F66006B6F000E6C6F89EC58F005017C6FFC0E90
:107F76006A6F030E6B6F000E6C6F89EC58F005018B
:107F86007D6FFD0E6A6F030E6B6F000E6C6F89ECD2
:107F960058F005017E6F060E7919D8A4D5EF3FF08B
:107FA600D7EF3FF003EF40F0050E7A19D8A4DEEFC5
:107FB6003FF0E0EF3FF003EF40F0040E7B19D8A44A
:107FC600E7EF3FF0E9EF3FF003EF40F0030E7C19D7
:107FD600D8A4F0EF3FF0F2EF3FF003EF40F0020ECF
:107FE6007D19D8A4F9EF3FF0FBEF3FF003EF40F027
:107FF6007E05D8B401EF40F003EF40F006EF40F005
:10800600000E3FEF40F0FE0E6A6F030E6B6F000E20
:108016006C6F89EC58F00501776FFF0E6A6F030EDF
:108026006B6F000E6C6F89EC58F00501786F785114
:1080360077C571F5726B71C572F5716B7111736FDE
:108046007251746F790E646F050E656F060E666F5A
:108056008DEC56F064C575F565C576F50501755167
:10806600731907E176517419D8A43CEF40F03EEF3E
:1080760040F003EF40F0010E12000CC668F50DC685
:1080860069F50EC66AF50FC66BF557EC52F068C572
:10809600E5F669C5E6F66AC5E7F66BC5E8F6020ECB
:1080A60006016A6159EF40F05BEF40F063EF40F084
:1080B600010E696561EF40F063EF40F0D6EF40F0E6
:1080C600F105D8A469EF40F06BEF40F0D6EF40F031
:1080D60077EC5EF064C50CF665C50DF666C50EF662
:1080E60067C50FF6010E0601F06FF16BD6EF40F093
:1080F60047EC5FF00601E851E7110BE1210EE55D63
:10810600030EE659D8A08AEF40F08CEF40F0ECEF72
:1081160040F0020EF06F77EC5EF064C50CF665C5B4
:108126000DF666C50EF667C50FF6ECEF40F0010ECC
:1081360006016A65A1EF40F0A3EF40F0B4EF40F00E
:108146009FEC4CF0020AD8B4ABEF40F0ADEF40F034
:10815600B4EF40F0010E0601F36FE2EC39F0B7EF31
:1081660040F0010EECEC54F0010E06016965BEEF1D
:1081760040F0C0EF40F0D1EF40F09FEC4CF0030A26
:10818600D8B4C8EF40F0CAEF40F0D1EF40F0010E8E
:108196000601F26FE2EC36F0ECEF40F0020EECEC8A
:1081A60054F0ECEF40F0F0510501F96FFA6BFA511B
:1081B600000AD8B4E1EF40F0ECEF40F0F951010AC3
:1081C600D8B47BEF40F0030AD8B49AEF40F0ECEF56
:1081D60040F01200000E0501666F570E656FF40E33
:1081E600676F060E686F000E6A6F020E696FE1EC2C
:1081F60055F00009D8B402EF41F004EF41F0EDEF7D
:1082060040F0000E0501666F570E656F5C0E676FD6
:10821600050E686F000E6A6F010E696F0DEC56F061
:108226000009D8B419EF41F01BEF41F004EF41F01B
:10823600680E05016C6FE40EE82EFED76C2FFCD796
:1082460000005CC554F5680E05016C6FE40EE82E5F
:10825600FED76C2FFCD70000C00E5418D8A436EFFA
:1082660041F038EF41F03AEF41F07AEF41F0000E7D
:108276000501666F570E656FDE0E676F070E686F36
:10828600000E6A6F130E696FE1EC55F00009D8B461
:108296004FEF41F051EF41F03AEF41F0680E050122
:1082A6006C6FE40EE82EFED76C2FFCD70000000E94
:1082B6000501666F570E656FF40E676F060E686FE1
:1082C600000E6A6F030E696F0DEC56F00009D8B404
:1082D6006FEF41F071EF41F05AEF41F02A0E0501C0
:1082E6006C6F8D0EE82EFED76C2FFCD700D0D00E0B
:1082F60005016C6FC90EE82EFED76C2FFCD700D097
:1083060012008BC664F58CC665F58DC666F58EC6FD
:1083160067F585EC47F0050164516511D8A496EF21
:1083260041F098EF41F0A2EF41F08FC68BF690C670
:108336008CF691C68DF692C68EF617EF42F08FC672
:1083460064F590C665F591C666F592C667F585EC47
:1083560047F0050164516511D8A4B4EF41F0B6EFBA
:1083660041F0C0EF41F08BC68BF68CC68CF68DC6FD
:108376008DF68EC68EF617EF42F08BC664F58CC668
:1083860065F58DC666F58EC667F5B6EC56F064C51E
:10839600E5F565C5E6F58FC664F590C665F591C643
:1083A60066F592C667F5B6EC56F005016451E51917
:1083B60009E16551E619D8B4E3EF41F0E5EF41F084
:1083C600FBEF41F08BC664F58CC665F58DC666F588
:1083D6008EC667F5B6EC56F0050164516511D8A452
:1083E600F7EF41F0F9EF41F0B6EF41F098EF41F0C9
:1083F6008BC6D9F58CC6DAF58DC6DBF58EC6DCF5EF
:108406008FC6DDF590C6DEF591C6DFF592C6E0F5BE
:1084160002EC47F00501D8A013EF42F015EF42F049
:10842600B6EF41F098EF41F0120093C664F594C69A
:1084360065F595C666F596C667F585EC47F00501C0
:1084460064516511D8A42AEF42F02CEF42F036EFC2
:1084560042F097C693F698C694F699C695F69AC6CC
:1084660096F6ABEF42F097C664F598C665F599C6E1
:1084760066F59AC667F585EC47F005016451651106
:10848600D8A448EF42F04AEF42F054EF42F093C6C8
:1084960093F694C694F695C695F696C696F6ABEF01
:1084A60042F093C664F594C665F595C666F596C61C
:1084B60067F5B6EC56F064C5E7F565C5E8F597C609
:1084C60064F598C665F599C666F59AC667F5B6EC7D
:1084D60056F005016451E71909E16551E819D8B468
:1084E60077EF42F079EF42F08FEF42F093C664F5F2
:1084F60094C665F595C666F596C667F5B6EC56F06C
:10850600050164516511D8A48BEF42F08DEF42F05E
:108516002CEF42F04AEF42F093C6D9F594C6DAF54D
:1085260095C6DBF596C6DCF597C6DDF598C6DEF58D
:1085360099C6DFF59AC6E0F502EC47F00501D8A02A
:10854600A7EF42F0A9EF42F02CEF42F04AEF42F0DB
:10855600120064C5D9F465C5DAF466C5DFF4050111
:1085660020EE01F06451D9266551DA2267C5DEF4A2
:1085760068C5DEF469C5DEF46AC5DEF420EE05F0F2
:108586006451D9266551DA226BC5DEF46CC5DEF47A
:108596006DC5DEF46EC5DEF420EE09F06451D92611
:1085A6006551DA226FC5DEF470C5DEF471C5DEF4FE
:1085B60072C5DEF420EE15F06451D9266551DA2233
:1085C60073C5DEF474C5DEF475C5DEF476C5DEF477
:1085D60020EE19F06451D9266551DA2277C5DEF40A
:1085E60078C5DEF479C5DEF47AC5DEF420EE0DF04A
:1085F6006451D9266551DA22000EDE6E000EDE6E5B
:10860600480EDE6E440EDD6E20EE11F06451D92662
:108616006551DA22000EDE6E000EDE6E480EDE6E4C
:10862600C40EDD6E20EE1DF06451D9266551DA22A6
:10863600000EDE6E000EDE6E000EDE6E000EDD6ECD
:1086460020EE21F06451D9266551DA22000EDE6E45
:10865600000EDE6E000EDE6E000EDD6E20EE25F0E4
:108666006451D9266551DA227BC5DEF47CC5DDF47A
:108676001200C80E0501756F000E766F000E776F3B
:10868600000E786F6D51736F6CC574F567EF43F02C
:1086960005017551761177117811D8A455EF43F07D
:1086A60057EF43F059EF43F0CBEF43F07507000E59
:1086B600765B775B785B150E0501716FC60EE82E4B
:1086C600FED7712FFCD70000000E0501666F530E12
:1086D600656F730E676F050E686F000E6A6F020E88
:1086E600696FE1EC55F00009D8B47CEF43F07EEFFA
:1086F60043F04BEF43F0C80E0501756F000E766F21
:10870600000E776F000E786FA5EF43F005017551E7
:10871600761177117811D8A493EF43F095EF43F0D3
:1087260097EF43F0CBEF43F07507000E765B775B70
:10873600785B150E0501716FC60EE82EFED7712FF8
:10874600FCD70000000E0501666F530E656F6EC5FF
:1087560067F56FC568F5020E7025696F6A6B000EC6
:108766006A230DEC56F00009D8B4BCEF43F0BEEF17
:1087760043F089EF43F0090E0501726F1E0E716F0B
:10878600E40EE82EFED7712FFCD7722FFAD7000021
:10879600120021EEAEF1100EDE6AE806FDE2AE0E24
:1087A6000501646F050E656FABC566F5ACC567F56B
:1087B600000E696F110E686F64EC56F0550E0501D8
:1087C600AE6F040E796F540E6EEC5AF079C5BFF594
:1087D6007AC5C0F5B50E0501646F050E656FBFC598
:1087E60066F5C0C567F5000E696F040E686F64EC28
:1087F60056F0030E0501796F5C0E6EEC5AF079C5E2
:10880600C1F57AC5C2F5050120EE02F0C151D9269F
:10881600C251DA22DF50B96FAE0E646F050E656F76
:108826000F0E666F63EC53F064C5C3F565C5C4F5FA
:10883600C3C5BEF50501C451BD6FC56B6D0EA56FF1
:108846003D0EA66FAE0EC525D96EDA6A050EDA2282
:10885600DF50AD6FAD51A76FA86B36EC5CF0100E14
:108866000501C56139EF44F03BEF44F041EF44F0B8
:10887600720EA56F3D0EA66F36EC5CF00501C52B9A
:10888600100EC56549EF44F04BEF44F021EF44F07C
:10889600AE0E646F050E656F000E676F000E666F95
:1088A600000E696F110E686FFAEC59F0120006019E
:1088B6009D359E350501EE6FEE51D8A465EF44F067
:1088C60067EF44F072EF44F0000E06019B6F000E56
:1088D6009C6F000E9D6F000E9E6FE6EF44F09BC6E8
:1088E600E9F59CC6EAF59DC6EBF59EC6ECF5200EAD
:1088F60082EF44F0D890EC33EB33EA33E933E82ED9
:108906007DEF44F0E951ED6F06019D8FFF0E9B1739
:10891600FF0E9C17FF0E9D17000E9E17960E050163
:10892600EE5FEEBF9BEF44F099EF44F0B3EF44F0F7
:10893600EE51800A970FD8B0A3EF44F0A5EF44F0AC
:10894600A7EF44F067EF44F00601D8909E339D33BD
:108956009C339B330501EE3FA7EF44F0CDEF44F087
:108966001F0EEE65B9EF44F0BBEF44F0C5EF44F0DF
:1089760067EF44F00601D8909B379C379D379E37AA
:108986000501EE07EE51D8A4CBEF44F0CDEF44F04D
:10899600BDEF44F0ED51D8B4D3EF44F0D5EF44F039
:1089A600DEEF44F006019E1F9D1F9C1F9B6D000E6F
:1089B6009C239D239E239BC69BF69CC69CF69DC628
:1089C6009DF69EC69EF61200050120EE08F0645143
:1089D600D9266551DA22DF50D8B4F4EF44F0F6EF29
:1089E60044F022EF45F020EE08F06451D926655197
:1089F600DA22150EDF6002EF45F004EF45F00CEFCA
:108A060045F020EE08F06451D9266551DA22140E9D
:108A1600DF6E20EE08F06451D9266551DA22630E26
:108A2600DF6418EF45F01AEF45F022EF45F020EE2F
:108A360008F06451D9266551DA22640EDF6E20EE05
:108A460008F06451D9266551DA22DF5006016A6FB3
:108A5600050120EE0AF06451D9266551DA22DF506D
:108A6600D8B438EF45F03AEF45F066EF45F020EE22
:108A76000AF06451D9266551DA221F0EDF6046EFEF
:108A860045F048EF45F050EF45F020EE0AF064510E
:108A9600D9266551DA221E0EDF6E20EE0AF06451E9
:108AA600D9266551DA22630EDF645CEF45F05EEF8E
:108AB60045F066EF45F020EE0AF06451D92665517F
:108AC600DA22640EDF6E20EE0AF06451D926655173
:108AD600DA22DF500601696F12000501646F050195
:108AE6006405D8A479EF45F07BEF45F097EF45F0A4
:108AF600000E0701906F000E8F6F000E876F000E3D
:108B0600886F000E896F000E8A6F000E8B6F000E45
:108B16008C6F000E8D6F000E8E6F000E0601536F68
:108B2600000E526FF7EF45F0020E6419D8A49EEFBF
:108B360045F0A0EF45F0BCEF45F0000E0701696F68
:108B4600000E686F000E606F000E616F000E626FA0
:108B5600000E636F000E646F000E656F000E666F89
:108B6600000E676F000E0601516F000E506FF7EF93
:108B760045F0030E6419D8A4C3EF45F0C5EF45F0E0
:108B8600F7EF45F0000E0701906F000E8F6F000E95
:108B9600876F000E886F000E896F000E8A6F000EB9
:108BA6008B6F000E8C6F000E8D6F000E8E6F000E99
:108BB600696F000E686F000E606F000E616F000E29
:108BC600626F000E636F000E646F000E656F000E1D
:108BD600666F000E676F000E0601536F000E526F30
:108BE600000E516F000E506F12000501796B77BFB2
:108BF60001EF46F0FFEF45F00BEF46F0771F761FCB
:108C0600751F746D000E752376237723010E796F19
:108C160073BF12EF46F010EF46F01CEF46F0731FDD
:108C2600721F711F706D000E712372237323010E64
:108C3600791B000E7A6F000E7B6F000E7C6F000EA4
:108C46007D6F7451751176117711D8B42DEF46F0FA
:108C56002FEF46F065EF46F0010E786F39EF46F0DC
:108C6600D8907437753776377737782B77AF3EEFEE
:108C760046F040EF46F033EF46F0D8907A377B3730
:108C86007C377D377451705D7551715976517259C3
:108C960077517359D8A052EF46F054EF46F05DEF86
:108CA60046F07451705F7551715B7651725B775106
:108CB600735B7A81D8907733763375337433782F34
:108CC60040EF46F07951D8B46BEF46F06DEF46F0C1
:108CD60075EF46F07D1F7C1F7B1F7A6D000E7B2390
:108CE6007C237D237AC570F57BC571F57CC572F54D
:108CF6007DC573F51200010E0501886F44C589F51F
:108D060045C58AF5000E8D6F1F0E8C6F0901E76B46
:108D1600BDEF46F08C07D8A08D0783510F0B8B6FE4
:108D26000A0E8B6199EF46F09BEF46F09FEF46F0F7
:108D3600300E8B27A1EF46F0370E8B27C80E8C25F9
:108D4600D96E090E8D21DA6E8BC5DFF4886B890723
:108D5600D8A08A0783C585F584C586F5040E876F76
:108D6600D89086338533872FB3EF46F085C583F5D4
:108D760086C584F505018DBFCAEF46F08D5109E120
:108D8600020E8C5DD8A0CAEF46F0CCEF46F0F1EFAC
:108D960046F083518411D8A4D3EF46F0D5EF46F0C0
:108DA6008DEF46F08851D8A4DBEF46F0DDEF46F0B4
:108DB6008DEF46F08ABFE8EF46F08A5108E1890553
:108DC600D8A0E8EF46F0EAEF46F0F1EF46F04AB2F7
:108DD600EFEF46F0F1EF46F08DEF46F081C578F5FE
:108DE60082C579F5C80E8C257A6F090E8D217B6FA9
:108DF60089C57CF58AC57DF586EC50F01200000E1B
:108E06000501D915E16F000EDA15E26F800EDB154C
:108E1600E36F7F0EDC15E46FE151E211E311E4111B
:108E2600D8A418EF47F01AEF47F022EF47F0000EEC
:108E3600D96F000EDA6F000EDB6F000EDC6F000ECE
:108E4600DD15E16F000EDE15E26F800EDF15E36FB4
:108E56007F0EE015E46FE151E211E311E411D8A4AD
:108E660037EF47F039EF47F041EF47F0000EDD6F7F
:108E7600000EDE6F000EDF6F000EE06FDCAF46EF18
:108E860047F048EF47F051EF47F0D96DDA1FD8B0F9
:108E9600DA2BDB1FD8B0DB2B800EDC57E0AF56EFAA
:108EA60047F058EF47F061EF47F0DD6DDE1FD8B0B1
:108EB600DE2BDF1FD8B0DF2B800EE057000ED91B4C
:108EC600000EDA1B000EDB1B800EDC1B000EDD1B0A
:108ED600000EDE1B000EDF1B800EE01BDD51D95D90
:108EE600DE51DA59DF51DB59E051DC59D8B07EEF5B
:108EF60047F080EF47F083EF47F0D89084EF47F0D4
:108F0600D88012001AC76EF51BC76FF51CC770F51F
:108F16001DC771F564C56EF565C56FF566C570F557
:108F260067C571F56EC568F56FC569F570C56AF5F3
:108F360071C56BF5180EA6EF47F00501D8906B3397
:108F46006A3369336833E82EA0EF47F068516C6FD7
:108F56006D6B6C516D11D8A4B3EF47F0B5EF47F0C8
:108F6600D5EF47F0D8906E35686F6F35696F7035FD
:108F76006A6F71356B6F685169116A116B11D8A4EC
:108F8600C7EF47F0C9EF47F0CFEF47F0000E656F28
:108F9600020E646F04EF48F0000E656F030E646FF7
:108FA60004EF48F06C296D11D8A4DCEF47F0DEEF32
:108FB60047F000EF48F06EC568F56FC569F570C5F6
:108FC6006AF571C56BF5090ED890683769376A3747
:108FD6006B37E82EE7EF47F0685169116A116B119C
:108FE600D8B4F8EF47F0FBEF47F0010EFCEF47F07F
:108FF600000E646F656B04EF48F0000E656F040E9B
:10900600646F1200F3EC48F0090E0501AE6F1E0EF8
:10901600AD6FE40EE82EFED7AD2FFCD7AE2FFAD7F4
:10902600000091EC3FF0E806D8A41CEF48F01EEFD4
:1090360048F07EEF48F0010E5B6EABC5D9F4ACC5C7
:10904600DAF4550EDF6EABC564F5ACC565F50F0EEB
:109056000501666F63EC53F064C5AFF565C5B0F501
:10906600050120EE10F0AB51D926AC51DA22AFC57E
:10907600DFF420EE0FF0AB51D926AC51DA22B05115
:10908600DF6EB16B6D0EA56F3D0EA66FB151AB25B0
:10909600D96E000EAC21DA6EDF50AD6FAD51A76F01
:1090A600A86B36EC5CF0100E0501B1615DEF48F07F
:1090B6005FEF48F065EF48F0720EA56F3D0EA66FA4
:1090C60036EC5CF00501B12B100EB1656DEF48F082
:1090D6006FEF48F045EF48F0ABC564F5ACC565F5F4
:1090E600000E676F000E666F000E696F110E686FD7
:1090F600FAEC59F0FF001200C80E0501BB6F000E16
:10910600BC6F000EBD6F000EBE6F6D51736F6CC5E8
:1091160074F5BF6BA5EF48F0BF516E25D96E000EF2
:109126006F21DA6EBF51716F726B020E7127000EDE
:109136007223730E7125E16E050E7221E26EDFC495
:10914600E7F4BF2B7051BF5DD8A0ACEF48F0AEEF8F
:1091560048F08FEF48F0CCEF48F00501BB51BC1149
:10916600BD11BE11D8A4BAEF48F0BCEF48F0BEEF6F
:1091760048F0F2EF48F0BB07000EBC5BBD5BBE5B80
:10918600150E0501716FC60EE82EFED7712FFCD79E
:109196000000000E0501666F530E656F730E676F54
:1091A600050E686F020E7025696F6A6B000E6A23E2
:1091B600E1EC55F00009D8B4E3EF48F0E5EF48F0EC
:1091C600B0EF48F0090E0501726F1E0E716FE40EC6
:1091D600E82EFED7712FFCD7722FFAD700001200A7
:1091E60021EED8F311EE70F1050EDBC4E3F4E806C8
:1091F600FCE2700E0501646F050E656F060E666F64
:109206008DEC56F064C578F565C579F5050179519B
:10921600766F78C577F5F80E6C6F030E6D6F000EDE
:109226006E6F70C56FF5DAEC53F0F90E05016C6FD1
:10923600030E6D6F000E6E6F71C56FF5DAEC53F0AD
:10924600FA0E05016C6F030E6D6F000E6E6F72C520
:109256006FF5DAEC53F0FB0E05016C6F030E6D6FC4
:10926600000E6E6F73C56FF5DAEC53F0FC0E050158
:109276006C6F030E6D6F000E6E6F74C56FF5DAECD2
:1092860053F0FD0E05016C6F030E6D6F000E6E6FD1
:1092960075C56FF5DAEC53F0FE0E05016C6F030E23
:1092A6006D6F000E6E6F76C56FF5DAEC53F0FF0E3C
:1092B60005016C6F030E6D6F000E6E6F77C56FF54F
:1092C600DAEC53F01200280EF66EB70EF76E000EAB
:1092D600F86E02EEC4F010EE30F00900F5C4EEF4BC
:1092E600E550E150FAE15E0EF66EBB0EF76E000E2B
:1092F600F86E01EED8F310EE19F00900F5C4EEF49D
:10930600E550E150FAE1220EF66EBD0EF76E000E44
:10931600F86E01EEEEF210EE0EF00900F5C4EEF472
:10932600E550E150FAE1AC0EF66EBE0EF76E000E99
:10933600F86E0900F5C45DF50900F5C45EF502EEA8
:1093460000F2F40EEE6AE806FDE102EE00F1E80E28
:10935600EE6AE806FDE102EE00F0C40EEE6AE806EB
:10936600FDE101EE00F3D80EEE6AE806FDE101EE3E
:1093760000F28B0EEE6AE806FDE10501FF6BFE6B5F
:10938600FD6BFC6B01EE30F12D0EEE6AE806FDE199
:109396000401080E5D6F300E5E6F000E5F6F0001F8
:1093A60030EF5BF06A0E0501646F070E656F010E04
:1093B600666F0A0E676FD70E686FA30E696F3D0E54
:1093C6006A6F6F0E6B6F120E6C6F030E6D6F3B0E36
:1093D6006E6F9A0E6F6F990E706F190E716F3E0E4B
:1093E600726F000E736F000E746F480E756F450E28
:1093F600766F000E776F000E786F000E796F000E95
:109406007A6F000E7C6F000E7B6FACEC42F0430E61
:109416000501646F070E656F020E666F9A0E676F21
:10942600990E686F990E696F3E0E6A6F170E6B6F15
:10943600B70E6C6FD10E6D6F380E6E6F170E6F6FA5
:10944600B70E706FD10E716F380E726F000E736F9C
:10945600000E746F480E756F450E766F000E776FAF
:10946600000E786F000E796F000E7A6F000E7C6F1B
:10947600000E7B6FACEC42F012009FEC4CF0596E84
:109486005950D8B449EF4AF04BEF4AF065EF4AF02D
:1094960058505918D8B452EF4AF054EF4AF068EFD2
:1094A6004AF05904D8A45AEF4AF05CEF4AF061EF4B
:1094B6004AF0030EECEC54F0A7EF4AF059C558F504
:1094C60068EF4AF0586A0601686B05EC33F005014F
:1094D6007EC599F57FC59AF59B6B9C6B000EBBEC20
:1094E6003BF099C518F69AC519F69BC51AF69CC5A0
:1094F6001BF65A04D8B482EF4AF084EF4AF08DEF97
:109506004AF006016705D8A48BEF4AF08DEF4AF0C2
:10951600A5EF4AF0D89006016131EA6F6031E96F34
:10952600E9C699F5EAC69AF505019B6B9C6B000E98
:10953600BBEC3BF099C518F69AC519F69BC51AF609
:109546009CC51BF640EC40F01200000E05016C6F46
:10955600000E6B6F64C5D9F465C5DAF4DEC4F6F4A3
:10956600DDC4F7F4000EF86E0800F5502A0AD8A4F8
:10957600BFEF4AF0C1EF4AF0F4EF4AF064C5D9F400
:1095860065C5DAF4DE2A000EDD2266C5D9F467C5A4
:10959600DAF4DFC468F5020EDE26DFC469F5000ED4
:1095A600DD2268C5D9F469C5DAF4DEC46BF5DDC41D
:1095B6006CF50AEF4BF00A0E6B03F3C468F5F4C4BE
:1095C60069F56C03F35069276A5168256B6F000EC5
:1095D60069216C6F64C5D9F465C5DAF4DE2A000E1C
:1095E600DD2264C5D9F465C5DAF4DEC4F6F4DDC45B
:1095F600F7F4000EF86E0800F550D00F6A6F090EEA
:109606006A6508EF4BF00AEF4BF0DEEF4AF06BC5E8
:1096160064F56CC565F5120005016A516B11D8B485
:1096260017EF4BF019EF4BF022EF4BF06A516B112D
:10963600D8A420EF4BF022EF4BF027EF4BF0685108
:1096460082EC57F074EF4BF020EE09F06A51D92600
:109656006B51DA22DE50DE10D8B434EF4BF036EF21
:109666004BF051EF4BF020EE09F06A51D9266B51C1
:10967600DA2210EE02F06A51E1266B51E222DE5048
:10968600E65CE650800A706FDE50800A7059D8B0EA
:109696004FEF4BF051EF4BF074EF4BF020EE02F032
:1096A6006A51D9266B51DA22DEC46CF5DDC46DF53C
:1096B6006AC5D9F46BC5DAF4DEC46EF5DDC46FF5A0
:1096C6006C516E25D96E6D516F21DA6E68C5DFF467
:1096D60020EE02F06A51D9266B51DA22DE2A000EFC
:1096E600DD22120036C768F537C769F538C76AF54F
:1096F60039C76BF557EC52F068C578F569C579F549
:109706006AC57AF56BC57BF5C8EF4BF0020E1DEC0A
:109716004EF0020E86EC5CF0020EC0EC4DF0020E2E
:1097260070EC45F0020EADEC58F077EC5EF064C5D7
:1097360036F765C537F766C538F767C539F7020ED8
:109746000601F26FD8EF4BF005017B517A110BE160
:10975600F50E785D010E7959D8A0B4EF4BF0B6EF4F
:109766004BF0D8EF4BF0020E72EC5CF077EC5EF04B
:1097760064C536F765C537F766C538F767C539F77F
:10978600030E0601F26FD8EF4BF00601F251010A03
:10979600D8B489EF4BF0030AD8B4A7EF4BF0010A0F
:1097A600D8B4D8EF4BF0D8EF4BF0120004C668F5EA
:1097B60005C669F506C66AF507C66BF557EC52F09D
:1097C60068C578F569C579F56AC57AF56BC57BF51F
:1097D6002CEF4CF0010E1DEC4EF0010E86EC5CF009
:1097E600010EC0EC4DF0010E70EC45F0010EADEC33
:1097F60058F077EC5EF064C504F665C505F666C5F7
:1098060006F667C507F6020E0601F36F3CEF4CF04D
:1098160005017B517A110BE1F50E785D010E795940
:10982600D8A018EF4CF01AEF4CF03CEF4CF0010EBC
:1098360072EC5CF077EC5EF064C504F665C505F67F
:1098460066C506F667C507F6030E0601F36F3CEF1D
:109856004CF00601F351010AD8B4EDEF4BF0030AC0
:10986600D8B40BEF4CF0010AD8B43CEF4CF03CEF07
:109876004CF012000501696B67BF46EF4CF044EFF0
:109886004CF04CEF4CF0666D671FD8B0672B010E9D
:10989600696F65BF53EF4CF051EF4CF059EF4CF048
:1098A600646D651FD8B0652B010E691B000E6B6FCA
:1098B600000E6A6F66516711D8B464EF4CF066EF1C
:1098C6004CF08EEF4CF0010E686F6EEF4CF0D890B6
:1098D60066376737682B67AF73EF4CF075EF4CF060
:1098E6006AEF4CF0D8906A376B376651645D675102
:1098F6006559D8A081EF4CF083EF4CF088EF4CF01F
:109906006651645F6751655B6A81D89067336633D9
:10991600682F75EF4CF06951D8B494EF4CF096EF80
:109926004CF09AEF4CF06A6D6B1FD8B06B2B6AC582
:1099360064F56BC565F512005E04D8B4A5EF4CF06E
:10994600A7EF4CF0AAEF4CF0010EFFEF4CF05B04D2
:10995600D8A4B0EF4CF0B2EF4CF0B4EF4CF0A7EF58
:109966004CF0020E06016719D8A4BCEF4CF0BEEF0E
:109976004CF0C0EF4CF0A7EF4CF06A51D8A4C6EFFC
:109986004CF0C8EF4CF0D2EF4CF06951D8A4CEEFB2
:109996004CF0D0EF4CF0D2EF4CF0A7EF4CF08951E1
:1099A6008A11D8B4D9EF4CF0DBEF4CF0E6EF4CF06F
:1099B60087518811D8B4E2EF4CF0E4EF4CF0E6EFB3
:1099C6004CF0A7EF4CF089518A11D8B4EDEF4CF06A
:1099D600EFEF4CF0F2EF4CF0020EFFEF4CF0875138
:1099E6008811D8B4F9EF4CF0FBEF4CF0FEEF4CF0D9
:1099F600030EFFEF4CF0000E1200BE6AB00EBF6EF3
:109A0600C06AC16AC26A400EC36E0401026B300EA0
:109A16000A6F126B1A6B226B2A6BDF0EC66E8F0EE5
:109A2600C76E6F0EC86ED00EC96E0F0ECA6E9E0E32
:109A3600CB6EDF0E006F0F0E086F4F0E106FD10E3C
:109A4600186F070E206F9E0E286F016B800E096F30
:109A5600116B196B216B296B03690B6913691B6900
:109A6600070E236F2B6904690C6914691C690F0EB4
:109A7600246F2C690201896B886B876B866B150EC8
:109A8600726F1C0E196F1A0E1B6F200E156F0C0EBF
:109A9600716F370E0D6F0D0E706F380E0E6F04015D
:109AA600056B066B076B0D6B0E6B0F6B156B166BF1
:109AB600176B256B266B276B1200D8C42DF524EC8B
:109AC6005EF00009D8B46AEF4DF06CEF4DF074EF1C
:109AD6004DF0030E3C6E0201979BDBEC59F0BCEF98
:109AE6004DF02FEC5EF00009D8B47CEF4DF07EEF20
:109AF6004DF090EF4DF003EC5EF00009D8B486EF20
:109B06004DF088EF4DF090EF4DF0010E3C6E0201E6
:109B16009799D3EC5CF0BCEF4DF00EEC5EF00009CB
:109B2600D8B498EF4DF09AEF4DF0AAEF4DF003EC54
:109B36005EF00009D8B4A2EF4DF0A4EF4DF0AAEF05
:109B46004DF0020E3C6E020197998CEF4DF019EC28
:109B56005EF00009D8B4B2EF4DF0B4EF4DF0BAEFB5
:109B66004DF0030E3C6E0201979DBCEF4DF00201D5
:109B760097993C502DC5D8F411000501666F050173
:109B86006605D8A4C9EF4DF0CBEF4DF0DEEF4DF0F2
:109B9600790E646F060E656F26EC53F0000E060113
:109BA600186F000E196F000E1A6F000E1B6F010E54
:109BB600FB6F1CEF4EF0020E6619D8A4E5EF4DF0D0
:109BC600E7EF4DF0F6EF4DF06B0E646F060E656F26
:109BD60026EC53F0000E06015D6F000E5C6F010E61
:109BE600FA6F1CEF4EF0030E6619D8A4FDEF4DF088
:109BF600FFEF4DF01CEF4EF0790E646F060E656FA9
:109C060026EC53F06B0E0501646F060E656F26ECAD
:109C160053F0010E0601F16F666B000E186F000E11
:109C2600196F000E1A6F000E1B6F010EFB6FF2EF1D
:109C36004DF012000501666F05016605D8A426EFF2
:109C46004EF028EF4EF032EF4EF0000E656F000E2C
:109C5600646FF1EC5EF04BEC5FF077EF4EF0020EC6
:109C66006619D8A439EF4EF03BEF4EF045EF4EF0B3
:109C7600000E656F000E646FEBEC5EF049EC5FF072
:109C860077EF4EF0020E6619D8A44CEF4EF04EEF69
:109C96004EF050EF4EF077EF4EF0020E6619D8A454
:109CA60057EF4EF059EF4EF05BEF4EF077EF4EF078
:109CB600050E6619D8A462EF4EF064EF4EF077EF0A
:109CC6004EF0000E656F000E646FF1EC5EF04BEC2B
:109CD6005FF0000E0501656F000E646FEBEC5EF041
:109CE60049EC5FF077EF4EF01200050120EE40F0F0
:109CF6006451D9266551DA22DF50666F0F0E66175A
:109D060020EE40F06451D9266551DA22DF50676FA4
:109D160067390F0B0A0DF35066256A6F20EE41F086
:109D26006451D9266551DA22DF50666F0F0E661729
:109D360020EE41F06451D9266551DA22DF50676F73
:109D460067390F0B0A0DF35066256B6F6A51640D68
:109D5600F3C466F5F4C467F56B5166250601EE6F2C
:109D66000501000E67210601EF6FE80E0501666F1B
:109D7600030E676F66510601EE03F3C468F5F4C47B
:109D860069F5EF03F3500501692767510601EE03F4
:109D96000501F350692768C5EEF669C5EFF61200AE
:109DA800FAC401F5FBC402F5B39E77A0DEEF4EF0CE
:109DB800E0EF4EF002EF4FF076A0E5EF4EF0E7EF60
:109DC8004EF002EF4FF076900601435144114511D1
:109DD800D8B4F1EF4EF0F3EF4EF029EF4FF002D880
:109DE80000EF4FF00500FA6E4351FD6E4451FE6ED0
:109DF8004551FF6EFA50120029EF4FF077A207EF96
:109E08004FF009EF4FF029EF4FF076A20EEF4FF029
:109E180010EF4FF029EF4FF07692060140514111B3
:109E28004211D8B41AEF4FF01CEF4FF029EF4FF062
:109E380002D829EF4FF00500FA6E4051FD6E4151EE
:109E4800FE6E4251FF6EFA50120002C5FBF401C5C6
:109E5800FAF41100FAC405F5FBC406F5B59E86A010
:109E680038EF4FF03AEF4FF05CEF4FF085A03FEF3F
:109E78004FF041EF4FF05CEF4FF0859006013A51FB
:109E88003B113C11D8B44BEF4FF04DEF4FF083EF3F
:109E98004FF002D85AEF4FF00500FA6E3A51FD6EB6
:109EA8003B51FE6E3C51FF6EFA50120083EF4FF0AB
:109EB80086A261EF4FF063EF4FF083EF4FF085A27A
:109EC80068EF4FF06AEF4FF083EF4FF0859206018D
:109ED800375138113911D8B474EF4FF076EF4FF08D
:109EE80083EF4FF002D883EF4FF00500FA6E375139
:109EF800FD6E3851FE6E3951FF6EFA50120006C5DC
:109F0800FBF405C5FAF41100000E050164156C6F29
:109F1800000E65156D6F800E66156E6F7F0E6715E6
:109F28006F6F6C516D116E116F11D8A49EEF4FF0C9
:109F3800A0EF4FF0A8EF4FF0000E646F000E656FB2
:109F4800000E666F000E676F000E68156C6F000ECE
:109F580069156D6F800E6A156E6F7F0E6B156F6FCA
:109F68006C516D116E116F11D8A4BDEF4FF0BFEF9A
:109F78004FF0C7EF4FF0000E686F000E696F000ECC
:109F88006A6F000E6B6F685164190FE169516519AA
:109F98000CE16A51661909E16B516719D8B4D7EF1A
:109FA8004FF0D9EF4FF0DCEF4FF0D890DDEF4FF0E6
:109FB800D8801200116A1150080DC50EF324D96E0D
:109FC800080EF420DA6EDE50DE10D8B4EEEF4FF053
:109FD800F0EF4FF02AEF50F01150080DC50EF324A2
:109FE800D96E080EF420DA6EDE06000EDD5A115026
:109FF800080DC50EF324D96E080EF420DA6EDE5073
:10A00800DE10D8A40AEF50F00CEF50F02AEF50F011
:10A018001150080DC40EF324D96E080EF420DA6E20
:10A02800010EDF6E1150080DC70EF324D96E080E0D
:10A03800F420DA6E1150080DC50EF324E16E080EF7
:10A04800F420E26EDEC4E6F4DDC4E5F4112A050E60
:10A05800116431EF50F033EF50F0DFEF4FF01200A2
:10A06800A290D20E07013A6F7A0E3B6F000E3C6F3A
:10A07800A292500E3D6FB50E3E6F000E3F6F02016B
:10A08800A26BA46BA56BA66BA76BA86BA96BAA6B3D
:10A09800B00EAB6F800EAC6F080EAD6F820EAE6F58
:10A0A800060EAF6F2E0EB06FB16B800EB26FB36B32
:10A0B800D20E0501646FBE0E656F000E666F1DEC53
:10A0C8005DF0D00E0501646FBE0E656F000E666F01
:10A0D8000BEC5DF0CE0E0501646FBE0E656F000ED1
:10A0E800666FF9EC5CF0000E06014F6F000E4E6FC4
:10A0F8004F6A4E6A200E0501FF6F4D6A4C6A4B6A23
:10A10800A28012004AA08BEF50F08DEF50F097EF2D
:10A1180050F07AC571F57BC572F578C573F579C5C8
:10A1280074F541EC58F005017DBF9FEF50F09DEFAD
:10A1380050F0A3EF50F0000E7D6F000E7C6F000E04
:10A14800806F000E7F6FB6EF50F0000E696F200E23
:10A15800686F78C56AF579C56BF50FEC4BF00501AA
:10A168007F4B802B7C517F5D8051800A7E6F7D51B3
:10A17800800A7E59D8A0C3EF50F0C5EF50F0A9EF80
:10A1880050F04AB0CAEF50F0CCEF50F0D6EF50F094
:10A198007AC571F57BC572F578C573F579C574F51F
:10A1A80041EC58F012007EC586F57FC587F580C55D
:10A1B80088F581C589F5E8EF50F08207D8A08307B4
:10A1C800864B872B884B892B050182518311D8B484
:10A1D800F0EF50F0F2EF50F003EF51F088C5D9F4EA
:10A1E80089C5DAF486C5E1F487C5E2F4DE50E618DD
:10A1F800D8B401EF51F003EF51F0E1EF50F0825184
:10A208008311D8A40AEF51F00CEF51F012EF51F07E
:10A21800000E7F6F000E7E6F24EF51F086C5D9F4D3
:10A2280087C5DAF4DF50846F88C5D9F489C5DAF4B4
:10A23800DF50856F8551845D7E6F7F6BD8A07F0767
:10A248001200050164516511D8A42DEF51F02FEFCC
:10A2580051F031EF51F071EF51F064C5D9F465C593
:10A26800DAF4000EDE6E000EDE6E000EDE6E000EFC
:10A27800DD6E20EE04F06451D9266551DA22000E15
:10A28800DE6E000EDE6E000EDE6E000EDD6E20EE5F
:10A2980008F06451D9266551DA22000EDE6E000EF0
:10A2A800DE6E000EDE6E000EDD6E20EE0CF06451E8
:10A2B800D9266551DA22DE6ADE6ADE6ADD6A20EEB8
:10A2C80010F06451D9266551DA22E80EDE6E030ECD
:10A2D800DE6E000EDE6E000EDD6E120005016451AA
:10A2E8006511D8A47AEF51F07CEF51F07EEF51F070
:10A2F800BEEF51F064C5D9F465C5DAF466C5DEF47D
:10A3080067C5DEF468C5DEF469C5DEF420EE04F046
:10A318006451D9266551DA2266C5DEF467C5DEF4D4
:10A3280068C5DEF469C5DEF420EE08F06451D9266C
:10A338006551DA2266C5DEF467C5DEF468C5DEF469
:10A3480069C5DEF420EE0CF06451D9266551DA2295
:10A35800DE6ADE6ADE6ADD6A20EE10F06451D92614
:10A368006551DA226AC5DEF46BC5DEF46CC5DEF42D
:06A378006DC5DEF41200C9
:10A38000D8C42BF502019BA5C8EF51F0CAEF51F0DC
:10A39000D5EF51F09AA5CFEF51F0D1EF51F0D5EFB5
:10A3A00051F0E6EC5CF00AEF52F09BAFDAEF51F0BF
:10A3B000DCEF51F0F6EF51F09AAFE1EF51F0E3EF3F
:10A3C00051F0F6EF51F03B50D8B4E9EF51F0EBEF1C
:10A3D00051F0F2EF51F03B6A9A919A9FC0EC5CF019
:10A3E0000AEF52F0D3EC5CF0D1EF51F09BA3FBEFFE
:10A3F00051F0FDEF51F00AEF52F09AA302EF52F044
:10A4000004EF52F00AEF52F032EC5FF002019A933F
:10A410000AEF52F02BC5D8F41100D68A000ED6BE32
:10A42000010E0501676FD69E550E0401596FAA0EE5
:10A43000596F59915F6B300E5E6F080E5D6F550E50
:10A44000596FAA0E596F5981050167B102D0D69E86
:10A4500001D0D68E030165876589658F6681668325
:10A4600069916993699569976D97AF90D680C20E8F
:10A470000501646FBE0E656F000E666FD0EC5EF076
:10A48000B490D682C40E0501646FBE0E656F000ED7
:10A49000666FC9EC5EF0B890D684C60E0501646F95
:10A4A000BE0E656F000E666FC2EC5EF0120077ECB8
:10A4B0005EF064C574F565C575F566C576F567C566
:10A4C00077F505016851745D695175596A5176597E
:10A4D0006B517759D8A06FEF52F071EF52F07FEFC8
:10A4E00052F06851745D686F69517559696F6A51AE
:10A4F00076596A6F6B5177596B6F9FEF52F0681DF9
:10A500006C6F691D6D6F6A1D6E6F6B1D6F6F74517F
:10A510006C25706F75516D21716F76516E21726F60
:10A5200077516F21736F010E7025686F000E7121D6
:10A53000696F000E72216A6F000E73216B6F12003B
:10A5400006015A4B5B2BF40E5A1906E15B05D8A4A1
:10A55000ACEF52F0AEEF52F0C3EF52F0C1B2B3EF36
:10A5600052F0B6EF52F0010EB7EF52F0000EFF0AB4
:10A57000126E1246C1501218FD0B1218C16E000E59
:10A580005B6F000E5A6F010E3D26000E3E223F22E9
:10A5900040220501FC51FD11FE11D8A4D2EF52F06A
:10A5A000D4EF52F0D6EF52F0E3EF52F002D8E3EFDF
:10A5B00052F00500FA6EFC51FD6EFD51FE6EFE512B
:10A5C000FF6EFA50120012000501786F050178390C
:10A5D0000F0B746F78510F0B756F64390F0B766F1B
:10A5E00064510F0B776F76510A0DF3C466F5F4C40E
:10A5F00067F57551640DF3C468F5F4C469F57451D9
:10A600006A6F6B6BE80E6A03F3C46CF5F4C46DF506
:10A610006B03F3506D27030E6A03F3506D276851E7
:10A620006C256E6F69516D216F6F66516E25706F6D
:10A6300067516F21716F77517025726F000E712114
:10A64000736F72C564F573C565F512000501645139
:10A650006511D8A42EEF53F030EF53F032EF53F0E2
:10A6600062EF53F064C5D9F465C5DAF4000EDE6E0E
:10A67000000EDE6E000EDE6E000EDD6E20EE04F0CB
:10A680006451D9266551DA22000EDE6E000EDE6EB0
:10A69000000EDE6E000EDD6E20EE08F06451D9264D
:10A6A0006551DA22000EDE6E000EDE6E000EDE6EEA
:10A6B000000EDD6E20EE0CF06451D9266551DA22D1
:10A6C000DE6ADD6A120005016A696B698AEF53F080
:10A6D00064C5D9F465C5DAF4DF506A19696F644B53
:10A6E000652B070E6925F66EF76A320EF722F86AB7
:10A6F000000EF8220800F5506B196A6F070E6925E5
:10A70000F66EF76A310EF722F86A000EF82208009A
:10A71000F5C46BF566076629D8A491EF53F093EF63
:10A7200053F068EF53F06B516AC567F5686B67C506
:10A7300068F5676B6711646F6851656F12000601F9
:10A74000EB6BEB51080DC40EF324D96E080EF42008
:10A75000DA6EDF50D8B4AFEF53F0B1EF53F0CFEF74
:10A7600053F0EB51080DC40EF324D96E080EF420FB
:10A77000DA6EDF6AEB51080DC90EF324D96E080EAC
:10A78000F420DA6E02D8CFEF53F00500FA6EDE50F7
:10A79000FD6EDE50FE6EDE50FF6EFA5012000601B6
:10A7A000EB2B050EEB65D7EF53F0D9EF53F0A1EF8C
:10A7B00053F0120005016E5109E1040E6D5DD8A041
:10A7C000E4EF53F0E6EF53F0E8EF53F014EF54F0FA
:10A7D000AA0E656F550E646FE5EC5EF0000E050184
:10A7E0006C25646F000E6D21656F380E6E21666FEB
:10A7F0006FC567F5B3EC55F0F8EC5DF00009D8A42F
:10A8000004EF54F006EF54F0FCEF53F0A2EC5DF0CF
:10A81000E806D8A40EEF54F010EF54F012EF54F005
:10A8200026EC5FF020EC5FF0120005016A6F2DEF5F
:10A8300054F066C564F567C565F5F1EC5EF04BEC68
:10A840005FF04BEF54F066C564F567C565F5EBEC5A
:10A850005EF049EC5FF04BEF54F005016A51686F10
:10A86000696B6951000AD8B438EF54F04BEF54F0DB
:10A870006851010AD8B419EF54F0030AD8B423EF91
:10A8800054F0010AD8B44BEF54F0070AD8B44BEF98
:10A8900054F04BEF54F01200000E05016C6F000EE7
:10A8A0006D6F000E6E6F000E6F6F64A15AEF54F063
:10A8B0005CEF54F064EF54F068516C2769516D23DC
:10A8C0006A516E236B516F23D890683769376A37A6
:10A8D0006B37D890673366336533643364516511E1
:10A8E00066116711D8A477EF54F079EF54F055EF63
:10A8F00054F06CC564F56DC565F56EC566F56FC53C
:10A9000067F512007E6A020E7F6E806A7F0E816E8E
:10A910000C0E826E836A846A856A866A886A896A8E
:10A920008A6A8B6A8C6AB59CB59E85908592A59E35
:10A93000A59CBA0E0501646FBE0E656F000E666FB2
:10A940009FEC5EF0B80E0501646FBE0E656F000EE1
:10A95000666F98EC5EF0BC0E0501646FBE0E656F0D
:10A96000000E666FA6EC5EF0800E876E12006F6AB6
:10A97000020E706E716A7F0E726E0C0E736E746AC8
:10A98000756A766A776A796A7A6A7B6A7C6A7D6AAE
:10A99000B39CB39E76907692A39EA39CB40E0501C1
:10A9A000646FBE0E656F000E666FB4EC5EF0B20EA3
:10A9B0000501646FBE0E656F000E666FADEC5EF054
:10A9C000B60E0501646FBE0E656F000E666FBBECC0
:10A9D0005EF0800E786E120005017E6F04EF55F078
:10A9E000D9EC4BF01EEF55F075EC4BF01EEF55F027
:10A9F0004FEC5FF0030EC0EC4DF0050E1DEC4EF079
:10AA0000D9EC4BF0F4EF54F005017E517C6F7D6B77
:10AA10007D51000AD8B40FEF55F01EEF55F07C5170
:10AA2000010AD8B4F0EF54F0030AD8B4F4EF54F0AC
:10AA3000010AD8B4F8EF54F01EEF55F012000301EC
:10AA4000F39FD96BDA6BDB6BDC6BDF6BE06BE56B79
:10AA5000E76BEC6BEE6BEF6BD86BF06BF16BF26B43
:10AA6000F46B180EF56F100EF66FF76B030EF86FA0
:10AA70001F0EFA6F020EF96F000E0601496F000EED
:10AA80004A6F000E4B6F000E466F000E476F000EB0
:10AA9000486F526AAF949F94B090A090840E0301C7
:10AAA000F36F120080EC5EF01CC500F61DC501F6C8
:10AAB0001EC502F61FC503F6640E0601636163EF4F
:10AAC00055F065EF55F074EF55F016EC5BF0246E21
:10AAD000000E06016325D96EDA6A090EDA2224C552
:10AAE000DFF4632B83EF55F0636B000E1C6E090ED1
:10AAF0001D6E000E1F6E000E1E6E000E216E640E87
:10AB0000206EC5EC5AF01200A50E0501646F070E09
:10AB1000656F000E666F000E676F000E686F000EA7
:10AB2000696FB80E6A6F0B0E6B6F000E6C6F000EC4
:10AB30006D6F72EC51F0910E0501646F070E656F39
:10AB4000000E666F000E676F000E686F000E696F73
:10AB5000E80E6A6F030E6B6F000E6C6F000E6D6F68
:10AB600072EC51F01200000ED6BE010E05016B6FA3
:10AB700066C545F064C568F565C569F566C56AF5DD
:10AB800069C568F56AC569F56A6B68510001446F6B
:10AB900064C543F067C546F04151F80B0309416FA6
:10ABA000D69E000151C542F05050426F40810501D0
:10ABB0006BB102D0D69E01D0D68EF80E000141179F
:10ABC000120005016B6BF4EC5BF00009D8A4EBEF0D
:10ABD00055F0EDEF55F00AEF56F0010E306E65C5F9
:10ABE00031F566C532F53B6A67C533F568C534F59E
:10ABF00069C535F56AC536F5000E376E000E386E3C
:10AC0000000E3A6E000E396E3C6A8BEC5AF0010E63
:10AC100005016B6F05016B51120005016B6BF4ECC4
:10AC20005BF00009D8A417EF56F019EF56F036EF95
:10AC300056F0010E306E65C531F566C532F53B6ADA
:10AC400067C537F568C538F569C539F56AC53AF598
:10AC5000000E336E000E346E000E366E000E356E32
:10AC60003C6AADEC5CF0010E05016B6F05016B51A8
:10AC700012009FC5A3F5A0C5A4F54EEF56F09DC5E3
:10AC80008EF59EC58FF5A30E0501906F050E916F91
:10AC9000A1C592F5A2C593F5D9EC3AF0A3C5F6F497
:10ACA000A4C5F7F4000EF86E0800F5500009D8A40A
:10ACB0005CEF56F05EEF56F03FEF56F0000E0501E8
:10ACC0009E6F000E9D6F120066C56DF567C56EF52F
:10ACD00064C56BF565C56CF57EEF56F06DC5D9F4AE
:10ACE0006EC5DAF4DF506A6F6D4B6E2B6BC5D9F40D
:10ACF0006CC5DAF46AC5DFF46B4B6C2B0501680791
:10AD0000D8A06907682906E16929D8A48AEF56F016
:10AD10008CEF56F06EEF56F01200000E0501686FD2
:10AD2000000E696F000E6A6F000E6B6F6C6BA8EF00
:10AD300056F06C516425D96E000E6521DA6EDF5035
:10AD4000676F67516827000E69236A236B236C2B9A
:10AD500066516C5DD8A0AFEF56F0B1EF56F099EFA9
:10AD600056F068C564F569C565F5120016C76CF53F
:10AD700017C76DF518C76EF519C76FF564C56CF583
:10AD800065C56DF566C56EF567C56FF56CC568F58B
:10AD90006DC569F56EC56AF56FC56BF5200ED7EF09
:10ADA00056F00501D8906B336A3369336833E82E67
:10ADB000D1EF56F068C564F569C565F51200040E5B
:10ADC0000201946F800E956F080E966F030E9C6FB4
:10ADD0009A6B9B6B976B8D6B45EC5EF002019B91C0
:10ADE0009B95948F050EE82EFED700000000000012
:10ADF000000000000000000002019A919A959B85D6
:10AE0000000E0701406F000E416F000E426F1200EE
:10AE1000030E0501796F5C0E6EEC5AF079C57EF574
:10AE20007AC57FF5F70E0501806F060E816F000E63
:10AE3000836F030E826FD7EC50F005017E517F11B6
:10AE4000D8B425EF57F027EF57F030EF57F0F70E53
:10AE5000C06F060EC16F030EC26F5C0EC4EC5BF0D8
:10AE60001200EDEC40F0000E05016D6F000E6C6FEE
:10AE7000AC0E6E6F0A0E6F6F460E706F3CEC43F0B7
:10AE8000D00E05017F6FC90EE82EFED77F2FFCD7AD
:10AE900000D0AC0E0501796F0A0E7A6F25EC3EF0FA
:10AEA000AC0E0501646F0A0E656F78EC4EF0BCECD9
:10AEB00059F01200FAC41AF5FBC41BF546C517F584
:10AEC00047C518F5D0EC58F00701F751F811F91102
:10AED000D8B46DEF57F06FEF57F07CEF57F002D812
:10AEE0007CEF57F00500FA6EF751FD6EF851FE6EDB
:10AEF000F951FF6EFA501200B1981BC5FBF41AC548
:10AF0000FAF411000501676F45EC5FF0680E05016A
:10AF1000666FE40EE82EFED7662FFCD70000C8EC63
:10AF20005DF00009D8B497EF57F099EF57F08FEF25
:10AF300057F005016751A9EC57F02A0E0501666F1D
:10AF40008D0EE82EFED7662FFCD700D04DEC5FF0BB
:10AF500012000501656FA2B2B0EF57F0B2EF57F0E3
:10AF6000B6EF57F065C5A3F2CEEF57F00501FF51DC
:10AF7000D8B4BDEF57F0BFEF57F0CEEF57F0600EEB
:10AF80004F24D96EDA6A080EDA2265C5DFF44F283D
:10AF90001F0B646F64C54FF5A292FF07A2821200D7
:10AFA00003011E911F6B206B030E216F050E1D6F99
:10AFB000FE0E1C6F1D510501646F03011C51466E8E
:10AFC00064C547F5CC0E0701F76FBE0EF86F000E93
:10AFD000F96F000EF46F000EF56F000EF66FB1986A
:10AFE000A188B19A050E03011E6F1200D8C461F545
:10AFF000FAC462F5FBC463F50701F151F211F311D4
:10B00000D8B405EF58F007EF58F014EF58F002D815
:10B0100014EF58F00500FA6EF151FD6EF251FE6E1C
:10B02000F351FF6EFA501200B99663C5FBF462C586
:10B03000FAF461C5D8F411000601636B640E0501D2
:10B04000646F090E656F000E676F000E666F000E6D
:10B05000696F640E686FFAEC59F0000E0501646FB9
:10B06000090E656F000E676F000E666F000E696F48
:10B07000640E686FFAEC59F00601626B43EC5FF006
:10B080001200000E0501776F000E766F54EF58F036
:10B0900075C568F5696B73C56AF574C56BF50FEC1A
:10B0A0004BF00501764B772B76517125D96E775190
:10B0B0007221DA6EDF50756F7551D8A462EF58F0C7
:10B0C00064EF58F048EF58F01200000E0501781BAD
:10B0D000000E791B000E7A1B800E7B1B74C564F575
:10B0E00075C565F576C566F577C567F578C568F504
:10B0F00079C569F57AC56AF57BC56BF5C5EC23F0B2
:10B1000064C574F565C575F566C576F567C577F5EB
:10B11000120005016C5109E1040E6B5DD8A093EF9C
:10B1200058F095EF58F098EF58F0000EACEF58F04B
:10B13000000E6A256D6F000E6B216E6F380E6C214C
:10B140006F6F6DC564F56EC565F56FC566F5DCECB2
:10B150005BF00501706F705112000501666F05010B
:10B160006605D8A4B6EF58F0B8EF58F0C0EF58F025
:10B17000A50E646F070E656F25EC51F0CFEF58F008
:10B18000020E6619D8A4C7EF58F0C9EF58F0CFEFF8
:10B1900058F0910E646F070E656F25EC51F01200A8
:10B1A00003011EA5D6EF58F0D8EF58F0EEEF58F097
:10B1B0001EB1DDEF58F0E0EF58F0010EE1EF58F06E
:10B1C000000E196E18501D6F17C51CF319B002D070
:10B1D0001E9102D003011E81F2EF58F018501D6F2E
:06B1E00017C51CF312006C
:10B1E800FAC403F5FBC404F5B39C06013D513E11B6
:10B1F8003F11D8B402EF59F004EF59F011EF59F0AC
:10B2080002D811EF59F00500FA6E3D51FD6E3E511E
:10B21800FE6E3F51FF6EFA50120004C5FBF403C5E1
:10B22800FAF41100FAC407F5FBC408F5B59C060149
:10B23800345135113611D8B424EF59F026EF59F0AE
:10B2480033EF59F002D833EF59F00500FA6E345154
:10B25800FD6E3551FE6E3651FF6EFA50120008C56C
:10B26800FBF407C5FAF41100FAC413F5FBC414F58E
:10B278000601FC51FD11FE11D8B445EF59F047EF16
:10B2880059F054EF59F002D854EF59F00500FA6E0E
:10B29800FC51FD6EFD51FE6EFE51FF6EFA5012001C
:10B2A800B19E14C5FBF413C5FAF41100FAC415F5E0
:10B2B800FBC416F50701FA51FB11FC11D8B467EF6E
:10B2C80059F069EF59F076EF59F002D876EF59F056
:10B2D8000500FA6EFA51FD6EFB51FE6EFC51FF6ED1
:10B2E800FA501200B19616C5FBF415C5FAF4110010
:10B2F800910E06018B6F070E8C6F95C68DF696C65C
:10B308008EF697C68FF698C690F6C80E916F000E07
:10B31800926F000E936F000E946F8DEC2AF08BC61F
:10B3280095F68CC696F68DC697F68EC698F61200D8
:10B33800A50E06018B6F070E8C6F95C68DF696C607
:10B348008EF697C68FF698C690F6B80E916F0B0ECC
:10B35800926F000E936F000E946F8DEC2AF08BC6DF
:10B3680095F68CC696F68DC697F68EC698F6120098
:10B37800040E05016A6F000E6B6F000E6C6F89EC8E
:10B3880058F0416E050E05016A6F000E6B6F000ED6
:10B398006C6F89EC58F0426E060E05016A6F000E5C
:10B3A8006B6F000E6C6F89EC58F0436E120038EC2E
:10B3B8005FF001EC5FF089EC5EF016EC5FF00201E3
:10B3C800949F6DEC5EF002019B919B95948F050E06
:10B3D800E82EFED70000000000000000000000007A
:10B3E800000002019A919A959B85120064C56AF53E
:10B3F80065C56BF508EF5AF06AC5D9F46BC5DAF480
:10B4080066C5DFF46A4B6B2B05016807D8A069078E
:10B41800682906E16929D8A414EF5AF016EF5AF002
:10B4280000EF5AF0120005016451651166116711A9
:10B43800D8B421EF5AF023EF5AF02BEF5AF0000E50
:10B44800641B000E651B000E661B800E671B64C51F
:10B4580064F565C565F566C566F567C567F51200E7
:10B468000501686F68C5ECF30301F39DF381F3B13F
:10B4780040EF5AF042EF5AF03BEF5AF0EB5105011A
:10B48800676F666B0301EA5105016625646F030166
:10B49800000E05016721656F12004FEC5EF000ECAD
:10B4A8004DF01FEC55F09AEC5CF0D0EC57F021EC25
:10B4B8005CF00CEC5CF006EC5FF0DFEC56F023EC93
:10B4C8005FF0B7EC54F082EC54F034EC50F00DEC33
:10B4D80052F0120005017D6F7DC56CF505016D6B9D
:10B4E800D30E6E6F070E6F6F79C570F53CEC43F0A5
:10B4F800680E05017C6FE40EE82EFED77C2FFCD782
:10B508000000D30E0501796F070E7A6F12003550CF
:10B518003610D8B492EF5AF094EF5AF0A1EF5AF0DF
:10B528003550F7EC5EF03B50D8B49DEF5AF09FEFE2
:10B538005AF0A1EF5AF029EC5FF031503124FCECBD
:10B548005EF02CEC5FF01200200E0501FF61AFEFFA
:10B558005AF0B1EF5AF0C3EF5AF0600E4E24D96E8C
:10B56800DA6A080EDA22DF500201A36F4E281F0B99
:10B57800296E29C54EF50501FF2BC4EF5AF0A2929A
:10B5880012001CC522F51DC523F5D3EF5AF022C5BC
:10B59800D9F423C5DAF41EC5DFF4224A232A20068B
:10B5A800D8A02106202806E12128D8A4DEEF5AF0E9
:10B5B800E0EF5AF0CBEF5AF012001EC780F51FC714
:10B5C80081F520C782F521C783F57CC580F57DC547
:10B5D80081F57EC582F57FC583F50501839F80C50A
:10B5E8007CF581C57DF582C57EF583C57FF51200A2
:10B5F8005E04D8B402EF5BF004EF5BF006EF5BF09B
:10B6080015EF5BF006016605D8B40DEF5BF00FEFA0
:10B618005BF011EF5BF015EF5BF063EC5DF052EC63
:10B628005DF01200400E4C24D96EDA6A080EDA2258
:10B63800DF501D6E4C281F0B1C6E1CC54CF5A290CC
:10B648004B50D8B42AEF5BF02CEF5BF02DEF5BF09A
:10B658004B06A2801D50120051EC5AF0D68ED68CA3
:10B66800ACEC5BF07A0E0601ED6FC10EEC6F810E4B
:10B67800E82EFED7EC2FFCD7ED2FFAD700D09FECA1
:10B6880053F043EF5BF081EF18F0060131513211AE
:10B698003311D8B452EF5BF054EF5BF061EF5BF01D
:10B6A80002D861EF5BF00500FA6E3151FD6E325140
:10B6B800FE6E3351FF6EFA501200120006012E5131
:10B6C8002F113011D8B46BEF5BF06DEF5BF07AEFB0
:10B6D8005BF002D87AEF5BF00500FA6E2E51FD6E32
:10B6E8002F51FE6E3051FF6EFA5012001200060103
:10B6F8002B512C112D11D8B484EF5BF086EF5BF041
:10B7080093EF5BF002D893EF5BF00500FA6E2B51D4
:10B71800FD6E2C51FE6E2D51FF6EFA501200120074
:10B72800000A000A008094000014001400F8B50014
:10B73800003200320034BE0000500050003ABE0013
:10B748000064006400686B000088138813AEBE00B4
:10B7580074EC5DF063EC5EF059EC5EF0D5EC49F00A
:10B7680084EC55F031EC57F0BC0E0501646F9F0E68
:10B77800656F000E666FDEEC5EF008EC57F01200A5
:10B788000501C46FC4C56CF505016D6BC0C56EF5C8
:10B79800C1C56FF5C2C570F57FEC48F0D00E050144
:10B7A800C36FC90EE82EFED7C32FFCD700D01200F6
:10B7B80066C545F064C567F565C568F566C569F58C
:10B7C80068C567F569C568F50501696B67510001CA
:10B7D800446F64C543F0F80E41174081465112008A
:10B7E800010E0501646F3050D8A4FDEF5BF0FFEF48
:10B7F8005BF009EF5CF0020198AF05EF5CF007EF32
:10B808005CF009EF5CF00501646B050164511200FE
:10B81800010E0301326F316B336B1F0E2F6F2E6BCE
:10B82800B00E0701F16FBE0EF26F000EF36FB996FE
:10B83800A986DF0E0301306F1200010E0301266F87
:10B84800256B276B1F0E236F226BCA0E0701FA6F39
:10B85800BE0EFB6F000EFC6FB196A186DF0E0301D2
:10B86800246F1200A70E0501A96F050EAA6F000E1E
:10B878009D6F000E9E6FA5C59FF5A6C5A0F5A90EE4
:10B88800A16F050EA26F39EC56F012000501646F26
:10B89800050164A152EF5CF054EF5CF055EF5CF0E9
:10B8A800C08E64A35AEF5CF05CEF5CF05DEF5CF077
:10B8B800BE8A12000501646F050164A166EF5CF0A1
:10B8C80068EF5CF069EF5CF0C18A64A36EEF5CF02E
:10B8D80070EF5CF071EF5CF0C38012000501646FDB
:10B8E800050164A17AEF5CF07CEF5CF07DEF5CF021
:10B8F800C09E64A382EF5CF084EF5CF085EF5CF09F
:10B90800BE9A12000501646F050164A18EEF5CF018
:10B9180090EF5CF091EF5CF0C19A64A396EF5CF055
:10B9280098EF5CF099EF5CF0C39012003D0E0301B4
:10B93800196F186B570E1B6FC80E0601FC6FBE0EF1
:10B94800FD6F000EFE6FB19EA18E810E03011A6F6E
:10B95800120039503A10D8B4B4EF5CF0B6EF5CF08E
:10B96800B9EF5CF03950F7EC5EF0D8803134FCEC7C
:10B978005EF02CEC5FF0120039503A10D8B4C7EFE3
:10B988005CF0C9EF5CF0CCEF5CF039500EEC5FF086
:10B99800D88031340AEC5FF02FEC5FF0120032EC03
:10B9A8005FF035EC5FF00009D8B4DDEF5CF0DFEF55
:10B9B8005CF0E5EF5CF0000E0EEC5FF0000E12ECB0
:10B9C8005FF01200306A000E326E3168000E336E7E
:10B9D800000E346E000E376E000E386E38EC5FF0D5
:10B9E80001EC5FF016EC5FF012000501645165117F
:10B9F8006611D8B402EF5DF004EF5DF00AEF5DF078
:10BA080064C522F665C523F666C524F6120005014D
:10BA1800645165116611D8B414EF5DF016EF5DF04E
:10BA28001CEF5DF064C525F665C526F666C527F6E4
:10BA380012000501645165116611D8B426EF5DF056
:10BA480028EF5DF02EEF5DF064C528F665C529F690
:10BA580066C52AF612000501645165116611D8B44D
:10BA680038EF5DF03AEF5DF040EF5DF064C51CF62D
:10BA780065C51DF666C51EF612000501735100085E
:10BA8800756F75C574F570C56CF571C56DF572C5C2
:10BA98006EF574C56FF5DAEC53F01200B90E0601B5
:10BAA800A86F070EA96F870EAA6F060EAB6FFA0E66
:10BAB800AC6F060EAD6F110E13EC30F01200C60E0F
:10BAC8000601A86F070EA96F890EAA6F060EAB6F45
:10BAD800FB0EAC6F060EAD6F1C0E13EC30F01200AF
:10BAE8004DEC5FF04FEC5FF0010E86EC5CF0020E5F
:10BAF80086EC5CF0010E72EC5CF0020E72EC5CF00D
:02BB0800120029
:10BB0C00D8C42EF53BEC5FF037C5D9F438C5DAF460
:10BB1C00DF6E374A382A2EC5D8F41100D8C460F528
:10BB2C0033C5D9F434C5DAF4334A342ADF5012EC75
:10BB3C005FF060C5D8F41100000141AFA8EF5DF0D3
:10BB4C00AAEF5DF0ADEF5DF0010EAEEF5DF0000E13
:10BB5C0012000605040302010900000000000000A9
:0BBB6C000000090000000000000000C5
:10BB780071C56AF572C56BF573C56CF589EC58F03B
:10BB88000501746F745112000501FF51D8A4CFEF5D
:10BB98005DF0D2EF5DF0010ED3EF5DF0000E120004
:10BBA800FAC409F5FBC40AF5AF9049EC5BF00AC585
:10BBB800FBF409C5FAF41100FAC40BF5FBC40CF543
:10BBC800B49062EC5BF00CC5FBF40BC5FAF4110001
:10BBD800FAC40DF5FBC40EF5B8907BEC5BF00EC50E
:10BBE800FBF40DC5FAF41100000140B1FEEF5DF061
:10BBF80001EF5EF0010E02EF5EF0000E120002018E
:10BC080095BB09EF5EF00CEF5EF0010E0DEF5EF0F4
:10BC1800000E1200020198B714EF5EF017EF5EF005
:10BC2800010E18EF5EF0000E1200020197BD1FEF23
:10BC38005EF022EF5EF0010E23EF5EF0000E1200C0
:10BC4800020197BB2AEF5EF02DEF5EF0010E2EEF9A
:10BC58005EF0000E1200020198A735EF5EF038EF93
:10BC68005EF0010E39EF5EF0000E1200FAC427F5FF
:10BC7800FBC428F569EC3DF028C5FBF427C5FAF4A8
:10BC88001100A584A586A580A58202019B859B83BA
:10BC98009B8F97811200600E0001AD6FAF6BB36B85
:10BCA800080EB16FB06BAC6B1200A40E0501646F87
:10BCB800AA0E656F000E666F2FEC5DF01200400E45
:10BCC8000501646FA50E656F000E666FD7EC5EF018
:10BCD8001200A584A586A580A58202019B859B8369
:10BCE8009B8F978112003DC564F53EC565F53FC53C
:10BCF80066F540C567F512003DC51CF53EC51DF546
:10BD08003FC51EF540C51FF51200A594A596A59040
:10BD1800A59202019B6B976B1200010003010101C0
:10BD28000000C0000002010164C537F665C538F699
:10BD380066C539F6120064C53AF665C53BF666C5B0
:10BD48003CF6120064C534F665C535F666C536F6A8
:10BD5800120064C540F665C541F666C542F6120094
:10BD680064C543F665C544F666C545F6120064C564
:10BD78003DF665C53EF666C53FF6120064C52BF66E
:10BD880065C52CF666C52DF6120064C52EF665C588
:10BD98002FF666C530F6120064C531F665C532F671
:10BDA80066C533F6120064C5FCF665C5FDF666C5C2
:10BDB800FEF6120064C5FCF565C5FDF566C5FEF521
:10BDC800120005016551506E64C551F5120064C535
:10BDD80089F4050165518A6E120064C57AF405017B
:10BDE80065517B6E12000501646F64C58DF2120007
:10BDF8000501646F64C58FF212000201979B979D3D
:10BE080097991200C30E0301D76F12002A6E2AC534
:10BE18008FF212002C6E2CC58DF212002F6E2FC5DA
:10BE28008CF212000201996B998512005DEC34F0D6
:10BE3800120070EC2CF01200506A516A120026ECC5
:10BE48005FF012000001419F12000201948D120060
:10BE58000201948B12000201948B12000201949D3E
:10BE6800120002018D51120002019A6B12000201A8
:10BE78008B511200A8EC5AF01100A2901200A28077
:10BE88001200C1861200C38A1200878412007884C7
:0ABE98001200C1961200C39A1200B6
:10BEA400AF941100B09011000101120012001200B1
:0ABEB400120012001200120012002A
:10BEC00011001200120012001200120012001200E3
:04BED000120012004A
:020000040030CA
:080000008FFFEFFF9FFFFFFFE0
:01000900FFF7
:00000001FF
