:0430000081EF18F054
:103008007538753875387538400C7538400C753812
:10301800A73775386F387538753875387538753815
:103028007038400C400C400C753875387538753858
:1030380075387538753859355A347538753848358E
:10304800DA37653875387538400C400C753875387E
:10305800753875387538400C7538753826355C2FD5
:10306800AD377538753875387538753875387538B9
:103078008C3793372B31FE2E400C75383735892F16
:1030880075387538753875387538753875387538D0
:103098007538753875387538400C7538400C400CE3
:1030A800B337753875387538753875387538753873
:1030B800753875387538A834753875387538753871
:1030C8007538753875387538753875387538753890
:1030D8007538753875387538753875387538753880
:1030E800400C753875387538400C400C400C400C55
:1030F8007538753875387538FF00B8EF56F0000028
:10310800C0C101C30302C2C60607C705C5C404CCB3
:103118000C0DCD0FCFCE0E0ACACB0BC90908C8D8E3
:103128001819D91BDBDA1A1EDEDF1FDD1D1CDC14A3
:10313800D4D515D71716D6D21213D311D1D010F073
:103148003031F133F3F23236F6F737F53534F43CF3
:10315800FCFD3DFF3F3EFEFA3A3BFB39F9F83828C3
:10316800E8E929EB2B2AEAEE2E2FEF2DEDEC2CE4E3
:103178002425E527E7E62622E2E323E12120E0A053
:103188006061A163A3A26266A6A767A56564A46C33
:10319800ACAD6DAF6F6EAEAA6A6BAB69A9A8687863
:1031A800B8B979BB7B7ABABE7E7FBF7DBDBC7CB423
:1031B8007475B577B7B67672B2B373B17170B05033
:1031C8009091519353529296565797559594549C73
:1031D8005C5D9D5F9F9E5E5A9A9B5B995958988843
:1031E8004849894B8B8A4A4E8E8F4F8D4D4C8C4463
:1031F80084854587474686824243834181804000D3
:10320800C1814001C0804101C0804100C1814001AD
:10321800C0804100C1814000C1814001C08041019E
:10322800C0804100C1814000C1814001C08041008F
:10323800C1814001C0804101C0804100C18140017D
:10324800C0804100C1814000C1814001C08041006F
:10325800C1814001C0804101C0804100C18140005E
:10326800C1814001C0804101C0804100C18140014D
:10327800C0804100C1814000C1814001C08041013E
:10328800C0804100C1814000C1814001C08041002F
:10329800C1814001C0804101C0804100C18140001E
:1032A800C1814001C0804101C0804100C18140010D
:1032B800C0804100C1814000C1814001C0804100FF
:1032C800C1814001C0804101C0804100C1814001ED
:1032D800C0804100C1814000C1814001C0804101DE
:1032E800C0804100C1814000C1814001C0804100CF
:1032F800C1814001C0804101C0804100C1814000BE
:10330800C0C101C30302C2C60607C705C5C404CCB1
:103318000C0DCD0FCFCE0E0ACACB0BC90908C8D8E1
:103328001819D91BDBDA1A1EDEDF1FDD1D1CDC14A1
:10333800D4D515D71716D6D21213D311D1D010F071
:103348003031F133F3F23236F6F737F53534F43CF1
:10335800FCFD3DFF3F3EFEFA3A3BFB39F9F83828C1
:10336800E8E929EB2B2AEAEE2E2FEF2DEDEC2CE4E1
:103378002425E527E7E62622E2E323E12120E0A051
:103388006061A163A3A26266A6A767A56564A46C31
:10339800ACAD6DAF6F6EAEAA6A6BAB69A9A8687861
:1033A800B8B979BB7B7ABABE7E7FBF7DBDBC7CB421
:1033B8007475B577B7B67672B2B373B17170B05031
:1033C8009091519353529296565797559594549C71
:1033D8005C5D9D5F9F9E5E5A9A9B5B995958988841
:1033E8004849894B8B8A4A4E8E8F4F8D4D4C8C4461
:1033F80084854587474686824243834181804000D1
:10340800C1814001C0804101C0804100C1814001AB
:10341800C0804100C1814000C1814001C08041019C
:10342800C0804100C1814000C1814001C08041008D
:10343800C1814001C0804101C0804100C18140017B
:10344800C0804100C1814000C1814001C08041006D
:10345800C1814001C0804101C0804100C18140005C
:10346800C1814001C0804101C0804100C18140014B
:10347800C0804100C1814000C1814001C08041013C
:10348800C0804100C1814000C1814001C08041002D
:10349800C1814001C0804101C0804100C18140001C
:1034A800C1814001C0804101C0804100C18140010B
:1034B800C0804100C1814000C1814001C0804100FD
:1034C800C1814001C0804101C0804100C1814001EB
:1034D800C0804100C1814000C1814001C0804101DC
:1034E800C0804100C1814000C1814001C0804100CD
:1034F800C1814001C0804101C0804100C1814000BC
:10350800C0C101C30302C2C60607C705C5C404CCAF
:103518000C0DCD0FCFCE0E0ACACB0BC90908C8D8DF
:103528001819D91BDBDA1A1EDEDF1FDD1D1CDC149F
:10353800D4D515D71716D6D21213D311D1D010F06F
:103548003031F133F3F23236F6F737F53534F43CEF
:10355800FCFD3DFF3F3EFEFA3A3BFB39F9F83828BF
:10356800E8E929EB2B2AEAEE2E2FEF2DEDEC2CE4DF
:103578002425E527E7E62622E2E323E12120E0A04F
:103588006061A163A3A26266A6A767A56564A46C2F
:10359800ACAD6DAF6F6EAEAA6A6BAB69A9A868785F
:1035A800B8B979BB7B7ABABE7E7FBF7DBDBC7CB41F
:1035B8007475B577B7B67672B2B373B17170B0502F
:1035C8009091519353529296565797559594549C6F
:1035D8005C5D9D5F9F9E5E5A9A9B5B99595898883F
:1035E8004849894B8B8A4A4E8E8F4F8D4D4C8C445F
:1035F80084854587474686824243834181804000CF
:10360800C1814001C0804101C0804100C1814001A9
:10361800C0804100C1814000C1814001C08041019A
:10362800C0804100C1814000C1814001C08041008B
:10363800C1814001C0804101C0804100C181400179
:10364800C0804100C1814000C1814001C08041006B
:10365800C1814001C0804101C0804100C18140005A
:10366800C1814001C0804101C0804100C181400149
:10367800C0804100C1814000C1814001C08041013A
:10368800C0804100C1814000C1814001C08041002B
:10369800C1814001C0804101C0804100C18140001A
:1036A800C1814001C0804101C0804100C181400109
:1036B800C0804100C1814000C1814001C0804100FB
:1036C800C1814001C0804101C0804100C1814001E9
:1036D800C0804100C1814000C1814001C0804101DA
:1036E800C0804100C1814000C1814001C0804100CB
:1036F800C1814001C0804101C0804100C1814000BA
:10370800C0C101C30302C2C60607C705C5C404CCAD
:103718000C0DCD0FCFCE0E0ACACB0BC90908C8D8DD
:103728001819D91BDBDA1A1EDEDF1FDD1D1CDC149D
:10373800D4D515D71716D6D21213D311D1D010F06D
:103748003031F133F3F23236F6F737F53534F43CED
:10375800FCFD3DFF3F3EFEFA3A3BFB39F9F83828BD
:10376800E8E929EB2B2AEAEE2E2FEF2DEDEC2CE4DD
:103778002425E527E7E62622E2E323E12120E0A04D
:103788006061A163A3A26266A6A767A56564A46C2D
:10379800ACAD6DAF6F6EAEAA6A6BAB69A9A868785D
:1037A800B8B979BB7B7ABABE7E7FBF7DBDBC7CB41D
:1037B8007475B577B7B67672B2B373B17170B0502D
:1037C8009091519353529296565797559594549C6D
:1037D8005C5D9D5F9F9E5E5A9A9B5B99595898883D
:1037E8004849894B8B8A4A4E8E8F4F8D4D4C8C445D
:1037F80084854587474686824243834181804000CD
:10380800C1814001C0804101C0804100C1814001A7
:10381800C0804100C1814000C1814001C080410198
:10382800C0804100C1814000C1814001C080410089
:10383800C1814001C0804101C0804100C181400177
:10384800C0804100C1814000C1814001C080410069
:10385800C1814001C0804101C0804100C181400058
:10386800C1814001C0804101C0804100C181400147
:10387800C0804100C1814000C1814001C080410138
:10388800C0804100C1814000C1814001C080410029
:10389800C1814001C0804101C0804100C181400018
:1038A800C1814001C0804101C0804100C181400107
:1038B800C0804100C1814000C1814001C0804100F9
:1038C800C1814001C0804101C0804100C1814001E7
:1038D800C0804100C1814000C1814001C0804101D8
:1038E800C0804100C1814000C1814001C0804100C9
:1038F800C1814001C0804101C0804100C1814000B8
:10390800C0C101C30302C2C60607C705C5C404CCAB
:103918000C0DCD0FCFCE0E0ACACB0BC90908C8D8DB
:103928001819D91BDBDA1A1EDEDF1FDD1D1CDC149B
:10393800D4D515D71716D6D21213D311D1D010F06B
:103948003031F133F3F23236F6F737F53534F43CEB
:10395800FCFD3DFF3F3EFEFA3A3BFB39F9F83828BB
:10396800E8E929EB2B2AEAEE2E2FEF2DEDEC2CE4DB
:103978002425E527E7E62622E2E323E12120E0A04B
:103988006061A163A3A26266A6A767A56564A46C2B
:10399800ACAD6DAF6F6EAEAA6A6BAB69A9A868785B
:1039A800B8B979BB7B7ABABE7E7FBF7DBDBC7CB41B
:1039B8007475B577B7B67672B2B373B17170B0502B
:1039C8009091519353529296565797559594549C6B
:1039D8005C5D9D5F9F9E5E5A9A9B5B99595898883B
:1039E8004849894B8B8A4A4E8E8F4F8D4D4C8C445B
:1039F80084854587474686824243834181804000CB
:103A0800C1814001C0804101C0804100C1814001A5
:103A1800C0804100C1814000C1814001C080410196
:103A2800C0804100C1814000C1814001C080410087
:103A3800C1814001C0804101C0804100C181400175
:103A4800C0804100C1814000C1814001C080410067
:103A5800C1814001C0804101C0804100C181400056
:103A6800C1814001C0804101C0804100C181400145
:103A7800C0804100C1814000C1814001C080410136
:103A8800C0804100C1814000C1814001C080410027
:103A9800C1814001C0804101C0804100C181400016
:103AA800C1814001C0804101C0804100C181400105
:103AB800C0804100C1814000C1814001C0804100F7
:103AC800C1814001C0804101C0804100C1814001E5
:103AD800C0804100C1814000C1814001C0804101D6
:103AE800C0804100C1814000C1814001C0804100C7
:103AF800C1814001C0804101C0804100C1814000B6
:103B0800C0C101C30302C2C60607C705C5C404CCA9
:103B18000C0DCD0FCFCE0E0ACACB0BC90908C8D8D9
:103B28001819D91BDBDA1A1EDEDF1FDD1D1CDC1499
:103B3800D4D515D71716D6D21213D311D1D010F069
:103B48003031F133F3F23236F6F737F53534F43CE9
:103B5800FCFD3DFF3F3EFEFA3A3BFB39F9F83828B9
:103B6800E8E929EB2B2AEAEE2E2FEF2DEDEC2CE4D9
:103B78002425E527E7E62622E2E323E12120E0A049
:103B88006061A163A3A26266A6A767A56564A46C29
:103B9800ACAD6DAF6F6EAEAA6A6BAB69A9A8687859
:103BA800B8B979BB7B7ABABE7E7FBF7DBDBC7CB419
:103BB8007475B577B7B67672B2B373B17170B05029
:103BC8009091519353529296565797559594549C69
:103BD8005C5D9D5F9F9E5E5A9A9B5B995958988839
:103BE8004849894B8B8A4A4E8E8F4F8D4D4C8C4459
:103BF80084854587474686824243834181804000C9
:103C0800C1814001C0804101C0804100C1814001A3
:103C1800C0804100C1814000C1814001C080410194
:103C2800C0804100C1814000C1814001C080410085
:103C3800C1814001C0804101C0804100C181400173
:103C4800C0804100C1814000C1814001C080410065
:103C5800C1814001C0804101C0804100C181400054
:103C6800C1814001C0804101C0804100C181400143
:103C7800C0804100C1814000C1814001C080410134
:103C8800C0804100C1814000C1814001C080410025
:103C9800C1814001C0804101C0804100C181400014
:103CA800C1814001C0804101C0804100C181400103
:103CB800C0804100C1814000C1814001C0804100F5
:103CC800C1814001C0804101C0804100C1814001E3
:103CD800C0804100C1814000C1814001C0804101D4
:103CE800C0804100C1814000C1814001C0804100C5
:103CF800C1814001C0804101C0804100C18140367E
:103D0800C20000000054D90006D20000000082DE84
:103D1800000000000000000000000000000000009B
:103D2800000000000000000000000000000000008B
:103D3800000000000084DD0000000060DD003CDDC4
:103D48000018DD00000000C4D00000000072CE00A2
:103D5800CACE00000000000000000000E0DA000009
:103D68000000000000269E783EEEE9913E13CECC7E
:103D78003EAAAA2A3FD1F717378071313F2D2D2D42
:103D88002D2D2D2D2D2D2D2D2D2D2D2D2D2D2D2D5B
:103D98002D2D2D2D2D2D2D2D2D2D2D2D2D2D2D2D4B
:103DA8002D0A0A004348317C493A252E32667C5652
:103DB8003A252E32667C503A252E32667C50574D75
:103DC8003A25647C0A0D004348327C493A252E3254
:103DD800667C563A252E32667C503A252E32667C11
:103DE80050574D3A25647C0A0D0053503A252E321F
:103DF800667C4C6576313A25647C4C6576323A258A
:103E0800647C0A0D0050726F73746174653A25649E
:103E18007C0A0D0050726F746570793A25647C0ACB
:103E28000D0054656D703A252E32667C0A0D0056D9
:103E3800696E3A25647C0A0D002530325800696E97
:093E480066006E616E00200000AE
:103E52000601526B2AC653F62BC654F62CC655F6EB
:103E62002DC656F656BF3AEF1FF038EF1FF04EEF51
:103E72001FF0010E526F53C664F554C665F555C660
:103E820066F556C667F590EC6BF064C553F665C5EA
:103E920054F666C555F667C556F6000E0601586F0C
:103EA200000E576FD8C646F6D9C647F65251D8B457
:103EB2005DEF1FF05FEF1FF073EF1FF05251D8A4B8
:103EC20065EF1FF067EF1FF06DEF1FF0000E386F08
:103ED2002B0E376F71EF1FF0000E386F2D0E376FFC
:103EE20037C652F653C664F554C665F555C666F52F
:103EF20056C667F53CEC57F0050164056511D8A478
:103F020085EF1FF087EF1FF0BEEF1FF00601525141
:103F1200D8B48EEF1FF090EF1FF099EF1FF052C64A
:103F220097F94607D8A04707000E586F010E576F42
:103F3200970E57250501646F090E060158210501E8
:103F4200656F460E666F3E0E676F35EC6BF00601CD
:103F5200FD0E4627FF0E472328C678F529C679F5B8
:103F6200970E05017A6F090E7B6F46C67CF547C630
:103F72007DF5C8EC60F088EF24F053C664F554C6B2
:103F820065F555C666F556C667F53CEC57F0050172
:103F920064516511D8A4D0EF1FF0D2EF1FF0F5EFF6
:103FA2001FF006015251D8B4D9EF1FF0DBEF1FF01A
:103FB200E4EF1FF052C697F94607D8A04707000E54
:103FC200586F010E576F970E57250501646F090E42
:103FD200060158210501656F4A0E666F3E0E676F36
:103FE20035EC6BF0A8EF1FF0000E0601596F000EC2
:103FF2005A6F800E5B6F3F0E5C6F000E416F000EBA
:10400200406F53C664F554C665F555C666F556C687
:1040120067F5000E0501686F000E696F000E6A6F8A
:10402200000E6B6F1CEC60F00501D8B01BEF20F0A6
:104032001DEF20F017EF21F02AEF20F042C659F6CB
:1040420043C65AF644C65BF645C65CF60601404BCB
:10405200412B59C6A7F55AC6A8F55BC6A9F55CC699
:10406200AAF5000E0501AB6F000EAC6F200EAD6F0E
:10407200410EAE6F9BEC31F0A7C542F6A8C543F6E0
:10408200A9C544F6AAC545F606014251535D05018C
:10409200646F0601435154590501656F060144518D
:1040A20055590501666F0601455156590501676F5D
:1040B2000DEC67F0050167BF6AEF20F067516611EA
:1040C200651109E1020E645DD8A06AEF20F06CEF81
:1040D20020F01FEF20F042C60CF643C60DF644C690
:1040E2000EF645C60FF653C610F654C611F655C65F
:1040F20012F656C613F693EC50F00601D8A084EFE0
:1041020020F086EF20F01FEF20F05951535D05019A
:10411200646F06015A5154590501656F06015B51DE
:1041220055590501666F06015C5156590501676FC5
:104132000DEC67F0050167BFACEF20F06751661127
:10414200651107E1020E645DD8B0AAEF20F0ACEF72
:1041520020F0FDEF20F059C653F65AC654F65BC65E
:1041620055F65CC656F617EF21F059C6C0F55AC689
:10417200C1F55BC6C2F55CC6C3F5000E0501C46F8E
:10418200000EC56F200EC66F410EC76F98EC39F056
:10419200C0C559F6C1C55AF6C2C55BF6C3C55CF6C1
:1041A20006014007D8A041075951535D0501646FCC
:1041B20006015A5154590501656F06015B51555963
:1041C2000501666F06015C5156590501676F0DECDA
:1041D20067F0050167BFFBEF20F0675166116511BB
:1041E20007E1020E645DD8B0F9EF20F0FBEF20F09A
:1041F200FDEF20F0ACEF20F053C60CF654C60DF6DE
:1042020055C60EF656C60FF659C610F65AC611F620
:104212005BC612F65CC613F693EC50F00601D8A00A
:1042220015EF21F017EF21F0B6EF20F02EC63AF687
:104232003AC63BF60601DBBF21EF21F023EF21F066
:1042420029EF21F0DAC633F6DBC634F62DEF21F082
:10425200000E346F060E336F33C63EF634C63FF699
:104262003E4B3F2B660E3B19D8A43AEF21F03CEFB0
:1042720021F05CEF21F041BF43EF21F041EF21F04B
:104282004FEF21F0000E596F000E5A6F800E5B6FD8
:104292003F0E5C6F000E416F000E406F670E3A19C1
:1042A200D8B456EF21F058EF21F05CEF21F04051E5
:1042B2003E2741513F23000E516F000E506F53C6EF
:1042C20048F654C649F655C64AF656C64BF659C67E
:1042D20042F65AC643F65BC644F65CC645F6EEEFB6
:1042E20021F048C6C0F549C6C1F54AC6C2F54BC65B
:1042F200C3F559C6C4F55AC6C5F55BC6C6F55CC654
:10430200C7F598EC39F0C0C5D9F5C1C5DAF5C2C513
:10431200DBF5C3C5DCF59EEC43F0D9C54CF6DAC536
:104322004DF6DBC54EF6DCC54FF64CC624F64DC63F
:1043320025F64EC626F64FC627F693EC54F024C651
:104342003CF625C63DF648C600F649C601F64AC601
:1043520002F64BC603F64CC6ABF54DC6ACF54EC6DF
:10436200ADF54FC6AEF559C6A7F55AC6A8F55BC658
:10437200A9F55CC6AAF59BEC31F0A7C504F6A8C561
:1043820005F6A9C506F6AAC507F6BEEC69F000C691
:1043920048F601C649F602C64AF603C64BF659C6A6
:1043A200C0F55AC6C1F55BC6C2F55CC6C3F5000EC0
:1043B2000501C46F000EC56F200EC66F410EC76F98
:1043C20098EC39F0C0C559F6C1C55AF6C2C55BF6BC
:1043D200C3C55CF60601504B512B3E51505D515105
:1043E200800A2F6F3F51800A2F59D8A0FBEF21F08E
:1043F200FDEF21F072EF21F059C6A7F55AC6A8F5D4
:104402005BC6A9F55CC6AAF5000E0501AB6F000EEE
:10441200AC6FA00EAD6F400EAE6F9BEC31F0A7C536
:104422004CF6A8C54DF6A9C54EF6AAC54FF648C624
:104432000CF649C60DF64AC60EF64BC60FF64CC62A
:1044420010F64DC611F64EC612F64FC613F693EC91
:1044520050F00601D8B030EF22F032EF22F03CEFFC
:1044620022F0000E4C6F000E4D6F000E4E6F000ECC
:104472004F6F66EF22F048C664F549C665F54AC635
:1044820066F54BC667F54CC668F54DC669F54EC66E
:104492006AF54FC66BF51CEC60F00501D8A054EF2D
:1044A20022F056EF22F066EF22F006013CB15CEFFB
:1044B20022F05EEF22F066EF22F0000E4C6F000E4B
:1044C2004D6F000E4E6F000E4F6F53C6D9F554C696
:1044D200DAF555C6DBF556C6DCF54CC6DDF54DC63C
:1044E200DEF54EC6DFF54FC6E0F5EEEC2CF0D9C591
:1044F20048F6DAC549F6DBC54AF6DCC54BF648C6CE
:104502000CF649C60DF64AC60EF64BC60FF6000E5D
:104512000501AB6F000EAC6F200EAD6F410EAE6F9A
:1045220042C6A7F543C6A8F544C6A9F545C6AAF5ED
:104532009BEC31F0A7C510F6A8C511F6A9C512F675
:10454200AAC513F693EC50F00601D8A0ABEF22F007
:10455200ADEF22F0D6EF22F0404B412B42C6A7F539
:1045620043C6A8F544C6A9F545C6AAF5000E05013D
:10457200AB6F000EAC6F200EAD6F410EAE6F9BECB9
:1045820031F0A7C542F6A8C543F6A9C544F6AAC5A7
:1045920045F6660E06013B19D8A4D2EF22F0D4EFFD
:1045A20022F0D6EF22F03E4B3F2B42C659F643C6CD
:1045B2005AF644C65BF645C65CF640C631F641C6BD
:1045C20032F6396B000E366F000E356F000E516FEA
:1045D200000E506FD3EF23F048C6C0F549C6C1F5AF
:1045E2004AC6C2F54BC6C3F559C6C4F55AC6C5F587
:1045F2005BC6C6F55CC6C7F598EC39F0C0C5D9F5FF
:10460200C1C5DAF5C2C5DBF5C3C5DCF59EEC43F0E6
:10461200D9C54CF6DAC54DF6DBC54EF6DCC54FF60C
:104622004CC624F64DC625F64EC626F64FC627F6CC
:1046320093EC54F0060125BF2AEF23F0255107E140
:104642000A0E245DD8B028EF23F02AEF23F03AEFC8
:1046520023F04CC624F64DC625F64EC626F64FC6A6
:1046620027F693EC54F024C63CF625C63DF63EEF01
:1046720023F0000E3D6F090E3C6F06013951D8A49C
:1046820045EF23F047EF23F06FEF23F032BF4EEFF9
:1046920023F04CEF23F06FEF23F0970E5725D96EDE
:1046A200090E5821DA6E2E0EDF6E574B582B460735
:1046B200D8A04707010E396F6FEF23F0970E5725E9
:1046C200D96E090E5821DA6E300EDF6E574B582B19
:1046D2004607D8A047073507D8A036073551361107
:1046E200D8A476EF23F078EF23F05FEF23F0970E54
:1046F2005725D96E090E5821DA6E3C51300FDF6E04
:10470200574B582B4607D8A0470748C600F649C65C
:1047120001F64AC602F64BC603F64CC6ABF54DC6C9
:10472200ACF54EC6ADF54FC6AEF559C6A7F55AC69D
:10473200A8F55BC6A9F55CC6AAF59BEC31F0A7C546
:1047420004F6A8C505F6A9C506F6AAC507F6BEEC85
:1047520069F000C648F601C649F602C64AF603C623
:104762004BF659C6C0F55AC6C1F55BC6C2F55CC662
:10477200C3F5000E0501C46F000EC56F200EC66F93
:10478200410EC76F98EC39F0C0C559F6C1C55AF64B
:10479200C2C55BF6C3C55CF606013107D8A0320775
:1047A200504B512B3E51505D5151800A2F6F3F515A
:1047B200800A2F59D8B0E0EF23F0E2EF23F0F0EFB8
:1047C20023F058BFEEEF23F0585109E14B0E575D2D
:1047D200D8A0EEEF23F0F0EF23F0EDEF22F0000E81
:1047E200516F4F0E506F970E5025D96E090E512101
:1047F200DA6EDF6A970E2F6F090E306F57512F5FF7
:104802005851305B50512F250501646F06015151FB
:1048120030210501656F970E666F090E676F57C6E7
:1048220068F558C669F510EC68F006015751505DFD
:10483200576F58515159586F5251D8A423EF24F051
:1048420026EF24F0010E27EF24F0000E506F516B7B
:10485200E2A32EEF24F030EF24F05EEF24F040EFDD
:1048620024F05707D8A05807970E5725D96E090E7E
:104872005821DA6E300EDF6E4607D8A04707465140
:10488200505D5151800A2F6F4751800A2F59D8B07D
:104892004DEF24F04FEF24F05EEF24F05751505DBE
:1048A2005151800A2F6F5851800A2F59D8A05CEFBE
:1048B20024F05EEF24F032EF24F05251D8B464EFCA
:1048C20024F066EF24F071EF24F05707D8A05807C0
:1048D200970E5725D96E090E5821DA6E52C6DFF4AB
:1048E2005051465F5151475B28C678F529C679F584
:1048F200970E572505017A6F090E06015821050109
:104902007B6F46C67CF547C67DF5C8EC60F01200A9
:104912002AC600F62BC601F62CC602F62DC603F6F1
:104922002EC604F62FC605F630C606F631C607F6C1
:10493200BEEC69F000C656F601C657F602C658F636
:1049420003C659F656C608F657C609F658C60AF6F9
:1049520059C60BF675EC6CF008C65AF609C65BF63A
:104962000AC65CF60BC65DF656C608F657C609F6C9
:1049720058C60AF659C60BF675EC6CF008C60CF66A
:1049820009C60DF60AC60EF60BC60FF6000E060194
:10499200106F000E116F800E126F3F0E136F93ECAB
:1049A20050F00601D8B0D8EF24F0DAEF24F0E2EFAD
:1049B20024F0000E566F000E576F000E586F000E57
:1049C200596F20EE05F02851D9262951DA22DEC48A
:1049D20052F6DEC453F6DEC454F6DEC455F6000EBB
:1049E2000C6F000E0D6F480E0E6F420E0F6F5AC6FF
:1049F20010F65BC611F65CC612F65DC613F693ECB2
:104A020050F00601D8B008EF25F00AEF25F027EFA5
:104A120025F052C6A7F553C6A8F554C6A9F555C642
:104A2200AAF5CD0E0501AB6FCC0EAC6FCC0EAD6FFF
:104A32003D0EAE6F9BEC31F0A7C552F6A8C553F6FA
:104A4200A9C554F6AAC555F693EF25F0000E0C6FD2
:104A5200000E0D6FA00E0E6F410E0F6F5AC610F6AC
:104A62005BC611F65CC612F65DC613F693EC50F007
:104A72000601D8B03FEF25F041EF25F05EEF25F0BB
:104A820052C6A7F553C6A8F554C6A9F555C6AAF548
:104A92009A0E0501AB6F990EAC6F990EAD6F3E0E7B
:104AA200AE6F9BEC31F0A7C552F6A8C553F6A9C567
:104AB20054F6AAC555F693EF25F05AC60CF65BC616
:104AC2000DF65CC60EF65DC60FF6000E106F000EF8
:104AD200116FA00E126F400E136F93EC50F006018F
:104AE200D8B076EF25F078EF25F093EF25F052C697
:104AF200A7F553C6A8F554C6A9F555C6AAF5000EE2
:104B02000501AB6F000EAC6F000EAD6F400EAE6FC5
:104B12009BEC31F0A7C552F6A8C553F6A9C554F6C9
:104B2200AAC555F6060120EE01F02851D9262951D1
:104B3200DA22DEC4A7F5DEC4A8F5DEC4A9F5DEC418
:104B4200AAF556C6ABF557C6ACF558C6ADF559C66B
:104B5200AEF59BEC31F0A7C532F6A8C533F6A9C570
:104B620034F6AAC535F65AC60CF65BC60DF65CC617
:104B72000EF65DC60FF6000E0601106F000E116FE5
:104B8200480E126F420E136F93EC50F00601D8B02C
:104B9200CDEF25F0CFEF25F0AEEF27F056C65EF64B
:104BA20057C65FF658C660F659C661F6000E0C6F1E
:104BB200000E0D6FF00E0E6F410E0F6F5AC610F6FB
:104BC2005BC611F65CC612F65DC613F693EC50F0A6
:104BD2000601D8B0EFEF25F0F1EF25F037EF26F020
:104BE200000E0C6F000E0D6F200E0E6F420E0F6F37
:104BF2005EC610F65FC611F660C612F661C613F6FF
:104C020093EC50F00601D8B009EF26F00BEF26F036
:104C120013EF26F0000E5E6F000E5F6F200E606FC6
:104C2200420E616F5EC60CF65FC60DF660C60EF6EA
:104C320061C60FF6000E106F000E116F200E126F7C
:104C4200C20E136F93EC50F00601D8B02BEF26F092
:104C52002DEF26F00AEF27F0000E5E6F000E5F6F59
:104C6200200E606FC20E616F0AEF27F0000E0C6F0C
:104C7200000E0D6F200E0E6F410E0F6F5AC610F60A
:104C82005BC611F65CC612F65DC613F693EC50F0E5
:104C92000601D8B04FEF26F051EF26F0C6EF26F00E
:104CA2005AC6A7F55BC6A8F55CC6A9F55DC6AAF506
:104CB200CD0E0501AB6FCC0EAC6F4C0EAD6F3F0E3F
:104CC200AE6F9BEC31F0A7C54AF6A8C54BF6A9C555
:104CD2004CF6AAC54DF64AC60CF64BC60DF64CC6A6
:104CE2000EF64DC60FF65EC610F65FC611F660C62A
:104CF20012F661C613F693EC50F00601D8B084EFB9
:104D020026F086EF26F08EEF26F04AC65EF64BC6F8
:104D12005FF64CC660F64DC661F65EC60CF65FC61F
:104D22000DF660C60EF661C60FF64AC664F54BC6AE
:104D320065F54CC666F54DC667F590EC6BF064C53B
:104D420010F665C511F666C512F667C513F693EC43
:104D520050F00601D8B0B0EF26F0B2EF26F00AEF1D
:104D620027F04AC664F54BC665F54CC666F54DC6D6
:104D720067F590EC6BF064C55EF665C55FF666C5D7
:104D820060F667C561F60AEF27F0000E0C6F000EA1
:104D92000D6FA00E0E6F400E0F6F5EC610F65FC64F
:104DA20011F660C612F661C613F693EC50F00601D6
:104DB200D8B0DEEF26F0E0EF26F0E8EF26F0000EA6
:104DC2005E6F000E5F6FA00E606F400E616F5EC679
:104DD2000CF65FC60DF660C60EF661C60FF6000E43
:104DE200106F000E116FA00E126FC00E136F93ECB6
:104DF20050F00601D8B000EF27F002EF27F00AEFDB
:104E020027F0000E5E6F000E5F6FA00E606FC00E87
:104E1200616F5EC6A7F55FC6A8F560C6A9F561C653
:104E2200AAF5060120EE05F02851D9262951DA22E9
:104E3200DEC4C4F5DEC4C5F5DEC4C6F5DEC4C7F5FE
:104E420052C6C0F553C6C1F554C6C2F555C6C3F520
:104E520098EC39F0C0C5ABF5C1C5ACF5C2C5ADF52E
:104E6200C3C5AEF59BEC31F0A7C55EF6A8C55FF6EB
:104E7200A9C560F6AAC561F6060120EE1DF028510B
:104E8200D9262951DA22DEC4D9F5DEC4DAF5DEC428
:104E9200DBF5DEC4DCF55EC6DDF55FC6DEF560C6B9
:104EA200DFF561C6E0F5EEEC2CF0060120EE1DF018
:104EB2002851D9262951DA220501D9C5DEF4DAC5ED
:104EC200DEF4DBC5DEF4DCC5DEF4060120EE11F013
:104ED2002851D9262951DA22DEC41CF6DEC41DF679
:104EE200DEC41EF6DEC41FF620EE1DF02851D926C0
:104EF2002951DA22DEC414F6DEC415F6DEC416F633
:104F0200DEC417F620EE0DF02851D9262951DA22F7
:104F1200DEC418F6DEC419F6DEC41AF6DEC41BF6C9
:104F220028EC51F014C620F615C621F616C622F654
:104F320017C623F6BCEC51F0060120EE1DF02851F5
:104F4200D9262951DA221CC6DEF41DC6DEF41EC69D
:104F5200DEF41FC6DEF4BCEF27F020EE1DF0285170
:104F6200D9262951DA22000EDE6E000EDE6E000E08
:104F7200DE6E000EDD6E20EE1DF02851D92629517D
:104F8200DA22DEC4A7F5DEC4A8F5DEC4A9F5DEC4C4
:104F9200AAF552C6ABF553C6ACF554C6ADF555C627
:104FA200AEF59BEC31F0A7C536F6A8C537F6A9C514
:104FB20038F6AAC539F6060120EE21F02851D92685
:104FC2002951DA22DEC404F6DEC405F6DEC406F692
:104FD200DEC407F656C600F657C601F658C602F6F4
:104FE20059C603F6BEEC69F000C6A7F501C6A8F5DE
:104FF20002C6A9F503C6AAF5060120EE09F028515A
:10500200D9262951DA22DEC4ABF5DEC4ACF5DEC402
:10501200ADF5DEC4AEF59BEC31F0A7C546F6A8C5EA
:1050220047F6A9C548F6AAC549F6330E0501AB6F86
:10503200330EAC6F330EAD6F3F0EAE6F46C6A7F5A3
:1050420047C6A8F548C6A9F549C6AAF59BEC31F0B2
:10505200A7C5D9F5A8C5DAF5A9C5DBF5AAC5DCF55A
:105062009A0E0501AB6F990EAC6F990EAD6F3E0EA5
:10507200AE6F1CC7A7F51DC7A8F51EC7A9F51FC7A8
:10508200AAF59BEC31F0A7C5DDF5A8C5DEF5A9C5EB
:10509200DFF5AAC5E0F5EEEC2CF0D9C546F6DAC587
:1050A20047F6DBC548F6DCC549F646C61CF747C6D7
:1050B2001DF748C61EF749C61FF7060120EE21F06C
:1050C2002851D9262951DA2256C6DEF457C6DEF413
:1050D20058C6DEF459C6DEF436C6DDF537C6DEF54F
:1050E20038C6DFF539C6E0F532C6D9F533C6DAF58A
:1050F20034C6DBF535C6DCF5EEEC2CF0D9C53AF654
:10510200DAC53BF6DBC53CF6DCC53DF63AC6D9F559
:105112003BC6DAF53CC6DBF53DC6DCF546C6DDF539
:1051220047C6DEF548C6DFF549C6E0F5EEEC2CF0E1
:10513200D9C54EF6DAC54FF6DBC550F6DCC551F6D9
:1051420028C6D9F429C6DAF4DE04D8A4ABEF28F0D5
:10515200ADEF28F02EEF29F0060151BFB5EF28F090
:10516200B3EF28F0BFEF28F0000E3E6F000E3F6F46
:10517200000E406FBF0E416FC7EF28F0000E3E6F6A
:10518200000E3F6F000E406F3F0E416F4EC6DDF5C1
:105192004FC6DEF550C6DFF551C6E0F53EC6D9F57D
:1051A2003FC6DAF540C6DBF541C6DCF5EEEC2CF085
:1051B200D9C524F6DAC525F6DBC526F6DCC527F601
:1051C20093EC54F006012451DE272551DF23000E13
:1051D200186F000E196F480E1A6F450E1B6FDEC650
:1051E20099F5DFC69AF50501000E9ABFFF0E9B6F77
:1051F2009C6F010E88EC49F099C514F69AC515F614
:105202009BC516F69CC517F628EC51F014C620F67D
:1052120015C621F616C622F617C623F6000E06019B
:105222001C6F000E1D6F000E1E6F000E1F6FBCEC78
:1052320051F01CC624F61DC625F61EC626F61FC64C
:1052420027F693EC54F024C6DEF625C6DFF6DEC65A
:1052520028F6DFC629F6BAEF29F028C6D9F429C6FE
:10526200DAF4020EDE18D8A439EF29F03BEF29F068
:10527200BAEF29F0060151BF43EF29F041EF29F0BF
:105282004DEF29F0000E426F000E436F000E446F87
:10529200BF0E456F55EF29F0000E426F000E436FAF
:1052A200000E446F3F0E456F4EC6DDF54FC6DEF56C
:1052B20050C6DFF551C6E0F542C6D9F543C6DAF568
:1052C20044C6DBF545C6DCF5EEEC2CF0D9C524F678
:1052D200DAC525F6DBC526F6DCC527F693EC54F0D5
:1052E20006012451DC272551DD23000E186F000E24
:1052F200196F480E1A6F450E1B6FDCC699F5DDC695
:105302009AF50501000E9ABFFF0E9B6F9C6F010E6E
:1053120088EC49F099C514F69AC515F69BC516F6A0
:105322009CC517F628EC51F014C620F615C621F6D6
:1053320016C622F617C623F6000E06011C6F000ED3
:105342001D6F000E1E6F000E1F6FBCEC51F01CC6CD
:1053520024F61DC625F61EC626F61FC627F693ECB2
:1053620054F024C6DCF625C6DDF6DCC628F6DDC61A
:1053720029F6120004C742F605C743F606C744F6EB
:1053820007C745F608C642F609C643F60AC644F6FA
:105392000BC645F6000E0601296F000E286F455117
:1053A20009E1800E445DD8A0D9EF29F0DBEF29F0A6
:1053B200E2EF29F045AFE0EF29F0E2EF29F049EF03
:1053C2002AF0D89042350501E96F060143350501FF
:1053D200EA6F060144350501EB6F0601453505010B
:1053E200EC6FE951EA11EB11EC11D8A4FBEF29F0B3
:1053F200FDEF29F010EF2AF0000E0601426F000EB9
:10540200436F800E446FFF0E456F42C608F643C6D7
:1054120009F644C60AF645C60BF6EDEF2CF0060176
:1054220045AF16EF2AF018EF2AF028EF2AF0000E07
:105432000701866F210E856FFF0E0601426FFF0E78
:10544200436FFF0E446F7F0E456F06EF2AF0E70EA3
:105452002827FF0E292342C6A7F543C6A8F544C64E
:10546200A9F545C6AAF5000E0501AB6F000EAC6F9B
:10547200000EAD6F4C0EAE6F9BEC31F0A7C542F63D
:10548200A8C543F6A9C544F6AAC545F676EF2AF0A3
:10549200800E445D7F0E4559D8A052EF2AF054EF9A
:1054A2002AF05EEF2AF008C608F609C609F60AC60F
:1054B2000AF60BC60BF6EDEF2CF0800E441909E14B
:1054C2003F0E451942114311D8A46AEF2AF06CEF3E
:1054D2002AF076EF2AF0000E086F000E096F000E18
:1054E2000A6F000E0B6FEDEF2CF00D0E0601422736
:1054F200FB0E43234A0E4423000E452342C6E9F520
:1055020043C6EAF544C6EBF545C6ECF5180E90EF36
:105512002AF00501D890EC33EB33EA33E933E82E75
:105522008AEF2AF0810EE925ED6FFF0EEA21EE6F78
:10553200ED51060128270501EE5106012923FF0E30
:1055420042150501E96FFF0E060143150501EA6FD9
:105552007F0E060144150501EB6F000E060145158D
:105562000501EC6FF30EE9250601426F040E0501F9
:10557200EA210601436F350E0501EB210601446F56
:105582003F0E0501EC210601456F42C600F643C6F7
:1055920001F644C602F645C603F6000E046F000E7D
:1055A200056F800E066F3F0E076FBEEC69F000C6F6
:1055B20042F601C643F602C644F603C645F642C6A3
:1055C200C0F543C6C1F544C6C2F545C6C3F5000ED3
:1055D2000501DD6F000EDE6F000EDF6F400EE06F23
:1055E20042C6D9F543C6DAF544C6DBF545C6DCF555
:1055F200EEEC2CF0D9C5C4F5DAC5C5F5DBC5C6F5A8
:10560200DCC5C7F598EC39F0C0C532F6C1C533F632
:10561200C2C534F6C3C535F632C6A7F533C6A8F5FA
:1056220034C6A9F535C6AAF532C6ABF533C6ACF514
:1056320034C6ADF535C6AEF59BEC31F0A7C536F6EE
:10564200A8C537F6A9C538F6AAC539F636C6A7F5EC
:1056520037C6A8F538C6A9F539C6AAF536C6ABF5D8
:1056620037C6ACF538C6ADF539C6AEF59BEC31F0B0
:10567200A7C53AF6A8C53BF6A9C53CF6AAC53DF6AC
:10568200130E0501DD6FCE0EDE6FCC0EDF6F3E0E08
:10569200E06F260EAB6F9E0EAC6F780EAD6F3E0EB6
:1056A200AE6F3AC6A7F53BC6A8F53CC6A9F53DC6FE
:1056B200AAF59BEC31F0A7C5D9F5A8C5DAF5A9C5BD
:1056C200DBF5AAC5DCF5EEEC2CF0D9C53EF6DAC561
:1056D2003FF6DBC540F6DCC541F63EC6A7F53FC640
:1056E200A8F540C6A9F541C6AAF53AC6ABF53BC630
:1056F200ACF53CC6ADF53DC6AEF59BEC31F0A7C5A9
:1057020010F6A8C511F6A9C512F6AAC513F6AA0E77
:105712000501DD6FAA0EDE6F2A0EDF6F3F0EE06F0E
:10572200EE0EAB6FE90EAC6F910EAD6F3E0EAE6F2B
:105732003AC6A7F53BC6A8F53CC6A9F53DC6AAF5EB
:105742009BEC31F0A7C5D9F5A8C5DAF5A9C5DBF5FB
:10575200AAC5DCF5EEEC2CF0D9C53EF6DAC53FF66B
:10576200DBC540F6DCC541F63EC6A7F53FC6A8F547
:1057720040C6A9F541C6AAF536C6ABF537C6ACF5A3
:1057820038C6ADF539C6AEF59BEC31F0A7C514F6B7
:10579200A8C515F6A9C516F6AAC517F614C6D9F5F1
:1057A20015C6DAF516C6DBF517C6DCF510C6DDF54B
:1057B20011C6DEF512C6DFF513C6E0F5EEEC2CF0ED
:1057C200D9C50CF6DAC50DF6DBC50EF6DCC50FF64B
:1057D200000E0501AB6F000EAC6F000EAD6F3F0EF9
:1057E200AE6F42C6A7F543C6A8F544C6A9F545C69D
:1057F200AAF59BEC31F0A7C53EF6A8C53FF6A9C5B0
:1058020040F6AAC541F63EC6A7F53FC6A8F540C672
:10581200A9F541C6AAF542C6ABF543C6ACF544C6E6
:10582200ADF545C6AEF59BEC31F0A7C52AF6A8C585
:105832002BF6A9C52CF6AAC52DF628C699F529C6B8
:105842009AF50501000E9ABFFF0E9B6F9C6F010E29
:1058520088EC49F099C52EF69AC52FF69BC530F60D
:105862009CC531F632C6ABF533C6ACF534C6ADF5E0
:1058720035C6AEF50CC6DDF50DC6DEF50EC6DFF596
:105882000FC6E0F52AC6D9F52BC6DAF52CC6DBF52C
:105892002DC6DCF5EEEC2CF0D9C5A7F5DAC5A8F5D6
:1058A200DBC5A9F5DCC5AAF59BEC31F0A7C518F656
:1058B200A8C519F6A9C51AF6AAC51BF6D10E050187
:1058C200AB6FF70EAC6F170EAD6F370EAE6F2EC605
:1058D200A7F52FC6A8F530C6A9F531C6AAF59BECE7
:1058E20031F0A7C5DDF5A8C5DEF5A9C5DFF5AAC566
:1058F200E0F518C6D9F519C6DAF51AC6DBF51BC6E6
:10590200DCF5EEEC2CF0D9C51CF6DAC51DF6DBC5CC
:105912001EF6DCC51FF62AC604F62BC605F62CC6F3
:1059220006F62DC607F61CC600F61DC601F61EC6F3
:1059320002F61FC603F6BEEC69F000C620F601C6E9
:1059420021F602C622F603C623F642C6DDF543C699
:10595200DEF544C6DFF545C6E0F520C6D9F521C619
:10596200DAF522C6DBF523C6DCF5EEEC2CF0D9C560
:1059720024F6DAC525F6DBC526F6DCC527F624C6ED
:10598200D9F525C6DAF526C6DBF527C6DCF5800E85
:105992000501AB6F710EAC6F310EAD6F3F0EAE6F86
:1059A2002EC6A7F52FC6A8F530C6A9F531C6AAF5A9
:1059B2009BEC31F0A7C5DDF5A8C5DEF5A9C5DFF57D
:1059C200AAC5E0F5EEEC2CF0D9C508F6DAC509F661
:1059D200DBC50AF6DCC50BF612000501DC51800BB3
:1059E200E56FDC51DC25E76FDBAFFAEF2CF0FCEF63
:1059F2002CF0FDEF2CF0E781E751D8B403EF2DF046
:105A020005EF2DF019EF2DF0E729D8A40BEF2DF0BB
:105A12000DEF2DF015EF2DF0000ED96F000EDA6F9D
:105A2200000EDB6F000EDC6FDB8FDC6B21EF2DF0E5
:105A3200000ED96F000EDA6F000EDB6F000EDC6F06
:105A4200E051800BE66FE551E619D8B42BEF2DF04B
:105A52002DEF2DF02EEF2DF0E58DE051E025E66FD4
:105A6200DFAF36EF2DF038EF2DF039EF2DF0E68174
:105A7200E651D8B43FEF2DF041EF2DF055EF2DF068
:105A8200E629D8A447EF2DF049EF2DF051EF2DF084
:105A9200000EDD6F000EDE6F000EDF6F000EE06F96
:105AA200DF8FE06B5DEF2DF0000EDD6F000EDE6F1D
:105AB200000EDF6F000EE06FE751E65DD8B064EFD5
:105AC2002DF066EF2DF08DEF2DF0E5AD6BEF2DF0A3
:105AD2006DEF2DF06FEF2DF0800EE51BE7C5E8F5B9
:105AE200E6C5E7F5E8C5E6F5D9C5E8F5DDC5D9F5BA
:105AF200E8C5DDF5DAC5E8F5DEC5DAF5E8C5DEF5B7
:105B0200DBC5E8F5DFC5DBF5E8C5DFF5DCC5E8F5A3
:105B1200E0C5DCF5E8C5E0F5E86BE751E6C5E1F57F
:105B2200E26BE15F000EE25BE2BFA1EF2DF0E2511A
:105B320009E11A0EE15DD8A0A1EF2DF0A3EF2DF03F
:105B4200DAEF2DF0D951DA11DB11DC11D8A4ACEF68
:105B52002DF0AFEF2DF0010EB0EF2DF0000EE86F3B
:105B6200000ED96F000EDA6F000EDB6F000EDC6FD5
:105B7200E6C5E7F5E3EF2DF0E8A1C2EF2DF0C4EFA3
:105B82002DF0CAEF2DF0D890E8310109E86FCCEF83
:105B92002DF0D890E833D9A1D1EF2DF0D3EF2DF02D
:105BA200D4EF2DF0E88FDC35DC33DB33DA33D93355
:105BB200E72BE651E75DD8A0E1EF2DF0E3EF2DF002
:105BC200BDEF2DF0E5BDE8EF2DF0EAEF2DF02AEF65
:105BD2002EF0E751D8A4F0EF2DF0F2EF2DF0FCEF0C
:105BE2002DF0000ED96F000EDA6F000EDB6F000E83
:105BF200DC6F49EF2FF0DD51D927DE51DA23DF5177
:105C0200DB23E051DC23DCA109EF2EF00BEF2EF0B9
:105C1200B7EF2EF0E8A110EF2EF012EF2EF018EFF2
:105C22002EF0D890E8310109E86F1AEF2EF0D890E3
:105C3200E833D9A11FEF2EF021EF2EF022EF2EF044
:105C4200E88FDC35DC33DB33DA33D933E72BB7EFDC
:105C52002EF0DD51D95DDE51DA59DF51DB59DC51CD
:105C6200800AE16FE051800AE159D8B03BEF2EF093
:105C72003DEF2EF068EF2EF0D951DD5DE16FDA5184
:105C8200DE59E26FDB51DF59E36FDC51E059E46F1B
:105C9200FF0EE125D96FFF0EE221DA6FFF0EE3213D
:105CA200DB6FFF0EE421DC6F800EE51BE86DE8512F
:105CB200D8A45EEF2EF060EF2EF070EF2EF0010E02
:105CC200D927000EDA23DB23DC2370EF2EF0DD511F
:105CD200D95FDE51DA5BDF51DB5BE051DC5BD9512E
:105CE200DA11DB11DC11D8A479EF2EF07BEF2EF064
:105CF200B0EF2EF0E851D8A481EF2EF083EF2EF012
:105D0200B0EF2EF0000ED96F000EDA6F000EDB6FCF
:105D1200000EDC6F49EF2FF0D890D937DA37DB3736
:105D2200DC37E8AF97EF2EF099EF2EF09AEF2EF0D6
:105D3200D981E8A19FEF2EF0A1EF2EF0A5EF2EF072
:105D4200D880E837A7EF2EF0D890E837E751D8B4DB
:105D5200ADEF2EF0AFEF2EF0B0EF2EF0E707DBAF96
:105D6200B5EF2EF0B7EF2EF08DEF2EF0E66BE8AF29
:105D7200BDEF2EF0BFEF2EF0D7EF2EF0E8C5E1F524
:105D82007F0EE117D8B4C8EF2EF0CAEF2EF0CEEF97
:105D92002EF0010EE66FD7EF2EF0D9A1D3EF2EF041
:105DA200D5EF2EF0D7EF2EF0CAEF2EF0E651D8B491
:105DB200DDEF2EF0DFEF2EF00AEF2FF0010ED927E4
:105DC200000EDA23DB23DC23DCA1EAEF2EF0ECEF7A
:105DD2002EF00AEF2FF0D9C5E1F5DAC5E2F5DBC501
:105DE200E3F5DCC5E4F5E435E433E333E233E133F0
:105DF200E1C5D9F5E2C5DAF5E3C5DBF5E4C5DCF5C5
:105E0200E729D8B407EF2FF009EF2FF00AEF2FF0B0
:105E1200E72BE729D8B410EF2FF012EF2FF01AEF8B
:105E22002FF0E751D8A418EF2FF01AEF2FF02BEF35
:105E32002FF0000ED96F000EDA6F000EDB6F000E2E
:105E4200DC6FE751D8A428EF2FF02AEF2FF02BEFC9
:105E52002FF0E56BE7A130EF2FF032EF2FF035EFA7
:105E62002FF0DB8F36EF2FF0DB9FD890E731DC6F1E
:105E7200E5AF3EEF2FF040EF2FF041EF2FF0DC8F38
:105E8200D9C5D9F5DAC5DAF5DBC5DBF5DCC5DCF554
:105E920012000601396F1C0E06013919D8A454EFFD
:105EA2002FF056EF2FF078EF30F0010EEA655CEF3D
:105EB2002FF05EEF2FF078EF30F0000E0501C46F87
:105EC200000EC56F7A0EC66F440EC76F1C0EB7EC7C
:105ED20046F005016CC599F56DC59AF59B6B9C6BF7
:105EE200000E88EC49F099C5C0F59AC5C1F59BC56D
:105EF200C2F59CC5C3F598EC39F0C0C5A7F5C1C57C
:105F0200A8F5C2C5A9F5C3C5AAF5000E0501AB6F78
:105F1200000EAC6F110EAD6F430EAE6F9BEC31F005
:105F2200A7C53EF6A8C53FF6A9C540F6AAC541F6E3
:105F3200160E53EC3EF014C63AF615C63BF616C6DC
:105F42003CF617C63DF63EC6ABF53FC6ACF540C6BD
:105F5200ADF541C6AEF53AC6A7F53BC6A8F53CC6B7
:105F6200A9F53DC6AAF59BEC31F0A7C5C0F5A8C5B9
:105F7200C1F5A9C5C2F5AAC5C3F5000E0501C46FD6
:105F8200000EC56F7A0EC66F440EC76F98EC39F0DB
:105F9200C0C531F6C1C532F6C2C533F6C3C534F643
:105FA200000E06010C6F000E0D6FF00E0E6F410E0B
:105FB2000F6F3EC610F63FC611F640C612F641C636
:105FC20013F693EC50F00601D8A0EAEF2FF0ECEFB5
:105FD2002FF0F5EF2FF0010EE86F000E0501F26FC2
:105FE200020EF16F9AEF31F03EC60CF63FC60DF687
:105FF20040C60EF641C60FF6000E106F800E116FEE
:10600200090E126F440E136F93EC50F00601D8B0D4
:106012000DEF30F00FEF30F029EF30F0000E0C6F83
:10602200000E0D6F160E0E6F430E0F6F3EC610F66A
:106032003FC611F640C612F641C613F693EC50F075
:106042000601D8A027EF30F029EF30F032EF30F020
:10605200020EE86F000E0501F26F010EF16F9AEF6A
:1060620031F0CD0E0501AB6FCC0EAC6F8C0EAD6F67
:106072003F0EAE6FE0C699F5E1C69AF59B6B9C6B3D
:10608200000E88EC49F099C5A7F59AC5A8F59BC5FD
:10609200A9F59CC5AAF59BEC31F0A7C50CF6A8C5DD
:1060A2000DF6A9C50EF6AAC50FF631C610F632C610
:1060B20011F633C612F634C613F693EC50F006010D
:1060C200D8B066EF30F068EF30F071EF30F0030EC9
:1060D200E86F000E0501F26F020EF16F9AEF31F0D8
:1060E200000E0501F26F000EF16F9AEF31F0110E02
:1060F2003919D8A47FEF30F081EF30F071EF30F032
:10610200010EE96587EF30F089EF30F071EF30F082
:10611200000E0501C46F000EC56F7A0EC66F440EE5
:10612200C76F110EB7EC46F005016CC599F56DC548
:106132009AF59B6B9C6B000E88EC49F099C5C0F5F3
:106142009AC5C1F59BC5C2F59CC5C3F598EC39F05B
:10615200C0C5A7F5C1C5A8F5C2C5A9F5C3C5AAF5AD
:10616200000E0501AB6F000EAC6F110EAD6F430E4A
:10617200AE6F9BEC31F0A7C542F6A8C543F6A9C5A0
:1061820044F6AAC545F6040E53EC3EF014C63AF6A0
:1061920015C63BF616C63CF617C63DF642C6ABF52B
:1061A20043C6ACF544C6ADF545C6AEF53AC6A7F54D
:1061B2003BC6A8F53CC6A9F53DC6AAF59BEC31F055
:1061C200A7C5C0F5A8C5C1F5A9C5C2F5AAC5C3F53D
:1061D200000E0501C46F000EC56F7A0EC66F440E25
:1061E200C76F98EC39F0C0C535F6C1C536F6C2C5E1
:1061F20037F6C3C538F6000E06010C6F000E0D6FA0
:10620200A00E0E6F410E0F6F42C610F643C611F676
:1062120044C612F645C613F693EC50F00601D8A018
:1062220015EF31F017EF31F020EF31F0040EE86F87
:10623200000E0501F26F020EF16F9AEF31F042C6C5
:106242000CF643C60DF644C60EF645C60FF6000E12
:10625200106F000E116F960E126F430E136F93ECB8
:1062620050F00601D8B038EF31F03AEF31F054EF88
:1062720031F0000E0C6F000E0D6F480E0E6F420EC5
:106282000F6F42C610F643C611F644C612F645C653
:1062920013F693EC50F00601D8A052EF31F054EF10
:1062A20031F05DEF31F0050EE86F000E0501F26F7F
:1062B200010EF16F9AEF31F0CD0E0501AB6FCC0EEE
:1062C200AC6F8C0EAD6F3F0EAE6F45C599F546C5EE
:1062D2009AF59B6B9C6B000E88EC49F099C5A7F56B
:1062E2009AC5A8F59BC5A9F59CC5AAF59BEC31F00A
:1062F200A7C50CF6A8C50DF6A9C50EF6AAC50FF6D8
:1063020035C610F636C611F637C612F638C613F67B
:1063120093EC50F00601D8B091EF31F093EF31F0E9
:1063220071EF30F0060EE86F000E0501F26F020EFB
:10633200F16F12000501AA51800BB36FAA51AA2571
:10634200B96FA9AFA7EF31F0A9EF31F0AAEF31F0A1
:10635200B981B951D8B4B0EF31F0B2EF31F0C5EF35
:1063620031F0B929D8A4B8EF31F0BAEF31F0C2EF69
:1063720031F0000EA76F000EA86F000EA96F000E7D
:10638200AA6FA98FCDEF31F0000EA76F000EA86F94
:10639200000EA96F000EAA6FAE51800BB31BAE5157
:1063A200AE25B46FADAFD8EF31F0DAEF31F0DBEFFD
:1063B20031F0B481B451D8B4E1EF31F0E3EF31F010
:1063C200F6EF31F0B429D8A4E9EF31F0EBEF31F078
:1063D200F3EF31F0000EAB6F000EAC6F000EAD6F3D
:1063E200000EAE6FAD8FFEEF31F0000EAB6F000E00
:1063F200AC6F000EAD6F000EAE6FB451D8B404EFA7
:1064020032F006EF32F00EEF32F0B951D8A40CEFB1
:1064120032F00EEF32F018EF32F0000EA76F000EDE
:10642200A86F000EA96F000EAA6FAEEF33F0AD5148
:10643200A703F3C4BEF5F4C4BFF5BE51B56FB66B86
:10644200B76BB86BBF51BA6FBB6BBC6BBD6BAC515A
:10645200A803F3C4BEF5F4C4BFF5BE51B527000EC0
:10646200B623B723B823BF51BA27000EBB23BC23E0
:10647200BD23AB51A903F3C4BEF5F4C4BFF5BE51AD
:10648200B527000EB623B723B823BF51BA27000E93
:10649200BB23BC23BD23B7C5B8F5B6C5B7F5B5C593
:1064A200B6F5B56BAB51A803F3C4BEF5F4C4BFF5A2
:1064B200BE51B527BF51B623000EB723000EB82335
:1064C200AC51A703F3C4BEF5F4C4BFF5BE51B52762
:1064D200BF51B623000EB723000EB823B7C5B8F5D7
:1064E200B6C5B7F5B5C5B6F5B56BAB51A703F3C4E1
:1064F200BEF5F4C4BFF5BE51B527BF51B623000E99
:10650200B723000EB823AD51A803F3C4BEF5F4C4FB
:10651200BFF5BE51BA27BF51BB23000EBC23000EEC
:10652200BD23AC51A903F3C4BEF5F4C4BFF5BE51FB
:10653200BA27BF51BB23000EBC23000EBD23AD51B1
:10654200A903F3C4BEF5F4C4BFF5BE51AF6FBF518A
:10655200B06FB16BB26BB1C5B2F5B0C5B1F5AFC535
:10656200B0F5AF6BAF51BA27B051BB23B151BC23C9
:10657200B251BD23B5C5AFF5B6C5B0F5B7C5B1F5D6
:10658200B8C5B2F5190ECBEF32F0D890B233B133B1
:10659200B033AF33E82EC6EF32F0AF51BA27B05165
:1065A200BB23B151BC23B251BD23B7C5B8F5B6C5A3
:1065B200B7F5B5C5B6F5B56BB451B9C5AFF5B06BA6
:1065C200AF27000EB023820EAF25BE6FFF0EB021A3
:1065D200BF6F01EF33F0D890BA37BB37BC37BD3746
:1065E200B8AFF6EF32F0F8EF32F0F9EF32F0BA81ED
:1065F200D890B537B637B737B837BE07D8A0BF0778
:10660200BCAF06EF33F008EF33F0ECEF32F0B46BCF
:10661200B8AF0EEF33F010EF33F034EF33F0FF0E7C
:10662200B515AF6FFF0EB615B06FFF0EB715B16F90
:106632007F0EB815B26FAF51B011B111B211D8B40B
:1066420025EF33F027EF33F02BEF33F0010EB46F69
:1066520034EF33F0BAA130EF33F032EF33F034EFEE
:1066620033F027EF33F0B451D8B43AEF33F03CEFC4
:1066720033F060EF33F0010EBA27000EBB23BC23C8
:10668200BD23BDA147EF33F049EF33F060EF33F0A4
:10669200BAC5AFF5BBC5B0F5BCC5B1F5BDC5B2F560
:1066A200B235B233B133B033AF33AFC5BAF5B0C5DB
:1066B200BBF5B1C5BCF5B2C5BDF5BE4BBF2BBFBF67
:1066C2006BEF33F0BF5108E1BE29D8A06BEF33F076
:1066D2006DEF33F077EF33F0000EBA6F000EBB6F41
:1066E200800EBC6F7F0EBD6FA4EF33F0BFBF84EF8F
:1066F20033F0BF5106E1BE05D8B082EF33F084EF2C
:1067020033F08FEF33F0000EBA6F000EBB6F000E46
:10671200BC6F000EBD6FB36BA4EF33F0BEC5B9F50D
:10672200FF0EBA17FF0EBB177F0EBC17000EBD1768
:10673200B9A19EEF33F0A0EF33F0A1EF33F0BC8F9D
:10674200D890B931BD6FB351BD13BAC5A7F5BBC55A
:10675200A8F5BCC5A9F5BDC5AAF512005FC6D9F456
:1067620060C6DAF4DEC4F6F4DDC4F7F4000EF86EA7
:106772000800F550250AD8A4C1EF33F0C3EF33F077
:10678200A7EF35F05FC6D9F460C6DAF4DE2A000E50
:10679200DD22000E0601D96F000ED86FD8C6E2F6D0
:1067A200DA69DB69656BF6EF33F0E2835FC6D9F431
:1067B20060C6DAF4DE2A000EDD22F6EF33F0010EB7
:1067C200656FF6EF33F05FC6D9F460C6DAF4DEC463
:1067D200F6F4DDC4F7F4000EF86E0800F550300A46
:1067E200D8B4D6EF33F0E0EF33F06551D8B4FCEF14
:1067F20033F0FEEF33F0E4EF33F05FC664F560C6CA
:1068020065F561C666F562C667F5E3EC5AF064C5E4
:10681200D8F665C5D9F60601D9BF14EF34F012EFE8
:1068220034F019EF34F0E281D86DD91FD8B0D92BEA
:106832005FC6D9F460C6DAF4DEC4F6F4DDC4F7F458
:10684200000EF86E0800F5502E0AD8A42BEF34F093
:106852002DEF34F042EF34F05FC6D9F460C6DAF4BB
:10686200DE2A000EDD225FC664F560C665F561C6EC
:1068720066F562C667F5E3EC5AF064C5DAF665C5FB
:10688200DBF65FC6D9F460C6DAF4DEC46BF6DDC4AB
:106892006CF66BC6F6F46CC6F7F4000EF86E0800E0
:1068A200F550640AD8B458EF34F05AEF34F06AEF76
:1068B20034F06BC6F6F46CC6F7F4000EF86E0800FE
:1068C200F550690AD8A468EF34F06AEF34F099EF12
:1068D20034F061C6D9F462C6DAF4DFC463F6020E9C
:1068E200DE26DFC464F6000EDD2263C6D9F464C678
:1068F200DAF4DEC467F6DDC468F6010E06016B2524
:10690200636F000E6C21646F5FC6D9F460C6DAF45F
:1069120063C6DEF464C6DDF45DC681F55EC682F54B
:1069220067C683F568C684F5A6EC48F0BEEF35F07D
:106932006BC6F6F46CC6F7F4000EF86E0800F5505C
:10694200580AD8A4A7EF34F0A9EF34F0E8EF34F0F6
:1069520061C6D9F462C6DAF4DFC463F6020EDE263B
:10696200DFC464F6000EDD2263C6D9F464C6DAF42D
:10697200DEC467F6DDC468F6010E06016B25636F9F
:10698200000E6C21646F5FC6D9F460C6DAF463C688
:10699200DEF464C6DDF4DAEF34F05DC681F55EC67E
:1069A20082F567C683F568C684F5BCEC4EF0BEEF8F
:1069B20035F06BC6F6F46CC6F7F4000EF86E0800FC
:1069C200F550580AD8B4CEEF34F0E8EF34F05FC691
:1069D200D9F460C6DAF4DEC46BF6DDC46CF66BC6BD
:1069E200F6F46CC6F7F4000EF86E0800F5C466F60D
:1069F20006EF35F06B4B6C2B16EF35F06C0E666FB5
:106A020016EF35F0666B16EF35F0060166514C0A4B
:106A1200D8B4FBEF34F02A0AD8B4FFEF34F00A0AF4
:106A2200D8B4FBEF34F003EF35F06BC6F6F46CC666
:106A3200F7F4000EF86E0800F550660AD8A424EFA9
:106A420035F026EF35F09EEF35F05CEF35F061C69C
:106A5200D9F462C6DAF4DFC463F6040EDE26DFC4BC
:106A620064F6000EDD2263C6D9F464C6DAF4DEC42D
:106A720067F6DEC468F6DEC469F6DEC46AF667EF5E
:106A820035F061C6D9F462C6DAF4DFC463F6040EE7
:106A9200DE26DFC464F6000EDD2263C6D9F464C6C6
:106AA200DAF4DEC467F6DEC468F6DEC469F6DEC474
:106AB2006AF667EF35F066514C0AD8B442EF35F00A
:106AC200200AD8B428EF35F067EF35F0010E6B25B8
:106AD200636F000E6C21646F5FC6D9F460C6DAF48E
:106AE20063C6DEF464C6DDF490EF35F05DC628F6C9
:106AF2005EC629F667C62AF668C62BF669C62CF664
:106B02006AC62DF66BC6F6F46CC6F7F4000EF86E84
:106B12000800F5C42EF629EC1FF0BEEF35F06BC667
:106B2200F6F46CC6F7F4000EF86E0800F550660A2B
:106B3200D8B477EF35F09EEF35F05FC6D9F460C672
:106B4200DAF4DE2A000EDD22BEEF35F05FC6D9F49C
:106B520060C6DAF4DEC4F6F4DDC4F7F4000EF86EB3
:106B62000800F5500501686F696B5DC66AF55EC67F
:106B72006BF54AEC5BF09EEF35F0120028C768F522
:106B820029C769F52AC76AF52BC76BF537EC63F09D
:106B920068C5F3F569C5F4F56AC5F5F56BC5F6F593
:106BA200030EADEC6BF064C5F1F565C5F2F5F1C508
:106BB20046F6F2C547F6EAEC3CF046C6F7F547C69C
:106BC200F8F548C6F9F549C6FAF5F7C548F7F8C524
:106BD20049F7F9C54AF7FAC54BF724C704F625C7A2
:106BE20005F626C706F627C707F6F7C500F6F8C565
:106BF20001F6F9C502F6FAC503F6BEEC69F000C665
:106C020008F601C609F602C60AF603C60BF675ECCB
:106C12006CF008C60CF609C60DF60AC60EF60BC6CF
:106C22000FF6000E0601106F000E116F800E126F2C
:106C32003F0E136F93EC50F00601D8B023EF36F0FD
:106C420025EF36F030EF36F0050EE4612BEF36F02B
:106C52002DEF36F031EF36F0E42B31EF36F0E46B06
:106C6200F7C524F7F8C525F7F9C526F7FAC527F7BA
:106C7200A9EF37F0E76B040EE46542EF36F044EF1C
:106C820036F0B8EF37F0F7C50CF6F8C50DF6F9C5D2
:106C92000EF6FAC50FF6000E0501DD6F000EDE6F6F
:106CA200A00EDF6F400EE06FECC6D9F5EDC6DAF547
:106CB200EEC6DBF5EFC6DCF5EEEC2CF0D9C510F62E
:106CC200DAC511F6DBC512F6DCC513F693EC50F00B
:106CD2000601D8A06FEF36F071EF36F0BCEF36F058
:106CE200F7C50CF6F8C50DF6F9C50EF6FAC50FF69E
:106CF200000E0501DD6F000EDE6F200EDF6F410E0C
:106D0200E06FECC6D9F5EDC6DAF5EEC6DBF5EFC6F7
:106D1200DCF5EEEC2CF0D9C510F6DAC511F6DBC5C0
:106D220012F6DCC513F693EC50F00601D8B09CEFD6
:106D320036F09EEF36F0BCEF36F00501F651F51154
:106D42000BE1E80EF35D030EF459D8A0ABEF36F079
:106D5200ADEF36F0B8EF37F0010E0601E56FFBEC50
:106D62006FF064C528F765C529F766C52AF767C5B8
:106D72002BF7B8EF37F0F7C50CF6F8C50DF6F9C5E5
:106D82000EF6FAC50FF6000E0501DD6F000EDE6F7E
:106D9200200EDF6F410EE06FECC6D9F5EDC6DAF5D5
:106DA200EEC6DBF5EFC6DCF5EEEC2CF0D9C510F63D
:106DB200DAC511F6DBC512F6DCC513F693EC50F01A
:106DC2000601D8A0E7EF36F0E9EF36F0B0EF36F083
:106DD2000501F651F5110BE1E80EF35D030EF459CE
:106DE200D8A0F6EF36F0F8EF36F0FDEF36F0020EEF
:106DF2000601E56FB0EF36F0B8EF37F0010EE76F3E
:106E0200040EE46507EF37F009EF37F0B8EF37F01B
:106E1200ECC60CF6EDC60DF6EEC60EF6EFC60FF694
:106E2200F7C510F6F8C511F6F9C512F6FAC513F64C
:106E320093EC50F00601D8A021EF37F023EF37F0A2
:106E420036EF37F00501F651F5110BE1E80EF35D6F
:106E5200030EF459D8A030EF37F032EF37F0B8EF25
:106E620037F00601E56BB0EF36F0F7C50CF6F8C562
:106E72000DF6F9C50EF6FAC50FF6000E0501DD6F27
:106E8200000EDE6F200EDF6F410EE06FECC6D9F50B
:106E9200EDC6DAF5EEC6DBF5EFC6DCF5EEEC2CF06E
:106EA200D9C510F6DAC511F6DBC512F6DCC513F644
:106EB20093EC50F00601D8A061EF37F063EF37F0A2
:106EC200B0EF36F00501F651F5110BE1E80EF35D76
:106ED200030EF459D8A070EF37F072EF37F0FDEFE0
:106EE20036F0F8EF36F0020EE76F040EE4657CEF41
:106EF20037F07EEF37F0B8EF37F0ECC60CF6EDC6A0
:106F02000DF6EEC60EF6EFC60FF6F7C510F6F8C58B
:106F120011F6F9C512F6FAC513F693EC50F0060114
:106F2200D8A096EF37F098EF37F0B8EF37F00501B9
:106F3200F651F5110BE1D00EF35D070EF459D8A00E
:106F4200A5EF37F0A7EF37F0B8EF37F032EF37F0B1
:106F5200E551000AD8B43BEF36F0010AD8B4FFEF8E
:106F620036F0030AD8B474EF37F0B8EF37F01200F6
:106F7200060114511511D8A4C1EF37F0C3EF37F051
:106F8200CDEF37F0000E146F000E156F000E166F66
:106F9200000E176F97EF39F0FBEC6FF064C526F621
:106FA20065C527F666C528F667C529F6060120EEEF
:106FB20008F01451D9261551DA22DEC464F5DEC474
:106FC20065F5DEC466F5DEC467F516C668F517C654
:106FD20069F518C66AF519C66BF51CEC60F0050177
:106FE200D8B0F6EF37F0F8EF37F087EF38F0060158
:106FF20020EE08F01451D9261551DA2216C6DEF415
:1070020017C6DEF418C6DEF419C6DEF414C6D9F4C7
:1070120015C6DAF4DEC40CF6DEC40DF6DEC40EF6D6
:10702200DEC40FF616C610F617C611F618C612F60B
:1070320019C613F693EC50F00601D8B023EF38F0DE
:1070420025EF38F055EF38F014C6D9F415C6DAF446
:1070520010EE04F01451E1261551E222DEC4E6F4EA
:10706200DEC4E6F4DEC4E6F4DEC4E6F420EE0CF0A0
:107072001451D9261551DA2226C6DEF427C6DEF4CB
:1070820028C6DEF429C6DEF420EE10F01451D9260B
:107092001551DA221AC6DEF41BC6DEF41CC6DEF473
:1070A2001DC6DEF487EF38F020EE04F01451D92625
:1070B2001551DA2216C6DEF417C6DEF418C6DEF45F
:1070C20019C6DEF414C6D9F415C6DAF416C6DEF40F
:1070D20017C6DEF418C6DEF419C6DEF420EE0CF094
:1070E2001451D9261551DA2226C6DEF427C6DEF45B
:1070F20028C6DEF429C6DEF420EE10F01451D9269B
:107102001551DA22DE6ADE6ADE6ADD6A060120EEE7
:1071120010F01451D9261551DA22DE50DE10DE109D
:10712200DE10D8A497EF38F099EF38F0A7EF38F0D7
:1071320014C6D9F415C6DAF4DEC414F6DEC415F6A4
:10714200DEC416F6DEC417F697EF39F020EE0CF027
:107152001451D9261551DA22DEC468F5DEC469F568
:10716200DEC46AF5DEC46BF537EC63F068C52AF657
:1071720069C52BF66AC52CF66BC52DF6060120EE05
:1071820010F01451D9261551DA22DE502A5DDE5054
:107192002B59DE502C59DE502D59D8A0D3EF38F0A0
:1071A200D5EF38F0F5EF38F020EE08F01451D9267B
:1071B2001551DA2214C6E1F415C6E2F4DEC4E6F48F
:1071C200DEC4E6F4DEC4E6F4DEC4E6F414C6D9F4A2
:1071D20015C6DAF4DEC414F6DEC415F6DEC416F6FD
:1071E200DEC417F697EF39F02AC699F52BC69AF541
:1071F2002CC69BF52DC69CF5000E88EC49F099C56E
:10720200C0F59AC5C1F59BC5C2F59CC5C3F506017B
:1072120020EE10F01451D9261551DA22DEC499F568
:10722200DEC49AF5DEC49BF5DEC49CF5000E88EC44
:1072320049F099C5C4F59AC5C5F59BC5C6F59CC567
:10724200C7F598EC39F0C0C51EF6C1C51FF6C2C518
:1072520020F6C3C521F61EC6ABF51FC6ACF520C687
:10726200ADF521C6AEF5060120EE04F01451D92683
:107272001551DA22DEC404F6DEC405F6DEC406F6D3
:10728200DEC407F620EE08F01451D9261551DA2291
:10729200DEC400F6DEC401F6DEC402F6DEC403F686
:1072A200BEEC69F000C6A7F501C6A8F502C6A9F5AD
:1072B20003C6AAF59BEC31F0A7C522F6A8C523F6B2
:1072C200A9C524F6AAC525F622C6D9F523C6DAF53C
:1072D20024C6DBF525C6DCF5060120EE04F01451C8
:1072E200D9261551DA22DEC4DDF5DEC4DEF5DEC4B0
:1072F200DFF5DEC4E0F5EEEC2CF014C6D9F415C6C9
:10730200DAF40501D9C5DEF4DAC5DEF4DBC5DEF454
:10731200DCC5DEF414C6D9F415C6DAF4DEC414F6FC
:10732200DEC415F6DEC416F6DEC417F61200050139
:10733200C351800BD06FC351C325D76FC2AFA4EF27
:1073420039F0A6EF39F0A7EF39F0D781D751D8B489
:10735200ADEF39F0AFEF39F0C3EF39F0D729D8A448
:10736200B5EF39F0B7EF39F0BFEF39F0000EC06F6B
:10737200000EC16F000EC26F000EC36FC28FC36BCF
:10738200CBEF39F0000EC06F000EC16F000EC26F5E
:10739200000EC36FC751800BD01BC751C725D86FD2
:1073A200C6AFD6EF39F0D8EF39F0D9EF39F0D8813E
:1073B200D851D8B4DFEF39F0E1EF39F0F5EF39F019
:1073C200D829D8A4E7EF39F0E9EF39F0F1EF39F035
:1073D200000EC46F000EC56F000EC66F000EC76FA1
:1073E200C68FC76BFDEF39F0000EC46F000EC56F7C
:1073F200000EC66F000EC76FC451C511C611C7116A
:10740200D8A406EF3AF008EF3AF020EF3AF0000E77
:10741200C06F000EC16F000EC26F000EC36F800EF0
:10742200C2137F0EC313D051C313C0C5C0F5C1C56B
:10743200C1F5C2C5C2F5C3C5C3F560EF3BF0D75174
:10744200D8A426EF3AF028EF3AF032EF3AF0000EE5
:10745200C06F000EC16F000EC26F000EC36F60EFEF
:107462003BF0D851D7C5C8F5C96BC85F000EC95BE0
:107472007F0EC825D16F000EC921D26FC0C5CCF5D1
:10748200C1C5CDF5C2C5CEF5C3C5CFF5000EC06FDF
:10749200000EC16F000EC26F000EC36F000ED36FDD
:1074A200000ED46F000ED56F000ED66FD86B92EF20
:1074B2003AF0D851D8B460EF3AF062EF3AF079EF8F
:1074C2003AF0D890CC37CD37CE37CF37D890C037B7
:1074D200C137C237C337D6AF71EF3AF073EF3AF024
:1074E20074EF3AF0C081D890D337D437D537D63736
:1074F200C451CC5DC551CD59C651CE59C751CF5992
:10750200D8A086EF3AF088EF3AF091EF3AF0D68DB4
:10751200C451CC5FC551CD5BC651CE5BC751CF5B69
:10752200D82B190ED86598EF3AF09AEF3AF05AEF45
:107532003AF0CC51CD11CE11CF11D8B4A3EF3AF01D
:10754200A5EF3AF0BDEF3AF0D381BDEF3AF0D89013
:10755200C037C137C237C337D6AFB2EF3AF0B4EF54
:107562003AF0B5EF3AF0C081D890D337D437D53757
:10757200D637D107D8A0D207C2AFC2EF3AF0C4EFD4
:107582003AF0A8EF3AF0D86BD6AFCAEF3AF0CCEFA8
:107592003AF0F0EF3AF0FF0ED315C86FFF0ED41594
:1075A200C96FFF0ED515CA6F7F0ED615CB6FC851A6
:1075B200C911CA11CB11D8B4E1EF3AF0E3EF3AF0B6
:1075C200E7EF3AF0010ED86FF0EF3AF0C0A1ECEF1E
:1075D2003AF0EEEF3AF0F0EF3AF0E3EF3AF0D8514A
:1075E200D8B4F6EF3AF0F8EF3AF01CEF3BF0010EA8
:1075F200C027000EC123C223C323C3A103EF3BF064
:1076020005EF3BF01CEF3BF0C0C5C8F5C1C5C9F59D
:10761200C2C5CAF5C3C5CBF5CB35CB33CA33C933E3
:10762200C833C8C5C0F5C9C5C1F5CAC5C2F5CBC501
:10763200C3F5D14BD22BD2BF27EF3BF0D25108E199
:10764200D129D8A027EF3BF029EF3BF034EF3BF0F4
:10765200000ED26FD169000EC06F000EC16F000E16
:10766200C26F000EC36FD2BF41EF3BF0D25106E1B1
:10767200D105D8B03FEF3BF041EF3BF04EEF3BF08E
:10768200000ED26F000ED16F000EC06F000EC16FE0
:10769200000EC26F000EC36FD06BD1C5D7F5D7A154
:1076A20055EF3BF057EF3BF05AEF3BF0C28F5BEFE9
:1076B2003BF0C29FD890D731C36F14EF3AF012005B
:1076C20006014C6FFBEC6FF064C54EF665C54FF6D4
:1076D20066C550F667C551F6060120EE02F0465126
:1076E200D9264751DA22DF50D8B47AEF3BF07CEF4B
:1076F2003BF0B9EF3BF020EE08F04651D926475156
:10770200DA22DEC468F5DEC469F5DEC46AF5DEC4D9
:107712006BF537EC63F068C552F669C553F66AC576
:1077220054F66BC555F60601555154110BE1880EFE
:10773200525D130E5359D8A0A1EF3BF0A3EF3BF0DB
:10774200E9EF3CF020EE02F04651D9264751DA2209
:10775200DF6A48C6D9F449C6DAF4DF6A4AC6D9F400
:107762004BC6DAF4010EDF6EE9EF3CF0E9EF3CF0D4
:1077720020EE03F04651D9264751DA22DF50D8B421
:10778200C5EF3BF0C7EF3BF0CFEF3BF048C6D9F473
:1077920049C6DAF4010EDF6EE9EF3CF04C514AECD7
:1077A2002FF00501F15106014D6F4D05D8A4DCEF14
:1077B2003BF0DEEF3BF06CEF3CF046C6D9F447C637
:1077C200DAF4DF50D8A4E8EF3BF0EAEF3BF000EF49
:1077D2003CF020EE04F04651D9264751DA224EC63B
:1077E200DEF44FC6DEF450C6DEF451C6DEF446C601
:1077F200D9F447C6DAF4010EDF6EE9EF3CF020EE71
:1078020004F04651D9264751DA22DEC468F5DEC4B7
:1078120069F5DEC46AF5DEC46BF537EC63F068C562
:1078220052F669C553F66AC554F66BC555F606019C
:10783200555154110BE1E90E525D030E5359D8A074
:1078420025EF3CF027EF3CF0E9EF3CF048C6D9F4D5
:1078520049C6DAF4010EDF6E4AC6D9F44BC6DAF431
:10786200DF6A20EE02F04651D9264751DA22010E94
:10787200DF6E20EE08F04651D9264751DA224EC675
:10788200DEF44FC6DEF450C6DEF451C6DEF446C660
:10789200D9F447C6DAF4DF6A20EE0CF04651D92655
:1078A2004751DA22DF2A20EE0CF04651D926475101
:1078B200DA22040EDF6460EF3CF062EF3CF0B7EFD7
:1078C2003BF020EE03F04651D9264751DA22010E51
:1078D200DF6EE9EF3CF0020E4D19D8A473EF3CF0D5
:1078E20075EF3CF0D8EF3CF020EE01F04651D9267E
:1078F2004751DA22DF50D8A481EF3CF083EF3CF00D
:107902009BEF3CF020EE04F04651D9264751DA2293
:107912004EC6DEF44FC6DEF450C6DEF451C6DEF4C7
:1079220020EE01F04651D9264751DA22010EDF6ED0
:10793200E9EF3CF020EE04F04651D9264751DA2215
:10794200DEC468F5DEC469F5DEC46AF5DEC46BF533
:1079520037EC63F068C552F669C553F66AC554F64A
:107962006BC555F6060155515411531109E1C90E63
:10797200525DD8A0BFEF3CF0C1EF3CF0E9EF3CF024
:1079820048C6D9F449C6DAF4020EDF6E20EE03F0DF
:107992004651D9264751DA22010EDF6E20EE01F060
:1079A2004651D9264751DA22DF6AE9EF3CF048C650
:1079B200D9F449C6DAF4DF6A46C6D9F447C6DAF41E
:1079C200DF6A20EE01F04651D9264751DA22DF6AFA
:1079D2001200000E06014A6F000E4B6FA00E4C6F94
:1079E200400E4D6F6F0E4E6F120E4F6F830E506F23
:1079F200400E516F000E526F400E536F1C0E546FAB
:107A0200460E556F000E566F500E576FC30E586FCD
:107A1200470E596F000E5A6F000E5B6F7A0E5C6F45
:107A2200450E5D6F330E5E6F130E5F6F950E606FC6
:107A3200430E616F000E0501DD6F000EDE6F800EDA
:107A4200DF6FBF0EE06F4EC6ABF54FC6ACF550C64A
:107A5200ADF551C6AEF546C699F547C69AF5000E84
:107A62009ABFFF0E9B6F9C6F010E88EC49F099C57F
:107A7200A7F59AC5A8F59BC5A9F59CC5AAF59BECE7
:107A820031F0A7C5C4F5A8C5C5F5A9C5C6F5AAC5EF
:107A9200C7F54AC6ABF54BC6ACF54CC6ADF54DC6FF
:107AA200AEF5FF0E0501996F0F0E9A6F000E9B6FD8
:107AB200000E9C6F000E88EC49F099C5A7F59AC597
:107AC200A8F59BC5A9F59CC5AAF59BEC31F0A7C505
:107AD200C0F5A8C5C1F5A9C5C2F5AAC5C3F598ECFC
:107AE20039F0C0C5D9F5C1C5DAF5C2C5DBF5C3C5E4
:107AF200DCF5EEEC2CF0D9C56AF6DAC56BF6DBC51F
:107B02006CF6DCC56DF66AC6A7F56BC6A8F56CC641
:107B1200A9F56DC6AAF552C6ABF553C6ACF554C667
:107B2200ADF555C6AEF59BEC31F0A7C562F6A8C51A
:107B320063F6A9C564F6AAC565F656C6C4F557C666
:107B4200C5F558C6C6F559C6C7F562C6C0F563C6BF
:107B5200C1F564C6C2F565C6C3F598EC39F0C0C577
:107B62006EF6C1C56FF6C2C570F6C3C571F66EC6B4
:107B720008F66FC609F670C60AF671C60BF6BBECBC
:107B820029F008C672F609C673F60AC674F60BC661
:107B920075F672C6ABF573C6ACF574C6ADF575C6AF
:107BA200AEF55AC6C4F55BC6C5F55CC6C6F55DC67C
:107BB200C7F5000E0501C06F000EC16F800EC26FC7
:107BC2003F0EC36F98EC39F0C0C5A7F5C1C5A8F543
:107BD200C2C5A9F5C3C5AAF59BEC31F0A7C5DDF571
:107BE200A8C5DEF5A9C5DFF5AAC5E0F55EC6C4F5F0
:107BF2005FC6C5F560C6C6F561C6C7F5000E0501CC
:107C0200C06F000EC16F800EC26F3F0EC36F98EC43
:107C120039F0C0C5D9F5C1C5DAF5C2C5DBF5C3C5B2
:107C2200DCF5EEEC2CF0D9C576F6DAC577F6DBC5D5
:107C320078F6DCC579F6000E0501C06F000EC16F43
:107C4200800EC26F3F0EC36F76C6C4F577C6C5F508
:107C520078C6C6F579C6C7F598EC39F0C0C566F6A0
:107C6200C1C567F6C2C568F6C3C569F666C6D9F569
:107C720067C6DAF568C6DBF569C6DCF5330E0501C1
:107C8200DD6F930EDE6F880EDF6FC30EE06FEEECDA
:107C92002CF0D9C546F6DAC547F6DBC548F6DCC591
:107CA20049F6120006012C6F160E06012C19D8A4F3
:107CB2005DEF3EF05FEF3EF0FBEF3EF0160EB7ECED
:107CC20046F06CC528F66DC529F6000E0501C46F95
:107CD200F00EC56F7F0EC66F450EC76F28C699F5A9
:107CE20029C69AF5000E9ABFFF0E9B6F9C6F010E7C
:107CF20088EC49F099C5C0F59AC5C1F59BC5C2F596
:107D02009CC5C3F598EC39F0C0C5A7F5C1C5A8F567
:107D1200C2C5A9F5C3C5AAF53D0E0501AB6F0A0E92
:107D2200AC6F830EAD6F400EAE6F9BEC31F0A7C50A
:107D320018F6A8C519F6A9C51AF6AAC51BF6410E6A
:107D420006011C6F5C0E1D6FA80E1E6F3D0E1F6F8D
:107D52001CC6ABF51DC6ACF51EC6ADF51FC6AEF50D
:107D620018C6A7F519C6A8F51AC6A9F51BC6AAF51D
:107D72009BEC31F0A7C5C0F5A8C5C1F5A9C5C2F5F0
:107D8200AAC5C3F5CD0E0501C46FCC0EC56FCC0ECE
:107D9200C66F3D0EC76F98EC39F0C0C52DF6C1C550
:107DA2002EF6C2C52FF6C3C530F62DC60CF62EC66A
:107DB2000DF62FC60EF630C60FF6660E0601106FD0
:107DC200660E116F660E126F400E136F93EC50F039
:107DD2000601D8A0EFEF3EF0F1EF3EF09EEF3FF04C
:107DE200660E2D6F660E2E6F660E2F6F400E306F71
:107DF2009EEF3FF0040E2C19D8A402EF3FF004EFDF
:107E02003FF09EEF3FF0040EB7EC46F06CC52AF649
:107E12006DC52BF6000E0501C46FF00EC56F7F0E07
:107E2200C66F450EC76F2AC699F52BC69AF5000E86
:107E32009ABFFF0E9B6F9C6F010E88EC49F099C5AB
:107E4200C0F59AC5C1F59BC5C2F59CC5C3F598ECB2
:107E520039F0C0C5A7F5C1C5A8F5C2C5A9F5C3C506
:107E6200AAF56F0E0501AB6F120EAC6F830EAD6FEC
:107E7200400EAE6F9BEC31F0A7C520F6A8C521F6E7
:107E8200A9C522F6AAC523F62A0E0601246FFC0E06
:107E9200256F8B0E266F3D0E276F24C6ABF525C6C8
:107EA200ACF526C6ADF527C6AEF520C6A7F521C6A8
:107EB200A8F522C6A9F523C6AAF59BEC31F0A7C501
:107EC200C0F5A8C5C1F5A9C5C2F5AAC5C3F5CD0EB1
:107ED2000501C46FCC0EC56F4C0EC66F3E0EC76F48
:107EE20098EC39F0C0C52DF6C1C52EF6C2C52FF6E5
:107EF200C3C530F62DC60CF62EC60DF62FC60EF6ED
:107F020030C60FF6000E0601106F000E116F000E44
:107F1200126F400E136F93EC50F00601D8A094EF4D
:107F22003FF096EF3FF09EEF3FF0000E2D6F000EF8
:107F32002E6F000E2F6F400E306F2DC6A7F52EC686
:107F4200A8F52FC6A9F530C6AAF5000E0501AB6F3C
:107F5200000EAC6F7A0EAD6F440EAE6F9BEC31F03B
:107F6200A7C514F6A8C515F6A9C516F6AAC517F62B
:107F7200120020C768F521C769F522C76AF523C731
:107F82006BF537EC63F068C5C4F669C5C5F66AC51A
:107F9200C6F66BC5C7F60601C751C611C51109E180
:107FA2000B0EC45DD8A0D8EF3FF0DAEF3FF0E6EF5A
:107FB2003FF0E351D8B4E0EF3FF0E2EF3FF0E6EFFD
:107FC2003FF0010E506ECDEC70F05004D8B4ECEFDF
:107FD2003FF0EEEF3FF0F0EF3FF019EF41F0330EDC
:107FE2000501646F090E656F840E666F0A0E676F76
:107FF200E3C668F5696B10EC68F00601E351FE0F09
:10800200CE6F330E0501646F090E656FCEC666F53D
:10801200CAEC64F064C5C8F665C5C9F6340E06013B
:10802200CE25D96EDA6A090EDA22DF50C06F330E1E
:10803200CE25D96EDA6A090EDA22DF50C16FC1513C
:10804200C36FC26BC051C225CA6F000EC321CB6F72
:10805200CA51C81909E1CB51C919D8B433EF40F05C
:1080620035EF40F039EF40F076EC69F019EF41F06E
:1080720039C9CCF6E351F70FCD6FCC51CD19D8B435
:1080820045EF40F047EF40F049EF40F035EF40F068
:10809200100E09013419D8A451EF40F053EF40F00B
:1080A20063EF40F00E0E3619D8A45AEF40F05CEFA1
:1080B20040F063EF40F0330E0501646F090E656F07
:1080C20020EC55F0AA0E09013319D8A46BEF40F049
:1080D2006DEF40F035EF40F05A0E3419D8A474EF2A
:1080E20040F076EF40F035EF40F002EF41F0350519
:1080F200D8A47EEF40F080EF40F087EF40F0330EDF
:108102000601876F090E886F50EC52F0020E0901CA
:108112003519D8A48FEF40F091EF40F035EF40F0E1
:10812200330E0601876F090E886F64EC4AF035EF53
:1081320040F0020E3519D8A4A1EF40F0A3EF40F0B1
:1081420035EF40F0330E0601876F090E886F3BEC66
:1081520058F035EF40F0020E3519D8A4B3EF40F0D5
:10816200B5EF40F035EF40F0330E0601876F090E90
:10817200886F3BEC4BF035EF40F03505D8A4C4EFE7
:1081820040F0C6EF40F0CDEF40F0330E0601876FAE
:10819200090E886F63EC4FF0020E09013519D8A45D
:1081A200D5EF40F0D7EF40F035EF40F0330E060147
:1081B2009B6F090E9C6F71EC42F035EF40F0350574
:1081C200D8A4E6EF40F0E8EF40F0EFEF40F0330ED6
:1081D2000601876F090E886FBCEC57F0020E090189
:1081E2003519D8A4F7EF40F0F9EF40F035EF40F041
:1081F200330E06019B6F090E9C6FE3EC52F035EFD4
:1082020040F03651010AD8B478EF40F0030AD8B4EE
:10821200BEEF40F00A0AD8B4E0EF40F01F0AD8B42B
:108222009AEF40F0400AD8B4ACEF40F035EF40F09E
:10823200120034C768F535C769F536C76AF537C71E
:108242006BF537EC63F068C59BF569C59CF56AC5AB
:108252009DF56BC59EF52C0EB7EC46F06CC59FF5EF
:108262006DC5A0F55D50D8B439EF41F03BEF41F058
:1082720048EF41F0FBEC6FF064C534F765C535F7A4
:1082820066C536F767C537F7010E516E5D6A525003
:10829200D8A44EEF41F050EF41F056EF42F0050105
:1082A2009E519D110BE1880E9B5D130E9C59D8A027
:1082B2005DEF41F05FEF41F056EF42F0010E526E7A
:1082C20056EF42F05150D8A469EF41F06BEF41F004
:1082D20095EF41F09E519D110BE1B80E9B5D0B0E87
:1082E2009C59D8A077EF41F079EF41F07CEF41F053
:1082F2005E6A010E516E350E9F5D080EA059D8A020
:1083020085EF41F087EF41F070EF42F0010E536EBE
:10831200FBEC6FF064C534F765C535F766C536F713
:1083220067C537F770EF42F05250D8A49BEF41F087
:108332009DEF41F0B5EF41F0730E9F5D060EA0591F
:10834200D8A0A6EF41F0A8EF41F0B5EF41F0010E41
:10835200536EFBEC6FF064C534F765C535F766C53F
:1083620036F767C537F7516A5204D8A4BBEF41F01C
:10837200BDEF41F070EF42F0350E05019F5D080E32
:10838200A059D8A0C7EF41F0C9EF41F070EF42F019
:10839200010E536EFBEC6FF064C534F765C535F71B
:1083A20066C536F767C537F7516A70EF42F0576A0C
:1083B200010E5E6E5204D8A4E1EF41F0E3EF41F00A
:1083C2000BEF42F0A40E9F5D060EA059D8B0ECEF61
:1083D20041F0EEEF41F0F1EF41F0536ACBEF41F0A3
:1083E200D70E9F5D060EA059D8A0FAEF41F0FCEF20
:1083F20041F070EF42F03A0E9F5D070EA059D8B0DF
:1084020005EF42F007EF42F070EF42F0020E536EBA
:1084120089EF41F05250D8A411EF42F013EF42F02D
:1084220070EF42F0A40E9F5D060EA059D8B01CEF6B
:1084320042F01EEF42F022EF42F0010E526EEEEFDA
:1084420041F0D70E9F5D060EA059D8A02BEF42F047
:108452002DEF42F070EF42F03A0E9F5D070EA059E9
:10846200D8B036EF42F038EF42F070EF42F007EF4B
:1084720042F0010E576E350E9F5D080EA059D8A02E
:1084820045EF42F047EF42F049EF42F087EF41F00B
:10849200A40E9F5D060EA059D8B052EF42F054EFE1
:1084A20042F070EF42F0EEEF41F053500501996F48
:1084B2009A6B9A51000AD8B461EF42F070EF42F021
:1084C2009951000AD8B463EF41F0010AD8B4D8EF49
:1084D20041F0030AD8B43AEF42F070EF42F01200D2
:1084E200000E0601B46F000EB56F000EB66F000EDF
:1084F200B76F21EE9FF2100EDE6AE806FDE29F0ED4
:108502000501646F060E656F9BC666F59CC667F52E
:10851200000E696F110E686F10EC68F00601BE6BF9
:10852200BE519D6F9E6B070E9D27000E9E239F0ED0
:108532009D25D96E060E9E21DA6EB40EBE25E16E21
:10854200E26A060EE222DFC4E7F4150E06019D6F11
:10855200C60EE82EFED79D2FFCD700000601BE2BCB
:10856200030EBE65B7EF42F0B9EF42F091EF42F071
:10857200B5C664F5B4514BEC64F064C5B8F665C594
:10858200B9F6B7C664F50601B6514BEC64F064C5A2
:10859200BAF665C5BBF6580E0601B85D020EB959AA
:1085A200D8A0D6EF42F0D8EF42F0E3EF42F0470E08
:1085B200B85D050EB959D8A0E1EF42F0E3EF42F001
:1085C200E7EF42F06CEC5FF09DEF43F0BB5109E145
:1085D2003C0EBA5DD8A0F0EF42F0F2EF42F0E3EFCA
:1085E20042F0BB5109E1970EBA5DD8A0FBEF42F011
:1085F200FDEF42F0FFEF42F0E3EF42F0B40E05016F
:10860200C06F060EC16F040EC26F020E40EC6DF019
:10861200B60E0501C06F060EC16F040EC26F060EC4
:1086220040EC6DF0D00E06019D6FC90EE82EFED70C
:108632009D2FFCD700D0550E06019F6F020E05013B
:10864200796F020EE7EC6BF079C5B0F67AC5B1F638
:10865200A60E0501646F060E656FB0C666F5B1C65B
:1086620067F5000E696F020E686F10EC68F0020E7B
:108672000501796F060EE7EC6BF079C5B2F67AC5A3
:10868200B3F6A80E0501646F060E656FB2C666F5F5
:10869200B3C667F5000E696F020E686F10EC68F0E2
:1086A2009F0E0501646F060E656F0F0E666FCAECB2
:1086B20064F064C5BCF665C5BDF6BCC6AFF606017E
:1086C200BD51AE6FBF6B410E756F3E0E766F9F0E42
:1086D200BF25D96EDA6A060EDA22DF509D6F9D51F0
:1086E200776F786BC9EC6DF0100E0601BF617CEFFD
:1086F20043F07EEF43F084EF43F04E0E756F3E0E73
:10870200766FC9EC6DF00601BF2B100EBF658CEFC2
:1087120043F08EEF43F064EF43F09F0E0501646F68
:10872200060E656F000E676F000E666F000E696FB2
:10873200110E686F73EC6BF0120000C7E9F501C708
:10874200EAF502C7EBF503C7ECF5D9C5E9F5DAC5D9
:10875200EAF5DBC5EBF5DCC5ECF5810E0501DD6F55
:10876200FF0EDE6FE9C5DFF5EAC5E0F5EBC5E1F521
:10877200ECC5E2F5180EC3EF43F0D890E233E133D3
:10878200E033DF33E82EBEEF43F0DF51DD25E76F44
:10879200000EDE21E86FE8BFD8EF43F0E85109E1AF
:1087A200170EE75DD8A0D8EF43F0DAEF43F0E4EF1D
:1087B20043F0D9C5D9F5DAC5DAF5DBC5DBF5DCC599
:1087C200DCF5A8EF44F0E8BFE9EF43F0EBEF43F04C
:1087D2005CEF44F0E7C5DDF5FF0EDE6FFF0EDF6FE5
:1087E2007F0EE06F000EE16FDD67FAEF43F002EFFC
:1087F20044F0E135E133E033DF33DE33DD2FF5EFF3
:1088020043F0DEC5E3F5DFC5E4F5E0C5E5F5E1C516
:10881200E6F50501E351E915DD6FE451EA15DE6F76
:10882200E551EB15DF6FE651EC15E06FDD51DE111E
:10883200DF11E011D8A420EF44F022EF44F024EF3E
:1088420044F0DAEF43F0E9C5DDF5EAC5DEF5EBC544
:10885200DFF5ECC5E0F5200E34EF44F0D890E033BC
:10886200DF33DE33DD33E82E2FEF44F0DD51DE114E
:10887200DF11E011D8B440EF44F042EF44F04AEF88
:1088820044F0E351E927E451EA23E551EB23E651B1
:10889200EC23E31DDD6FE41DDE6FE51DDF6FE61DDA
:1088A200E06FDD51E917DE51EA17DF51EB17E051B6
:1088B200EC17A0EF44F0E9C5DDF5EAC5DEF5EBC53E
:1088C200DFF5ECC5E0F5200E6CEF44F0D890E03314
:1088D200DF33DE33DD33E82E67EF44F0DD51DE11A6
:1088E200DF11E011D8A478EF44F07AEF44F084EF7E
:1088F20044F0000EE96F000EEA6F000EEB6F000EFF
:10890200EC6FA0EF44F0D890E935DD6FEA35DE6F09
:10891200EB35DF6FEC35E06FDD51DE11DF11E01179
:10892200D8B496EF44F098EF44F0A0EF44F0000E74
:10893200E96F000EEA6F800EEB6FBF0EEC6FE9C5B8
:10894200D9F5EAC5DAF5EBC5DBF5ECC5DCF51200C5
:108952003CC768F53DC769F53EC76AF53FC76BF589
:1089620037EC63F068C562F669C563F66AC564F6FA
:108972006BC565F6A1EF45F0020EDDEC6DF0FBEC88
:108982006FF064C53CF765C53DF766C53EF767C540
:108992003FF7020E0601F46FB1EF45F06551641125
:1089A200631109E1C90E625DD8A0DAEF44F0DCEF91
:1089B20044F0B1EF45F0020EF1EC6DF0030E06014A
:1089C200F46FB1EF45F0010EE66F000E0501C46FC2
:1089D200000EC56F7A0EC66F440EC76F110EB7EC4C
:1089E20046F005016CC599F56DC59AF59B6B9C6BBC
:1089F200000E88EC49F099C5C0F59AC5C1F59BC532
:108A0200C2F59CC5C3F598EC39F0C0C5A7F5C1C540
:108A1200A8F5C2C5A9F5C3C5AAF5000E0501AB6F3D
:108A2200000EAC6F110EAD6F430EAE6F9BEC31F0CA
:108A3200A7C5C0F7A8C5C1F7A9C5C2F7AAC5C3F79C
:108A4200040E53EC3EF014C666F615C667F616C65B
:108A520068F617C669F6C0C7ABF5C1C7ACF5C2C7A1
:108A6200ADF5C3C7AEF566C6A7F567C6A8F568C675
:108A7200A9F569C6AAF59BEC31F0A7C5C0F5A8C552
:108A8200C1F5A9C5C2F5AAC5C3F5000E0501C46F9B
:108A9200000EC56F7A0EC66F440EC76F98EC39F0A0
:108AA200C0C5BCF7C1C5BDF7C2C5BEF7C3C5BFF7D8
:108AB200FCC599F5FDC59AF505019B6B9C6B000EF3
:108AC20088EC49F099C56AF69AC56BF69BC56CF6B7
:108AD2009CC56DF66AC62EF66BC62FF66CC630F6CE
:108AE2006DC631F6F5EC6AF02EC6B8F72FC6B9F7A7
:108AF20030C6BAF731C6BBF7560E0601286F080E0C
:108B0200296FB8C72AF6B9C72BF6BAC72CF6BBC766
:108B12002DF6BCC72EF6BDC72FF6BEC730F6BFC7AF
:108B220031F689EC24F028C6C4F729C6C5F7C4C7B4
:108B320066F5C5C767F5020E41EC65F0B1EF45F089
:108B42000601F451010AD8B4BDEF44F0030AD8B4C7
:108B5200CFEF44F0010AD8B4E4EF44F0B1EF45F0AE
:108B62001200E0C68AF5E1C68BF5070182510601C3
:108B7200E05D0501646F0601E1510501656F000EBC
:108B8200070182BFFF0E0501655B666B665B676B63
:108B9200675B0601EA510501686F696B6A6B6B6B73
:108BA20078EC65F064C570F565C571F566C572F55A
:108BB20067C573F5640E0501746F000E756F000EC4
:108BC200766F000E776F32EC56F070C58CF571C57A
:108BD2008DF572C58EF573C58FF505018FBFF6EF62
:108BE20045F0F4EF45F0FEEF45F0000E8C6F000EFD
:108BF2008D6F000E8E6F000E8F6F8CC543F58DC585
:108C020044F583C780F5816B80BF81078051455C45
:108C1200826F81514658836F82C564F583C565F5BD
:108C2200666B676B0601E9510501686F696B6A6BD8
:108C32006B6B78EC65F064C570F565C571F566C55A
:108C420072F567C573F5640E0501746F000E756FDA
:108C5200000E766F000E776F32EC56F070C58CF511
:108C620071C58DF572C58EF573C58FF505018FBF80
:108C72003FEF46F03DEF46F047EF46F0000E8C6FB7
:108C8200000E8D6F000E8E6F000E8F6F8CC5FCF57F
:108C92008DC5FDF5FC514324886FFD514420896F39
:108CA20088518A5D89518B59D8B05AEF46F05CEFF2
:108CB20046F07AEF46F04350885D806F4450895900
:108CC200816F82C782F5836B82BF830782518A5D7F
:108CD200846F83518B59856F8051845D8C6F815174
:108CE20085598D6F8E6BD8A08E078E518F6F80EF56
:108CF20046F043C58CF544C58DF58E6B8F6B8FBFE7
:108D020087EF46F085EF46F08FEF46F0000E8C6F4E
:108D1200000E8D6F000E8E6F000E8F6F8A51806F66
:108D22008B51816F826B836B8C51805D8D51815928
:108D32008E5182598351800A846F8F51800A8459DF
:108D4200D8B0A6EF46F0A8EF46F0AEEF46F08AC5DF
:108D52008CF58BC58DF58E6B8F6B8CC586F58DC5AD
:108D620087F586C57EF587C57FF5120005018C6FF4
:108D7200000E0501946F000E936F8C51ADEC6BF0F9
:108D8200D89005019335D96E9435DA6E740ED926D2
:108D9200050EDA2264C5DEF465C5DDF4934B942B2F
:108DA20094BFDDEF46F0945109E10C0E935DD8A01B
:108DB200DDEF46F0DFEF46F0BEEF46F0000E926FB9
:108DC200000E916F000E966F000E956F000E986F59
:108DD200000E976F54EF47F0D8909735D96E9835BB
:108DE200DA6E740ED926050EDA2297C570F598C58B
:108DF20071F5D89070377137020E7027000E71230B
:108E0200740E7025E16E050E7121E26EDE50E65C95
:108E1200DE50E658D8B010EF47F012EF47F052EFAD
:108E220047F0D8909735D96E9835DA6E740ED926F8
:108E3200050EDA22DEC48DF5DDC48EF597C56EF51A
:108E420098C56FF5D8906E376F37020E6E27000EF9
:108E52006F23740E6E25D96E050E6F21DA6ED890CF
:108E62009735E16E9835E26E740EE126050EE22228
:108E7200DEC4E6F4DDC4E5F497C56EF598C56FF57A
:108E8200D8906E376F37020E6E27000E6F23740E66
:108E92006E25D96E050E6F21DA6E8DC5DEF48EC594
:108EA200DDF4974B982B0B0E6E6F000E6F6F955182
:108EB2006E5F96516F5B6E51975D9851800A706F2D
:108EC2006F51800A7059D8A069EF47F06BEF47F0F5
:108ED200EDEF46F0954B962B96BF79EF47F0965102
:108EE20009E10B0E955DD8A079EF47F07BEF47F0D3
:108EF200E7EF46F0000E966F020E956FD89095350B
:108F0200D96E9635DA6E740ED926050EDA22DE5047
:108F12009127DD509223954B962B96BF9AEF47F0FF
:108F2200965109E10A0E955DD8A09AEF47F09CEFA1
:108F320047F07FEF47F091C564F592C565F5000EE5
:108F4200676F080E666F78EC5CF064C58FF565C5D7
:108F520090F58FC56CF590C56DF5120040C768F5A8
:108F620041C769F542C76AF543C76BF537EC63F051
:108F720068C562F669C563F66AC564F66BC565F6CF
:108F820095EF48F0010EDDEC6DF0FBEC6FF064C57F
:108F920040F765C541F766C542F767C543F7020E5C
:108FA2000601F56FA5EF48F065516411631109E1FF
:108FB200C90E625DD8A0E0EF47F0E2EF47F0A5EFFF
:108FC20048F0010EF1EC6DF0030E0601F56FA5EF0E
:108FD20048F0010EE66F000E0501C46F000EC56F6A
:108FE2007A0EC66F440EC76F1C0EB7EC46F0050131
:108FF2006CC599F56DC59AF59B6B9C6B000E88EC60
:1090020049F099C5C0F59AC5C1F59BC5C2F59CC585
:10901200C3F598EC39F0C0C5A7F5C1C5A8F5C2C51E
:10902200A9F5C3C5AAF5000E0501AB6F000EAC6F22
:10903200110EAD6F430EAE6F9BEC31F0A7C5CEF7AC
:10904200A8C5CFF7A9C5D0F7AAC5D1F7160E53EC1C
:109052003EF014C666F615C667F616C668F617C65B
:1090620069F6CEC7ABF5CFC7ACF5D0C7ADF5D1C762
:10907200AEF566C6A7F567C6A8F568C6A9F569C6BE
:10908200AAF59BEC31F0A7C5C0F5A8C5C1F5A9C5E5
:10909200C2F5AAC5C3F5000E0501C46F000EC56F67
:1090A2007A0EC66F440EC76F98EC39F0C0C5CAF786
:1090B200C1C5CBF7C2C5CCF7C3C5CDF744C72EF6A1
:1090C20045C72FF646C730F647C731F615EC6BF0A9
:1090D2002EC6C6F72FC6C7F730C6C8F731C6C9F7BE
:1090E200910E0601286F070E296FC6C72AF6C7C759
:1090F2002BF6C8C72CF6C9C72DF6CAC72EF6CBC7A2
:109102002FF6CCC730F6CDC731F689EC24F028C64D
:10911200D2F729C6D3F7D2C766F5D3C767F5010ED2
:1091220041EC65F0A5EF48F00601F551010AD8B40B
:10913200C3EF47F0030AD8B4D5EF47F0010AD8B419
:10914200EAEF47F0A5EF48F01200050184BFACEF4B
:1091520048F0AFEF48F0010EB0EF48F0000E8B6F11
:109162000601DBBFB7EF48F0B9EF48F0BAEF48F0BD
:10917200E293DBBFC1EF48F0BFEF48F0C8EF48F021
:10918200000E0501886F010E876FCCEF48F0DAC63A
:1091920087F5DBC688F5D8C689F5D9C68AF50501F3
:1091A2008B51D8B4D7EF48F0D9EF48F0F0EF48F040
:1091B2008907D8A08A078B51D8A4E2EF48F0E4EFE0
:1091C20048F0EAEF48F0000E866F2B0E856FEEEF47
:1091D20048F0000E866F2D0E856F85C58BF5000E4B
:1091E2008D6F4F0E8C6F0901E66B2AEF49F0050176
:1091F2008C07D8A08D07970E8C25D96E090E8D216C
:10920200DA6E83C564F584C565F5000E676F0A0ED4
:10921200666FC4EC5FF064C56AF565C56BF55AEC20
:109222006CF005016A51300FDF6E8707D8A08807FE
:109232008907D8A08A0783C564F584C565F5000E41
:10924200676F0A0E666F78EC5CF064C583F565C5DE
:1092520084F505018DBF36EF49F08D5108E18C058B
:10926200D8A036EF49F038EF49F063EF49F0835167
:109272008411D8A43FEF49F041EF49F0F8EF48F0EC
:1092820088BF4EEF49F0885106E18705D8B04CEF10
:1092920049F04EEF49F0F8EF48F08ABF59EF49F034
:1092A2008A5108E18905D8A059EF49F05BEF49F0EE
:1092B20063EF49F00601E2B361EF49F063EF49F071
:1092C200F8EF48F005018B51D8B46AEF49F06CEF22
:1092D20049F077EF49F08C07D8A08D07970E8C25BF
:1092E200D96E090E8D21DA6E8BC5DFF481C578F552
:1092F20082C579F5970E8C257A6F090E8D217B6FC9
:1093020089C57CF58AC57DF5C8EC60F012000501BF
:10931200A16F0501A151D8B491EF49F093EF49F043
:10932200B5EF49F09CBF9AEF49F098EF49F0B5EFDD
:1093320049F099C59DF59AC59EF59BC59FF59CC5BB
:10934200A0F59D1F9E1F9F1FA01F9D2B000E9E23F9
:109352009F23A0239DC5A3F59EC5A4F59FC5A5F592
:10936200A0C5A6F5BDEF49F099C5A3F59AC5A4F528
:109372009BC5A5F59CC5A6F599519A119B119C1107
:10938200D8A4C6EF49F0C8EF49F0D2EF49F0000E79
:10939200996F000E9A6F000E9B6F000E9C6F63EF29
:1093A2004AF0960EA26FDCEF49F0A22BD890A633BA
:1093B200A533A433A333000EA3159D6F000EA4158D
:1093C2009E6F000EA5159F6FFE0EA615A06F9D51F4
:1093D2009E119F11A011D8A4F1EF49F0F3EF49F0CB
:1093E200D6EF49F001EF4AF0A22B010EA327000E9F
:1093F200A423A523A623D890A633A533A433A3334D
:10940200000EA3159D6F000EA4159E6F000EA515EC
:109412009F6FFF0EA615A06F9D519E119F11A01167
:10942200D8A416EF4AF018EF4AF0F5EF49F020EF12
:109432004AF0A207D890A337A437A537A637A5BF0D
:1094420025EF4AF027EF4AF02FEF4AF0020EA26111
:109452002DEF4AF02FEF4AF01AEF4AF0A2B134EFA3
:109462004AF036EF4AF037EF4AF0A59FD890A23380
:10947200A2C59DF59E6B9F6BA06B9DC5A0F59F6BD2
:109482009E6B9D6B9D51A3139E51A4139F51A513D7
:10949200A051A613A151D8B451EF4AF053EF4AF0AC
:1094A2005BEF4AF09CBF5AEF4AF058EF4AF05BEF8D
:1094B2004AF0A68FA3C599F5A4C59AF5A5C59BF553
:1094C200A6C59CF51200000E06019C6F000E9D6F52
:1094D200000E9E6F000E9F6F21EE8BF2100EDE6A61
:1094E200E806FDE28B0E0501646F060E656F87C606
:1094F20066F588C667F5000E696F110E686F10EC8D
:1095020068F00601A66BA651896F8A6B070E892740
:10951200000E8A238B0E8925D96E060E8A21DA6EF9
:109522009C0EA625E16EE26A060EE222DFC4E7F493
:10953200150E0601896FC60EE82EFED7892FFCD7BD
:1095420000000601A62B030EA665AAEF4AF0ACEFB7
:109552004AF084EF4AF09C0E0501C06F060EC16FFF
:10956200040EC26F540E40EC6DF0D00E0601896FEE
:10957200C90EE82EFED7892FFCD700D0550E060162
:109582008B6F040E0501796F540EE7EC6BF079C511
:10959200A0F67AC5A1F6920E0501646F060E656FFC
:1095A200A0C666F5A1C667F5000E696F040E686F66
:1095B20010EC68F0030E0501796F5C0EE7EC6BF0BE
:1095C20079C5A2F67AC5A3F6060120EE02F0A251F1
:1095D200D926A351DA22DF50966F8B0E0501646FF4
:1095E200060E656F0F0E666FCAEC64F064C5A4F6D2
:1095F20065C5A5F6A4C69BF60601A5519A6FA76B91
:10960200410E756F3E0E766F8B0EA725D96EDA6A04
:10961200060EDA22DF50896F8951776F786BC9ECB9
:109622006DF0100E0601A76119EF4BF01BEF4BF026
:1096320021EF4BF04E0E756F3E0E766FC9EC6DF05A
:109642000601A72B100EA76529EF4BF02BEF4BF06D
:1096520001EF4BF08B0E0501646F060E656F000E75
:10966200676F000E666F000E696F110E686F73EC04
:109672006BF0120021EE89F2100EDE6AE806FDE2BE
:10968200890E0501646F060E656F87C666F588C68A
:1096920067F5000E696F110E686F10EC68F0060135
:1096A2009005D8A457EF4BF059EF4BF066EF4BF013
:1096B200010E05016C6F000E6D6F000E6E6F91C68C
:1096C2006FF580EC63F07AEF4BF0020E9019D8A49C
:1096D2006DEF4BF06FEF4BF07AEF4BF0010E05019F
:1096E200716F000E726F000E736F91C674F5D4EC39
:1096F2006EF006019205D8A481EF4BF083EF4BF098
:1097020090EF4BF0030E05016C6F000E6D6F000EB3
:109712006E6F93C66FF580EC63F0A4EF4BF0020E10
:109722009219D8A497EF4BF099EF4BF0A4EF4BF0BE
:10973200030E0501716F000E726F000E736F91C6FA
:1097420074F5D4EC6EF088EC6DF0550E0601896F5D
:10975200890E0501646F060E656F0F0E666FCAEC07
:1097620064F064C59AF665C59BF69AC699F6060139
:109772009B51986F9C6B410E756F3E0E766F890EF2
:109782009C25D96EDA6A060EDA22DF500501FB6FDC
:10979200FB510601776F786BC9EC6DF0100E060174
:1097A2009C61D6EF4BF0D8EF4BF0DEEF4BF04E0E54
:1097B200756F3E0E766FC9EC6DF006019C2B100E94
:1097C2009C65E6EF4BF0E8EF4BF0BCEF4BF0890EF7
:1097D2000501646F060E656F000E666F000E676FFF
:1097E200000E696F110E686F10EC68F0120049509C
:1097F200020D000EF324D96E080EF420DA6EDE6A32
:10980200DD6A0201B2A708EF4CF00AEF4CF02CEF30
:109812004CF04950020D000EF324D96E080EF420CC
:10982200DA6E0801DF8207015E515F116011D8B460
:109832001DEF4CF01FEF4CF02CEF4CF002D82CEF48
:109842004CF00500FA6E5E51FD6E5F51FE6E605186
:10985200FF6EFA5012000201B2A332EF4CF034EF65
:109862004CF056EF4CF04950020D000EF324D96E25
:10987200080EF420DA6E0801DF8407015B515C11E7
:109882005D11D8B447EF4CF049EF4CF056EF4CF075
:1098920002D856EF4CF00500FA6E5B51FD6E5C513A
:1098A200FE6E5D51FF6EFA5012000201B2AD5CEF26
:1098B2004CF05EEF4CF080EF4CF04950020D000E80
:1098C200F324D96E080EF420DA6E0801DF80070156
:1098D200585159115A11D8B471EF4CF073EF4CF042
:1098E20080EF4CF002D880EF4CF00500FA6E585130
:1098F200FD6E5951FE6E5A51FF6EFA501200A1C20E
:1099020025F549281F0B266E48502618D8A48CEF3F
:109912004CF08EEF4CF090EF4CF09BEF4CF0000EC1
:109922004924D96EDA6A0A0EDA2225C5DFF426C581
:1099320049F5472A07014C514D114E11D8B4A4EFF5
:109942004CF0A6EF4CF0B3EF4CF002D8B3EF4CF072
:109952000500FA6E4C51FD6E4D51FE6E4E51FF6E7A
:10996200FA5012001200F80E05016A6F030E6B6FB7
:10997200000E6C6FE2EC69F00501796FF90E6A6F07
:10998200030E6B6F000E6C6FE2EC69F005017A6FEB
:10999200FA0E6A6F030E6B6F000E6C6FE2EC69F0E9
:1099A20005017B6FFB0E6A6F030E6B6F000E6C6F0F
:1099B200E2EC69F005017C6FFC0E6A6F030E6B6FBF
:1099C200000E6C6FE2EC69F005017D6FFD0E6A6FAF
:1099D200030E6B6F000E6C6FE2EC69F005017E6F97
:1099E200060E7919D8A4F8EF4CF0FAEF4CF026EFF6
:1099F2004DF0050E7A19D8A401EF4DF003EF4DF0AA
:109A020026EF4DF0040E7B19D8A40AEF4DF00CEFAF
:109A12004DF026EF4DF0030E7C19D8A413EF4DF054
:109A220015EF4DF026EF4DF0020E7D19D8A41CEF74
:109A32004DF01EEF4DF026EF4DF07E05D8B424EF29
:109A42004DF026EF4DF029EF4DF0000E62EF4DF094
:109A5200FE0E6A6F030E6B6F000E6C6FE2EC69F024
:109A62000501776FFF0E6A6F030E6B6F000E6C6F4E
:109A7200E2EC69F00501786F785177C571F5726B88
:109A820071C572F5716B7111736F7251746F790ECA
:109A9200646F050E656F060E666FE7EC67F064C5CE
:109AA20075F565C576F505017551731907E17651AE
:109AB2007419D8A45FEF4DF061EF4DF026EF4DF031
:109AC200010E1200370E0601756F3E0E766F2C0ED8
:109AD200B7EC46F06CC577F66DC578F6C9EC6DF05B
:109AE200AC0E0601756F3D0E766F160E53EC3EF00E
:109AF20014C677F615C678F616C679F617C67AF63C
:109B0200CEC77BF6CFC77CF6D0C77DF6D1C77EF62F
:109B1200CAC77FF6CBC780F6CCC781F6CDC782F61F
:109B2200D2C783F6D3C784F6C9EC6DF0CF0E060117
:109B3200756F3D0E766F040E53EC3EF014C677F649
:109B420015C678F616C679F617C67AF6C0C77BF63A
:109B5200C1C77CF6C2C77DF6C3C77EF6BCC77FF617
:109B6200BDC780F6BEC781F6BFC782F6C4C783F6FB
:109B7200C5C784F6C9EC6DF0F20E0601756F3D0E95
:109B8200766F44C777F645C778F646C779F647C772
:109B92007AF6EAC67BF67C6BE9C67DF67E6BC9EC8B
:109BA2006DF02A0E0601756F3E0E766F48C777F686
:109BB20049C778F64AC779F64BC77AF6C9EC6DF011
:109BC2001C0E0601756F3E0E766FE8C677F6786B4F
:109BD200C9EC6DF00D0E0601756F3E0E766FDAEC74
:109BE2005CF00501FB6FFB510601776F786BC9ECE6
:109BF2006DF02F0E0601756F3E0E766FECC677F68E
:109C0200EDC678F6EEC679F6EFC67AF6C9EC6DF0D7
:109C1200850E0601756F3D0E766FC9EC6DF0120070
:109C220038C768F539C769F53AC76AF53BC76BF5B6
:109C320037EC63F068C570F669C571F66AC572F6ED
:109C42006BC573F6020E0601EA612AEF4EF02CEFA5
:109C52004EF034EF4EF0010EE96532EF4EF034EF84
:109C62004EF0A6EF4EF0F105D8A43AEF4EF03CEFDD
:109C72004EF0A6EF4EF0FBEC6FF064C538F765C509
:109C820039F766C53AF767C53BF7010E0601F06F73
:109C9200F16BA6EF4EF0D3EC70F006017351721126
:109CA2000BE1210E705D030E7159D8A05BEF4EF0EF
:109CB2005DEF4EF0BBEF4EF0020EF06FFBEC6FF07B
:109CC20064C538F765C539F766C53AF767C53BF726
:109CD200BBEF4EF0010EEA6571EF4EF073EF4EF0FE
:109CE20084EF4EF0DAEC5CF0020AD8B47BEF4EF06F
:109CF2007DEF4EF084EF4EF0010E0601F36FAFECF4
:109D020047F087EF4EF0010E18EC66F0010E0601E7
:109D1200E9658EEF4EF090EF4EF0A1EF4EF0DAECE7
:109D22005CF0030AD8B498EF4EF09AEF4EF0A1EF30
:109D32004EF0010E0601F26FA9EC44F0BBEF4EF0BB
:109D4200020E18EC66F0BBEF4EF0F0516E6F6F6BC7
:109D52006F51000AD8B4B0EF4EF0BBEF4EF06E5127
:109D6200010AD8B44CEF4EF0030AD8B46BEF4EF0B0
:109D7200BBEF4EF012000601DBBFC2EF4EF0C4EFA4
:109D82004EF0C5EF4EF0E293DBBFCCEF4EF0CAEFE0
:109D92004EF0D3EF4EF0000E0501896F010E886F71
:109DA200D7EF4EF0DAC688F5DBC689F5D8C68AF554
:109DB200D9C68BF5000E05018E6F4F0E8D6F09010E
:109DC200E66B17EF4FF005018D07D8A08E07835180
:109DD2000F0B8C6F0A0E8C61F1EF4EF0F3EF4EF029
:109DE200F7EF4EF0300E8C27F9EF4EF0370E8C273E
:109DF200970E8D25D96E090E8E21DA6E8CC5DFF491
:109E02008807D8A089078A07D8A08B0783C585F55C
:109E120084C586F5040E876FD89086338533872FE5
:109E22000DEF4FF085C583F586C584F505018EBF1C
:109E320024EF4FF08E5109E1020E8D5DD8A024EF80
:109E42004FF026EF4FF051EF4FF083518411D8A419
:109E52002DEF4FF02FEF4FF0E4EF4EF089BF3CEFC4
:109E62004FF0895106E18805D8B03AEF4FF03CEF48
:109E72004FF0E4EF4EF08BBF47EF4FF08B5108E10C
:109E82008A05D8A047EF4FF049EF4FF051EF4FF05E
:109E92000601E2B34FEF4FF051EF4FF0E4EF4EF017
:109EA20081C578F582C579F5970E05018D257A6F02
:109EB200090E8E217B6F8AC57CF58BC57DF5C8ECBA
:109EC20060F0120021EE89F2100EDE6AE806FDE271
:109ED200890E0501646F060E656F87C666F588C632
:109EE20067F5000E696F110E686F10EC68F0550E81
:109EF2000601896F020E0501796F020EE7EC6BF025
:109F020079C59AF67AC59BF6900E0501646F060E26
:109F1200656F9AC666F59BC667F5000E696F020EFD
:109F2200686F10EC68F0020E0501796F060EE7EC1F
:109F32006BF079C59CF67AC59DF6920E0501646FA9
:109F4200060E656F9CC666F59DC667F5000E696FC5
:109F5200020E686F10EC68F0890E0501646F060E40
:109F6200656F0F0E666FCAEC64F064C59EF665C538
:109F72009FF69EC699F606019F51986FA06B410EFF
:109F8200756F3E0E766F890EA025D96EDA6A060EBF
:109F9200DA22DF500501FB6FFB510601776F786B08
:109FA200C9EC6DF0100E0601A061DAEF4FF0DCEFA4
:109FB2004FF0E2EF4FF04E0E756F3E0E766FC9EC2A
:109FC2006DF00601A02B100EA065EAEF4FF0ECEF4A
:109FD2004FF0C0EF4FF0890E0501646F060E656FFA
:109FE200000E676F000E666F000E696F110E686FCC
:109FF20073EC6BF01200000E0501666F570E656F71
:10A00200EA0E676F070E686F000E6A6F020E696FC5
:10A0120039EC67F00009D8B411EF50F013EF50F0AB
:10A02200FCEF4FF0000E0501666F570E656F5C0E78
:10A03200676F050E686F000E6A6F010E696F65EC3F
:10A0420067F00009D8B428EF50F02AEF50F013EF70
:10A0520050F0680E05016C6FE40EE82EFED76C2FEF
:10A06200FCD700005CC54FF5680E05016C6FE40E6D
:10A07200E82EFED76C2FFCD70000C00E4F18D8A4D4
:10A0820045EF50F047EF50F049EF50F089EF50F0B4
:10A09200000E0501666F570E656FE70E676F090EBA
:10A0A200686F000E6A6F130E696F39EC67F0000972
:10A0B200D8B45EEF50F060EF50F049EF50F0680E08
:10A0C20005016C6FE40EE82EFED76C2FFCD7000062
:10A0D200000E0501666F570E656FEA0E676F070E79
:10A0E200686F000E6A6F030E696F65EC67F0000916
:10A0F200D8B47EEF50F080EF50F069EF50F02A0EA6
:10A1020005016C6F8D0EE82EFED76C2FFCD700D0A8
:10A11200D00E05016C6FC90EE82EFED76C2FFCD74E
:10A1220000D01200000E06010C150501ED6F000EA5
:10A1320006010D150501EE6F800E06010E150501D3
:10A14200EF6F7F0E06010F150501F06FED51EE1155
:10A15200EF11F011D8A4B0EF50F0B2EF50F0BBEF16
:10A1620050F0000E06010C6F000E0D6F000E0E6F08
:10A17200000E0F6F000E060110150501ED6F000EA7
:10A18200060111150501EE6F800E0601121505017B
:10A19200EF6F7F0E060113150501F06FED51EE1101
:10A1A200EF11F011D8A4D8EF50F0DAEF50F0E3EF4E
:10A1B20050F0000E0601106F000E116F000E126FAC
:10A1C200000E136F06010FAFE9EF50F0EBEF50F006
:10A1D200F4EF50F00C6D0D1FD8B00D2B0E1FD8B040
:10A1E2000E2B800E0F5713AFF9EF50F0FBEF50F02C
:10A1F20004EF51F0106D111FD8B0112B121FD8B0FF
:10A20200122B800E1357000E0C1B000E0D1B000E9E
:10A212000E1B800E0F1B000E101B000E111B000EDA
:10A22200121B800E131B10510C5D11510D5912514E
:10A232000E5913510F59D8B021EF51F023EF51F0BD
:10A2420026EF51F0D89027EF51F0D880120014C6B3
:10A2520064F515C665F516C666F517C667F53CECD6
:10A2620057F0050164516511D8A43AEF51F03CEF63
:10A2720051F046EF51F018C614F619C615F61AC673
:10A2820016F61BC617F6BBEF51F018C664F519C6D1
:10A2920065F51AC666F51BC667F53CEC57F0050175
:10A2A20064516511D8A458EF51F05AEF51F064EFA0
:10A2B20051F014C614F615C615F616C616F617C6CC
:10A2C20017F6BBEF51F014C664F515C665F516C650
:10A2D20066F517C667F539EC68F064C5F1F565C532
:10A2E200F2F518C664F519C665F51AC666F51BC6F9
:10A2F20067F539EC68F005016451F11909E165511E
:10A30200F219D8B487EF51F089EF51F09FEF51F075
:10A3120014C664F515C665F516C666F517C667F563
:10A3220039EC68F0050164516511D8A49BEF51F036
:10A332009DEF51F05AEF51F03CEF51F014C60CF67C
:10A3420015C60DF616C60EF617C60FF618C610F687
:10A3520019C611F61AC612F61BC613F693EC50F084
:10A362000601D8A0B7EF51F0B9EF51F05AEF51F012
:10A372003CEF51F012001CC664F51DC665F51EC601
:10A3820066F51FC667F53CEC57F00501645165118F
:10A39200D8A4CEEF51F0D0EF51F0DAEF51F020C651
:10A3A2001CF621C61DF622C61EF623C61FF64FEF67
:10A3B20052F020C664F521C665F522C666F523C6AD
:10A3C20067F53CEC57F0050164516511D8A4ECEF38
:10A3D20051F0EEEF51F0F8EF51F01CC61CF61DC61D
:10A3E2001DF61EC61EF61FC61FF64FEF52F01CC604
:10A3F20064F51DC665F51EC666F51FC667F539EC20
:10A4020068F064C5F3F565C5F4F520C664F521C6A8
:10A4120065F522C666F523C667F539EC68F00501D5
:10A422006451F31909E16551F419D8B41BEF52F0E4
:10A432001DEF52F033EF52F01CC664F51DC665F5F0
:10A442001EC666F51FC667F539EC68F00501645152
:10A452006511D8A42FEF52F031EF52F0D0EF51F046
:10A46200EEEF51F01CC60CF61DC60DF61EC60EF61A
:10A472001FC60FF620C610F621C611F622C612F626
:10A4820023C613F693EC50F00601D8A04BEF52F01E
:10A492004DEF52F0D0EF51F0EEEF51F0120021EEFD
:10A4A20089F2100EDE6AE806FDE2890E0501646F8C
:10A4B200060E656F87C666F588C667F5000E696F7A
:10A4C200110E686F10EC68F0550E0601896F040ECC
:10A4D2000501796F540EE7EC6BF079C59AF67AC5EF
:10A4E2009BF6900E0501646F060E656F9AC666F5BF
:10A4F2009BC667F5000E696F040E686F10EC68F07A
:10A50200030E0501796F5C0EE7EC6BF079C59CF6E2
:10A512007AC59DF6060120EE02F09C51D9269D5186
:10A52200DA22DF50946F890E0501646F060E656FA3
:10A532000F0E666FCAEC64F064C59EF665C59FF6A1
:10A542009EC699F606019F51986FA06B410E756FDA
:10A552003E0E766F890EA025D96EDA6A060EDA22D1
:10A56200DF500501FB6FFB510601776F786BC9EC79
:10A572006DF0100E0601A061C1EF52F0C3EF52F070
:10A58200C9EF52F04E0E756F3E0E766FC9EC6DF04C
:10A592000601A02B100EA065D1EF52F0D3EF52F0BE
:10A5A200A7EF52F0890E0501646F060E656F000E6B
:10A5B200676F000E666F000E696F110E686F73ECA5
:10A5C2006BF0120021EE9EF2100EDE6AE806FDE24A
:10A5D2009E0E0501646F060E656F9BC666F59CC6EE
:10A5E20067F5000E696F110E686F10EC68F0650E6A
:10A5F2000601A561FFEF52F001EF53F009EF53F0AE
:10A60200320EA56107EF53F009EF53F00DEF53F04F
:10A612006CEC5FF072EF53F02E0E05016C6F000EC2
:10A622006D6F000E6E6FA5C66FF580EC63F0550E70
:10A6320006019E6F2E0E05016A6F000E6B6F000EF3
:10A642006C6FE2EC69F00601A56F9E0E0501646F66
:10A65200060E656F0F0E666FCAEC64F064C5AFF646
:10A6620065C5B0F6AFC6AEF60601B051AD6FB16BBF
:10A67200410E756F3E0E766F9E0EB125D96EDA6A67
:10A68200060EDA22DF509D6F9D51776F786BC9EC11
:10A692006DF0100E0601B16151EF53F053EF53F01C
:10A6A20059EF53F04E0E756F3E0E766FC9EC6DF09A
:10A6B2000601B12B100EB16561EF53F063EF53F059
:10A6C20039EF53F09E0E0501646F060E656F000EA2
:10A6D200676F000E666F000E696F110E686F73EC84
:10A6E2006BF0120064C5D9F465C5DAF466C5DFF40F
:10A6F200050120EE01F06451D9266551DA2267C5C1
:10A70200DEF468C5DEF469C5DEF46AC5DEF420EE67
:10A7120005F06451D9266551DA226BC5DEF46CC5A9
:10A72200DEF46DC5DEF46EC5DEF420EE09F0645190
:10A73200D9266551DA226FC5DEF470C5DEF471C523
:10A74200DEF472C5DEF420EE15F06451D9266551AF
:10A75200DA2273C5DEF474C5DEF475C5DEF476C59F
:10A76200DEF420EE19F06451D9266551DA2277C55C
:10A77200DEF478C5DEF479C5DEF47AC5DEF420EEC7
:10A782000DF06451D9266551DA22000EDE6E000EFC
:10A79200DE6E480EDE6E440EDD6E20EE11F0645168
:10A7A200D9266551DA22000EDE6E000EDE6E480EEC
:10A7B200DE6EC40EDD6E20EE1DF06451D9266551A9
:10A7C200DA22000EDE6E000EDE6E000EDE6E000E6F
:10A7D200DD6E20EE21F06451D9266551DA22000E99
:10A7E200DE6E000EDE6E000EDE6E000EDD6E20EE00
:10A7F20025F06451D9266551DA227BC5DEF47CC589
:10A80200DDF41200C80E0501756F000E766F000EA2
:10A81200776F000E786F6D51736F6CC574F52EEF04
:10A8220054F005017551761177117811D8A41CEFF7
:10A8320054F01EEF54F020EF54F092EF54F07507ED
:10A84200000E765B775B785B150E0501716FC60EA5
:10A85200E82EFED7712FFCD70000000E0501666FAF
:10A86200530E656F730E676F050E686F000E6A6F89
:10A87200020E696F39EC67F00009D8B443EF54F067
:10A8820045EF54F012EF54F0C80E0501756F000E3B
:10A89200766F000E776F000E786F6CEF54F0050143
:10A8A2007551761177117811D8A45AEF54F05CEFF4
:10A8B20054F05EEF54F092EF54F07507000E765BA1
:10A8C200775B785B150E0501716FC60EE82EFED719
:10A8D200712FFCD70000000E0501666F530E656FE5
:10A8E2006EC567F56FC568F5020E7025696F6A6BF4
:10A8F200000E6A2365EC67F00009D8B483EF54F0C8
:10A9020085EF54F050EF54F0090E0501726F1E0EE0
:10A91200716FE40EE82EFED7712FFCD7722FFAD793
:10A92200000012000601263527350501FA6FFA519B
:10A93200D8A49EEF54F0A0EF54F0ABEF54F0000E09
:10A942000601246F000E256F000E266F000E276F82
:10A952001FEF55F024C6F5F525C6F6F526C6F7F520
:10A9620027C6F8F5200EBBEF54F0D890F833F73332
:10A97200F633F533E82EB6EF54F0F551F96F0601D0
:10A98200268FFF0E2417FF0E2517FF0E2617000E27
:10A992002717960E0501FA5FFABFD4EF54F0D2EFF3
:10A9A20054F0ECEF54F0FA51800A970FD8B0DCEF74
:10A9B20054F0DEEF54F0E0EF54F0A0EF54F0060153
:10A9C200D89027332633253324330501FA3FE0EFAD
:10A9D20054F006EF55F01F0EFA65F2EF54F0F4EF63
:10A9E20054F0FEEF54F0A0EF54F00601D890243753
:10A9F2002537263727370501FA07FA51D8A404EF7D
:10AA020055F006EF55F0F6EF54F0F951D8B40CEFCB
:10AA120055F00EEF55F017EF55F00601271F261FD0
:10AA2200251F246D000E25232623272324C624F662
:10AA320025C625F626C626F627C627F612000501E4
:10AA420020EE08F06451D9266551DA22DF50D8B4DD
:10AA52002DEF55F02FEF55F05BEF55F020EE08F09B
:10AA62006451D9266551DA22150EDF603BEF55F0AD
:10AA72003DEF55F045EF55F020EE08F06451D92630
:10AA82006551DA22140EDF6E20EE08F06451D926E9
:10AA92006551DA22630EDF6451EF55F053EF55F042
:10AAA2005BEF55F020EE08F06451D9266551DA22A9
:10AAB200640EDF6E20EE08F06451D9266551DA2269
:10AAC200DF500601EA6F050120EE0AF06451D92633
:10AAD2006551DA22DF50D8B471EF55F073EF55F0BB
:10AAE2009FEF55F020EE0AF06451D9266551DA2223
:10AAF2001F0EDF607FEF55F081EF55F089EF55F0C3
:10AB020020EE0AF06451D9266551DA221E0EDF6E5C
:10AB120020EE0AF06451D9266551DA22630EDF6411
:10AB220095EF55F097EF55F09FEF55F020EE0AF0B4
:10AB32006451D9266551DA22640EDF6E20EE0AF0E6
:10AB42006451D9266551DA22DF500601E96F1200FD
:10AB52000501646F05016405D8A4B2EF55F0B4EFA6
:10AB620055F0D0EF55F0000E0701B76F000EB66F2B
:10AB7200000EAE6F000EAF6F000EB06F000EB16F21
:10AB8200000EB26F000EB36F000EB46F000EB56F01
:10AB9200000E0601DF6F000EDE6F31EF56F0020E7F
:10ABA2006419D8A4D7EF55F0D9EF55F0F5EF55F069
:10ABB200000E08017C6F000E7B6F000E736F000E9B
:10ABC200746F000E756F000E766F000E776F000EB9
:10ABD200786F000E796F000E7A6F000E0601DD6F3E
:10ABE200000EDC6F31EF56F0030E6419D8A4FCEFAF
:10ABF20055F0FEEF55F031EF56F0000E0701B76F3A
:10AC0200000EB66F000EAE6F000EAF6F000EB06F8B
:10AC1200000EB16F000EB26F000EB36F000EB46F74
:10AC2200000EB56F000E08017C6F000E7B6F000EE8
:10AC3200736F000E746F000E756F000E766F000E4C
:10AC4200776F000E786F000E796F000E7A6F000E2C
:10AC52000601DF6F000EDE6F000EDD6F000EDC6F8F
:10AC620012000501796B77BF3BEF56F039EF56F0D2
:10AC720045EF56F0771F761F751F746D000E752312
:10AC820076237723010E796F73BF4CEF56F04AEFAC
:10AC920056F056EF56F0731F721F711F706D000E43
:10ACA200712372237323010E791B000E7A6F000E3B
:10ACB2007B6F000E7C6F000E7D6F745175117611E3
:10ACC2007711D8B467EF56F069EF56F09FEF56F060
:10ACD200010E786F73EF56F0D89074377537763768
:10ACE2007737782B77AF78EF56F07AEF56F06DEF33
:10ACF20056F0D8907A377B377C377D377451705D48
:10AD0200755171597651725977517359D8A08CEF98
:10AD120056F08EEF56F097EF56F07451705F755102
:10AD2200715B7651725B7751735B7A81D89077331E
:10AD3200763375337433782F7AEF56F07951D8B46D
:10AD4200A5EF56F0A7EF56F0AFEF56F07D1F7C1F30
:10AD52007B1F7A6D000E7B237C237D237AC570F5E1
:10AD62007BC571F57CC572F57DC573F51200E20EE7
:10AD7200F66EDF0EF76E000EF86E02EEE7F110EEE1
:10AD820013F00900F5C4EEF4E550E150FAE1A80E23
:10AD9200F66ED50EF76E000EF86E02EEBFF010EEF4
:10ADA20041F00900F5C4EEF4E550E150FAE11A0E63
:10ADB200F66EE00EF76E000EF86E01EEDCF310EEAA
:10ADC20011F00900F5C4EEF4E550E150FAE1FA0E93
:10ADD200F66EE00EF76E000EF86E01EEECF210EE7B
:10ADE2000AF00900F5C4EEF4E550E150FAE1C40EB0
:10ADF200F66EE10EF76E000EF86E0900F5C45DF511
:10AE02000900F5C45EF502EE00F3F40EEE6AE80600
:10AE1200FDE102EE00F2E80EEE6AE806FDE102EE66
:10AE220000F1E70EEE6AE806FDE102EE00F0BF0E69
:10AE3200EE6AE806FDE101EE00F3DC0EEE6AE806DA
:10AE4200FDE101EED2F21A0EEE6AE806FDE105011D
:10AE5200FE6BFD6BFC6B01EE30F12D0EEE6AE80627
:10AE6200FDE10401080E5D6F300E5E6F000E5F6F34
:10AE72000001C4EF6CF00CC76EF50DC76FF50EC77D
:10AE820070F50FC771F564C56EF565C56FF566C5DA
:10AE920070F567C571F56EC568F56FC569F570C562
:10AEA2006AF571C56BF5180E5DEF57F00501D89084
:10AEB2006B336A3369336833E82E57EF57F06851C2
:10AEC2006C6F6D6B6C516D11D8A46AEF57F06CEF1B
:10AED20057F08CEF57F0D8906E35686F6F35696F09
:10AEE20070356A6F71356B6F685169116A116B1138
:10AEF200D8A47EEF57F080EF57F086EF57F0000EA0
:10AF0200656F020E646FBBEF57F0000E656F030EA4
:10AF1200646FBBEF57F06C296D11D8A493EF57F013
:10AF220095EF57F0B7EF57F06EC568F56FC569F545
:10AF320070C56AF571C56BF5090ED8906837693727
:10AF42006A376B37E82E9EEF57F0685169116A1124
:10AF52006B11D8B4AFEF57F0B2EF57F0010EB3EF69
:10AF620057F0000E646F656BBBEF57F0000E656F14
:10AF7200040E646F120021EE89F2100EDE6AE806FA
:10AF8200FDE2890E0501646F060E656F87C666F5E0
:10AF920088C667F5000E696F110E686F10EC68F0D5
:10AFA200550E0601896F2E0E05016A6F000E6B6F3A
:10AFB200000E6C6FE2EC69F00601906F48C724F650
:10AFC20049C725F64AC726F64BC727F693EC54F035
:10AFD20006012451926F890E0501646F060E656F9A
:10AFE2000F0E666FCAEC64F064C59AF665C59BF6EF
:10AFF2009AC699F606019B51986F9C6B410E756F2C
:10B002003E0E766F890E9C25D96EDA6A060EDA221A
:10B01200DF500501FB6FFB510601776F786BC9ECBE
:10B022006DF0100E06019C6119EF58F01BEF58F0FD
:10B0320021EF58F04E0E756F3E0E766FC9EC6DF033
:10B0420006019C2B100E9C6529EF58F02BEF58F04F
:10B05200FFEF57F0890E0501646F060E656F000E53
:10B06200676F000E666F000E696F110E686F73ECEA
:10B072006BF012002BEC59F0090E06018A6F1E0EBE
:10B08200896FE40EE82EFED7892FFCD78A2FFAD7D4
:10B092000000B4EC4CF0E806D8A452EF58F054EF9C
:10B0A20058F0B6EF58F0010E0601EB6F87C6D9F4DF
:10B0B20088C6DAF4550EDF6E87C664F588C665F574
:10B0C2000F0E0501666FCAEC64F064C58BF665C5A8
:10B0D2008CF6060120EE10F08751D9268851DA222B
:10B0E2008BC6DFF420EE0FF08751D9268851DA2281
:10B0F2008C51DF6E8D6B410E756F3E0E766F8D51EA
:10B102008725D96E000E8821DA6EDF50896F89514A
:10B11200776F786BC9EC6DF0100E06018D6194EFBC
:10B1220058F096EF58F09CEF58F04E0E756F3E0EA9
:10B13200766FC9EC6DF006018D2B100E8D65A4EFB4
:10B1420058F0A6EF58F07CEF58F087C664F588C631
:10B1520065F5000E0501676F000E666F000E696FE0
:10B16200110E686F73EC6BF0FF001200C80E050140
:10B17200BB6F000EBC6F000EBD6F000EBE6F6D5137
:10B18200736F6CC574F5BF6BDDEF58F0BF516E2560
:10B19200D96E000E6F21DA6EBF51716F726B020EA3
:10B1A2007127000E7223730E7125E16E050E722156
:10B1B200E26EDFC4E7F4BF2B7051BF5DD8A0E4EFAD
:10B1C20058F0E6EF58F0C7EF58F004EF59F00501D8
:10B1D200BB51BC11BD11BE11D8A4F2EF58F0F4EF6F
:10B1E20058F0F6EF58F02AEF59F0BB07000EBC5B9F
:10B1F200BD5BBE5B150E0501716FC60EE82EFED754
:10B20200712FFCD70000000E0501666F530E656FAB
:10B21200730E676F050E686F020E7025696F6A6B99
:10B22200000E6A2339EC67F00009D8B41BEF59F01D
:10B232001DEF59F0E8EF58F0090E0501726F1E0E6E
:10B24200716FE40EE82EFED7712FFCD7722FFAD75A
:10B252000000120021EEDCF311EE71F1050EDBC4E9
:10B26200E3F4E806FCE2710E0501646F050E656FFA
:10B27200060E666FE7EC67F064C579F565C57AF589
:10B2820005017A51776F79C578F5F80E6C6F030E68
:10B292006D6F000E6E6F71C56FF580EC63F0F90E85
:10B2A20005016C6F030E6D6F000E6E6F72C56FF548
:10B2B20080EC63F0FA0E05016C6F030E6D6F000EE9
:10B2C2006E6F73C56FF580EC63F0FB0E05016C6F5A
:10B2D200030E6D6F000E6E6F74C56FF580EC63F038
:10B2E200FC0E05016C6F030E6D6F000E6E6F75C55F
:10B2F2006FF580EC63F0FD0E05016C6F030E6D6F50
:10B30200000E6E6F76C56FF580EC63F0FE0E0501E0
:10B312006C6F030E6D6F000E6E6F77C56FF580EC6C
:10B3220063F0FF0E05016C6F030E6D6F000E6E6F02
:10B3320078C56FF580EC63F01200050120EE03F092
:10B342007951D9267A51DA22DF50646F20EE02F069
:10B352007951D9267A51DA22DF504BEC64F064C578
:10B362007BF565C57CF5460E05017B5D050E7C59B6
:10B37200D8A0BEEF59F0C0EF59F0C4EF59F0050E56
:10B382007C6F460E7B6F580E7B5D020E7C59D8B0E7
:10B39200CDEF59F0CFEF59F0D3EF59F0020E7C6F99
:10B3A200580E7B6F7BC5E0F67CC5E1F620EE07F018
:10B3B2007951D9267A51DA22DF50646F20EE06F0F5
:10B3C2007951D9267A51DA22DF504BEC64F064C508
:10B3D2007DF565C57EF505017E5109E1960E7D5D1F
:10B3E200D8A0F6EF59F0F8EF59F0FCEF59F0000E43
:10B3F2007E6F960E7D6F7E5107E13C0E7D5DD8B06B
:10B4020005EF5AF007EF5AF00BEF5AF0000E7E6F7D
:10B412003C0E7D6F7DC545F57EC546F51200910E49
:10B422000501646F070E656F010E666F0A0E676F86
:10B43200D70E686FA30E696F3D0E6A6F6F0E6B6F4A
:10B44200120E6C6F030E6D6F3B0E6E6F9A0E6F6F66
:10B45200990E706F190E716F3E0E726F000E736F40
:10B46200000E746F480E756F450E766F000E776F83
:10B47200000E786F000E796F000E7A6F000E7C6FEF
:10B48200000E7B6F73EC53F0560E0501646F080ECD
:10B49200656F020E666F9A0E676F990E686F990E4E
:10B4A200696F3E0E6A6F170E6B6FB70E6C6FD10E1F
:10B4B2006D6F380E6E6F170E6F6FB70E706FD10E05
:10B4C200716F380E726F000E736F000E746F480E3C
:10B4D200756F450E766F000E776F000E786F000E57
:10B4E200796F000E7A6F000E7C6F000E7B6F73EC2B
:10B4F20053F01200DAEC5CF0556E5550D8B484EF7C
:10B502005AF086EF5AF0A0EF5AF054505518D8B4BA
:10B512008DEF5AF08FEF5AF0A3EF5AF05504D8A4EA
:10B5220095EF5AF097EF5AF09CEF5AF0030E18EC91
:10B5320066F0E2EF5AF055C554F5A3EF5AF0546A9B
:10B542000601E86BB2EC45F005017EC599F57FC5B1
:10B552009AF59B6B9C6B000E88EC49F099C544F7F9
:10B562009AC545F79BC546F79CC547F75704D8B41B
:10B57200BDEF5AF0BFEF5AF0C8EF5AF00601E705E7
:10B58200D8A4C6EF5AF0C8EF5AF0E0EF5AF0D890BC
:10B592000601E131756FE031746F74C699F575C6B5
:10B5A2009AF505019B6B9C6B000E88EC49F099C5DE
:10B5B20044F79AC545F79BC546F79CC547F711EC7A
:10B5C2004EF01200000E05016C6F000E6B6F64C529
:10B5D200D9F465C5DAF4DEC4F6F4DDC4F7F4000E7E
:10B5E200F86E0800F5502A0AD8A4FAEF5AF0FCEFD8
:10B5F2005AF02FEF5BF064C5D9F465C5DAF4DE2AA0
:10B60200000EDD2266C5D9F467C5DAF4DFC468F539
:10B61200020EDE26DFC469F5000EDD2268C5D9F40C
:10B6220069C5DAF4DEC46BF5DDC46CF545EF5BF099
:10B632000A0E6B03F3C468F5F4C469F56C03F350A6
:10B6420069276A5168256B6F000E69216C6F64C5AA
:10B65200D9F465C5DAF4DE2A000EDD2264C5D9F418
:10B6620065C5DAF4DEC4F6F4DDC4F7F4000EF86E54
:10B672000800F550D00F6A6F090E6A6543EF5BF060
:10B6820045EF5BF019EF5BF06BC564F56CC565F5D2
:10B69200120005016A516B11D8B452EF5BF054EFFE
:10B6A2005BF05DEF5BF06A516B11D8A45BEF5BF06E
:10B6B2005DEF5BF062EF5BF06851DCEC68F0AFEFDE
:10B6C2005BF020EE09F06A51D9266B51DA22DE5086
:10B6D200DE10D8B46FEF5BF071EF5BF08CEF5BF0D4
:10B6E20020EE09F06A51D9266B51DA2210EE02F0EF
:10B6F2006A51E1266B51E222DE50E65CE650800A96
:10B70200706FDE50800A7059D8B08AEF5BF08CEF10
:10B712005BF0AFEF5BF020EE02F06A51D9266B517D
:10B72200DA22DEC46CF5DDC46DF56AC5D9F46BC5E9
:10B73200DAF4DEC46EF5DDC46FF56C516E25D96E98
:10B742006D516F21DA6E68C5DFF420EE02F06A51A6
:10B75200D9266B51DA22DE2A000EDD2212002CC716
:10B7620068F52DC769F52EC76AF52FC76BF537EC5B
:10B7720063F068C578F569C579F56AC57AF56BC570
:10B782007BF503EF5CF0020E5CEC5EF0020E19EC4E
:10B792006EF0020E3BEC5DF0020EA9EC55F0020ECB
:10B7A20006EC6AF0FBEC6FF064C52CF765C52DF76B
:10B7B20066C52EF767C52FF7020E0601F26F13EF6B
:10B7C2005CF005017B517A110BE1F50E785D010EFB
:10B7D2007959D8A0EFEF5BF0F1EF5BF013EF5CF07B
:10B7E200020E05EC6EF0FBEC6FF064C52CF765C53C
:10B7F2002DF766C52EF767C52FF7030E0601F26F08
:10B8020013EF5CF00601F251010AD8B4C4EF5BF009
:10B81200030AD8B4E2EF5BF0010AD8B413EF5CF08C
:10B8220013EF5CF0120030C768F531C769F532C713
:10B832006AF533C76BF537EC63F068C578F569C50F
:10B8420079F56AC57AF56BC57BF567EF5CF0010E99
:10B852005CEC5EF0010E19EC6EF0010E3BEC5DF05B
:10B86200010EA9EC55F0010E06EC6AF0FBEC6FF04C
:10B8720064C530F765C531F766C532F767C533F77A
:10B88200020E0601F36F77EF5CF005017B517A112E
:10B892000BE1F50E785D010E7959D8A053EF5CF0FB
:10B8A20055EF5CF077EF5CF0010E05EC6EF0FBEC0F
:10B8B2006FF064C530F765C531F766C532F767C505
:10B8C20033F7030E0601F36F77EF5CF00601F351D5
:10B8D200010AD8B428EF5CF0030AD8B446EF5CF052
:10B8E200010AD8B477EF5CF077EF5CF01200050143
:10B8F200696B67BF81EF5CF07FEF5CF087EF5CF014
:10B90200666D671FD8B0672B010E696F65BF8EEF3A
:10B912005CF08CEF5CF094EF5CF0646D651FD8B066
:10B92200652B010E691B000E6B6F000E6A6F66516C
:10B932006711D8B49FEF5CF0A1EF5CF0C9EF5CF047
:10B94200010E686FA9EF5CF0D89066376737682BF5
:10B9520067AFAEEF5CF0B0EF5CF0A5EF5CF0D890B3
:10B962006A376B376651645D67516559D8A0BCEF81
:10B972005CF0BEEF5CF0C3EF5CF06651645F675150
:10B98200655B6A81D89067336633682FB0EF5CF0ED
:10B992006951D8B4CFEF5CF0D1EF5CF0D5EF5CF039
:10B9A2006A6D6B1FD8B06B2B6AC564F56BC565F504
:10B9B20012005E04D8B4E0EF5CF0E2EF5CF0E5EF79
:10B9C2005CF0010E3AEF5DF00601EB05D8A4ECEF56
:10B9D2005CF0EEEF5CF0F0EF5CF0E2EF5CF0020E98
:10B9E200E719D8A4F7EF5CF0F9EF5CF0FBEF5CF03D
:10B9F200E2EF5CF0EA51D8A401EF5DF003EF5DF0F5
:10BA02000DEF5DF0E951D8A409EF5DF00BEF5DF0A9
:10BA12000DEF5DF0E2EF5CF05A505B10D8B414EF1A
:10BA22005DF016EF5DF021EF5DF058505910D8B47B
:10BA32001DEF5DF01FEF5DF021EF5DF0E2EF5CF0D6
:10BA42005A505B10D8B428EF5DF02AEF5DF02DEF6D
:10BA52005DF0020E3AEF5DF058505910D8B434EF51
:10BA62005DF036EF5DF039EF5DF0030E3AEF5DF019
:10BA7200000E12000501666F05016605D8A444EFA9
:10BA82005DF046EF5DF05AEF5DF0C60E646F070E93
:10BA9200656F8DEC64F0000E0701446F000E456F78
:10BAA200000E466F000E476F010E0601F56F9BEF09
:10BAB2005DF0020E6619D8A461EF5DF063EF5DF0F0
:10BAC20073EF5DF0B80E646F070E656F8DEC64F076
:10BAD200000E0501FD6F000EFC6F010E0601F46FF2
:10BAE2009BEF5DF0030E6619D8A47AEF5DF07CEF50
:10BAF2005DF09BEF5DF0C60E646F070E656F8DEC17
:10BB020064F0B80E0501646F070E656F8DEC64F08A
:10BB1200010E0601F16FE66B000E0701446F000E85
:10BB2200456F000E466F000E476F010E0601F56F5E
:10BB32006EEF5DF01200BE6AB00EBF6EC06AC16ADF
:10BB4200C26A400EC36E0401026B300E0A6F126BA2
:10BB52001A6B226B2A6BDF0EC66E8F0EC76E6F0ECC
:10BB6200C86ED00EC96E0F0ECA6E9E0ECB6EDF0E61
:10BB7200006F0F0E086F4F0E106FD10E186F070E69
:10BB8200206F9E0E286F016B800E096F116B196B6F
:10BB9200216B296B03690B6913691B69070E236FFC
:10BBA2002B6904690C6914691C690F0E246F2C69D6
:10BBB2000201896B886B876B866B150E726F1C0E88
:10BBC200196F1A0E1B6F200E156F0C0E716F370E48
:10BBD2000D6F0D0E706F380E0E6F0401056B066B44
:10BBE200076B0D6B0E6B0F6B156B166B176B256B63
:10BBF200266B276B1200D8C42DF59EEC6FF000095E
:10BC0200D8B406EF5EF008EF5EF010EF5EF0030EC0
:10BC12003C6E0201979B54EC6BF058EF5EF0A9EC7E
:10BC22006FF00009D8B418EF5EF01AEF5EF02CEF57
:10BC32005EF07DEC6FF00009D8B422EF5EF024EFE5
:10BC42005EF02CEF5EF0010E3C6E0201979966ECFD
:10BC52006EF058EF5EF088EC6FF00009D8B434EF64
:10BC62005EF036EF5EF046EF5EF07DEC6FF00009BD
:10BC7200D8B43EEF5EF040EF5EF046EF5EF0020EAB
:10BC82003C6E0201979928EF5EF093EC6FF0000989
:10BC9200D8B44EEF5EF050EF5EF056EF5EF0030E5A
:10BCA2003C6E0201979D58EF5EF0020197993C505D
:10BCB2002DC5D8F411000501666F05016605D8A4EB
:10BCC20065EF5EF067EF5EF071EF5EF0000E656F9C
:10BCD200000E646F71EC70F0D7EC70F0B6EF5EF0AE
:10BCE200020E6619D8A478EF5EF07AEF5EF084EF68
:10BCF2005EF0000E656F000E646F6BEC70F0D5ECB9
:10BD020070F0B6EF5EF0020E6619D8A48BEF5EF00B
:10BD12008DEF5EF08FEF5EF0B6EF5EF0020E661909
:10BD2200D8A496EF5EF098EF5EF09AEF5EF0B6EF71
:10BD32005EF0050E6619D8A4A1EF5EF0A3EF5EF0E7
:10BD4200B6EF5EF0000E656F000E646F71EC70F07E
:10BD5200D7EC70F0000E0501656F000E646F6BEC9E
:0CBD620070F0D5EC70F0B6EF5EF012004F
:10BD7000FAC401F5FBC402F5B39E77A0C2EF5EF0F2
:10BD8000C4EF5EF0E6EF5EF076A0C9EF5EF0CBEFB9
:10BD90005EF0E6EF5EF076900601D251D311D41139
:10BDA000D8B4D5EF5EF0D7EF5EF00DEF5FF002D8BC
:10BDB000E4EF5EF00500FA6ED251FD6ED351FE6ED7
:10BDC000D451FF6EFA5012000DEF5FF077A2EBEF47
:10BDD0005EF0EDEF5EF00DEF5FF076A2F2EF5EF059
:10BDE000F4EF5EF00DEF5FF0769207017651771178
:10BDF0007811D8B4FEEF5EF000EF5FF00DEF5FF06A
:10BE000002D80DEF5FF00500FA6E7651FD6E7751A6
:10BE1000FE6E7851FF6EFA50120002C5FBF401C5A8
:10BE2000FAF41100FAC405F5FBC406F5B59E86A028
:10BE30001CEF5FF01EEF5FF040EF5FF085A023EF97
:10BE40005FF025EF5FF040EF5FF0859007017051E4
:10BE500071117211D8B42FEF5FF031EF5FF067EF1F
:10BE60005FF002D83EEF5FF00500FA6E7051FD6E94
:10BE70007151FE6E7251FF6EFA50120067EF5FF063
:10BE800086A245EF5FF047EF5FF067EF5FF085A2B6
:10BE90004CEF5FF04EEF5FF067EF5FF085920701C8
:10BEA0006D516E116F11D8B458EF5FF05AEF5FF01B
:10BEB00067EF5FF002D867EF5FF00500FA6E6D5133
:10BEC000FD6E6E51FE6E6F51FF6EFA50120006C588
:10BED000FBF405C5FAF4110022EEEFF011EE87F243
:10BEE000100EDBC4E3F4E806FCE2870E0501646F84
:10BEF000060E656F0F0E666FCAEC64F064C598F6A7
:10BF000065C599F606019951966F98C697F69A6B92
:10BF1000410E756F3E0E766F870E9A25D96EDA6ADE
:10BF2000060EDA22DF500501FB6FFB510601776F29
:10BF3000786BC9EC6DF0100E06019A61A2EF5FF00C
:10BF4000A4EF5FF0AAEF5FF04E0E756F3E0E766FB6
:10BF5000C9EC6DF006019A2B100E9A65B2EF5FF0F6
:10BF6000B4EF5FF088EF5FF0870E0501646F060E97
:10BF7000656F000E676F000E666F000E696F110E21
:10BF8000686F73EC6BF012000501696B65BFCDEF54
:10BF90005FF0CBEF5FF0D3EF5FF0646D651FD8B05B
:10BFA000652B010E696F67BFDAEF5FF0D8EF5FF0C6
:10BFB000DEEF5FF0666D671FD8B0672B66516711C3
:10BFC000D8B4E5EF5FF0E7EF5FF00BEF60F0010E44
:10BFD000686FEFEF5FF0D89066376737682B67AF11
:10BFE000F4EF5FF0F6EF5FF0EBEF5FF06651645D4A
:10BFF00067516559D8A0FFEF5FF001EF60F005EFE2
:10C0000060F06651645F6751655BD8906733663353
:10C01000682FF6EF5FF06951D8B411EF60F013EFBD
:10C0200060F017EF60F0646D651FD8B0652B64C5D4
:10C0300064F565C565F51200000E050164156C6FA9
:10C04000000E65156D6F800E66156E6F7F0E67159D
:10C050006F6F6C516D116E116F11D8A432EF60F0DB
:10C0600034EF60F03CEF60F0000E646F000E656F1F
:10C07000000E666F000E676F000E68156C6F000E85
:10C0800069156D6F800E6A156E6F7F0E6B156F6F81
:10C090006C516D116E116F11D8A451EF60F053EF18
:10C0A00060F05BEF60F0000E686F000E696F000ECD
:10C0B0006A6F000E6B6F685164190FE16951651961
:10C0C0000CE16A51661909E16B516719D8B46BEF3D
:10C0D00060F06DEF60F070EF60F0D89071EF60F09D
:10C0E000D8801200116A1150080DC00EF324D96EC9
:10C0F000080EF420DA6EDE50DE10D8B482EF60F065
:10C1000084EF60F0BEEF60F01150080DC00EF32414
:10C11000D96E080EF420DA6EDE06000EDD5A1150DC
:10C12000080DC00EF324D96E080EF420DA6EDE502E
:10C13000DE10D8A49EEF60F0A0EF60F0BEEF60F0DC
:10C140001150080DBF0EF324D96E080EF420DA6EDC
:10C15000010EDF6E1150080DC20EF324D96E080EC9
:10C16000F420DA6E1150080DC00EF324E16E080EB3
:10C17000F420E26EDEC4E6F4DDC4E5F4112A050E17
:10C180001164C5EF60F0C7EF60F073EF60F012006C
:10C190000601E2A1CEEF60F0D0EF60F0DAEF60F0E0
:10C1A0007AC571F57BC572F578C573F579C574F5F7
:10C1B0009AEC69F005017DBFE2EF60F0E0EF60F01E
:10C1C000E6EF60F0000E7D6F000E7C6F000E806F5A
:10C1D000000E7F6FF9EF60F0000E696F200E686F40
:10C1E00078C56AF579C56BF54AEC5BF005017F4BC4
:10C1F000802B7C517F5D8051800A7E6F7D51800A4B
:10C200007E59D8A006EF61F008EF61F0ECEF60F026
:10C210000601E2B10EEF61F010EF61F01AEF61F08C
:10C220007AC571F57BC572F578C573F579C574F576
:10C230009AEC69F01200A290F00E07014F6F970E72
:10C24000506F000E516FA292420E556FD80E566F6E
:10C25000000E576F0201A26BA46BA56BA66BA76BB8
:10C26000A86BA96BAA6BB00EAB6F800EAC6F080EFB
:10C27000AD6F820EAE6F060EAF6F2E0EB06FB16B4C
:10C28000800EB26FB36BE60E0501646FE10E656F51
:10C29000000E666FB0EC6EF0E40E0501646FE10E07
:10C2A000656F000E666F9EEC6EF0E20E0501646F26
:10C2B000E10E656F000E666F8CEC6EF0000E0701EC
:10C2C000886F000E876F4B6A4A6A200E0501FE6F69
:10C2D000496A486A476AA28012007EC586F57FC512
:10C2E00087F580C588F581C589F57EEF61F0820705
:10C2F000D8A08307864B872B884B892B0501825159
:10C300008311D8B486EF61F088EF61F099EF61F0A6
:10C3100088C5D9F489C5DAF486C5E1F487C5E2F4A5
:10C32000DE50E618D8B497EF61F099EF61F077EF3F
:10C3300061F082518311D8A4A0EF61F0A2EF61F007
:10C34000A8EF61F0000E7F6F000E7E6FBAEF61F014
:10C3500086C5D9F487C5DAF4DF50846F88C5D9F46F
:10C3600089C5DAF4DF50856F8551845D7E6F7F6B00
:10C37000D8A07F071200050164516511D8A4C3EF4E
:10C3800061F0C5EF61F0C7EF61F007EF62F064C5DF
:10C39000D9F465C5DAF4000EDE6E000EDE6E000E16
:10C3A000DE6E000EDD6E20EE04F06451D92665517C
:10C3B000DA22000EDE6E000EDE6E000EDE6E000E65
:10C3C000DD6E20EE08F06451D9266551DA22000EA8
:10C3D000DE6E000EDE6E000EDE6E000EDD6E20EEF6
:10C3E0000CF06451D9266551DA22DE6ADE6ADE6A13
:10C3F000DD6A20EE10F06451D9266551DA22E80E8C
:10C40000DE6E030EDE6E000EDE6E000EDD6E1200BE
:10C41000050164516511D8A410EF62F012EF62F0CB
:10C4200014EF62F054EF62F064C5D9F465C5DAF434
:10C4300066C5DEF467C5DEF468C5DEF469C5DEF402
:10C4400020EE04F06451D9266551DA2266C5DEF487
:10C4500067C5DEF468C5DEF469C5DEF420EE08F0D9
:10C460006451D9266551DA2266C5DEF467C5DEF46B
:10C4700068C5DEF469C5DEF420EE0CF06451D926FF
:10C480006551DA22DE6ADE6ADE6ADD6A20EE10F0CD
:10C490006451D9266551DA226AC5DEF46BC5DEF433
:0AC4A0006CC5DEF46DC5DEF4120079
:10C4AC00D8C42BF502019BA55EEF62F060EF62F041
:10C4BC006BEF62F09AA565EF62F067EF62F06BEFDD
:10C4CC0062F079EC6EF0A0EF62F09BAF70EF62F06F
:10C4DC0072EF62F08CEF62F09AAF77EF62F079EF67
:10C4EC0062F08CEF62F03B50D8B47FEF62F081EFDA
:10C4FC0062F088EF62F03B6A9A919A9F53EC6EF06F
:10C50C00A0EF62F066EC6EF067EF62F09BA391EF28
:10C51C0062F093EF62F0A0EF62F09AA398EF62F0F2
:10C52C009AEF62F0A0EF62F0BDEC70F002019A930A
:10C53C00A0EF62F02BC5D8F41100D68A000ED6BE3F
:10C54C00010E0501676FD69E550E0401596FAA0E98
:10C55C00596F59915F6B300E5E6F080E5D6F550E03
:10C56C00596FAA0E596F5981050167B102D0D69E39
:10C57C0001D0D68E030165876589658F66816683D8
:10C58C0069916993699569976D97AF90D680D60E2E
:10C59C000501646FE10E656F000E666F56EC70F06E
:10C5AC00B490D682D80E0501646FE10E656F000E53
:10C5BC00666F4FEC70F0B890D684DA0E0501646F9C
:10C5CC00E10E656F000E666F48EC70F0120064C5EA
:10C5DC00D9F465C5DAF4DF500601EA6FEA51D8B434
:10C5EC00FAEF62F0FCEF62F010EF63F0150EEA6107
:10C5FC0002EF63F004EF63F006EF63F0140EEA6FE2
:10C60C00630EEA650CEF63F00EEF63F010EF63F06E
:10C61C00640EEA6F050120EE04F06451D9266551D1
:10C62C00DA22DF500601E96FE951D8B420EF63F04C
:10C63C0022EF63F036EF63F01F0EE96128EF63F031
:10C64C002AEF63F02CEF63F01E0EE96F630EE965C1
:10C65C0032EF63F034EF63F036EF63F0640EE96FA2
:10C66C001200FBEC6FF064C574F565C575F566C515
:10C67C0076F567C577F505016851745D6951755993
:10C68C006A5176596B517759D8A04FEF63F051EF3F
:10C69C0063F05FEF63F06851745D686F69517559B1
:10C6AC00696F6A5176596A6F6B5177596B6F7FEF6F
:10C6BC0063F0681D6C6F691D6D6F6A1D6E6F6B1D6D
:10C6CC006F6F74516C25706F75516D21716F765150
:10C6DC006E21726F77516F21736F010E7025686F29
:10C6EC00000E7121696F000E72216A6F000E7321AA
:10C6FC006B6F120005016E5109E1040E6D5DD8A03F
:10C70C008AEF63F08CEF63F08EEF63F0C3EF63F0AE
:10C71C00AA0E656F550E646F77EC70F0000E050174
:10C72C006C25646F000E6D21656F380E6E21666F7F
:10C73C006FC567F5DFEC66F0680E0501706FE40EEF
:10C74C00E82EFED7702FFCD7000072EC6FF00009BA
:10C75C00D8A4B3EF63F0B5EF63F0ABEF63F034EC58
:10C76C006FF0E806D8A4BDEF63F0BFEF63F0C1EF44
:10C77C0063F0B1EC70F0AEEC70F0120007018F4B6F
:10C78C00902BF40E8F1906E19005D8A4D0EF63F02E
:10C79C00D2EF63F0E7EF63F0C1B2D7EF63F0DAEFFB
:10C7AC0063F0010EDBEF63F0000EFF0A126E12460F
:10C7BC00C1501218FD0B1218C16E000E906F000EB6
:10C7CC008F6F010E3D26000E3E223F2240220601B5
:10C7DC00D551D611D711D8A4F6EF63F0F8EF63F06A
:10C7EC00FAEF63F007EF64F002D807EF64F005008E
:10C7FC00FA6ED551FD6ED651FE6ED751FF6EFA50C2
:10C80C00120012002E0E05016A6F000E6B6F000EE7
:10C81C006C6FE2EC69F0FF0AD8A417EF64F019EF23
:10C82C0064F02FEF64F02E0E05016C6F000E6D6F2F
:10C83C00000E6E6F460E6F6F80EC63F0000E0601FB
:10C84C00EC6F000EED6F8C0EEE6F420EEF6F4AEF39
:10C85C0064F02E0E05016A6F000E6B6F000E6C6F8C
:10C86C00E2EC69F00501A76FA751996F9A6B9B6B6E
:10C87C009C6B000E88EC49F099C5ECF69AC5EDF668
:10C88C009BC5EEF69CC5EFF612000501786F05010D
:10C89C0078390F0B746F78510F0B756F64390F0B60
:10C8AC00766F64510F0B776F76510A0DF3C466F5F2
:10C8BC00F4C467F57551640DF3C468F5F4C469F5F7
:10C8CC0074516A6F6B6BE80E6A03F3C46CF5F4C4B5
:10C8DC006DF56B03F3506D27030E6A03F3506D2750
:10C8EC0068516C256E6F69516D216F6F66516E25A5
:10C8FC00706F67516F21716F77517025726F000ED9
:10C90C007121736F72C564F573C565F5120005016D
:10C91C0064516511D8A495EF64F097EF64F099EF2A
:10C92C0064F0C9EF64F064C5D9F465C5DAF4000E9F
:10C93C00DE6E000EDE6E000EDE6E000EDD6E20EE84
:10C94C0004F06451D9266551DA22000EDE6E000E19
:10C95C00DE6E000EDE6E000EDD6E20EE08F0645111
:10C96C00D9266551DA22000EDE6E000EDE6E000E48
:10C97C00DE6E000EDD6E20EE0CF06451D926655192
:10C98C00DA22DE6ADD6A120005016A696B69F1EF71
:10C99C0064F064C5D9F465C5DAF4DF506A19696FBF
:10C9AC00644B652B070E6925F66EF76A340EF72279
:10C9BC00F86A000EF8220800F5506B196A6F070E22
:10C9CC006925F66EF76A330EF722F86A000EF82224
:10C9DC000800F5C46BF566076629D8A4F8EF64F077
:10C9EC00FAEF64F0CFEF64F06B516AC567F5686BD2
:10C9FC0067C568F5676B6711646F6851656F1200E6
:10CA0C000601CF6BCF51080DBF0EF324D96E080E63
:10CA1C00F420DA6EDF50D8B416EF65F018EF65F03D
:10CA2C0036EF65F0CF51080DBF0EF324D96E080E0A
:10CA3C00F420DA6EDF6ACF51080DC40EF324D96EE0
:10CA4C00080EF420DA6E02D836EF65F00500FA6EA7
:10CA5C00DE50FD6EDE50FE6EDE50FF6EFA501200A0
:10CA6C000601CF2B050ECF653EEF65F040EF65F06C
:10CA7C0008EF65F0120005016A6F59EF65F066C5A5
:10CA8C0064F567C565F571EC70F0D7EC70F077EF75
:10CA9C0065F066C564F567C565F56BEC70F0D5ECB3
:10CAAC0070F077EF65F005016A51686F696B695139
:10CABC00000AD8B464EF65F077EF65F06851010AAD
:10CACC00D8B445EF65F0030AD8B44FEF65F0010A0E
:10CADC00D8B477EF65F0070AD8B477EF65F077EF45
:10CAEC0065F01200000E05016C6F000E6D6F000EEC
:10CAFC006E6F000E6F6F64A186EF65F088EF65F0C6
:10CB0C0090EF65F068516C2769516D236A516E2363
:10CB1C006B516F23D890683769376A376B37D89069
:10CB2C00673366336533643364516511661167117D
:10CB3C00D8A4A3EF65F0A5EF65F081EF65F06CC5A7
:10CB4C0064F56DC565F56EC566F56FC567F51200C4
:10CB5C007E6A020E7F6E806A7F0E816E0C0E826E74
:10CB6C00836A846A856A866A886A896A8A6A8B6A31
:10CB7C008C6AB59CB59E85908592A59EA59CD00E81
:10CB8C000501646FE10E656F000E666F25EC70F0A9
:10CB9C00CE0E0501646FE10E656F000E666F1EEC24
:10CBAC0070F0D20E0501646FE10E656F000E666FBA
:10CBBC002CEC70F0800E876E12006F6A020E706E95
:10CBCC00716A7F0E726E0C0E736E746A756A766A79
:10CBDC00776A796A7A6A7B6A7C6A7D6AB39CB39E4F
:10CBEC0076907692A39EA39CCA0E0501646FE10E0B
:10CBFC00656F000E666F3AEC70F0C80E0501646F3D
:10CC0C00E10E656F000E666F33EC70F0CC0E050113
:10CC1C00646FE10E656F000E666F41EC70F0800E74
:10CC2C00786E120005017E6F30EF66F014EC5CF04C
:10CC3C004AEF66F0B0EC5BF04AEF66F0DBEC70F0BC
:10CC4C00030E3BEC5DF0050E5CEC5EF014EC5CF05E
:10CC5C0020EF66F005017E517C6F7D6B7D51000AE3
:10CC6C00D8B43BEF66F04AEF66F07C51010AD8B4B9
:10CC7C001CEF66F0030AD8B420EF66F0010AD8B4B2
:10CC8C0024EF66F04AEF66F012000301F39FD96BB4
:10CC9C00DA6BDB6BDC6BDF6BE06BE56BE76BEC6B28
:10CCAC00EE6BEF6BD86BF06BF16BF26BF46B180EE9
:10CCBC00F56F100EF66FF76B030EF86F1F0EFA6F11
:10CCCC00020EF96F000E07017F6F000E806F000ED1
:10CCDC00816F000E7C6F000E7D6F000E7E6F4E6AB2
:10CCEC00AF949F94B090A090840E0301F36F120048
:10CCFC0004EC70F01CC520F71DC521F71EC522F7EA
:10CD0C001FC523F7640E0601E3618FEF66F091EF08
:10CD1C0066F0A0EF66F0AAEC6CF0246E840E0601AF
:10CD2C00E325D96EDA6A0A0EDA2224C5DFF4E32B86
:10CD3C00AFEF66F0E36B840E1C6E0A0E1D6E000ED8
:10CD4C001F6E000E1E6E000E216E640E206E3EECE9
:10CD5C006CF01200910E0501646F080E656F000EE9
:10CD6C00666F000E676F000E686F000E696FB80E6D
:10CD7C006A6F0B0E6B6F000E6C6F000E6D6F08EC14
:10CD8C0062F07D0E0501646F080E656F000E666F14
:10CD9C00000E676F000E686F000E696FC80E6A6F29
:10CDAC00000E6B6F000E6C6F000E6D6F08EC62F076
:10CDBC001200000ED6BE010E05016B6F66C545F064
:10CDCC0064C568F565C569F566C56AF569C568F534
:10CDDC006AC569F56A6B68510001446F64C543F01C
:10CDEC0067C546F04151F80B0309416FD69E00010F
:10CDFC004DC542F04C50426F408105016BB102D0E1
:10CE0C00D69E01D0D68EF80E0001411712000501F6
:10CE1C0067BF13EF67F015EF67F01FEF67F064C59E
:10CE2C0064F565C565F566C566F567C567F538EFE4
:10CE3C0067F064C568F565C569F566C56AF567C5CB
:10CE4C006BF5681F691F6A1F6B1F682B000E692327
:10CE5C006A236B2368C564F569C565F56AC566F513
:10CE6C006BC567F5120005016B6B70EC6DF000097A
:10CE7C00D8A443EF67F045EF67F062EF67F0010E5F
:10CE8C00306E65C531F566C532F53B6A67C533F55D
:10CE9C0068C534F569C535F56AC536F5000E376ECB
:10CEAC00000E386E000E3A6E000E396E3C6A04ECC1
:10CEBC006CF0010E05016B6F05016B511200050141
:10CECC006B6B70EC6DF00009D8A46FEF67F071EF2D
:10CEDC0067F08EEF67F0010E306E65C531F566C5F3
:10CEEC0032F53B6A67C537F568C538F569C539F55C
:10CEFC006AC53AF5000E336E000E346E000E366EB7
:10CF0C00000E356E3C6A40EC6EF0010E05016B6F45
:10CF1C0005016B5112006FC673F670C674F6A6EF5E
:10CF2C0067F06DC65DF66EC65EF6730E06015F6F3A
:10CF3C00060E606F71C661F672C662F6AFEC33F026
:10CF4C0073C6F6F474C6F7F4000EF86E0800F550CC
:10CF5C000009D8A4B4EF67F0B6EF67F097EF67F06D
:10CF6C00000E06016E6F000E6D6F1200FCEC4FF0A0
:10CF7C00000E05016D6F000E6C6FAC0E6E6F0B0E1C
:10CF8C006F6F460E706F03EC54F0D00E0501A86F56
:10CF9C00C90EE82EFED7A82FFCD700D0AC0E050189
:10CFAC00796F0B0E7A6F9EEC59F0AC0E0501646F25
:10CFBC000B0E656FEDEC62F088EC6DF008EC64F034
:10CFCC001200000E0501686F000E696F000E6A6F8B
:10CFDC00000E6B6F6C6B02EF68F06C516425D96EB0
:10CFEC00000E6521DA6EDF50676F67516827000EFF
:10CFFC0069236A236B236C2B66516C5DD8A009EFF7
:10D00C0068F00BEF68F0F3EF67F068C564F569C57D
:10D01C0065F5120066C56CF567C56DF564C56AF5F6
:10D02C0065C56BF52AEF68F06CC5D9F46DC5DAF4FB
:10D03C00DF506E6F6C4B6D2B6AC5D9F46BC5DAF48F
:10D04C006EC5DFF46A4B6B2B05016807D8A0690726
:10D05C00682906E16929D8A436EF68F038EF68F042
:10D06C001AEF68F0120008C76CF509C76DF50AC70E
:10D07C006EF50BC76FF564C56CF565C56DF566C5CA
:10D08C006EF567C56FF56CC568F56DC569F56EC550
:10D09C006AF56FC56BF5200E5AEF68F00501D89054
:10D0AC006B336A3369336833E82E54EF68F068C524
:10D0BC0064F569C565F51200040E0201946F800ECB
:10D0CC00956F080E966F030E9C6F9A6B9B6B976B0C
:10D0DC008D6BBFEC6FF002019B919B95948F050EAD
:10D0EC00E82EFED700000000000000000000000049
:10D0FC00000002019A919A959B85000E0701796FA9
:10D10C00000E7A6F000E7B6F1200030E0501796F13
:10D11C005C0EE7EC6BF079C57EF57AC57FF5E70E12
:10D12C000501806F070E816F000E836F030E826FF7
:10D13C006DEC61F005017E517F11D8B4A8EF68F059
:10D14C00AAEF68F0B3EF68F0E70EC06F070EC16F7F
:10D15C00030EC26F5C0E40EC6DF01200FAC41AF5AF
:10D16C00FBC41BF541C517F542C518F529EC6AF04F
:10D17C000701F351F411F511D8B4C7EF68F0C9EFFA
:10D18C0068F0D6EF68F002D8D6EF68F00500FA6EBA
:10D19C00F351FD6EF451FE6EF551FF6EFA50120014
:10D1AC00B1981BC5FBF41AC5FAF411000501676FA1
:10D1BC00D1EC70F0680E0501666FE40EE82EFED718
:10D1CC00662FFCD7000041EC6FF00009D8B4F1EFEA
:10D1DC0068F0F3EF68F0E9EF68F00501675103ECD4
:10D1EC0069F02A0E0501666F8D0EE82EFED7662FAC
:10D1FC00FCD700D0D9EC70F012000501656FA2B21B
:10D20C000AEF69F00CEF69F010EF69F065C5A3F255
:10D21C0028EF69F00501FE51D8B417EF69F019EF4A
:10D22C0069F028EF69F0200E4B24D96EDA6A0A0EE9
:10D23C00DA2265C5DFF44B281F0B646F64C54BF510
:10D24C00A292FE07A282120003011E911F6B206B9B
:10D25C00030E216F050E1D6FFE0E1C6F1D51050177
:10D26C00646F03011C51416E64C542F5E00E070169
:10D27C00F36FE10EF46F000EF56F000EF06F000E01
:10D28C00F16F000EF26FB198A188B19A050E0301EF
:10D29C001E6F1200D8C461F5FAC462F5FBC463F5C5
:10D2AC000701ED51EE11EF11D8B45FEF69F061EFAA
:10D2BC0069F06EEF69F002D86EEF69F00500FA6E56
:10D2CC00ED51FD6EEE51FE6EEF51FF6EFA501200F5
:10D2DC00B99663C5FBF462C5FAF461C5D8F41100C4
:10D2EC000601E36B330E0501646F090E656F000ECA
:10D2FC00676F000E666F000E696F640E686F73ECDB
:10D30C006BF0840E0501646F0A0E656F000E676F7B
:10D31C00000E666F000E696F640E686F73EC6BF035
:10D32C00506ACFEC70F01200000E0501776F000E02
:10D33C00766FADEF69F075C568F5696B73C56AF505
:10D34C0074C56BF54AEC5BF00501764B772B765187
:10D35C007125D96E77517221DA6EDF50756F755168
:10D36C00D8A4BBEF69F0BDEF69F0A1EF69F0120032
:10D37C00000E0601041B000E051B000E061B800E82
:10D38C00071B00C6D9F501C6DAF502C6DBF503C6E4
:10D39C00DCF504C6DDF505C6DEF506C6DFF507C609
:10D3AC00E0F5EEEC2CF0D9C500F6DAC501F6DBC5DC
:10D3BC0002F6DCC503F6120005016C5109E1040EFE
:10D3CC006B5DD8A0ECEF69F0EEEF69F0F1EF69F06E
:10D3DC00000E05EF6AF0000E6A256D6F000E6B21D2
:10D3EC006E6F380E6C216F6F6DC564F56EC565F58B
:10D3FC006FC566F558EC6DF00501706F7051120039
:10D40C000501666F05016605D8A40FEF6AF011EFF0
:10D41C006AF019EF6AF0910E646F080E656FBBEC41
:10D42C0061F028EF6AF0020E6619D8A420EF6AF0BA
:10D43C0022EF6AF028EF6AF07D0E646F080E656FBC
:10D44C00BBEC61F0120003011EA52FEF6AF031EF67
:10D45C006AF047EF6AF01EB136EF6AF039EF6AF006
:10D46C00010E3AEF6AF0000E196E18501D6F17C5B9
:10D47C001CF319B002D01E9102D003011E814BEF98
:10D48C006AF018501D6F17C51CF31200FAC403F58F
:10D49C00FBC404F5B39C0701735174117511D8B416
:10D4AC005AEF6AF05CEF6AF069EF6AF002D869EF44
:10D4BC006AF00500FA6E7351FD6E7451FE6E755173
:10D4CC00FF6EFA50120004C5FBF403C5FAF4110008
:10D4DC00FAC407F5FBC408F5B59C07016A516B113A
:10D4EC006C11D8B47CEF6AF07EEF6AF08BEF6AF0C7
:10D4FC0002D88BEF6AF00500FA6E6A51FD6E6B5123
:10D50C00FE6E6C51FF6EFA50120008C5FBF407C595
:10D51C00FAF41100FAC413F5FBC414F50701F95120
:10D52C00FA11FB11D8B49DEF6AF09FEF6AF0ACEFE3
:10D53C006AF002D8ACEF6AF00500FA6EF951FD6E94
:10D54C00FA51FE6EFB51FF6EFA501200B19E14C5DB
:10D55C00FBF413C5FAF41100FAC415F5FBC416F567
:10D56C000701F651F711F811D8B4BFEF6AF0C1EF0B
:10D57C006AF0CEEF6AF002D8CEEF6AF00500FA6ED0
:10D58C00F651FD6EF751FE6EF851FF6EFA50120017
:10D59C00B19616C5FBF415C5FAF41100000A000A81
:10D5AC0000F6B400001400140020D9000032003240
:10D5BC00004AE100005000500050E100006400649B
:10D5CC0000747F000088138813C69A00AA5A01FFC2
:0DD5DC000004080200000000000000000034
:10D5EA007D0E0601146F080E156F2EC616F62FC68D
:10D5FA0017F630C618F631C619F6C80E1A6F000E9D
:10D60A001B6F000E1C6F000E1D6FB9EC37F014C6AD
:10D61A002EF615C62FF616C630F617C631F61200C4
:10D62A00910E0601146F080E156F2EC616F62FC638
:10D63A0017F630C618F631C619F6B80E1A6F0B0E61
:10D64A001B6F000E1C6F000E1D6FB9EC37F014C66D
:10D65A002EF615C62FF616C630F617C631F6120084
:10D66A0064C568F565C569F566C5F6F467C5F7F476
:10D67A000501664B672B000EF86E68C5D9F469C5BB
:10D68A00DAF4684B692B0800F5C4DFF4DF50D8A43C
:10D69A0051EF6BF053EF6BF039EF6BF01200C3EC04
:10D6AA0070F08CEC70F016EC70F0A1EC70F00201E6
:10D6BA00949FE7EC6FF002019B919B95948F050E66
:10D6CA00E82EFED700000000000000000000000065
:10D6DA00000002019A919A959B85120064C56AF529
:10D6EA0065C56BF581EF6BF06AC5D9F46BC5DAF4E1
:10D6FA0066C5DFF46A4B6B2B05016807D8A069077A
:10D70A00682906E16929D8A48DEF6BF08FEF6BF0D9
:10D71A0079EF6BF01200050164516511661167110A
:10D72A00D8B49AEF6BF09CEF6BF0A4EF6BF0000E9D
:10D73A00641B000E651B000E661B800E671B64C50A
:10D74A0064F565C565F566C566F567C567F51200D2
:10D75A000501686F68C5ECF30301F39DF381F3B12A
:10D76A00B9EF6BF0BBEF6BF0B4EF6BF0EB51050167
:10D77A00676F666B0301EA5105016625646F030151
:10D78A00000E05016721656F1200C9EC6FF09CEC71
:10D79A005DF04BEC66F02DEC6EF02AEC69F0B4EC1F
:10D7AA006DF09FEC6DF091EC70F062EC68F0ABEC10
:10D7BA0070F0E3EC65F0AEEC65F01BEC61F0A3EC05
:10D7CA0062F0120005017D6F7DC56CF505016D6B78
:10D7DA00D40E6E6F070E6F6F79C570F503EC54F0B7
:10D7EA00680E05017C6FE40EE82EFED77C2FFCD76D
:10D7FA000000D40E0501796F070E7A6F12003550BA
:10D80A003610D8B40BEF6CF00DEF6CF01AEF6CF029
:10D81A00355082EC70F03B50D8B416EF6CF018EF2C
:10D82A006CF01AEF6CF0B4EC70F03150312487ECE4
:10D83A0070F0B7EC70F01200200E0501FE6128EFBF
:10D84A006CF02AEF6CF03CEF6CF0200E4A24D96E93
:10D85A00DA6A0A0EDA22DF500201A36F4A281F0B86
:10D86A00296E29C54AF50501FE2B3DEF6CF0A292FF
:10D87A0012001CC522F51DC523F54CEF6CF022C51C
:10D88A00D9F423C5DAF41EC5DFF4224A232A200676
:10D89A00D8A02106202806E12128D8A457EF6CF049
:10D8AA0059EF6CF044EF6CF0120005016BBF60EFAA
:10D8BA006CF062EF6CF068EF6CF06AC56AF56BC5E4
:10D8CA006BF574EF6CF06AC56CF56BC56DF56C1F82
:10D8DA006D1F6C4B6D2B6CC56AF56DC56BF512002F
:10D8EA0010C7E9F511C7EAF512C7EBF513C7ECF54E
:10D8FA0008C6E9F509C6EAF50AC6EBF50BC6ECF562
:10D90A000501EC9FE9C508F6EAC509F6EBC50AF672
:10D91A00ECC50BF612005E04D8B496EF6CF098EFE3
:10D92A006CF09AEF6CF0A9EF6CF00601E605D8B43A
:10D93A00A1EF6CF0A3EF6CF0A5EF6CF0A9EF6CF01F
:10D94A00F6EC6EF0E5EC6EF01200000E4824D96E8B
:10D95A00DA6A0A0EDA22DF501D6E48281F0B1C6E87
:10D96A001CC548F5A2904750D8B4BEEF6CF0C0EF82
:10D97A006CF0C1EF6CF04706A2801D501200CAEC91
:10D98A006BF0D68ED68C28EC6DF07A0E0601D16F2C
:10D99A00C10ED06F810EE82EFED7D02FFCD7D12F23
:10D9AA00FAD700D006EC65F0D7EF6CF081EF18F0EB
:10D9BA000701675168116911D8B4E6EF6CF0E8EF16
:10D9CA006CF0F5EF6CF002D8F5EF6CF00500FA6E2A
:10D9DA006751FD6E6851FE6E6951FF6EFA50120072
:10D9EA0012000701645165116611D8B4FFEF6CF09B
:10D9FA0001EF6DF00EEF6DF002D80EEF6DF005003D
:10DA0A00FA6E6451FD6E6551FE6E6651FF6EFA50F4
:10DA1A00120012000701615162116311D8B418EFA4
:10DA2A006DF01AEF6DF027EF6DF002D827EF6DF069
:10DA3A000500FA6E6151FD6E6251FE6E6351FF6E12
:10DA4A00FA501200120007EC6FF0DDEC6FF0D3EC25
:10DA5A006FF010EC5AF0B0EC66F0BCEC67F0E40E34
:10DA6A000501646FC00E656F000E666F64EC70F09E
:10DA7A008BEC68F012000501C46FC4C56CF5050192
:10DA8A006D6BC0C56EF5C1C56FF5C2C570F5B7EC53
:10DA9A0058F0D00E0501C36FC90EE82EFED7C32F6A
:10DAAA00FCD700D0120066C545F064C567F565C5A8
:10DABA0068F566C569F568C567F569C568F505015C
:10DACA00696B67510001446F64C543F0F80E411752
:10DADA00408146511200010E0501646F3050D8A4EE
:10DAEA0079EF6DF07BEF6DF085EF6DF0020198AF85
:10DAFA0081EF6DF083EF6DF085EF6DF00501646BDA
:10DB0A00050164511200010E05016A6F000E6B6F68
:10DB1A00000E6C6FE2EC69F00701826F030E0501DB
:10DB2A006A6F000E6B6F000E6C6FE2EC69F0070112
:10DB3A00836F1200010E0301326F316B336B1F0EBC
:10DB4A002F6F2E6BC60E0701ED6FE10EEE6F000E02
:10DB5A00EF6FB996A986DF0E0301306F1200010E2E
:10DB6A000301266F256B276B1F0E236F226BDE0EB8
:10DB7A000701F66FE10EF76F000EF86FB196A186F6
:10DB8A00DF0E0301246F1200770E0601856F060E61
:10DB9A00866F000E6D6F000E6E6F75C66FF676C6D5
:10DBAA0070F6850E716F060E726F91EC67F01200B7
:10DBBA000501646F050164A1E5EF6DF0E7EF6DF013
:10DBCA00E8EF6DF0C08E64A3EDEF6DF0EFEF6DF04E
:10DBDA00F0EF6DF0BE8A12000501646F050164A1C1
:10DBEA00F9EF6DF0FBEF6DF0FCEF6DF0C18A64A305
:10DBFA0001EF6EF003EF6EF004EF6EF0C3801200D7
:10DC0A000501646F050164A10DEF6EF00FEF6EF070
:10DC1A0010EF6EF0C09E64A315EF6EF017EF6EF072
:10DC2A0018EF6EF0BE9A12000501646F050164A137
:10DC3A0021EF6EF023EF6EF024EF6EF0C19A64A329
:10DC4A0029EF6EF02BEF6EF02CEF6EF0C3901200FE
:10DC5A003D0E0301196F186B570E1B6FDC0E07017F
:10DC6A00F96FE10EFA6F000EFB6FB19EA18E810E65
:10DC7A0003011A6F120039503A10D8B447EF6EF008
:10DC8A0049EF6EF04CEF6EF0395082EC70F0D880AC
:10DC9A00313487EC70F0B7EC70F0120039503A105A
:10DCAA00D8B45AEF6EF05CEF6EF05FEF6EF0395059
:10DCBA0099EC70F0D880313495EC70F0BAEC70F0D1
:10DCCA001200BDEC70F0C0EC70F00009D8B470EF2F
:10DCDA006EF072EF6EF078EF6EF0000E99EC70F065
:10DCEA00000E9DEC70F01200306A000E326E316840
:10DCFA00000E336E000E346E000E376E000E386E54
:10DD0A00C3EC70F08CEC70F0A1EC70F0120005011D
:10DD1A00645165116611D8B495EF6EF097EF6EF005
:10DD2A009DEF6EF064C558F765C559F766C55AF791
:10DD3A0012000501645165116611D8B4A7EF6EF09F
:10DD4A00A9EF6EF0AFEF6EF064C55BF765C55CF7DF
:10DD5A0066C55DF712000501645165116611D8B4F4
:10DD6A00B9EF6EF0BBEF6EF0C1EF6EF064C55EF70F
:10DD7A0065C55FF766C560F7120005016451651154
:10DD8A006611D8B4CBEF6EF0CDEF6EF0D3EF6EF034
:10DD9A0064C54CF765C54DF766C54EF71200050117
:10DDAA0074510008766F76C575F571C56CF572C544
:10DDBA006DF573C56EF575C56FF580EC63F01200ED
:10DDCA00A50E0601466F080E476F580E486F050EDE
:10DDDA00496FF40E4A6F060E4B6F110E61EC3BF061
:10DDEA001200B20E0601466F080E476F5A0E486FB0
:10DDFA00050E496FF50E4A6F060E4B6F1C0E61EC4D
:10DE0A003BF01200D9EC70F0DBEC70F0010E19EC6B
:10DE1A006EF0020E19EC6EF0010E05EC6EF0020EB9
:10DE2A0005EC6EF01200D8C42EF5C6EC70F037C5BA
:10DE3A00D9F438C5DAF4DF6E374A382A2EC5D8F451
:10DE4A001100D8C460F533C5D9F434C5DAF4334ABD
:10DE5A00342ADF509DEC70F060C5D8F4110000013F
:10DE6A0041AF3AEF6FF03CEF6FF03FEF6FF0010E0A
:10DE7A0040EF6FF0000E12000501FE51D8A448EFE2
:10DE8A006FF04BEF6FF0010E4CEF6FF0000E1200C7
:10DE9C00FAC409F5FBC40AF5AF90DDEC6CF00AC5C9
:10DEAC00FBF409C5FAF41100FAC40BF5FBC40CF52C
:10DEBC00B490F6EC6CF00CC5FBF40BC5FAF4110045
:10DECC00FAC40DF5FBC40EF5B8900FEC6DF00EC551
:10DEDC00FBF40DC5FAF41100000140B178EF6FF0BE
:10DEEC007BEF6FF0010E7CEF6FF0000E1200020161
:10DEFC0095BB83EF6FF086EF6FF0010E87EF6FF03D
:10DF0C00000E1200020198B78EEF6FF091EF6FF0D8
:10DF1C00010E92EF6FF0000E1200020197BD99EF07
:10DF2C006FF09CEF6FF0010E9DEF6FF0000E120082
:10DF3C00020197BBA4EF6FF0A7EF6FF0010EA8EFF3
:10DF4C006FF0000E1200020198A7AFEF6FF0B2EF66
:10DF5C006FF0010EB3EF6FF0000E1200FAC427F54C
:10DF6C00FBC428F5F8EC4BF028C5FBF427C5FAF4F4
:10DF7C001100A584A586A580A58202019B859B83A3
:10DF8C009B8F97811200600E0001AD6FAF6BB36B6E
:10DF9C00080EB16FB06BAC6B1200FC0E0501646F18
:10DFAC00CC0E656F000E666FC2EC6EF01200880E20
:10DFBC000501646FC70E656F000E666F5DEC70F047
:10DFCC001200A584A586A580A58202019B859B8352
:10DFDC009B8F9781120009000000000000000000D8
:09DFEC0009000000000000000023
:10DFF6003DC564F53EC565F53FC566F540C567F5A3
:10E0060012003DC51CF53EC51DF53FC51EF540C5B4
:10E016001FF51200060504030201010203010000B8
:05E0260000010000C034
:10E02C00A594A596A590A59202019B6B976B1200E7
:10E03C0064C56DF765C56EF766C56FF7120064C5EC
:10E04C0070F765C571F766C572F7120064C56AF79B
:10E05C0065C56BF766C56CF7120064C576F765C5C8
:10E06C0077F766C578F7120064C5D2F665C5D3F6A6
:10E07C0066C5D4F6120064C573F765C574F766C53A
:10E08C0075F7120064C561F765C562F766C563F77D
:10E09C00120064C564F765C565F766C566F71200BE
:10E0AC0064C567F765C568F766C569F7120064C58E
:10E0BC00F9F765C5FAF766C5FBF7120064C5D5F626
:10E0CC0065C5D6F666C5D7F6120064C589F4050198
:10E0DC0065518A6E120064C57AF4050165517B6E38
:10E0EC001200050165514C6E64C54DF5120000001F
:10E0FC008C420301010101010501646F64C58DF2BD
:10E10C0012000501646F64C58FF212000201979B27
:10E11C00979D97991200C30E0301D76F12002A6EB8
:10E12C002AC58FF212002C6E2CC58DF212002F6EA8
:10E13C002FC58CF212000201996B998512001AEC12
:10E14C0041F01200BFEC35F01200B1EC70F012008F
:10E15C004C6A4D6A12000001419F12000201948D1D
:10E16C0012000201948B12000201948B1200020126
:10E17C00949D120002018D51120002019A6B120043
:06E18C0002018B5112009C
:10E1940021EC6CF01100A2901200A2801200C18642
:10E1A4001200C38A12008784120078841200C19678
:06E1B4001200C39A1200E4
:10E1BC00AF941100B0901100010112001200120076
:10E1CC0012001200120012001100120012001200B4
:0CE1DC00120012001200120012001200CB
:020000040030CA
:080000008FFFEFFF9FFFFFFFE0
:01000900FFF7
:00000001FF
