:0430000081EF18F054
:10300800D634D634D634D634400CD634400CD634E4
:103018000734D634CF34D634D634D634D634D6342E
:10302800D034400C400C400CD634D634D634D63488
:10303800D634D634D634ED31DC30D634D634DC311F
:103048003A34C334D634D634400C400CD634D63453
:10305800D634D634D634400CD634D634BA31AE2B26
:103068000D34D634D634D634D634D634D634D634D1
:10307800EC33F333242EF32A400CD634CB31DB2B3C
:10308800D634D634D634D634D634D634D634D634E8
:10309800D634D634D634D634400CD634400C400C12
:1030A8001334D634D634D634D634D634D634D6348B
:1030B800D634D634D6342A31D634D634D634D63467
:1030C800D634D634D634D634D634D634D634D634A8
:1030D800D634D634D634D634D634D634D634D63498
:1030E800400CD634D634D634400C400C400C400C3E
:1030F800D634D634D634D634FF00A8EF50F00000CA
:10310800C0C101C30302C2C60607C705C5C404CCB3
:103118000C0DCD0FCFCE0E0ACACB0BC90908C8D8E3
:103128001819D91BDBDA1A1EDEDF1FDD1D1CDC14A3
:10313800D4D515D71716D6D21213D311D1D010F073
:103148003031F133F3F23236F6F737F53534F43CF3
:10315800FCFD3DFF3F3EFEFA3A3BFB39F9F83828C3
:10316800E8E929EB2B2AEAEE2E2FEF2DEDEC2CE4E3
:103178002425E527E7E62622E2E323E12120E0A053
:103188006061A163A3A26266A6A767A56564A46C33
:10319800ACAD6DAF6F6EAEAA6A6BAB69A9A8687863
:1031A800B8B979BB7B7ABABE7E7FBF7DBDBC7CB423
:1031B8007475B577B7B67672B2B373B17170B05033
:1031C8009091519353529296565797559594549C73
:1031D8005C5D9D5F9F9E5E5A9A9B5B995958988843
:1031E8004849894B8B8A4A4E8E8F4F8D4D4C8C4463
:1031F80084854587474686824243834181804000D3
:10320800C1814001C0804101C0804100C1814001AD
:10321800C0804100C1814000C1814001C08041019E
:10322800C0804100C1814000C1814001C08041008F
:10323800C1814001C0804101C0804100C18140017D
:10324800C0804100C1814000C1814001C08041006F
:10325800C1814001C0804101C0804100C18140005E
:10326800C1814001C0804101C0804100C18140014D
:10327800C0804100C1814000C1814001C08041013E
:10328800C0804100C1814000C1814001C08041002F
:10329800C1814001C0804101C0804100C18140001E
:1032A800C1814001C0804101C0804100C18140010D
:1032B800C0804100C1814000C1814001C0804100FF
:1032C800C1814001C0804101C0804100C1814001ED
:1032D800C0804100C1814000C1814001C0804101DE
:1032E800C0804100C1814000C1814001C0804100CF
:1032F800C1814001C0804101C0804100C1814000BE
:10330800C0C101C30302C2C60607C705C5C404CCB1
:103318000C0DCD0FCFCE0E0ACACB0BC90908C8D8E1
:103328001819D91BDBDA1A1EDEDF1FDD1D1CDC14A1
:10333800D4D515D71716D6D21213D311D1D010F071
:103348003031F133F3F23236F6F737F53534F43CF1
:10335800FCFD3DFF3F3EFEFA3A3BFB39F9F83828C1
:10336800E8E929EB2B2AEAEE2E2FEF2DEDEC2CE4E1
:103378002425E527E7E62622E2E323E12120E0A051
:103388006061A163A3A26266A6A767A56564A46C31
:10339800ACAD6DAF6F6EAEAA6A6BAB69A9A8687861
:1033A800B8B979BB7B7ABABE7E7FBF7DBDBC7CB421
:1033B8007475B577B7B67672B2B373B17170B05031
:1033C8009091519353529296565797559594549C71
:1033D8005C5D9D5F9F9E5E5A9A9B5B995958988841
:1033E8004849894B8B8A4A4E8E8F4F8D4D4C8C4461
:1033F80084854587474686824243834181804000D1
:10340800C1814001C0804101C0804100C1814001AB
:10341800C0804100C1814000C1814001C08041019C
:10342800C0804100C1814000C1814001C08041008D
:10343800C1814001C0804101C0804100C18140017B
:10344800C0804100C1814000C1814001C08041006D
:10345800C1814001C0804101C0804100C18140005C
:10346800C1814001C0804101C0804100C18140014B
:10347800C0804100C1814000C1814001C08041013C
:10348800C0804100C1814000C1814001C08041002D
:10349800C1814001C0804101C0804100C18140001C
:1034A800C1814001C0804101C0804100C18140010B
:1034B800C0804100C1814000C1814001C0804100FD
:1034C800C1814001C0804101C0804100C1814001EB
:1034D800C0804100C1814000C1814001C0804101DC
:1034E800C0804100C1814000C1814001C0804100CD
:1034F800C1814001C0804101C0804100C1814000BC
:10350800C0C101C30302C2C60607C705C5C404CCAF
:103518000C0DCD0FCFCE0E0ACACB0BC90908C8D8DF
:103528001819D91BDBDA1A1EDEDF1FDD1D1CDC149F
:10353800D4D515D71716D6D21213D311D1D010F06F
:103548003031F133F3F23236F6F737F53534F43CEF
:10355800FCFD3DFF3F3EFEFA3A3BFB39F9F83828BF
:10356800E8E929EB2B2AEAEE2E2FEF2DEDEC2CE4DF
:103578002425E527E7E62622E2E323E12120E0A04F
:103588006061A163A3A26266A6A767A56564A46C2F
:10359800ACAD6DAF6F6EAEAA6A6BAB69A9A868785F
:1035A800B8B979BB7B7ABABE7E7FBF7DBDBC7CB41F
:1035B8007475B577B7B67672B2B373B17170B0502F
:1035C8009091519353529296565797559594549C6F
:1035D8005C5D9D5F9F9E5E5A9A9B5B99595898883F
:1035E8004849894B8B8A4A4E8E8F4F8D4D4C8C445F
:1035F80084854587474686824243834181804000CF
:10360800C1814001C0804101C0804100C1814001A9
:10361800C0804100C1814000C1814001C08041019A
:10362800C0804100C1814000C1814001C08041008B
:10363800C1814001C0804101C0804100C181400179
:10364800C0804100C1814000C1814001C08041006B
:10365800C1814001C0804101C0804100C18140005A
:10366800C1814001C0804101C0804100C181400149
:10367800C0804100C1814000C1814001C08041013A
:10368800C0804100C1814000C1814001C08041002B
:10369800C1814001C0804101C0804100C18140001A
:1036A800C1814001C0804101C0804100C181400109
:1036B800C0804100C1814000C1814001C0804100FB
:1036C800C1814001C0804101C0804100C1814001E9
:1036D800C0804100C1814000C1814001C0804101DA
:1036E800C0804100C1814000C1814001C0804100CB
:1036F800C1814001C0804101C0804100C1814000BA
:10370800C0C101C30302C2C60607C705C5C404CCAD
:103718000C0DCD0FCFCE0E0ACACB0BC90908C8D8DD
:103728001819D91BDBDA1A1EDEDF1FDD1D1CDC149D
:10373800D4D515D71716D6D21213D311D1D010F06D
:103748003031F133F3F23236F6F737F53534F43CED
:10375800FCFD3DFF3F3EFEFA3A3BFB39F9F83828BD
:10376800E8E929EB2B2AEAEE2E2FEF2DEDEC2CE4DD
:103778002425E527E7E62622E2E323E12120E0A04D
:103788006061A163A3A26266A6A767A56564A46C2D
:10379800ACAD6DAF6F6EAEAA6A6BAB69A9A868785D
:1037A800B8B979BB7B7ABABE7E7FBF7DBDBC7CB41D
:1037B8007475B577B7B67672B2B373B17170B0502D
:1037C8009091519353529296565797559594549C6D
:1037D8005C5D9D5F9F9E5E5A9A9B5B99595898883D
:1037E8004849894B8B8A4A4E8E8F4F8D4D4C8C445D
:1037F80084854587474686824243834181804000CD
:10380800C1814001C0804101C0804100C1814001A7
:10381800C0804100C1814000C1814001C080410198
:10382800C0804100C1814000C1814001C080410089
:10383800C1814001C0804101C0804100C181400177
:10384800C0804100C1814000C1814001C080410069
:10385800C1814001C0804101C0804100C181400058
:10386800C1814001C0804101C0804100C181400147
:10387800C0804100C1814000C1814001C080410138
:10388800C0804100C1814000C1814001C080410029
:10389800C1814001C0804101C0804100C181400018
:1038A800C1814001C0804101C0804100C181400107
:1038B800C0804100C1814000C1814001C0804100F9
:1038C800C1814001C0804101C0804100C1814001E7
:1038D800C0804100C1814000C1814001C0804101D8
:1038E800C0804100C1814000C1814001C0804100C9
:1038F800C1814001C0804101C0804100C1814000B8
:10390800C0C101C30302C2C60607C705C5C404CCAB
:103918000C0DCD0FCFCE0E0ACACB0BC90908C8D8DB
:103928001819D91BDBDA1A1EDEDF1FDD1D1CDC149B
:10393800D4D515D71716D6D21213D311D1D010F06B
:103948003031F133F3F23236F6F737F53534F43CEB
:10395800FCFD3DFF3F3EFEFA3A3BFB39F9F83828BB
:10396800E8E929EB2B2AEAEE2E2FEF2DEDEC2CE4DB
:103978002425E527E7E62622E2E323E12120E0A04B
:103988006061A163A3A26266A6A767A56564A46C2B
:10399800ACAD6DAF6F6EAEAA6A6BAB69A9A868785B
:1039A800B8B979BB7B7ABABE7E7FBF7DBDBC7CB41B
:1039B8007475B577B7B67672B2B373B17170B0502B
:1039C8009091519353529296565797559594549C6B
:1039D8005C5D9D5F9F9E5E5A9A9B5B99595898883B
:1039E8004849894B8B8A4A4E8E8F4F8D4D4C8C445B
:1039F80084854587474686824243834181804000CB
:103A0800C1814001C0804101C0804100C1814001A5
:103A1800C0804100C1814000C1814001C080410196
:103A2800C0804100C1814000C1814001C080410087
:103A3800C1814001C0804101C0804100C181400175
:103A4800C0804100C1814000C1814001C080410067
:103A5800C1814001C0804101C0804100C181400056
:103A6800C1814001C0804101C0804100C181400145
:103A7800C0804100C1814000C1814001C080410136
:103A8800C0804100C1814000C1814001C080410027
:103A9800C1814001C0804101C0804100C181400016
:103AA800C1814001C0804101C0804100C181400105
:103AB800C0804100C1814000C1814001C0804100F7
:103AC800C1814001C0804101C0804100C1814001E5
:103AD800C0804100C1814000C1814001C0804101D6
:103AE800C0804100C1814000C1814001C0804100C7
:103AF800C1814001C0804101C0804100C1814000B6
:103B0800C0C101C30302C2C60607C705C5C404CCA9
:103B18000C0DCD0FCFCE0E0ACACB0BC90908C8D8D9
:103B28001819D91BDBDA1A1EDEDF1FDD1D1CDC1499
:103B3800D4D515D71716D6D21213D311D1D010F069
:103B48003031F133F3F23236F6F737F53534F43CE9
:103B5800FCFD3DFF3F3EFEFA3A3BFB39F9F83828B9
:103B6800E8E929EB2B2AEAEE2E2FEF2DEDEC2CE4D9
:103B78002425E527E7E62622E2E323E12120E0A049
:103B88006061A163A3A26266A6A767A56564A46C29
:103B9800ACAD6DAF6F6EAEAA6A6BAB69A9A8687859
:103BA800B8B979BB7B7ABABE7E7FBF7DBDBC7CB419
:103BB8007475B577B7B67672B2B373B17170B05029
:103BC8009091519353529296565797559594549C69
:103BD8005C5D9D5F9F9E5E5A9A9B5B995958988839
:103BE8004849894B8B8A4A4E8E8F4F8D4D4C8C4459
:103BF80084854587474686824243834181804000C9
:103C0800C1814001C0804101C0804100C1814001A3
:103C1800C0804100C1814000C1814001C080410194
:103C2800C0804100C1814000C1814001C080410085
:103C3800C1814001C0804101C0804100C181400173
:103C4800C0804100C1814000C1814001C080410065
:103C5800C1814001C0804101C0804100C181400054
:103C6800C1814001C0804101C0804100C181400143
:103C7800C0804100C1814000C1814001C080410134
:103C8800C0804100C1814000C1814001C080410025
:103C9800C1814001C0804101C0804100C181400014
:103CA800C1814001C0804101C0804100C181400103
:103CB800C0804100C1814000C1814001C0804100F5
:103CC800C1814001C0804101C0804100C1814001E3
:103CD800C0804100C1814000C1814001C0804101D4
:103CE800C0804100C1814000C1814001C0804100C5
:103CF800C1814001C0804101C0804100C18140E2D2
:103D0800B40000000066CB000EC40000000002D022
:103D1800000000000000000000000000000000009B
:103D2800000000000000000000000000000000008B
:103D3800000000000068CF0000000044CF0020CF42
:103D480000FCCE000000007AC20000000028C0007D
:103D580080C000000000000000000000F2CC00005D
:103D680000000000004348317C493A252E32667C29
:103D7800563A252E32667C503A252E32667C5057AC
:103D88004D3A25647C0A0D20004348327C493A2587
:103D98002E32667C563A252E32667C503A252E32D3
:103DA800667C50574D3A25647C0A0D200053503AE2
:103DB800252E32667C55524745313A25647C55524A
:103DC8004745323A25647C200A0D200054656D7001
:103DD8003A252E32667C0A0D200056696E3A256413
:103DE8007C200A0D200050726F3A25647C0A0D2051
:103DF80000563A2564002530325800696E66006E18
:103E0800616E00000601446B1EC645F61FC646F6E5
:103E180020C647F621C648F648BF17EF1FF015EF32
:103E28001FF02BEF1FF0010E446F45C663F546C621
:103E380064F547C665F548C666F5B4EC64F063C535
:103E480045F664C546F665C547F666C548F6000EEC
:103E580006014A6F000E496FC1C638F6C2C639F668
:103E68004451D8B43AEF1FF03CEF1FF050EF1FF069
:103E78004451D8A442EF1FF044EF1FF04AEF1FF05F
:103E8800000E2A6F2B0E296F4EEF1FF0000E2A6FBF
:103E98002D0E296F29C644F645C663F546C664F556
:103EA80047C665F548C666F528EC51F00501630577
:103EB8006411D8A462EF1FF064EF1FF09BEF1FF0AE
:103EC80006014451D8B46BEF1FF06DEF1FF076EF89
:103ED8001FF044C672F93807D8A03907000E4A6F98
:103EE800010E496F720E49250501636F090E06011F
:103EF8004A210501646F030E656F3E0E666F3CEC48
:103F080064F00601FD0E3827FF0E39231CC677F52D
:103F18001DC678F5720E0501796F090E7A6F38C6DD
:103F28007BF539C67CF51EEC5AF07BEF24F045C6CC
:103F380063F546C664F547C665F548C666F528ECD8
:103F480051F0050163516411D8A4ADEF1FF0AFEF34
:103F58001FF0D2EF1FF006014451D8B4B6EF1FF09E
:103F6800B8EF1FF0C1EF1FF044C672F93807D8A0A8
:103F78003907000E4A6F010E496F720E4925050177
:103F8800636F090E06014A210501646F070E656F0C
:103F98003E0E666F3CEC64F085EF1FF0000E0601E4
:103FA8004B6F000E4C6F800E4D6F3F0E4E6F000E24
:103FB800336F000E326F45C663F546C664F547C6D3
:103FC80065F548C666F5000E0501676F000E686F57
:103FD800000E696F000E6A6F72EC59F00501D8B0D7
:103FE800F8EF1FF0FAEF1FF0F4EF20F007EF20F0E2
:103FF80034C64BF635C64CF636C64DF637C64EF6C1
:104008000601324B332B4BC6BFF54CC6C0F54DC627
:10401800C1F54EC6C2F5000E0501C36F000EC46F90
:10402800200EC56F410EC66FDEEC2BF0BFC534F60F
:10403800C0C535F6C1C536F6C2C537F606013451D6
:10404800455D0501636F0601355146590501646FE9
:104058000601365147590501656F06013751485920
:104068000501666FE8EC5FF0050166BF47EF20F0D9
:1040780066516511641109E1020E635DD8A047EF2E
:1040880020F049EF20F0FCEF1FF034C600F635C6EB
:1040980001F636C602F637C603F645C604F646C626
:1040A80005F647C606F648C607F698EC4BF0060133
:1040B800D8A061EF20F063EF20F0FCEF1FF04B5128
:1040C800455D0501636F06014C5146590501646F52
:1040D80006014D5147590501656F06014E51485972
:1040E8000501666FE8EC5FF0050166BF89EF20F017
:1040F80066516511641107E1020E635DD8B087EF60
:1041080020F089EF20F0DAEF20F04BC645F64CC6D8
:1041180046F64DC647F64EC648F6F4EF20F04BC6B5
:10412800A6F54CC6A7F54DC6A8F54EC6A9F5000ECE
:104138000501AA6F000EAB6F200EAC6F410EAD6F7C
:10414800DCEC35F0A6C54BF6A7C54CF6A8C54DF670
:10415800A9C54EF606013207D8A033074B51455D75
:104168000501636F06014C5146590501646F06014C
:104178004D5147590501656F06014E5148590501D2
:10418800666FE8EC5FF0050166BFD8EF20F0665176
:104198006511641107E1020E635DD8B0D6EF20F017
:1041A800D8EF20F0DAEF20F089EF20F045C600F6CE
:1041B80046C601F647C602F648C603F64BC604F6DD
:1041C8004CC605F64DC606F64EC607F698EC4BF0FB
:1041D8000601D8A0F2EF20F0F4EF20F093EF20F0E2
:1041E80022C62CF62CC62DF60601C4BFFEEF20F021
:1041F80000EF21F006EF21F0C3C625F6C4C626F667
:104208000AEF21F0000E266F060E256F25C630F640
:1042180026C631F6304B312B660E2D19D8A417EF70
:1042280021F019EF21F039EF21F033BF20EF21F011
:104238001EEF21F02CEF21F0000E4B6F000E4C6F9B
:10424800800E4D6F3F0E4E6F000E336F000E326FB3
:10425800670E2C19D8B433EF21F035EF21F039EF80
:1042680021F03251302733513123000E436F000EB5
:10427800426F45C63AF646C63BF647C63CF648C6C0
:104288003DF64BC634F64CC635F64DC636F64EC628
:1042980037F6CBEF21F03AC6A6F53BC6A7F53CC6E4
:1042A800A8F53DC6A9F54BC6AAF54CC6ABF54DC653
:1042B800ACF54EC6ADF5DCEC35F0A6C5BFF5A7C527
:1042C800C0F5A8C5C1F5A9C5C2F501EC42F0BFC546
:1042D8003EF6C0C53FF6C1C540F6C2C541F63EC66A
:1042E80018F63FC619F640C61AF641C61BF695ECF5
:1042F8004FF018C62EF619C62FF63AC6D8F53BC6A3
:10430800D9F53CC6DAF53DC6DBF53EC6C3F53FC672
:10431800C4F540C6C5F541C6C6F54BC6BFF54CC683
:10432800C0F54DC6C1F54EC6C2F5DEEC2BF0BFC5D3
:10433800DCF5C0C5DDF5C1C5DEF5C2C5DFF5C3ECEA
:1043480062F0D8C53AF6D9C53BF6DAC53CF6DBC506
:104358003DF64BC6A6F54CC6A7F54DC6A8F54EC604
:10436800A9F5000E0501AA6F000EAB6F200EAC6F09
:10437800410EAD6FDCEC35F0A6C54BF6A7C54CF683
:10438800A8C54DF6A9C54EF60601424B432B305140
:10439800425D4351800A0501FB6F06013151800AD5
:1043A8000501FB59D8A0DBEF21F0DDEF21F04FEF3D
:1043B80021F04BC6BFF54CC6C0F54DC6C1F54EC67B
:1043C800C2F5000EC36F000EC46FA00EC56F400E7D
:1043D800C66FDEEC2BF0BFC53EF6C0C53FF6C1C5C3
:1043E80040F6C2C541F63AC600F63BC601F63CC6E1
:1043F80002F63DC603F63EC604F63FC605F640C6BD
:1044080006F641C607F698EC4BF00601D8B00FEF58
:1044180022F011EF22F01BEF22F0000E3E6F000E8B
:104428003F6F000E406F000E416F45EF22F03AC615
:1044380063F53BC664F53CC665F53DC666F53EC604
:1044480067F53FC668F540C669F541C66AF572EC7E
:1044580059F00501D8A033EF22F035EF22F045EFEF
:1044680022F006012EB13BEF22F03DEF22F045EF9E
:1044780022F0000E3E6F000E3F6F000E406F000EE0
:10448800416F45C663F546C664F547C665F548C637
:1044980066F53EC667F53FC668F540C669F541C68C
:1044A8006AF582EC29F063C53AF664C53BF665C542
:1044B8003CF666C53DF63AC600F63BC601F63CC674
:1044C80002F63DC603F6000E0501C36F000EC46F69
:1044D800200EC56F410EC66F34C6BFF535C6C0F590
:1044E80036C6C1F537C6C2F5DEEC2BF0BFC504F6FB
:1044F800C0C505F6C1C506F6C2C507F698EC4BF06F
:104508000601D8A08AEF22F08CEF22F0B5EF22F056
:10451800324B332B34C6BFF535C6C0F536C6C1F5A8
:1045280037C6C2F5000E0501C36F000EC46F200E1A
:10453800C56F410EC66FDEEC2BF0BFC534F6C0C5A3
:1045480035F6C1C536F6C2C537F6660E06012D1911
:10455800D8A4B1EF22F0B3EF22F0B5EF22F0304B40
:10456800312B34C64BF635C64CF636C64DF637C633
:104578004EF632C623F633C624F62B6B000E286F90
:10458800000E276F000E436F000E426FB2EF23F04C
:104598003AC6A6F53BC6A7F53CC6A8F53DC6A9F59B
:1045A8004BC6AAF54CC6ABF54DC6ACF54EC6ADF537
:1045B800DCEC35F0A6C5BFF5A7C5C0F5A8C5C1F5A3
:1045C800A9C5C2F501EC42F0BFC53EF6C0C53FF62D
:1045D800C1C540F6C2C541F63EC618F63FC619F633
:1045E80040C61AF641C61BF695EC4FF0060119BFF6
:1045F80009EF23F0195107E10A0E185DD8B007EF4B
:1046080023F009EF23F019EF23F03EC618F63FC652
:1046180019F640C61AF641C61BF695EC4FF018C6B7
:104628002EF619C62FF61DEF23F0000E2F6F090E78
:104638002E6F06012B51D8A424EF23F026EF23F088
:104648004EEF23F024BF2DEF23F02BEF23F04EEF96
:1046580023F0720E4925D96E090E4A21DA6E2E0E04
:10466800DF6E494B4A2B3807D8A03907010E2B6F4C
:104678004EEF23F0720E4925D96E090E4A21DA6EE3
:10468800300EDF6E494B4A2B3807D8A03907270769
:10469800D8A0280727512811D8A455EF23F057EFA1
:1046A80023F03EEF23F0720E4925D96E090E4A21F8
:1046B800DA6E2E51300FDF6E494B4A2B3807D8A0DF
:1046C80039073AC6D8F53BC6D9F53CC6DAF53DC632
:1046D800DBF53EC6C3F53FC6C4F540C6C5F541C6C1
:1046E800C6F54BC6BFF54CC6C0F54DC6C1F54EC69E
:1046F800C2F5DEEC2BF0BFC5DCF5C0C5DDF5C1C5E4
:10470800DEF5C2C5DFF5C3EC62F0D8C53AF6D9C507
:104718003BF6DAC53CF6DBC53DF64BC6A6F54CC6FE
:10472800A7F54DC6A8F54EC6A9F5000E0501AA6F56
:10473800000EAB6F200EAC6F410EAD6FDCEC35F0A8
:10474800A6C54BF6A7C54CF6A8C54DF6A9C54EF6A5
:1047580006012307D8A02407424B432B3051425D62
:104768004351800A0501FB6F06013151800A05019A
:10477800FB59D8B0C2EF23F0C4EF23F0D3EF23F0F6
:1047880006014ABFD1EF23F04A5109E14B0E495DBA
:10479800D8A0D1EF23F0D3EF23F0CCEF22F0000E16
:1047A8000601436F4F0E426F720E4225D96E090EF5
:1047B8004321DA6EDF6A720E0501FB6F090EFC6F8A
:1047C800060149510501FB5F06014A510501FC5BE1
:1047D800060142510501FB25636F0601435105019E
:1047E800FC21646F720E656F090E666F49C667F526
:1047F8004AC668F5EBEC60F006014951425D496F25
:104808004A5143594A6F4451D8A40DEF24F010EF90
:1048180024F0010E11EF24F0000E426F436BDDA36C
:1048280018EF24F01AEF24F050EF24F02BEF24F0C7
:1048380006014907D8A04A07720E4925D96E090E04
:104848004A21DA6E300EDF6E3807D8A039073851A2
:10485800425D4351800A0501FB6F06013951800A08
:104868000501FB59D8B03BEF24F03DEF24F050EFA1
:1048780024F006014951425D4351800A0501FB6F4E
:1048880006014A51800A0501FB59D8A04EEF24F0D1
:1048980050EF24F01CEF24F006014451D8B457EF30
:1048A80024F059EF24F064EF24F04907D8A04A0710
:1048B800720E4925D96E090E4A21DA6E44C6DFF414
:1048C8004251385F4351395B1CC677F51DC678F5F0
:1048D800720E49250501796F090E06014A21050165
:1048E8007A6F38C67BF539C67CF51EEC5AF0120093
:1048F8001EC6D8F51FC6D9F520C6DAF521C6DBF5E0
:1049080022C6DCF523C6DDF524C6DEF525C6DFF5AF
:10491800C3EC62F0D8C546F6D9C547F6DAC548F6FD
:10492800DBC549F646C6E0F547C6E1F548C6E2F5F7
:1049380049C6E3F598EC65F0E0C54EF6E1C54FF6DB
:10494800E2C550F6E3C551F6060120EE05F01C510C
:10495800D9261D51DA22DEC44AF6DEC44BF6DEC47F
:104968004CF6DEC44DF6000E006F000E016F480EC7
:10497800026F420E036F4EC604F64FC605F650C6C8
:1049880006F651C607F698EC4BF00601D8B0CFEF03
:1049980024F0D1EF24F0EEEF24F04AC6BFF54BC661
:1049A800C0F54CC6C1F54DC6C2F5CD0E0501C36FA5
:1049B800CC0EC46FCC0EC56F3D0EC66FDEEC2BF06F
:1049C800BFC54AF6C0C54BF6C1C54CF6C2C54DF6C3
:1049D8005AEF25F0000E006F000E016FA00E026F57
:1049E800410E036F4EC604F64FC605F650C606F6CE
:1049F80051C607F698EC4BF00601D8B006EF25F043
:104A080008EF25F025EF25F04AC6BFF54BC6C0F5DF
:104A18004CC6C1F54DC6C2F59A0E0501C36F990E75
:104A2800C46F990EC56F3E0EC66FDEEC2BF0BFC586
:104A38004AF6C0C54BF6C1C54CF6C2C54DF65AEF8D
:104A480025F04EC600F64FC601F650C602F651C60E
:104A580003F6000E046F000E056FA00E066F400EE1
:104A6800076F98EC4BF00601D8B03DEF25F03FEF0B
:104A780025F05AEF25F04AC6BFF54BC6C0F54CC61F
:104A8800C1F54DC6C2F5000E0501C36F000EC46F17
:104A9800000EC56F400EC66FDEEC2BF0BFC54AF6A0
:104AA800C0C54BF6C1C54CF6C2C54DF6060120EE91
:104AB80001F01C51D9261D51DA22DEC4BFF5DEC42F
:104AC800C0F5DEC4C1F5DEC4C2F546C6C3F547C6A7
:104AD800C4F548C6C5F549C6C6F5DEEC2BF0BFC51A
:104AE80026F6C0C527F6C1C528F6C2C529F64EC6A2
:104AF80000F64FC601F650C602F651C603F6000E80
:104B08000601046F000E056F480E066F420E076F10
:104B180098EC4BF00601D8B094EF25F096EF25F00D
:104B280075EF27F046C652F647C653F648C654F600
:104B380049C655F6000E006F000E016FF00E026FA9
:104B4800410E036F4EC604F64FC605F650C606F66C
:104B580051C607F698EC4BF00601D8B0B6EF25F031
:104B6800B8EF25F0FEEF25F0000E006F000E016F84
:104B7800200E026F420E036F52C604F653C605F6A6
:104B880054C606F655C607F698EC4BF00601D8B0A1
:104B9800D0EF25F0D2EF25F0DAEF25F0000E526FB6
:104BA800000E536F200E546F420E556F52C600F61A
:104BB80053C601F654C602F655C603F6000E046F36
:104BC800000E056F200E066FC20E076F98EC4BF0B3
:104BD8000601D8B0F2EF25F0F4EF25F0D1EF26F07A
:104BE800000E526F000E536F200E546FC20E556F99
:104BF800D1EF26F0000E006F000E016F200E026F3D
:104C0800410E036F4EC604F64FC605F650C606F6AB
:104C180051C607F698EC4BF00601D8B016EF26F00F
:104C280018EF26F08DEF26F04EC6BFF54FC6C0F53B
:104C380050C6C1F551C6C2F5CD0E0501C36FCC0EE5
:104C4800C46F4C0EC56F3F0EC66FDEEC2BF0BFC5B0
:104C58003EF6C0C53FF6C1C540F6C2C541F63EC6E0
:104C680000F63FC601F640C602F641C603F652C634
:104C780004F653C605F654C606F655C607F698EC6C
:104C88004BF00601D8B04BEF26F04DEF26F055EF6C
:104C980026F03EC652F63FC653F640C654F641C605
:104CA80055F652C600F653C601F654C602F655C666
:104CB80003F63EC663F53FC664F540C665F541C6D2
:104CC80066F5B4EC64F063C504F664C505F665C51D
:104CD80006F666C507F698EC4BF00601D8B077EFF4
:104CE80026F079EF26F0D1EF26F03EC663F53FC6F1
:104CF80064F540C665F541C666F5B4EC64F063C575
:104D080052F664C553F665C554F666C555F6D1EF37
:104D180026F0000E006F000E016FA00E026F400E0D
:104D2800036F52C604F653C605F654C606F655C6B2
:104D380007F698EC4BF00601D8B0A5EF26F0A7EFE0
:104D480026F0AFEF26F0000E526F000E536FA00E44
:104D5800546F400E556F52C600F653C601F654C63E
:104D680002F655C603F6000E046F000E056FA00E7E
:104D7800066FC00E076F98EC4BF00601D8B0C7EF6E
:104D880026F0C9EF26F0D1EF26F0000E526F000E84
:104D9800536FA00E546FC00E556F52C6BFF553C661
:104DA800C0F554C6C1F555C6C2F5060120EE05F09A
:104DB8001C51D9261D51DA22DEC4AAF5DEC4ABF592
:104DC800DEC4ACF5DEC4ADF54AC6A6F54BC6A7F5FC
:104DD8004CC6A8F54DC6A9F5DCEC35F0A6C5C3F55B
:104DE800A7C5C4F5A8C5C5F5A9C5C6F5DEEC2BF061
:104DF800BFC552F6C0C553F6C1C554F6C2C555F66F
:104E0800060120EE1DF01C51D9261D51DA22DEC400
:104E180063F5DEC464F5DEC465F5DEC466F552C626
:104E280067F553C668F554C669F555C66AF582EC48
:104E380029F0060120EE1DF01C51D9261D51DA2259
:104E4800050163C5DEF464C5DEF465C5DEF466C538
:104E5800DEF4060120EE11F01C51D9261D51DA228C
:104E6800DEC410F6DEC411F6DEC412F6DEC413F694
:104E780020EE1DF01C51D9261D51DA22DEC408F699
:104E8800DEC409F6DEC40AF6DEC40BF620EE0DF029
:104E98001C51D9261D51DA22DEC40CF6DEC40DF6EB
:104EA800DEC40EF6DEC40FF62DEC4CF008C614F680
:104EB80009C615F60AC616F60BC617F6C1EC4CF06D
:104EC800060120EE1DF01C51D9261D51DA2210C60C
:104ED800DEF411C6DEF412C6DEF413C6DEF483EF88
:104EE80027F020EE1DF01C51D9261D51DA22000EA4
:104EF800DE6E000EDE6E000EDE6E000EDD6E20EE43
:104F08001DF01C51D9261D51DA22DEC4BFF5DEC4BE
:104F1800C0F5DEC4C1F5DEC4C2F54AC6C3F54BC64A
:104F2800C4F54CC6C5F54DC6C6F5DEEC2BF0BFC5BD
:104F38002AF6C0C52BF6C1C52CF6C2C52DF606014A
:104F480020EE21F01C51D9261D51DA22DEC4DCF5F1
:104F5800DEC4DDF5DEC4DEF5DEC4DFF546C6D8F511
:104F680047C6D9F548C6DAF549C6DBF5C3EC62F0A1
:104F7800D8C5BFF5D9C5C0F5DAC5C1F5DBC5C2F5D9
:104F8800060120EE09F01C51D9261D51DA22DEC493
:104F9800C3F5DEC4C4F5DEC4C5F5DEC4C6F5DEEC73
:104FA8002BF0BFC53AF6C0C53BF6C1C53CF6C2C535
:104FB8003DF6330E0501C36F330EC46F330EC56F54
:104FC8003F0EC66F3AC6BFF53BC6C0F53CC6C1F535
:104FD8003DC6C2F5DEEC2BF0BFC563F5C0C564F570
:104FE800C1C565F5C2C566F59A0E0501C36F990E70
:104FF800C46F990EC56F3E0EC66F10C7BFF511C7B7
:10500800C0F512C7C1F513C7C2F5DEEC2BF0BFC55A
:1050180067F5C0C568F5C1C569F5C2C56AF582EC12
:1050280029F063C53AF664C53BF665C53CF666C526
:105038003DF63AC610F73BC611F73CC612F73DC617
:1050480013F7060120EE21F01C51D9261D51DA2252
:1050580046C6DEF447C6DEF448C6DEF449C6DEF4CA
:105068002AC667F52BC668F52CC669F52DC66AF5FC
:1050780026C663F527C664F528C665F529C666F50C
:1050880082EC29F063C52EF664C52FF665C530F6A7
:1050980066C531F62EC663F52FC664F530C665F5CC
:1050A80031C666F53AC667F53BC668F53CC669F58C
:1050B8003DC66AF582EC29F063C542F664C543F63D
:1050C80065C544F666C545F61CC6D9F41DC6DAF4AE
:1050D800DE04D8A472EF28F074EF28F0F5EF28F07A
:1050E800060145BF7CEF28F07AEF28F086EF28F01C
:1050F800000E326F000E336F000E346FBF0E356F27
:105108008EEF28F0000E326F000E336F000E346FF2
:105118003F0E356F42C667F543C668F544C669F564
:1051280045C66AF532C663F533C664F534C665F517
:1051380035C666F582EC29F063C518F664C519F61C
:1051480065C51AF666C51BF695EC4FF006011851B1
:10515800CB271951CC23000E0C6F000E0D6F480E93
:105168000E6F450E0F6FCBC698F5CCC699F50501A5
:10517800000E99BFFF0E9A6F9B6F010EEFEC45F082
:1051880098C508F699C509F69AC50AF69BC50BF69F
:105198002DEC4CF008C614F609C615F60AC616F624
:1051A8000BC617F6000E0601106F000E116F000EE9
:1051B800126F000E136FC1EC4CF010C618F611C632
:1051C80019F612C61AF613C61BF695EC4FF018C658
:1051D800CBF619C6CCF6CBC61CF6CCC61DF681EFAD
:1051E80029F01CC6D9F41DC6DAF4020EDE18D8A4BC
:1051F80000EF29F002EF29F081EF29F0060145BF01
:105208000AEF29F008EF29F014EF29F0000E366FA5
:10521800000E376F000E386FBF0E396F1CEF29F084
:10522800000E366F000E376F000E386F3F0E396F65
:1052380042C667F543C668F544C669F545C66AF5CA
:1052480036C663F537C664F538C665F539C666F5FA
:1052580082EC29F063C518F664C519F665C51AF617
:1052680066C51BF695EC4FF006011851C927195170
:10527800CA23000E0C6F000E0D6F480E0E6F450E00
:105288000F6FC9C698F5CAC699F50501000E99BFF2
:10529800FF0E9A6F9B6F010EEFEC45F098C508F66C
:1052A80099C509F69AC50AF69BC50BF62DEC4CF084
:1052B80008C614F609C615F60AC616F60BC617F67A
:1052C800000E0601106F000E116F000E126F000E17
:1052D800136FC1EC4CF010C618F611C619F612C6B9
:1052E8001AF613C61BF695EC4FF018C6C9F619C680
:1052F800CAF6C9C61CF6CAC61DF6120005016651D3
:10530800800B6F6F66516625716F65AF8EEF29F060
:1053180090EF29F091EF29F071817151D8B497EF8E
:1053280029F099EF29F0ADEF29F07129D8A49FEF62
:1053380029F0A1EF29F0A9EF29F0000E636F000E04
:10534800646F000E656F000E666F658F666BB5EF54
:1053580029F0000E636F000E646F000E656F000E7B
:10536800666F6A51800B706F6F517019D8B4BFEFB8
:1053780029F0C1EF29F0C2EF29F06F8D6A516A2533
:10538800706F69AFCAEF29F0CCEF29F0CDEF29F0A3
:1053980070817051D8B4D3EF29F0D5EF29F0E9EF37
:1053A80029F07029D8A4DBEF29F0DDEF29F0E5EF2B
:1053B80029F0000E676F000E686F000E696F000E0F
:1053C8006A6F698F6A6BF1EF29F0000E676F000E44
:1053D800686F000E696F000E6A6F7151705DD8B00A
:1053E800F8EF29F0FAEF29F021EF2AF06FADFFEF7F
:1053F80029F001EF2AF003EF2AF0800E6F1B71C528
:1054080072F570C571F572C570F563C572F567C53B
:1054180063F572C567F564C572F568C564F572C54C
:1054280068F565C572F569C565F572C569F566C53E
:1054380072F56AC566F572C56AF5726B715170C509
:105448006BF56C6B6B5F000E6C5B6CBF35EF2AF015
:105458006C5109E11A0E6B5DD8A035EF2AF037EFD1
:105468002AF06EEF2AF06351641165116611D8A411
:1054780040EF2AF043EF2AF0010E44EF2AF0000E25
:10548800726F000E636F000E646F000E656F000E82
:10549800666F70C571F577EF2AF072A156EF2AF0A2
:1054A80058EF2AF05EEF2AF0D89072310109726F36
:1054B80060EF2AF0D890723363A165EF2AF067EFA6
:1054C8002AF068EF2AF0728F6635663365336433E5
:1054D8006333712B7051715DD8A075EF2AF077EFA7
:1054E8002AF051EF2AF06FBD7CEF2AF07EEF2AF008
:1054F800BEEF2AF07151D8A484EF2AF086EF2AF083
:1055080090EF2AF0000E636F000E646F000E656F57
:10551800000E666FDDEF2BF0675163276851642337
:10552800695165236A51662366A19DEF2AF09FEFB2
:105538002AF04BEF2BF072A1A4EF2AF0A6EF2AF085
:10554800ACEF2AF0D89072310109726FAEEF2AF0F1
:10555800D890723363A1B3EF2AF0B5EF2AF0B6EF13
:105568002AF0728F66356633653364336333712B83
:105578004BEF2BF06751635D685164596951655968
:105588006651800A6B6F6A51800A6B59D8B0CFEFA9
:105598002AF0D1EF2AF0FCEF2AF06351675D6B6FB8
:1055A800645168596C6F655169596D6F66516A59D4
:1055B8006E6FFF0E6B25636FFF0E6C21646FFF0E1D
:1055C8006D21656FFF0E6E21666F800E6F1B726D09
:1055D8007251D8A4F2EF2AF0F4EF2AF004EF2BF07E
:1055E800010E6327000E64236523662304EF2BF066
:1055F8006751635F6851645B6951655B6A51665BBB
:105608006351641165116611D8A40DEF2BF00FEFEB
:105618002BF044EF2BF07251D8A415EF2BF017EFB5
:105628002BF044EF2BF0000E636F000E646F000E3A
:10563800656F000E666FDDEF2BF0D8906337643727
:105648006537663772AF2BEF2BF02DEF2BF02EEF6F
:105658002BF0638172A133EF2BF035EF2BF039EF8C
:105668002BF0D88072373BEF2BF0D89072377151FE
:10567800D8B441EF2BF043EF2BF044EF2BF0710738
:1056880065AF49EF2BF04BEF2BF021EF2BF0706B50
:1056980072AF51EF2BF053EF2BF06BEF2BF072C57D
:1056A8006BF57F0E6B17D8B45CEF2BF05EEF2BF029
:1056B80062EF2BF0010E706F6BEF2BF063A167EFB9
:1056C8002BF069EF2BF06BEF2BF05EEF2BF07051A6
:1056D800D8B471EF2BF073EF2BF09EEF2BF0010E87
:1056E8006327000E64236523662366A17EEF2BF0F3
:1056F80080EF2BF09EEF2BF063C56BF564C56CF55E
:1057080065C56DF566C56EF56E356E336D336C33F4
:105718006B336BC563F56CC564F56DC565F56EC512
:1057280066F57129D8B49BEF2BF09DEF2BF09EEF17
:105738002BF0712B7129D8B4A4EF2BF0A6EF2BF026
:10574800AEEF2BF07151D8A4ACEF2BF0AEEF2BF0ED
:10575800BFEF2BF0000E636F000E646F000E656FD5
:10576800000E666F7151D8A4BCEF2BF0BEEF2BF082
:10577800BFEF2BF06F6B71A1C4EF2BF0C6EF2BF0CE
:10578800C9EF2BF0658FCAEF2BF0659FD890713168
:10579800666F6FAFD2EF2BF0D4EF2BF0D5EF2BF075
:1057A800668F63C563F564C564F565C565F566C54B
:1057B80066F512000501C251800BCB6FC251C2259C
:1057C800D16FC1AFEAEF2BF0ECEF2BF0EDEF2BF040
:1057D800D181D151D8B4F3EF2BF0F5EF2BF008EFCE
:1057E8002CF0D129D8A4FBEF2BF0FDEF2BF005EF1F
:1057F8002CF0000EBF6F000EC06F000EC16F000EC0
:10580800C26FC18F10EF2CF0000EBF6F000EC06F7B
:10581800000EC16F000EC26FC651800BCB1BC65164
:10582800C625CC6FC5AF1BEF2CF01DEF2CF01EEF7B
:105838002CF0CC81CC51D8B424EF2CF026EF2CF0EE
:1058480039EF2CF0CC29D8A42CEF2CF02EEF2CF02B
:1058580036EF2CF0000EC36F000EC46F000EC56F3C
:10586800000EC66FC58F41EF2CF0000EC36F000EFF
:10587800C46F000EC56F000EC66FCC51D8B447EF89
:105888002CF049EF2CF051EF2CF0D151D8A44FEF68
:105898002CF051EF2CF05BEF2CF0000EBF6F000ED8
:1058A800C06F000EC16F000EC26FF1EF2DF0C55131
:1058B800BF03F3C4D6F5F4C4D7F5D651CD6FCE6B7C
:1058C800CF6BD06BD751D26FD36BD46BD56BC45120
:1058D800C003F3C4D6F5F4C4D7F5D651CD27000ECE
:1058E800CE23CF23D023D751D227000ED323D423BE
:1058F800D523C351C103F3C4D6F5F4C4D7F5D651A3
:10590800CD27000ECE23CF23D023D751D227000E88
:10591800D323D423D523CFC5D0F5CEC5CFF5CDC558
:10592800CEF5CD6BC351C003F3C4D6F5F4C4D7F597
:10593800D651CD27D751CE23000ECF23000ED0232A
:10594800C451BF03F3C4D6F5F4C4D7F5D651CD2757
:10595800D751CE23000ECF23000ED023CFC5D0F5CC
:10596800CEC5CFF5CDC5CEF5CD6BC351BF03F3C4BE
:10597800D6F5F4C4D7F5D651CD27D751CE23000E8E
:10598800CF23000ED023C551C003F3C4D6F5F4C409
:10599800D7F5D651D227D751D323000ED423000EE2
:1059A800D523C451C103F3C4D6F5F4C4D7F5D651F1
:1059B800D227D751D323000ED423000ED523C551A7
:1059C800C103F3C4D6F5F4C4D7F5D651C76FD75180
:1059D800C86FC96BCA6BC9C5CAF5C8C5C9F5C7C5FB
:1059E800C8F5C76BC751D227C851D323C951D4238F
:1059F800CA51D523CDC5C7F5CEC5C8F5CFC5C9F59C
:105A0800D0C5CAF5190E0EEF2DF0D890CA33C93398
:105A1800C833C733E82E09EF2DF0C751D227C85134
:105A2800D323C951D423CA51D523CFC5D0F5CEC568
:105A3800CFF5CDC5CEF5CD6BCC51D1C5C7F5C86B6B
:105A4800C727000EC823820EC725D66FFF0EC821B0
:105A5800D76F44EF2DF0D890D237D337D437D53716
:105A6800D0AF39EF2DF03BEF2DF03CEF2DF0D28188
:105A7800D890CD37CE37CF37D037D607D8A0D7076D
:105A8800D4AF49EF2DF04BEF2DF02FEF2DF0CC6B6D
:105A9800D0AF51EF2DF053EF2DF077EF2DF0FF0E33
:105AA800CD15C76FFF0ECE15C86FFF0ECF15C96F86
:105AB8007F0ED015CA6FC751C811C911CA11D8B401
:105AC80068EF2DF06AEF2DF06EEF2DF0010ECC6F20
:105AD80077EF2DF0D2A173EF2DF075EF2DF077EF62
:105AE8002DF06AEF2DF0CC51D8B47DEF2DF07FEF7B
:105AF8002DF0A3EF2DF0010ED227000ED323D423CF
:105B0800D523D5A18AEF2DF08CEF2DF0A3EF2DF042
:105B1800D2C5C7F5D3C5C8F5D4C5C9F5D5C5CAF525
:105B2800CA35CA33C933C833C733C7C5D2F5C8C5A0
:105B3800D3F5C9C5D4F5CAC5D5F5D64BD72BD7BF2C
:105B4800AEEF2DF0D75108E1D629D8A0AEEF2DF051
:105B5800B0EF2DF0BAEF2DF0000ED26F000ED36F1C
:105B6800800ED46F7F0ED56FE7EF2DF0D7BFC7EF4C
:105B78002DF0D75106E1D605D8B0C5EF2DF0C7EF07
:105B88002DF0D2EF2DF0000ED26F000ED36F000E65
:105B9800D46F000ED56FCB6BE7EF2DF0D6C5D1F5DE
:105BA800FF0ED217FF0ED3177F0ED417000ED5178E
:105BB800D1A1E1EF2DF0E3EF2DF0E4EF2DF0D48F3C
:105BC800D890D131D56FCB51D513D2C5BFF5D3C538
:105BD800C0F5D4C5C1F5D5C5C2F5120006011E6FC2
:105BE8001C0E06011E19D8A4FCEF2DF0FEEF2DF0B7
:105BF80005EF2FF0000E0501C36F000EC46F110EE4
:105C0800C56F430EC66F000EAA6F000EAB6F7A0EFB
:105C1800AC6F440EAD6F1C0E15EC44F005016BC55E
:105C280098F56CC599F59A6B9B6B000EEFEC45F0F7
:105C380098C5A6F599C5A7F59AC5A8F59BC5A9F570
:105C4800DCEC35F0A6C5BFF5A7C5C0F5A8C5C1F5FC
:105C5800A9C5C2F5DEEC2BF0BFC518F6C0C519F60C
:105C6800C1C51AF6C2C51BF695EC4FF018C6C7F6A3
:105C780019C6C8F6160ED3EC3FF0D8C51FF6D9C51D
:105C880020F6DAC521F6DBC522F6000E0501AA6F5B
:105C9800000EAB6F7A0EAC6F440EAD6FC7C698F5A9
:105CA800C8C699F59A6B9B6B000EEFEC45F098C54A
:105CB800C3F599C5C4F59AC5C5F59BC5C6F51FC6F4
:105CC800BFF520C6C0F521C6C1F522C6C2F5DEEC77
:105CD8002BF0BFC5A6F5C0C5A7F5C1C5A8F5C2C5B7
:105CE800A9F5DCEC35F0A6C518F6A7C519F6A8C5C0
:105CF8001AF6A9C51BF695EC4FF018C6A6F719C6F3
:105D0800A7F7260E0601C75D020EC859D8B08FEF57
:105D18002EF091EF2EF09CEF2EF0C85107E1970E70
:105D2800C75DD8B09AEF2EF09CEF2EF0A4EF2EF0BE
:105D3800010EF06F000E1D6F010E1C6F02EF30F0A8
:105D4800C85107E11F0EC75DD8B0ADEF2EF0AFEF19
:105D58002EF0B7EF2EF0020EF06F000E1D6F020E40
:105D68001C6F02EF30F0CD0E0501C36FCC0EC46F6F
:105D78008C0EC56F3F0EC66FDBC698F5DCC699F56D
:105D88009A6B9B6B000EEFEC45F098C5BFF599C573
:105D9800C0F59AC5C1F59BC5C2F5DEEC2BF0BFC5B1
:105DA80000F6C0C501F6C1C502F6C2C503F6A6C70E
:105DB80098F5A7C799F505019A6B9B6B000EEFEC58
:105DC80045F098C504F699C505F69AC506F69BC52B
:105DD80007F698EC4BF00601D8B0F5EF2EF0F7EF88
:105DE8002EF0FFEF2EF0030EF06F000E1D6F020E67
:105DF8001C6F02EF30F0000E1D6F000E1C6F02EFDB
:105E080030F0110E1E19D8A40CEF2FF00EEF2FF062
:105E1800FFEF2EF0000E0501C36F000EC46F920E47
:105E2800C56F420EC66F000EAA6F000EAB6F7A0EDA
:105E3800AC6F440EAD6F110E15EC44F005016BC547
:105E480098F56CC599F59A6B9B6B000EEFEC45F0D5
:105E580098C5A6F599C5A7F59AC5A8F59BC5A9F54E
:105E6800DCEC35F0A6C5BFF5A7C5C0F5A8C5C1F5DA
:105E7800A9C5C2F5DEEC2BF0BFC518F6C0C519F6EA
:105E8800C1C51AF6C2C51BF695EC4FF018C6C5F683
:105E980019C6C6F6040ED3EC3FF0D8C51FF6D9C50F
:105EA80020F6DAC521F6DBC522F6000E0501AA6F39
:105EB800000EAB6F7A0EAC6F440EAD6FC5C698F589
:105EC800C6C699F59A6B9B6B000EEFEC45F098C52A
:105ED800C3F599C5C4F59AC5C5F59BC5C6F51FC6D2
:105EE800BFF520C6C0F521C6C1F522C6C2F5DEEC55
:105EF8002BF0BFC5A6F5C0C5A7F5C1C5A8F5C2C595
:105F0800A9F5DCEC35F0A6C518F6A7C519F6A8C59D
:105F18001AF6A9C51BF695EC4FF018C6A4F719C6D2
:105F2800A5F72C0E0601C55D010EC659D8A09FEF36
:105F38002FF0A1EF2FF0A9EF2FF0040EF06F000E55
:105F48001D6F010E1C6F02EF30F0C65107E1150EF0
:105F5800C55DD8B0B2EF2FF0B4EF2FF0BCEF2FF043
:105F6800050EF06F000E1D6F020E1C6F02EF30F071
:105F7800CD0E0501C36FCC0EC46F8C0EC56F3F0EDE
:105F8800C66FD9C698F5DAC699F59A6B9B6B000E61
:105F9800EFEC45F098C5BFF599C5C0F59AC5C1F5B0
:105FA8009BC5C2F5DEEC2BF0BFC500F6C0C501F6F7
:105FB800C1C502F6C2C503F6A4C798F5A5C799F5E9
:105FC80005019A6B9B6B000EEFEC45F098C504F643
:105FD80099C505F69AC506F69BC507F698EC4BF0E9
:105FE8000601D8B0FAEF2FF0FCEF2FF0FFEF2EF0FC
:105FF800060EF06F000E1D6F020E1C6F120051C6C8
:10600800D9F452C6DAF4DEC4F6F4DDC4F7F4000EAF
:10601800F86E0800F550250AD8A415EF30F017EFF0
:1060280030F0FBEF31F051C6D9F452C6DAF4DE2A6B
:10603800000EDD22000E0601C26F000EC16FC1C640
:10604800DDF6C369C469576B4AEF30F0DD8351C68A
:10605800D9F452C6DAF4DE2A000EDD224AEF30F017
:10606800010E576F4AEF30F051C6D9F452C6DAF430
:10607800DEC4F6F4DDC4F7F4000EF86E0800F5503F
:10608800300AD8B42AEF30F034EF30F05751D8B492
:1060980050EF30F052EF30F038EF30F051C663F582
:1060A80052C664F553C665F554C666F5F3EC53F06D
:1060B80063C5C1F664C5C2F60601C2BF68EF30F019
:1060C80066EF30F06DEF30F0DD81C16DC21FD8B0E2
:1060D800C22B51C6D9F452C6DAF4DEC4F6F4DDC4D4
:1060E800F7F4000EF86E0800F5502E0AD8A47FEFDA
:1060F80030F081EF30F096EF30F051C6D9F452C647
:10610800DAF4DE2A000EDD2251C663F552C664F5C4
:1061180053C665F554C666F5F3EC53F063C5C3F68C
:1061280064C5C4F651C6D9F452C6DAF4DEC45DF6C5
:10613800DDC45EF65DC6F6F45EC6F7F4000EF86ED2
:106148000800F550640AD8B4ACEF30F0AEEF30F088
:10615800BEEF30F05DC6F6F45EC6F7F4000EF86EDA
:106168000800F550690AD8A4BCEF30F0BEEF30F053
:10617800EDEF30F053C6D9F454C6DAF4DFC455F65F
:10618800020EDE26DFC456F6000EDD2255C6D9F40F
:1061980056C6DAF4DEC459F6DDC45AF6010E060115
:1061A8005D25556F000E5E21566F51C6D9F452C653
:1061B800DAF455C6DEF456C6DDF44FC680F550C68F
:1061C80081F559C682F55AC683F50DEC45F012EFF4
:1061D80032F05DC6F6F45EC6F7F4000EF86E0800FD
:1061E800F550580AD8A4FBEF30F0FDEF30F03CEF43
:1061F80031F053C6D9F454C6DAF4DFC455F6020EAA
:10620800DE26DFC456F6000EDD2255C6D9F456C682
:10621800DAF4DEC459F6DDC45AF6010E06015D252E
:10622800556F000E5E21566F51C6D9F452C6DAF486
:1062380055C6DEF456C6DDF42EEF31F04FC680F5B4
:1062480050C681F559C682F55AC683F5C4EC49F0A3
:1062580012EF32F05DC6F6F45EC6F7F4000EF86E83
:106268000800F550580AD8B422EF31F03CEF31F06D
:1062780051C6D9F452C6DAF4DEC45DF6DDC45EF662
:106288005DC6F6F45EC6F7F4000EF86E0800F5C4B5
:1062980058F65AEF31F05D4B5E2B6AEF31F06C0E19
:1062A800586F6AEF31F0586B6AEF31F006015851B8
:1062B8004C0AD8B44FEF31F02A0AD8B453EF31F072
:1062C8000A0AD8B44FEF31F057EF31F05DC6F6F453
:1062D8005EC6F7F4000EF86E0800F550660AD8A4FA
:1062E80078EF31F07AEF31F0F2EF31F0B0EF31F0D2
:1062F80053C6D9F454C6DAF4DFC455F6040EDE26C4
:10630800DFC456F6000EDD2255C6D9F456C6DAF4B7
:10631800DEC459F6DEC45AF6DEC45BF6DEC45CF6AB
:10632800BBEF31F053C6D9F454C6DAF4DFC455F6DE
:10633800040EDE26DFC456F6000EDD2255C6D9F45B
:1063480056C6DAF4DEC459F6DEC45AF6DEC45BF685
:10635800DEC45CF6BBEF31F058514C0AD8B496EF66
:1063680031F0200AD8B47CEF31F0BBEF31F0010EE8
:106378005D25556F000E5E21566F51C6D9F452C681
:10638800DAF455C6DEF456C6DDF4E4EF31F04FC654
:106398001CF650C61DF659C61EF65AC61FF65BC631
:1063A80020F65CC621F65DC6F6F45EC6F7F4000E6C
:1063B800F86E0800F5C422F606EC1FF012EF32F072
:1063C8005DC6F6F45EC6F7F4000EF86E0800F550E8
:1063D800660AD8B4CBEF31F0F2EF31F051C6D9F4F8
:1063E80052C6DAF4DE2A000EDD2212EF32F051C670
:1063F800D9F452C6DAF4DEC4F6F4DDC4F7F4000EBC
:10640800F86E0800F5500501676F686B4FC669F5AF
:1064180050C66AF55AEC54F0F2EF31F01200030E50
:1064280097EC64F063C5ECF564C5EDF5000E050165
:10643800AA6FF00EAB6F7F0EAC6F450EAD6FECC55B
:1064480098F5EDC599F5000E99BFFF0E9A6F9B6FF1
:10645800010EEFEC45F098C5A6F599C5A7F59AC5C4
:10646800A8F59BC5A9F5DCEC35F0A6C5BFF5A7C511
:10647800C0F5A8C5C1F5A9C5C2F56F0E0501C36F62
:10648800120EC46F830EC56F400EC66FDEEC2BF084
:10649800BFC5F6F5C0C5F7F5C1C5F8F5C2C5F9F52C
:1064A800F6C528F7F7C529F7F8C52AF7F9C52BF770
:1064B800BBEC68F063C5F2F564C5F3F565C5F4F5A2
:1064C80066C5F5F524C767F525C768F526C769F5D4
:1064D80027C76AF5DFEC5CF067C5EEF568C5EFF530
:1064E80069C5F0F56AC5F1F520C7DCF521C7DDF50A
:1064F80022C7DEF523C7DFF5F6C5D8F5F7C5D9F508
:10650800F8C5DAF5F9C5DBF5C3EC62F0D8C5E0F5F6
:10651800D9C5E1F5DAC5E2F5DBC5E3F598EC65F038
:10652800E0C500F6E1C501F6E2C502F6E3C503F6EB
:10653800CD0E0601046FCC0E056F4C0E066F3D0E96
:10654800076F98EC4BF00601D8B0ADEF32F0AFEF23
:1065580032F0BAEF32F0050EE461B5EF32F0B7EF82
:1065680032F0BBEF32F0E42BBBEF32F0E46BF6C550
:1065780020F7F7C521F7F8C522F7F9C523F7EDEF9E
:1065880033F0F16B040EE465CCEF32F0CEEF32F06D
:10659800FCEF33F0F6C500F6F7C501F6F8C502F6CC
:1065A800F9C503F6660E046F660E056FE60E066FF4
:1065B8003F0E076F98EC4BF00601D8A0E6EF32F0DB
:1065C800E8EF32F01EEF33F0F6C500F6F7C501F636
:1065D800F8C502F6F9C503F6CD0E046FCC0E056FAB
:1065E8000C0E066F400E076F98EC4BF00601D8B002
:1065F80000EF33F002EF33F01EEF33F00501F151F5
:10660800F0110BE1E80EEE5D030EEF59D8A00FEF85
:1066180033F011EF33F0FCEF33F0010E0601E56FB4
:10662800F2C524F7F3C525F7F4C526F7F5C527F70E
:10663800FCEF33F0F6C500F6F7C501F6F8C502F62B
:10664800F9C503F69A0E046F990E056F190E066FB9
:10665800400E076F98EC4BF00601D8A036EF33F0E8
:1066680038EF33F014EF33F00501F151F0110BE17D
:10667800E80EEE5D030EEF59D8A045EF33F047EF73
:1066880033F04CEF33F0020E0601E56F14EF33F0F0
:10669800FCEF33F0010EF16F040EE46556EF33F0B2
:1066A80058EF33F0FCEF33F0660E006F660E016FA3
:1066B800A60E026F3F0E036FF6C504F6F7C505F682
:1066C800F8C506F6F9C507F698EC4BF00601D8A010
:1066D80070EF33F072EF33F08DEF33F00501F151C5
:1066E800F0110BE1E80EEE5D030EEF59D8A07FEF35
:1066F80033F081EF33F0FCEF33F00601E56BF2C5C0
:1067080024F7F3C525F7F4C526F7F5C527F7FCEFF9
:1067180033F0F6C500F6F7C501F6F8C502F6F9C577
:1067280003F69A0E046F990E056F190E066F400E48
:10673800076F98EC4BF00601D8A0A5EF33F0A7EF50
:1067480033F014EF33F00501F151F0110BE1E80ECD
:10675800EE5D030EEF59D8A0B4EF33F0B6EF33F087
:106768004CEF33F047EF33F0020EF16F040EE4659F
:10677800C0EF33F0C2EF33F0FCEF33F0660E006F7A
:10678800660E016FA60E026F3F0E036FF6C504F684
:10679800F7C505F6F8C506F6F9C507F698EC4BF007
:1067A8000601D8A0DAEF33F0DCEF33F0FCEF33F07A
:1067B8000501F151F0110BE1D00EEE5D070EEF5916
:1067C800D8A0E9EF33F0EBEF33F0FCEF33F081EFD3
:1067D80033F0E551000AD8B4C5EF32F0010AD8B455
:1067E8004EEF33F0030AD8B4B8EF33F0FCEF33F0D0
:1067F8001200060108510911D8A405EF34F007EF7B
:1068080034F011EF34F0000E086F000E096F000E1F
:106818000A6F000E0B6FDBEF35F0BBEC68F063C559
:106828001AF664C51BF665C51CF666C51DF6060195
:1068380020EE08F00851D9260951DA22DEC463F5A2
:10684800DEC464F5DEC465F5DEC466F50AC667F520
:106858000BC668F50CC669F50DC66AF572EC59F0F9
:106868000501D8B03AEF34F03CEF34F0CBEF34F018
:10687800060120EE08F00851D9260951DA220AC685
:10688800DEF40BC6DEF40CC6DEF40DC6DEF408C674
:10689800D9F409C6DAF4DEC400F6DEC401F6DEC4B3
:1068A80002F6DEC403F60AC604F60BC605F60CC6E5
:1068B80006F60DC607F698EC4BF00601D8B067EF60
:1068C80034F069EF34F099EF34F008C6D9F409C60A
:1068D800DAF410EE04F00851E1260951E222DEC490
:1068E800E6F4DEC4E6F4DEC4E6F4DEC4E6F420EE44
:1068F8000CF00851D9260951DA221AC6DEF41BC653
:10690800DEF41CC6DEF41DC6DEF420EE10F00851DD
:10691800D9260951DA220EC6DEF40FC6DEF410C6F7
:10692800DEF411C6DEF4CBEF34F020EE04F00851AB
:10693800D9260951DA220AC6DEF40BC6DEF40CC6E3
:10694800DEF40DC6DEF408C6D9F409C6DAF40AC6C0
:10695800DEF40BC6DEF40CC6DEF40DC6DEF420EE63
:106968000CF00851D9260951DA221AC6DEF41BC6E2
:10697800DEF41CC6DEF41DC6DEF420EE10F008516D
:10698800D9260951DA22DE6ADE6ADE6ADD6A060184
:1069980020EE10F00851D9260951DA22DE50DE1017
:1069A800DE10DE10D8A4DBEF34F0DDEF34F0EBEFCF
:1069B80034F008C6D9F409C6DAF4DEC408F6DEC431
:1069C80009F6DEC40AF6DEC40BF6DBEF35F020EE7E
:1069D8000CF00851D9260951DA22DEC467F5DEC465
:1069E80068F5DEC469F5DEC46AF5DFEC5CF067C5FE
:1069F8001EF668C51FF669C520F66AC521F60601A8
:106A080020EE10F00851D9260951DA22DE501E5D19
:106A1800DE501F59DE502059DE502159D8A017EFFB
:106A280035F019EF35F039EF35F020EE08F0085160
:106A3800D9260951DA2208C6E1F409C6E2F4DEC40F
:106A4800E6F4DEC4E6F4DEC4E6F4DEC4E6F408C622
:106A5800D9F409C6DAF4DEC408F6DEC409F6DEC4E1
:106A68000AF6DEC40BF6DBEF35F01EC698F51FC636
:106A780099F520C69AF521C69BF5000EEFEC45F076
:106A880098C5A6F599C5A7F59AC5A8F59BC5A9F512
:106A9800060120EE10F00851D9260951DA22DEC489
:106AA80098F5DEC499F5DEC49AF5DEC49BF5000EB0
:106AB800EFEC45F098C5AAF599C5ABF59AC5ACF5C4
:106AC8009BC5ADF5DCEC35F0A6C512F6A7C513F6E7
:106AD800A8C514F6A9C515F612C6C3F513C6C4F59C
:106AE80014C6C5F515C6C6F5060120EE04F0085112
:106AF800D9260951DA22DEC4DCF5DEC4DDF5DEC4B0
:106B0800DEF5DEC4DFF520EE08F00851D92609517C
:106B1800DA22DEC4D8F5DEC4D9F5DEC4DAF5DEC47F
:106B2800DBF5C3EC62F0D8C5BFF5D9C5C0F5DAC549
:106B3800C1F5DBC5C2F5DEEC2BF0BFC516F6C0C546
:106B480017F6C1C518F6C2C519F616C663F517C6F5
:106B580064F518C665F519C666F5060120EE04F059
:106B68000851D9260951DA22DEC467F5DEC468F572
:106B7800DEC469F5DEC46AF582EC29F008C6D9F4EA
:106B880009C6DAF4050163C5DEF464C5DEF465C53B
:106B9800DEF466C5DEF408C6D9F409C6DAF4DEC444
:106BA80008F6DEC409F6DEC40AF6DEC40BF61200E7
:106BB8000501A951800BB66FA951A925BD6FA8AFD2
:106BC800E8EF35F0EAEF35F0EBEF35F0BD81BD5178
:106BD800D8B4F1EF35F0F3EF35F007EF36F0BD2913
:106BE800D8A4F9EF35F0FBEF35F003EF36F0000EDF
:106BF800A66F000EA76F000EA86F000EA96FA88FD2
:106C0800A96B0FEF36F0000EA66F000EA76F000EEF
:106C1800A86F000EA96FAD51800BB61BAD51AD2505
:106C2800BE6FACAF1AEF36F01CEF36F01DEF36F042
:106C3800BE81BE51D8B423EF36F025EF36F039EFD8
:106C480036F0BE29D8A42BEF36F02DEF36F035EF0D
:106C580036F0000EAA6F000EAB6F000EAC6F000E80
:106C6800AD6FAC8FAD6B41EF36F0000EAA6F000E22
:106C7800AB6F000EAC6F000EAD6FAA51AB11AC112B
:106C8800AD11D8A44AEF36F04CEF36F064EF36F089
:106C9800000EA66F000EA76F000EA86F000EA96F5A
:106CA800800EA8137F0EA913B651A913A6C5A6F581
:106CB800A7C5A7F5A8C5A8F5A9C5A9F5A4EF37F0F4
:106CC800BD51D8A46AEF36F06CEF36F076EF36F0A7
:106CD800000EA66F000EA76F000EA86F000EA96F1A
:106CE800A4EF37F0BE51BDC5AEF5AF6BAE5F000E79
:106CF800AF5B7F0EAE25B76F000EAF21B86FA6C58C
:106D0800B2F5A7C5B3F5A8C5B4F5A9C5B5F5000E84
:106D1800A66F000EA76F000EA86F000EA96F000ED9
:106D2800B96F000EBA6F000EBB6F000EBC6FBE6B62
:106D3800D6EF36F0BE51D8B4A4EF36F0A6EF36F051
:106D4800BDEF36F0D890B237B337B437B537D890EF
:106D5800A637A737A837A937BCAFB5EF36F0B7EFD6
:106D680036F0B8EF36F0A681D890B937BA37BB37C6
:106D7800BC37AA51B25DAB51B359AC51B459AD51FE
:106D8800B559D8A0CAEF36F0CCEF36F0D5EF36F0CB
:106D9800BC8DAA51B25FAB51B35BAC51B45BAD5182
:106DA800B55BBE2B190EBE65DCEF36F0DEEF36F0B4
:106DB8009EEF36F0B251B311B411B511D8B4E7EF64
:106DC80036F0E9EF36F001EF37F0B98101EF37F02F
:106DD800D890A637A737A837A937BCAFF6EF36F053
:106DE800F8EF36F0F9EF36F0A681D890B937BA3710
:106DF800BB37BC37B707D8A0B807A8AF06EF37F03E
:106E080008EF37F0ECEF36F0BE6BBCAF0EEF37F0A3
:106E180010EF37F034EF37F0FF0EB915AE6FFF0EF5
:106E2800BA15AF6FFF0EBB15B06F7F0EBC15B16FF3
:106E3800AE51AF11B011B111D8B425EF37F027EF2B
:106E480037F02BEF37F0010EBE6F34EF37F0A6A105
:106E580030EF37F032EF37F034EF37F027EF37F015
:106E6800BE51D8B43AEF37F03CEF37F060EF37F067
:106E7800010EA627000EA723A823A923A9A147EF3F
:106E880037F049EF37F060EF37F0A6C5AEF5A7C584
:106E9800AFF5A8C5B0F5A9C5B1F5B135B133B03373
:106EA800AF33AE33AEC5A6F5AFC5A7F5B0C5A8F5E7
:106EB800B1C5A9F5B74BB82BB8BF6BEF37F0B851D0
:106EC80008E1B729D8A06BEF37F06DEF37F078EF0E
:106ED80037F0000EB86FB769000EA66F000EA76FE7
:106EE800000EA86F000EA96FB8BF85EF37F0B85134
:106EF80006E1B705D8B083EF37F085EF37F092EFAA
:106F080037F0000EB86F000EB76F000EA66F000EB8
:106F1800A76F000EA86F000EA96FB66BB7C5BDF5B9
:106F2800BDA199EF37F09BEF37F09EEF37F0A88FB0
:106F38009FEF37F0A89FD890BD31A96F58EF36F072
:106F48001200DBC68BF5DCC68CF5BEC67FF50501E5
:106F5800806B7FBF80077FC581F580C582F5000EF5
:106F680082BFFF0E836F846FDBC663F5DCC664F5F2
:106F7800656B666B0601F3510501676F686B696B9A
:106F88006A6B53EC5EF063C56FF564C570F565C553
:106F980071F566C572F5640E0501736F000E746FA6
:106FA800000E756F000E766F22EC50F005018151CE
:106FB8006F5D8D6F825170598E6F835171598F6FCC
:106FC80084517259906F90BFF7EF37F090518F113D
:106FD8008E1107E1140E8D5DD8B0F5EF37F0F7EF9D
:106FE80037F0FFEF37F0140E8D6F000E8E6F000E26
:106FF8008F6F000E906F0601DB5105017F6F060150
:10700800DC510501806F816B826B8D517F5D8E51E4
:1070180080598F5181598251800A836F9051800A1B
:107028008359D8B01AEF38F01CEF38F022EF38F057
:10703800DBC68DF5DCC68EF58F6B906B8DC543F581
:107048008EC544F5BFC67FF5806B7FBF80077FC5BF
:1070580081F580C582F5000E82BFFF0E836F846FB5
:10706800D9C663F5DAC664F5656B666B0601F2513D
:107078000501676F686B696B6A6B53EC5EF063C5FB
:107088006FF564C570F565C571F566C572F5640E72
:107098000501736F000E746F000E756F000E766F2A
:1070A80022EC50F0050181516F5D8D6F825170594E
:1070B8008E6F835171598F6F84517259906F90BF41
:1070C80073EF38F090518F118E1107E1140E8D5D1A
:1070D800D8B071EF38F073EF38F07BEF38F0140E5A
:1070E8008D6F000E8E6F000E8F6F000E906F060171
:1070F800D95105017F6F0601DA510501806F816B57
:10710800826B8D517F5D8E5180598F51815982518B
:10711800800A836F9051800A8359D8B096EF38F06F
:1071280098EF38F09EEF38F0D9C68DF5DAC68EF5AF
:107138008F6B906B8DC5D7F68EC5D8F60601D751E3
:107148004324D56FD8514420D66FD55105018B5DA6
:107158000601D65105018C59D8B0B5EF38F0B7EF14
:1071680038F0E8EF38F0C0C67FF5806B7FBF800746
:107178007FC581F580C582F5000E82BFFF0E836F43
:10718800846F43500601D55D0501856F44500601A3
:10719800D6590501866F85518B5D876F86518C594D
:1071A800886F896BD8A0890789518A6F8151875D5B
:1071B8008D6F825188598E6F835189598F6F845191
:1071C8008A59906FEEEF38F043C58DF544C58EF5BA
:1071D8008F6B906B90BFFEEF38F090518F118E112E
:1071E80007E1140E8D5DD8B0FCEF38F0FEEF38F0F3
:1071F80006EF39F0140E8D6F000E8E6F000E8F6F34
:10720800000E906F8B517F6F8C51806F816B826BFA
:107218008D517F5D8E5180598F5181598251800ADD
:10722800836F9051800A8359D8B01DEF39F01FEF52
:1072380039F025EF39F08BC58DF58CC58EF58F6B40
:10724800906B8DC5AEF78EC5AFF7AEC77DF5AFC7EE
:107258007EF512000601EF05D8B435EF39F037EFA7
:1072680039F040EF39F0030EEF19D8A43EEF39F0AA
:1072780040EF39F0E7EF39F0000E0501AA6F000E74
:10728800AB6F7A0EAC6F440EAD6F1C0E15EC44F06C
:1072980005016BC598F56CC599F59A6B9B6B000E4B
:1072A800EFEC45F098C5A6F599C5A7F59AC5A8F5D8
:1072B8009BC5A9F5DCEC35F0A6C5BFF5A7C5C0F59B
:1072C800A8C5C1F5A9C5C2F5000E0501C36F000E1A
:1072D800C46F110EC56F430EC66FDEEC2BF0BFC531
:1072E80064F7C0C565F7C1C566F7C2C567F7160E6E
:1072F800D3EC3FF0D8C55AF6D9C55BF6DAC55CF6CB
:10730800DBC55DF664C7C3F565C7C4F566C7C5F5D3
:1073180067C7C6F55AC6BFF55BC6C0F55CC6C1F5FA
:107328005DC6C2F5DEEC2BF0BFC5A6F5C0C5A7F556
:10733800C1C5A8F5C2C5A9F5000E0501AA6F000EC2
:10734800AB6F7A0EAC6F440EAD6FDCEC35F0A6C5B2
:1073580060F7A7C561F7A8C562F7A9C563F7A8C60E
:1073680022F6A9C623F6AAC624F6ABC625F61CEC57
:1073780064F022C65CF723C65DF724C65EF725C60F
:107388005FF7B00E06011C6F070E1D6F5CC71EF677
:107398005DC71FF65EC720F65FC721F660C722F6F5
:1073A80061C723F662C724F663C725F67CEC24F090
:1073B8001CC6CFF61DC6D0F6CFC665F5D0C666F595
:1073C800010E1CEC5EF0020E0601EF19D8B4EFEFC7
:1073D80039F0F1EF39F0FAEF39F0030EEF19D8A4CC
:1073E800F8EF39F0FAEF39F0B3EF3AF0000E050193
:1073F800AA6F000EAB6F7A0EAC6F440EAD6F110E14
:1074080015EC44F005016BC598F56CC599F59A6BB8
:107418009B6B000EEFEC45F098C5A6F599C5A7F54E
:107428009AC5A8F59BC5A9F5DCEC35F0A6C5BFF54E
:10743800A7C5C0F5A8C5C1F5A9C5C2F5000E0501C7
:10744800C36F000EC46F920EC56F420EC66FDEEC9E
:107458002BF0BFC558F7C0C559F7C1C55AF7C2C503
:107468005BF7040ED3EC3FF0D8C55AF6D9C55BF6E6
:10747800DAC55CF6DBC55DF658C7C3F559C7C4F570
:107488005AC7C5F55BC7C6F55AC6BFF55BC6C0F592
:107498005CC6C1F55DC6C2F5DEEC2BF0BFC5A6F52E
:1074A800C0C5A7F5C1C5A8F5C2C5A9F5000E050157
:1074B800AA6F000EAB6F7A0EAC6F440EAD6FDCECAA
:1074C80035F0A6C554F7A7C555F7A8C556F7A9C5F9
:1074D80057F7D7C698F5D8C699F505019A6B9B6BEF
:1074E800000EEFEC45F098C556F699C557F69AC5C3
:1074F80058F69BC559F656C622F657C623F658C6FF
:1075080024F659C625F6FCEC63F022C650F723C6CC
:1075180051F724C652F725C653F7700E06011C6FA3
:10752800080E1D6F50C71EF651C71FF652C720F62A
:1075380053C721F654C722F655C723F656C724F673
:1075480057C725F67CEC24F01CC6CDF61DC6CEF632
:10755800CDC665F5CEC666F5020E1CEC5EF01200CF
:107568003CC767F53DC768F53EC769F53FC76AF58B
:10757800DFEC5CF067C59AF568C59BF569C59CF5B5
:107588006AC59DF538C767F539C768F53AC769F51B
:107598003BC76AF5DFEC5CF067C59EF568C59FF5EB
:1075A80069C5A0F56AC5A1F52C0E15EC44F06BC5AC
:1075B800A2F56CC5A3F55D50D8B4E5EF3AF0E7EF56
:1075C8003AF0FEEF3AF0BBEC68F063C538F764C5F3
:1075D80039F765C53AF766C53BF7BBEC68F063C594
:1075E8003CF764C53DF765C53EF766C53FF7010E34
:1075F800526E5D6A5350D8A404EF3BF006EF3BF09F
:1076080005EF3CF00501A151A0110BE1880E9E5D2C
:10761800130E9F59D8A013EF3BF015EF3BF005EF81
:107628003CF0010E536E05EF3CF05250D8A41FEF0A
:107638003BF021EF3BF035EF3BF09D519C110BE106
:10764800B80E9A5D0B0E9B59D8A02DEF3BF02FEF8B
:107658003BF01FEF3CF00601F56B010E526E1FEF79
:107668003CF05350D8A43BEF3BF03DEF3BF055EFD7
:107678003BF0730EA25D060EA359D8A046EF3BF06F
:1076880048EF3BF055EF3BF0010E546EBBEC68F051
:1076980063C53CF764C53DF765C53EF766C53FF76A
:1076A800526A5304D8A45BEF3BF05DEF3BF01FEF49
:1076B8003CF0350E0501A25D080EA359D8A067EF6E
:1076C8003BF069EF3BF01FEF3CF0010E546EBBEC52
:1076D80068F063C53CF764C53DF765C53EF766C508
:1076E8003FF7526A1FEF3CF05A6A010E0601F56F28
:1076F8005304D8A482EF3BF084EF3BF0B7EF3BF0A4
:10770800A40E0501A25D060EA359D8B08EEF3BF07A
:1077180090EF3BF093EF3BF0546A6BEF3BF0D70EE2
:10772800A25D060EA359D8A09CEF3BF09EEF3BF05C
:107738001FEF3CF03A0EA25D070EA359D8B0A7EF91
:107748003BF0A9EF3BF01FEF3CF0020E546EBBEC90
:1077580068F063C53CF764C53DF765C53EF766C587
:107768003FF71FEF3CF05350D8A4BDEF3BF0BFEFFD
:107778003BF01FEF3CF0A40E0501A25D060EA359D5
:10778800D8B0C9EF3BF0CBEF3BF0CFEF3BF0010EA9
:10779800536E90EF3BF0D70EA25D060EA359D8A00A
:1077A800D8EF3BF0DAEF3BF01FEF3CF03A0EA25D6A
:1077B800070EA359D8B0E3EF3BF0E5EF3BF01FEF1E
:1077C8003CF0A9EF3BF0010E5A6E350EA25D080E93
:1077D800A359D8A0F2EF3BF0F4EF3BF0F8EF3BF001
:1077E800010E546EABEF3BF0A40EA25D060EA3593A
:1077F800D8B001EF3CF003EF3CF01FEF3CF090EF06
:107808003BF054500501986F996B9951000AD8B410
:1078180010EF3CF01FEF3CF09851000AD8B419EF74
:107828003BF0010AD8B478EF3BF0030AD8B4E7EF8D
:107838003BF01FEF3CF012000601F505D8B427EF26
:107848003CF029EF3CF02DEF3CF06CEF3DF06CEF95
:107858003DF0EF51D8A433EF3CF035EF3CF037EF73
:107868003CF06CEF3DF030C767F531C768F532C7BB
:1078780069F533C76AF5DFEC5CF067C523F668C5C0
:1078880024F669C525F66AC526F62CC767F52DC7FF
:1078980068F52EC769F52FC76AF5DFEC5CF067C598
:1078A80027F668C528F669C529F66AC52AF60601C5
:1078B800F351D8B462EF3CF064EF3CF0E2EF3CF0F7
:1078C8001C0EF2EC2DF006011C512D6F2D05D8A4CD
:1078D80070EF3CF072EF3CF09EEF3CF0EB51D8A417
:1078E80078EF3CF07AEF3CF089EF3CF0BBEC68F0C5
:1078F80063C530F764C531F765C532F766C533F738
:10790800010E0601EB6FE2EF3CF0265125110BE169
:10791800E90E235D030E2459D8A095EF3CF097EFAC
:107928003CF0E2EF3CF0000ED46F010ED36FEB6B2E
:10793800E2EF3CF0020E2D19D8A4A5EF3CF0A7EF1A
:107948003CF0D2EF3CF0EA51D8A4ADEF3CF0AFEFF9
:107958003CF0BEEF3CF0BBEC68F063C530F764C5A3
:1079680031F765C532F766C533F7010E0601EA6FD0
:10797800E2EF3CF026512511241109E1C90E235DDF
:10798800D8A0C9EF3CF0CBEF3CF0E2EF3CF0000EA2
:10799800D46F020ED36FEA6BE2EF3CF0D351D411EF
:1079A800D8A4D9EF3CF0DBEF3CF0E2EF3CF0000E5E
:1079B800D46F000ED36FEB6BCFEF3CF0F251D8B41D
:1079C800E8EF3CF0EAEF3CF06CEF3DF0110EF2EC22
:1079D8002DF01CC62BF61DC62CF606012B052C1106
:1079E800D8A4F9EF3CF0FBEF3CF027EF3DF0E9516C
:1079F800D8A401EF3DF003EF3DF012EF3DF0BBECF2
:107A080068F063C52CF764C52DF765C52EF766C504
:107A18002FF7010E0601E96F6CEF3DF02A5129118D
:107A28000BE1E90E275D030E2859D8A01EEF3DF0A3
:107A380020EF3DF02BEF3CF0000ED26F010ED16F1E
:107A4800E96B6CEF3DF0020E2B192C11D8A42FEF27
:107A58003DF031EF3DF05CEF3DF0E851D8A437EF51
:107A68003DF039EF3DF048EF3DF0BBEC68F063C501
:107A78002CF764C52DF765C52EF766C52FF7010EDF
:107A88000601E86F6CEF3DF02A512911281109E130
:107A9800C90E275DD8A053EF3DF055EF3DF06CEFD0
:107AA8003DF0000ED26F020ED16FE86B6CEF3DF027
:107AB800D151D211D8A463EF3DF065EF3DF02BEF23
:107AC8003CF0000ED26F000ED16FE96B59EF3DF01C
:107AD800120040C767F541C768F542C769F543C753
:107AE8006AF5DFEC5CF067C57DF568C57EF569C5AC
:107AF8007FF56AC580F5020E0601F36186EF3DF059
:107B080088EF3DF090EF3DF0010EF2658EEF3DF00D
:107B180090EF3DF089EF3EF05F04D8A496EF3DF07A
:107B280098EF3DF089EF3EF0BBEC68F063C540F795
:107B380064C541F765C542F766C543F7010E5E6E39
:107B48005F6A89EF3EF093EC69F0050180517F117F
:107B58000BE1210E7D5D030E7E59D8A0B6EF3DF0F6
:107B6800B8EF3DF0A7EF3EF0010E0601F365BFEF59
:107B78003DF0C1EF3DF0CCEF3DF0010EF265C7EFEF
:107B88003DF0C9EF3DF0CCEF3DF0020E5E6E586A55
:107B9800010EF365D2EF3DF0D4EF3DF0DFEF3DF09D
:107BA800F251D8A4DAEF3DF0DCEF3DF0DFEF3DF025
:107BB800030E5E6E576AF351D8A4E5EF3DF0E7EF88
:107BC8003DF0F2EF3DF0010EF265EDEF3DF0EFEF25
:107BD8003DF0F2EF3DF0040E5E6E566ABBEC68F0C5
:107BE80063C540F764C541F765C542F766C543F705
:107BF800A7EF3EF046EC56F0010E0601F36507EFDD
:107C08003EF009EF3EF017EF3EF0F251D8A40FEF27
:107C18003EF011EF3EF017EF3EF0020E97EC60F0E9
:107C2800030E5E6E576A0601F351D8A41EEF3EF0AC
:107C380020EF3EF0A7EF3EF0010EF26526EF3EF092
:107C480028EF3EF0A7EF3EF0010E97EC60F0040E2F
:107C58005E6E566AA7EF3EF069EC58F0010E060119
:107C6800F36539EF3EF03BEF3EF046EF3EF0010E94
:107C7800F26541EF3EF043EF3EF046EF3EF0020E74
:107C88005E6E586AF351D8A44CEF3EF04EEF3EF0CA
:107C9800A7EF3EF0010EF26554EF3EF056EF3EF0CE
:107CA800A7EF3EF0010E97EC60F02BEF3EF010ECE2
:107CB80058F0010E0601F36564EF3EF066EF3EF002
:107CC80071EF3EF0010EF2656CEF3EF06EEF3EF0A4
:107CD80071EF3EF0020E5E6E586A010EF36577EFA3
:107CE8003EF079EF3EF0A7EF3EF0F251D8A47FEFD7
:107CF8003EF081EF3EF0A7EF3EF0020E97EC60F009
:107D0800030E5E6E576AA7EF3EF05E5005017B6F6B
:107D18007C6B7C51000AD8B494EF3EF0A7EF3EF09C
:107D28007B51010AD8B4A7EF3DF0030AD8B4FEEF9F
:107D38003DF0010AD8B430EF3EF0070AD8B45BEF43
:107D48003EF0A7EF3EF0120018C767F519C768F5AF
:107D58001AC769F51BC76AF5DFEC5CF067C59EF6C4
:107D680068C59FF669C5A0F66AC5A1F60601A151C6
:107D7800A0119F1109E10B0E9E5DD8A0C6EF3EF041
:107D8800C8EF3EF0D4EF3EF0DF51D8B4CEEF3EF06E
:107D9800D0EF3EF0D4EF3EF0010EE16F89EC69F0D0
:107DA8000601E105D8B4DBEF3EF0DDEF3EF0DFEF92
:107DB8003EF0D2EF3FF0480E0501636F080E646F86
:107DC800C20E656F090E666FDFC667F5686BEBEC70
:107DD80060F00601DF51FE0FA46F480E0501636FC6
:107DE800080E646FA4C665F56AEC5DF063C59CF780
:107DF80064C59DF7490E0601A425D96EDA6A080EF6
:107E0800DA22DF509A6F480EA425D96EDA6A080E76
:107E1800DA22DF509B6F9B519D6F9C6B9A519C257A
:107E280007019A6F0601000E9D2107019B6F9A5169
:107E38009C1909E19B519D19D8B425EF3FF027EF14
:107E48003FF02BEF3FF07AEC62F0D2EF3FF04EC8F4
:107E5800A2F60601DF51F70FA36FA251A319D8B4F8
:107E680038EF3FF03AEF3FF03CEF3FF027EF3FF0BD
:107E7800100E08014919D8A444EF3FF046EF3FF02F
:107E880053EF3FF00E0E4B19D8A44DEF3FF04FEFD4
:107E98003FF053EF3FF050C8F3F652C8F2F6AA0E7F
:107EA8004819D8A45AEF3FF05CEF3FF027EF3FF0B6
:107EB8005A0E4919D8A463EF3FF065EF3FF027EF5A
:107EC8003FF0BFEF3FF04A05D8A46DEF3FF06FEFEA
:107ED8003FF076EF3FF0480E0601796F080E7A6F93
:107EE80055EC4DF0020E08014A19D8A47EEF3FF078
:107EF80080EF3FF027EF3FF0480E0601796F080E3C
:107F08007A6FCBEC46F027EF3FF0020E4A19D8A45F
:107F180090EF3FF092EF3FF027EF3FF0480E060159
:107F2800796F080E7A6F25EC52F027EF3FF0020EBA
:107F38004A19D8A4A2EF3FF0A4EF3FF027EF3FF093
:107F4800480E0601796F080E7A6F0CEC43F027EFA4
:107F58003FF0020E4A19D8A4B4EF3FF0B6EF3FF055
:107F680027EF3FF0480E0601796F080E7A6F5EEC36
:107F780048F027EF3FF04B51010AD8B467EF3FF0C4
:107F8800160AD8B489EF3FF0400AD8B49BEF3FF007
:107F98000F0AD8B4ADEF3FF027EF3FF0120005010C
:107FA800F46F160E0501F419D8A4DDEF3FF0DFEFEA
:107FB8003FF058EF40F0160E15EC44F06BC5ECF5A9
:107FC8006CC5EDF5000E0501AA6FF00EAB6F7F0EC4
:107FD800AC6F450EAD6FECC598F5EDC599F5000E83
:107FE80099BFFF0E9A6F9B6F010EEFEC45F098C595
:107FF800A6F599C5A7F59AC5A8F59BC5A9F5DCEC22
:1080080035F0A6C5BFF5A7C5C0F5A8C5C1F5A9C572
:10801800C2F53D0E0501C36F0A0EC46F830EC56F0E
:10802800400EC66FDEEC2BF0BFC5DCF5C0C5DDF534
:10803800C1C5DEF5C2C5DFF5D60E0501E06F0D0E30
:10804800E16FA60EE26F3D0EE36FE0C5C3F5E1C533
:10805800C4F5E2C5C5F5E3C5C6F5DCC5BFF5DDC5A4
:10806800C0F5DEC5C1F5DFC5C2F5DEEC2BF0BFC536
:10807800A6F5C0C5A7F5C1C5A8F5C2C5A9F5CD0E19
:108088000501AA6FCC0EAB6FCC0EAC6F3D0EAD6F79
:10809800DCEC35F0A6C5F0F5A7C5F1F5A8C5F2F5F5
:1080A800A9C5F3F5D8EF40F0040EF419D8A45FEF92
:1080B80040F061EF40F0D8EF40F0040E15EC44F0CA
:1080C8006BC5EEF56CC5EFF5000E0501AA6FF00E55
:1080D800AB6F7F0EAC6F450EAD6FEEC598F5EFC573
:1080E80099F5000E99BFFF0E9A6F9B6F010EEFEC8A
:1080F80045F098C5A6F599C5A7F59AC5A8F59BC5F5
:10810800A9F5DCEC35F0A6C5BFF5A7C5C0F5A8C52F
:10811800C1F5A9C5C2F56F0E0501C36F120EC46F74
:10812800830EC56F400EC66FDEEC2BF0BFC5E4F5BD
:10813800C0C5E5F5C1C5E6F5C2C5E7F5420E0501BE
:10814800E86F110EE96F8A0EEA6F3D0EEB6FE8C516
:10815800C3F5E9C5C4F5EAC5C5F5EBC5C6F5E4C57B
:10816800BFF5E5C5C0F5E6C5C1F5E7C5C2F5DEEC66
:108178002BF0BFC5A6F5C0C5A7F5C1C5A8F5C2C5F2
:10818800A9F5CD0E0501AA6FCC0EAB6F4C0EAC6FE6
:108198003E0EAD6FDCEC35F0A6C5F0F5A7C5F1F5E0
:1081A800A8C5F2F5A9C5F3F5F0C5BFF5F1C5C0F549
:1081B800F2C5C1F5F3C5C2F5000E0501C36F000E87
:1081C800C46F7A0EC56F440EC66FDEEC2BF0BFC5C8
:1081D800D8F5C0C5D9F5C1C5DAF5C2C5DBF51200B9
:1081E800000E0501AA6F000EAB6F7A0EAC6F440E3D
:1081F800AD6F1C0E15EC44F005016BC598F56CC508
:1082080099F59A6B9B6B000EEFEC45F098C5A6F5B7
:1082180099C5A7F59AC5A8F59BC5A9F5DCEC35F075
:10822800A6C5BFF5A7C5C0F5A8C5C1F5A9C5C2F5BE
:10823800000E0501C36F000EC46F110EC56F430E0B
:10824800C66FDEEC2BF0BFC564F7C0C565F7C1C5C6
:1082580066F7C2C567F7000E0501AA6F000EAB6F7F
:108268007A0EAC6F440EAD6F110E15EC44F005019B
:108278006BC598F56CC599F59A6B9B6B000EEFEC86
:1082880045F098C5A6F599C5A7F59AC5A8F59BC563
:10829800A9F5DCEC35F0A6C5BFF5A7C5C0F5A8C59E
:1082A800C1F5A9C5C2F5000E0501C36F000EC46F64
:1082B800920EC56F420EC66FDEEC2BF0BFC558F7A5
:1082C800C0C559F7C1C55AF7C2C55BF7E20E06012A
:1082D800676F3D0E686F2C0E15EC44F06BC569F6A0
:1082E8006CC56AF6BBEC66F06D0E0601676F3D0E55
:1082F800686F160ED3EC3FF0D8C569F6D9C56AF693
:10830800DAC56BF6DBC56CF664C76DF665C76EF645
:1083180066C76FF667C770F660C771F661C772F611
:1083280062C773F663C774F6CFC675F6D0C676F61D
:10833800BBEC66F0910E0601676F3D0E686F040E88
:10834800D3EC3FF0D8C569F6D9C56AF6DAC56BF63D
:10835800DBC56CF658C76DF659C76EF65AC76FF687
:108368005BC770F654C771F655C772F656C773F6F1
:1083780057C774F6CDC675F6CEC676F6BBEC66F072
:10838800B50E0601676F3D0E686FA8C669F6A9C6E7
:108398006AF6AAC66BF6ABC66CF6F3C66DF66E6BDC
:1083A800F2C66FF6706BBBEC66F0EE0E0601676FF7
:1083B8003D0E686FF0C669F66A6BBBEC66F0D40ECA
:1083C8000601676F3D0E686F28C769F629C76AF608
:1083D8002AC76BF62BC76CF6BBEC66F0F90E0601E4
:1083E800676F3D0E686F1C0E15EC44F06BC569F69F
:1083F8006CC56AF6BBEC66F0120000C7CFF501C782
:10840800D0F502C7D1F503C7D2F5BFC5CFF5C0C5B2
:10841800D0F5C1C5D1F5C2C5D2F5810E0501C36F2E
:10842800FF0EC46FCFC5C5F5D0C5C6F5D1C5C7F514
:10843800D2C5C8F5180E26EF42F0D890C833C73316
:10844800C633C533E82E21EF42F0C551C325CD6FA1
:10845800000EC421CE6FCEBF3BEF42F0CE5109E1F2
:10846800170ECD5DD8A03BEF42F03DEF42F047EF4D
:1084780042F0BFC5BFF5C0C5C0F5C1C5C1F5C2C58D
:10848800C2F50BEF43F0CEBF4CEF42F04EEF42F097
:10849800BFEF42F0CDC5C3F5FF0EC46FFF0EC56F29
:1084A8007F0EC66F000EC76FC3675DEF42F065EFC2
:1084B80042F0C735C733C633C533C433C32F58EF6B
:1084C80042F0C4C5C9F5C5C5CAF5C6C5CBF5C7C50B
:1084D800CCF50501C951CF15C36FCA51D015C46F6A
:1084E800CB51D115C56FCC51D215C66FC351C4112C
:1084F800C511C611D8A483EF42F085EF42F087EF8B
:1085080042F03DEF42F0CFC5C3F5D0C5C4F5D1C5A3
:10851800C5F5D2C5C6F5200E97EF42F0D890C63300
:10852800C533C433C333E82E92EF42F0C351C411AC
:10853800C511C611D8B4A3EF42F0A5EF42F0ADEFD4
:1085480042F0C951CF27CA51D023CB51D123CC51A6
:10855800D223C91DC36FCA1DC46FCB1DC56FCC1DE7
:10856800C66FC351CF17C451D017C551D117C651C3
:10857800D21703EF43F0CFC5C3F5D0C5C4F5D1C5B5
:10858800C5F5D2C5C6F5200ECFEF42F0D890C63358
:10859800C533C433C333E82ECAEF42F0C351C41104
:1085A800C511C611D8A4DBEF42F0DDEF42F0E7EFCA
:1085B80042F0000ECF6F000ED06F000ED16F000E8C
:1085C800D26F03EF43F0D890CF35C36FD035C46F67
:1085D800D135C56FD235C66FC351C411C511C61187
:1085E800D8B4F9EF42F0FBEF42F003EF43F0000E8E
:1085F800CF6F000ED06F800ED16FBF0ED26FCFC578
:10860800BFF5D0C5C0F5D1C5C1F5D2C5C2F51200B8
:1086180021EE7CF2100EDE6AE806FDE27C0E050112
:10862800636F060E646F79C665F57AC666F5000E47
:10863800686F110E676FEBEC60F006018305D8A434
:1086480028EF43F02AEF43F04BEF43F0040E050107
:108658006B6F000E6C6F000E6D6F84C66EF5E1ECEB
:108668005DF0150E06017B6FC60EE82EFED77B2F38
:10867800FCD70000040E0501696F000E6A6F000E3A
:108688006B6FE7EC62F00601BE6F74EF43F0020E09
:108698008319D8A452EF43F054EF43F074EF43F03A
:1086A800040E05016B6F000E6C6F000E6D6F84C6B3
:1086B8006EF5E1EC5DF0150E06017B6FC60EE82E37
:1086C800FED77B2FFCD70000040E0501696F000E52
:1086D8006A6F000E6B6FE7EC62F000080601BE6F70
:1086E8008505D8A47AEF43F07CEF43F09DEF43F083
:1086F800050E05016B6F000E6C6F000E6D6F86C660
:108708006EF5E1EC5DF0150E06017B6FC60EE82EE6
:10871800FED77B2FFCD70000050E0501696F000E00
:108728006A6F000E6B6FE7EC62F00601BF6FC6EF71
:1087380043F0020E8519D8A4A4EF43F0A6EF43F046
:10874800C6EF43F0050E05016B6F000E6C6F000E4F
:108758006D6F86C66EF5E1EC5DF0150E06017B6F58
:10876800C60EE82EFED77B2FFCD70000050E0501AC
:10877800696F000E6A6F000E6B6FE7EC62F000081D
:108788000601BF6F550E7C6F7C0E0501636F060EE8
:10879800646F0F0E656F6AEC5DF063C58DF664C596
:1087A8008EF68DC68CF606018E518B6F8F6BFE0E82
:1087B800676F3D0E686F7C0E8F25D96EDA6A060EDC
:1087C800DA22DF507B6F7B51696F6A6BBBEC66F016
:1087D800100E06018F61F3EF43F0F5EF43F0FBEF66
:1087E80043F0D20E676F3D0E686FBBEC66F0060172
:1087F8008F2B100E8F6503EF44F005EF44F0DBEF8D
:1088080043F07C0E0501636F060E646F000E656F02
:10881800000E666F000E686F110E676FEBEC60F06C
:10882800120005018B6F000E0501936F000E926F09
:108838008B5197EC64F0D89005019235D96E933539
:10884800DA6E730ED926050EDA2263C5DEF464C526
:10885800DDF4924B932B93BF3BEF44F0935109E126
:108868000C0E925DD8A03BEF44F03DEF44F01CEFB6
:1088780044F0000E916F000E906F000E956F000E81
:10888800946F000E976F000E966FB2EF44F0D89079
:108898009635D96E9735DA6E730ED926050EDA221B
:1088A80096C56FF597C570F5D8906F377037020E7B
:1088B8006F27000E7023730E6F25E16E050E702171
:1088C800E26EDE50E65CDE50E658D8B06EEF44F05B
:1088D80070EF44F0B0EF44F0D8909635D96E9735E4
:1088E800DA6E730ED926050EDA22DEC48CF5DDC4E5
:1088F8008DF596C56DF597C56EF5D8906D376E37C1
:10890800020E6D27000E6E23730E6D25D96E050EAF
:108918006E21DA6ED8909635E16E9735E26E730E59
:10892800E126050EE222DEC4E6F4DDC4E5F496C5D0
:108938006DF597C56EF5D8906D376E37020E6D27B9
:10894800000E6E23730E6D25D96E050E6E21DA6E3C
:108958008CC5DEF48DC5DDF4964B972B0B0E6D6F31
:10896800000E6E6F94516D5F95516E5B6D51965D03
:108978009751800A6F6F6E51800A6F59D8A0C7EF60
:1089880044F0C9EF44F04BEF44F0944B952B95BF5E
:10899800D7EF44F0955109E10B0E945DD8A0D7EFBD
:1089A80044F0D9EF44F045EF44F0000E956F020E05
:1089B800946FD8909435D96E9535DA6E730ED926A2
:1089C800050EDA22DE509027DD509123944B952B2B
:1089D80095BFF8EF44F0955109E10A0E945DD8A0CF
:1089E800F8EF44F0FAEF44F0DDEF44F090C563F59A
:1089F80091C564F5000E666F080E656F24EC55F09E
:108A080063C58EF564C58FF58EC56BF58FC56CF59E
:108A18001200050183BF13EF45F016EF45F0010E74
:108A280017EF45F0000E8A6F0601C4BF1EEF45F030
:108A380020EF45F021EF45F0DD93C4BF28EF45F066
:108A480026EF45F02FEF45F0000E0501876F010E68
:108A5800866F33EF45F0C3C686F5C4C687F5C1C631
:108A680088F5C2C689F505018A51D8B43EEF45F0AC
:108A780040EF45F057EF45F08807D8A089078A519D
:108A8800D8A449EF45F04BEF45F051EF45F0000E03
:108A9800856F2B0E846F55EF45F0000E856F2D0EF8
:108AA800846F84C58AF5000E8C6F4F0E8B6F090199
:108AB800C16B91EF45F005018B07D8A08C07720EAA
:108AC8008B25D96E090E8C21DA6E82C563F583C5B4
:108AD80064F5000E666F0A0E656FC2EC58F063C548
:108AE80069F564C56AF57DEC65F005016951300FDB
:108AF800DF6E8607D8A087078807D8A0890782C5B0
:108B080063F583C564F5000E666F0A0E656F24EC85
:108B180055F063C582F564C583F505018CBF9DEFEB
:108B280045F08C5108E18B05D8A09DEF45F09FEFEB
:108B380045F0CAEF45F082518311D8A4A6EF45F05D
:108B4800A8EF45F05FEF45F087BFB5EF45F08751D7
:108B580006E18605D8B0B3EF45F0B5EF45F05FEF15
:108B680045F089BFC0EF45F0895108E18805D8A0D4
:108B7800C0EF45F0C2EF45F0CAEF45F00601DDB39E
:108B8800C8EF45F0CAEF45F05FEF45F005018A519F
:108B9800D8B4D1EF45F0D3EF45F0DEEF45F08B07C1
:108BA800D8A08C07720E8B25D96E090E8C21DA6E2F
:108BB8008AC5DFF480C577F581C578F5720E8B25F7
:108BC800796F090E8C217A6F88C57BF589C57CF58C
:108BD8001EEC5AF012000501A06F0501A051D8B48F
:108BE800F8EF45F0FAEF45F01CEF46F09BBF01EFB8
:108BF80046F0FFEF45F01CEF46F098C59CF599C587
:108C08009DF59AC59EF59BC59FF59C1F9D1F9E1FB0
:108C18009F1F9C2B000E9D239E239F239CC5A2F57E
:108C28009DC5A3F59EC5A4F59FC5A5F524EF46F0FF
:108C380098C5A2F599C5A3F59AC5A4F59BC5A5F550
:108C4800985199119A119B11D8A42DEF46F02FEF46
:108C580046F039EF46F0000E986F000E996F000E3F
:108C68009A6F000E9B6FCAEF46F0960EA16F43EF06
:108C780046F0A12BD890A533A433A333A233000E1A
:108C8800A2159C6F000EA3159D6F000EA4159E6F74
:108C9800FE0EA5159F6F9C519D119E119F11D8A482
:108CA80058EF46F05AEF46F03DEF46F068EF46F0D1
:108CB800A12B010EA227000EA323A423A523D8903D
:108CC800A533A433A333A233000EA2159C6F000E64
:108CD800A3159D6F000EA4159E6FFF0EA5159F6F1F
:108CE8009C519D119E119F11D8A47DEF46F07FEFF6
:108CF80046F05CEF46F087EF46F0A107D890A23720
:108D0800A337A437A537A4BF8CEF46F08EEF46F003
:108D180096EF46F0020EA16194EF46F096EF46F00A
:108D280081EF46F0A1B19BEF46F09DEF46F09EEF34
:108D380046F0A49FD890A133A1C59CF59D6B9E6B6E
:108D48009F6B9CC59FF59E6B9D6B9C6B9C51A21362
:108D58009D51A3139E51A4139F51A513A051D8B49C
:108D6800B8EF46F0BAEF46F0C2EF46F09BBFC1EF4E
:108D780046F0BFEF46F0C2EF46F0A58FA2C598F5C2
:108D8800A3C599F5A4C59AF5A5C59BF51200000ED3
:108D980006018E6F000E8F6F000E906F000E916FA0
:108DA80021EE7DF2100EDE6AE806FDE27D0E050179
:108DB800636F060E646F79C665F57AC666F5000EB0
:108DC800686F110E676FEBEC60F00601986B9851B5
:108DD8007B6F7C6B070E7B27000E7C237D0E7B252B
:108DE800D96E060E7C21DA6E8E0E9825E16EE26A47
:108DF800060EE222DFC4E7F4150E06017B6FC60EED
:108E0800E82EFED77B2FFCD700000601982B030E17
:108E1800986511EF47F013EF47F0EBEF46F08E0E31
:108E28000501BF6F060EC06F040EC16F540E49ECEA
:108E380066F0D00E06017B6FC90EE82EFED77B2F99
:108E4800FCD700D0550E06017D6F040E0501786F22
:108E5800540EEEEC64F078C592F679C593F6840E5C
:108E68000501636F060E646F92C665F593C666F5D5
:108E7800000E686F040E676FEBEC60F0030E0501DF
:108E8800786F5C0EEEEC64F078C594F679C595F6CB
:108E9800060120EE02F09451D9269551DA22DF50CE
:108EA800886F7D0E0501636F060E646F0F0E656F88
:108EB8006AEC5DF063C596F664C597F696C68DF6BE
:108EC800060197518C6F996BFE0E676F3D0E686FA8
:108ED8007D0E9925D96EDA6A060EDA22DF507B6F8D
:108EE8007B51696F6A6BBBEC66F0100E06019961E5
:108EF80080EF47F082EF47F088EF47F0D20E676FB8
:108F08003D0E686FBBEC66F00601992B100E996553
:108F180090EF47F092EF47F068EF47F07D0E0501BC
:108F2800636F060E646F000E666F000E656F000EAD
:108F3800686F110E676F7AEC64F012004B50020DE7
:108F4800000EF324D96E080EF420DA6EDE6ADD6AAC
:108F58000201B2A7B2EF47F0B4EF47F0D6EF47F0FF
:108F68004B50020D000EF324D96E080EF420DA6E71
:108F78000801DF8207017A517B117C11D8B4C7EF51
:108F880047F0C9EF47F0D6EF47F002D8D6EF47F0E1
:108F98000500FA6E7A51FD6E7B51FE6E7C51FF6EB4
:108FA800FA5012000201B2A3DCEF47F0DEEF47F0FF
:108FB80000EF48F04B50020D000EF324D96E080E56
:108FC800F420DA6E0801DF840701775178117911EE
:108FD800D8B4F1EF47F0F3EF47F000EF48F002D8CC
:108FE80000EF48F00500FA6E7751FD6E7851FE6E7D
:108FF8007951FF6EFA5012000201B2AD06EF48F047
:1090080008EF48F02AEF48F04B50020D000EF32409
:10901800D96E080EF420DA6E0801DF80070174515A
:1090280075117611D8B41BEF48F01DEF48F02AEF00
:1090380048F002D82AEF48F00500FA6E7451FD6E28
:109048007551FE6E7651FF6EFA501200A1C224F5DA
:109058004B281F0B256E4A502518D8A436EF48F028
:1090680038EF48F03AEF48F045EF48F0480E4B2407
:10907800D96EDA6A0A0EDA2224C5DFF425C54BF563
:10908800492A0701685169116A11D8B44EEF48F0AE
:1090980050EF48F05DEF48F002D85DEF48F005006A
:1090A800FA6E6851FD6E6951FE6E6A51FF6EFA5094
:1090B8001200120021EE7CF2100EDE6AE806FDE2D4
:1090C8007C0E0501636F060E646F79C665F57AC676
:1090D80066F5000E686F110E676FEBEC60F0060125
:1090E8008305D8A47AEF48F07CEF48F09DEF48F06C
:1090F800060E05016B6F000E6C6F000E6D6F84C657
:109108006EF5E1EC5DF0150E06017B6FC60EE82EDC
:10911800FED77B2FFCD70000060E0501696F000EF5
:109128006A6F000E6B6FE7EC62F00601C06FC6EF66
:1091380048F0020E8319D8A4A4EF48F0A6EF48F02F
:10914800C6EF48F0060E05016B6F000E6C6F000E3F
:109158006D6F84C66EF5E1EC5DF0150E06017B6F50
:10916800C60EE82EFED77B2FFCD70000060E0501A1
:10917800696F000E6A6F000E6B6FE7EC62F0000813
:109188000601C06F550E7C6F7C0E0501636F060EDD
:10919800646F0F0E656F6AEC5DF063C58DF664C58C
:1091A8008EF68DC68CF606018E518B6F8F6BFE0E78
:1091B800676F3D0E686F7C0E8F25D96EDA6A060ED2
:1091C800DA22DF507B6F7B51696F6A6BBBEC66F00C
:1091D800100E06018F61F3EF48F0F5EF48F0FBEF52
:1091E80048F0D20E676F3D0E686FBBEC66F0060163
:1091F8008F2B100E8F6503EF49F005EF49F0DBEF79
:1092080048F07C0E0501636F060E646F000E656FF3
:10921800000E666F000E686F110E676FEBEC60F062
:109228001200F80E0501696F030E6A6F000E6B6F6E
:10923800E7EC62F00501786FF90E696F030E6A6F4B
:10924800000E6B6FE7EC62F00501796FFA0E696F3B
:10925800030E6A6F000E6B6FE7EC62F005017A6F20
:10926800FB0E696F030E6A6F000E6B6FE7EC62F01E
:1092780005017B6FFC0E696F030E6A6F000E6B6F42
:10928800E7EC62F005017C6FFD0E696F030E6A6FF3
:10929800000E6B6FE7EC62F005017D6F060E781922
:1092A800D8A459EF49F05BEF49F087EF49F0050E74
:1092B8007919D8A462EF49F064EF49F087EF49F0D3
:1092C800040E7A19D8A46BEF49F06DEF49F087EFD7
:1092D80049F0030E7B19D8A474EF49F076EF49F0F2
:1092E80087EF49F0020E7C19D8A47DEF49F07FEF93
:1092F80049F087EF49F07D05D8B485EF49F087EF4D
:1093080049F08AEF49F0000EC3EF49F0FE0E696F8D
:10931800030E6A6F000E6B6FE7EC62F00501766F63
:10932800FF0E696F030E6A6F000E6B6FE7EC62F059
:109338000501776F775176C570F5716B70C571F55A
:10934800706B7011726F7151736F780E636F050EC9
:10935800646F060E656FC2EC60F063C574F564C592
:1093680075F505017451721907E175517319D8A47F
:10937800C0EF49F0C2EF49F087EF49F0010E120043
:109388000601C4BFCAEF49F0CCEF49F0CDEF49F070
:10939800DD93C4BFD4EF49F0D2EF49F0DBEF49F0D9
:1093A800000E0501886F010E876FDFEF49F0C3C615
:1093B80087F5C4C688F5C1C689F5C2C68AF5000E08
:1093C80005018D6F4F0E8C6F0901C16B1FEF4AF0BD
:1093D80005018C07D8A08D0782510F0B8B6F0A0EE1
:1093E8008B61F9EF49F0FBEF49F0FFEF49F0300EE0
:1093F8008B2701EF4AF0370E8B27720E8C25D96E1A
:10940800090E8D21DA6E8BC5DFF48707D8A088078F
:109418008907D8A08A0782C584F583C585F5040E17
:10942800866FD89085338433862F15EF4AF084C52C
:1094380082F585C583F505018DBF2CEF4AF08D5166
:1094480009E1020E8C5DD8A02CEF4AF02EEF4AF00D
:1094580059EF4AF082518311D8A435EF4AF037EF1B
:109468004AF0ECEF49F088BF44EF4AF0885106E132
:109478008705D8B042EF4AF044EF4AF0ECEF49F0E4
:109488008ABF4FEF4AF08A5108E18905D8A04FEF0B
:109498004AF051EF4AF059EF4AF00601DDB357EFB1
:1094A8004AF059EF4AF0ECEF49F080C577F581C5ED
:1094B80078F5720E05018C25796F090E8D217A6F6A
:1094C80089C57BF58AC57CF51EEC5AF01200000EA2
:1094D8000501656F570E646FF30E666F070E676FB1
:1094E800000E696F020E686F14EC60F00009D8B4C2
:1094F80080EF4AF082EF4AF06BEF4AF0000E050168
:10950800656F570E646F5C0E666F050E676F000E11
:10951800696F010E686F40EC60F00009D8B497EFEE
:109528004AF099EF4AF082EF4AF0680E05016B6F36
:10953800E40EE82EFED76B2FFCD700005CC550F573
:10954800680E05016B6FE40EE82EFED76B2FFCD773
:109558000000C00E5018D8A4B4EF4AF0B6EF4AF095
:10956800B8EF4AF0F8EF4AF0000E0501656F570EA4
:10957800646FEA0E666F090E676F000E696F130E4F
:10958800686F14EC60F00009D8B4CDEF4AF0CFEF63
:109598004AF0B8EF4AF0680E05016B6FE40EE82E4A
:1095A800FED76B2FFCD70000000E0501656F570E24
:1095B800646FF30E666F070E676F000E696F030E18
:1095C800686F40EC60F00009D8B4EDEF4AF0EFEFB7
:1095D8004AF0D8EF4AF02A0E05016B6F8D0EE82E7F
:1095E800FED76B2FFCD700D0D00E05016B6FC90ECC
:1095F800E82EFED76B2FFCD700D01200050120EE15
:1096080003F07851D9267951DA22DF50636F20EEC2
:1096180002F07851D9267951DA22DF5028EC5DF032
:1096280063C547F564C548F5570E475C030E4858AF
:10963800D8A021EF4BF023EF4BF027EF4BF0030EB0
:10964800486E570E476EF40E475C010E4858D8B066
:1096580030EF4BF032EF4BF036EF4BF0010E486E27
:10966800F40E476E47C5DBF648C5DCF678C5D9F475
:1096780079C5DAF4DF500601F36F630EF36547EF3F
:109688004BF049EF4BF04BEF4BF0640EF36F0501D5
:1096980020EE07F07851D9267951DA22DF50636F2E
:1096A80020EE06F07851D9267951DA22DF5028ECDD
:1096B8005DF063C545F564C546F52C0E455C010EA5
:1096C8004658D8A06AEF4BF06CEF4BF070EF4BF0B8
:1096D800010E466E2C0E456E465007E1640E455C41
:1096E800D8B079EF4BF07BEF4BF07FEF4BF0000EEB
:1096F800466E640E456E45C5D9F646C5DAF60501CF
:1097080020EE04F07851D9267951DA22DF5006018B
:10971800F26F630EF26593EF4BF095EF4BF097EF16
:109728004BF0640EF26F1200000E060100150501E1
:10973800E86F000E060101150501E96F800E0601AC
:1097480002150501EA6F7F0E060103150501EB6F8F
:10975800E851E911EA11EB11D8A4B5EF4BF0B7EFD6
:109768004BF0C0EF4BF0000E0601006F000E016FCA
:10977800000E026F000E036F000E060104150501AE
:10978800E86F000E060105150501E96F800E060158
:1097980006150501EA6F7F0E060107150501EB6F37
:1097A800E851E911EA11EB11D8A4DDEF4BF0DFEF36
:1097B8004BF0E8EF4BF0000E0601046F000E056F4A
:1097C800000E066F000E076F060103AFEEEF4BF0B9
:1097D800F0EF4BF0F9EF4BF0006D011FD8B0012B03
:1097E800021FD8B0022B800E035707AFFEEF4BF0D5
:1097F80000EF4CF009EF4CF0046D051FD8B0052BB5
:10980800061FD8B0062B800E0757000E001B000E4F
:10981800011B000E021B800E031B000E041B000E12
:10982800051B000E061B800E071B0451005D055129
:1098380001590651025907510359D8B026EF4CF087
:1098480028EF4CF02BEF4CF0D8902CEF4CF0D88050
:10985800120008C663F509C664F50AC665F50BC6A5
:1098680066F528EC51F0050163516411D8A43FEF67
:109878004CF041EF4CF04BEF4CF00CC608F60DC61F
:1098880009F60EC60AF60FC60BF6C0EF4CF00CC66A
:1098980063F50DC664F50EC665F50FC666F528ECCA
:1098A80051F0050163516411D8A45DEF4CF05FEFEE
:1098B8004CF069EF4CF008C608F609C609F60AC666
:1098C8000AF60BC60BF6C0EF4CF008C663F509C6DE
:1098D80064F50AC665F50BC666F514EC61F063C558
:1098E800ECF564C5EDF50CC663F50DC664F50EC65A
:1098F80065F50FC666F514EC61F005016351EC19C6
:1099080009E16451ED19D8B48CEF4CF08EEF4CF0AE
:10991800A4EF4CF008C663F509C664F50AC665F5F8
:109928000BC666F514EC61F0050163516411D8A407
:10993800A0EF4CF0A2EF4CF05FEF4CF041EF4CF091
:1099480008C600F609C601F60AC602F60BC603F6F3
:109958000CC604F60DC605F60EC606F60FC607F6C3
:1099680098EC4BF00601D8A0BCEF4CF0BEEF4CF0E1
:109978005FEF4CF041EF4CF0120010C663F511C6D2
:1099880064F512C665F513C666F528EC51F00501B5
:1099980063516411D8A4D3EF4CF0D5EF4CF0DFEF4E
:1099A8004CF014C610F615C611F616C612F617C6F0
:1099B80013F654EF4DF014C663F515C664F516C6D4
:1099C80065F517C666F528EC51F005016351641179
:1099D800D8A4F1EF4CF0F3EF4CF0FDEF4CF010C6CB
:1099E80010F611C611F612C612F613C613F654EF86
:1099F8004DF010C663F511C664F512C665F513C6B9
:109A080066F514EC61F063C5EEF564C5EFF514C6B0
:109A180063F515C664F516C665F517C666F514EC44
:109A280061F005016351EE1909E16451EF19D8B4E9
:109A380020EF4DF022EF4DF038EF4DF010C663F5F2
:109A480011C664F512C665F513C666F514EC61F027
:109A5800050163516411D8A434EF4DF036EF4DF091
:109A6800D5EF4CF0F3EF4CF010C600F611C601F636
:109A780012C602F613C603F614C604F615C605F692
:109A880016C606F617C607F698EC4BF00601D8A0DE
:109A980050EF4DF052EF4DF0D5EF4CF0F3EF4CF0A6
:109AA800120021EE7CF2100EDE6AE806FDE27C0E62
:109AB8000501636F060E646F79C665F57AC666F5AB
:109AC800000E686F110E676FEBEC60F0550E060123
:109AD8007C6F040E0501786F540EEEEC64F078C5C7
:109AE8008DF679C58EF6830E0501636F060E646FD9
:109AF8008DC665F58EC666F5000E686F040E676F35
:109B0800EBEC60F0030E0501786F5C0EEEEC64F090
:109B180078C58FF679C590F6060120EE02F08F51D0
:109B2800D9269051DA22DF50876F7C0E0501636FCA
:109B3800060E646F0F0E656F6AEC5DF063C591F6F3
:109B480064C592F691C68CF6060192518B6F936BA1
:109B5800FE0E676F3D0E686F7C0E9325D96EDA6A2C
:109B6800060EDA22DF507B6F7B51696F6A6BBBECA4
:109B780066F0100E06019361C4EF4DF0C6EF4DF08C
:109B8800CCEF4DF0D20E676F3D0E686FBBEC66F000
:109B98000601932B100E9365D4EF4DF0D6EF4DF0E0
:109BA800ACEF4DF07C0E0501636F060E646F000E7E
:109BB800666F000E656F000E686F110E676F7AECA6
:109BC80064F0120063C5D9F464C5DAF465C5DFF43E
:109BD800050120EE01F06351D9266451DA2266C5E9
:109BE800DEF467C5DEF468C5DEF469C5DEF420EE90
:109BF80005F06351D9266451DA226AC5DEF46BC5D3
:109C0800DEF46CC5DEF46DC5DEF420EE09F06351B8
:109C1800D9266451DA226EC5DEF46FC5DEF470C54C
:109C2800DEF471C5DEF420EE15F06351D9266451D7
:109C3800DA2272C5DEF473C5DEF474C5DEF475C5C8
:109C4800DEF420EE19F06351D9266451DA2276C584
:109C5800DEF477C5DEF478C5DEF479C5DEF420EEEF
:109C68000DF06351D9266451DA22000EDE6E000E23
:109C7800DE6E480EDE6E440EDD6E20EE11F063518E
:109C8800D9266451DA22000EDE6E000EDE6E480E12
:109C9800DE6EC40EDD6E20EE1DF06351D9266451D0
:109CA800DA22000EDE6E000EDE6E000EDE6E000E94
:109CB800DD6E20EE21F06351D9266451DA22000EC0
:109CC800DE6E000EDE6E000EDE6E000EDD6E20EE25
:109CD80025F06351D9266451DA227AC5DEF47BC5B2
:109CE800DDF41200C80E0501746F000E756F000ECA
:109CF800766F000E776F6C51726F6BC573F5A1EFBD
:109D08004EF005017451751176117711D8A48FEFB3
:109D18004EF091EF4EF093EF4EF005EF4FF07407D1
:109D2800000E755B765B775B150E0501706FC60ECE
:109D3800E82EFED7702FFCD70000000E0501656FD6
:109D4800530E646F720E666F050E676F000E696FB3
:109D5800020E686F14EC60F00009D8B4B6EF4EF04C
:109D6800B8EF4EF085EF4EF0C80E0501746F000E87
:109D7800756F000E766F000E776FDFEF4EF00501FE
:109D88007451751176117711D8A4CDEF4EF0CFEF3D
:109D98004EF0D1EF4EF005EF4FF07407000E755BF3
:109DA800765B775B150E0501706FC60EE82EFED741
:109DB800702FFCD70000000E0501656F530E646F0D
:109DC8006DC566F56EC567F5020E6F25686F696B20
:109DD800000E692340EC60F00009D8B4F6EF4EF0AD
:109DE800F8EF4EF0C3EF4EF0090E0501716F1E0E2D
:109DF800706FE40EE82EFED7702FFCD7712FFAD7BC
:109E08000000120060EC5BF0556E5550D8B40FEFAF
:109E18004FF011EF4FF04EEF4FF05504D8A417EF65
:109E28004FF019EF4FF01EEF4FF0030E97EC60F074
:109E380094EF4FF0020E5518D8A425EF4FF027EFF6
:109E48004FF035EF4FF0010E0601F3652EEF4FF09E
:109E580030EF4FF035EF4FF0010E97EC60F050EF18
:109E68004FF0030E5518D8A43CEF4FF03EEF4FF0DB
:109E78004CEF4FF0010E0601F26545EF4FF047EF4A
:109E88004FF04CEF4FF0020E97EC60F050EF4FF0B0
:109E980050EF4FF00601F06BA5EC37F005017DC5DA
:109EA80098F57EC599F59A6B9B6B000EEFEC45F023
:109EB80098C5A8F699C5A9F69AC5AAF69BC5ABF6A2
:109EC8005A04D8B46AEF4FF06CEF4FF075EF4FF0CB
:109ED8000601F105D8A473EF4FF075EF4FF090EF3E
:109EE8004FF0A8C6A6F5A9C6A7F5AAC6A8F5ABC699
:109EF800A9F5000E0501AA6F000EAB6F000EAC6F3E
:109F0800400EAD6FDCEC35F0A6C5A8F6A7C5A9F6DE
:109F1800A8C5AAF6A9C5ABF66DEC3DF02EEC39F054
:109F2800120006011A351B350501FA6FFA51D8A43B
:109F3800A0EF4FF0A2EF4FF0ADEF4FF0000E06018B
:109F4800186F000E196F000E1A6F000E1B6F21EFAD
:109F580050F018C6F5F519C6F6F51AC6F7F51BC67A
:109F6800F8F5200EBDEF4FF0D890F833F733F633FD
:109F7800F533E82EB8EF4FF0F551F96F06011A8F57
:109F8800FF0E1817FF0E1917FF0E1A17000E1B17D2
:109F9800960E0501FA5FFABFD6EF4FF0D4EF4FF0F7
:109FA800EEEF4FF0FA51800A970FD8B0DEEF4FF07E
:109FB800E0EF4FF0E2EF4FF0A2EF4FF00601D8903C
:109FC8001B331A33193318330501FA3FE2EF4FF008
:109FD80008EF50F01F0EFA65F4EF4FF0F6EF4FF070
:109FE80000EF50F0A2EF4FF00601D890183719375C
:109FF8001A371B370501FA07FA51D8A406EF50F0B3
:10A0080008EF50F0F8EF4FF0F951D8B40EEF50F0D8
:10A0180010EF50F019EF50F006011B1F1A1F191FFF
:10A02800186D000E19231A231B2318C618F619C613
:10A0380019F61AC61AF61BC61BF612000501786B2C
:10A0480076BF2BEF50F029EF50F035EF50F0761F28
:10A05800751F741F736D000E742375237623010E0C
:10A06800786F72BF3CEF50F03AEF50F046EF50F087
:10A07800721F711F701F6F6D000E70237123722382
:10A08800010E781B000E796F000E7A6F000E7B6F41
:10A09800000E7C6F7351741175117611D8B457EF97
:10A0A80050F059EF50F08FEF50F0010E776F63EFDB
:10A0B80050F0D8907337743775377637772B76AF7B
:10A0C80068EF50F06AEF50F05DEF50F0D8907937B4
:10A0D8007A377B377C3773516F5D7451705975517E
:10A0E800715976517259D8A07CEF50F07EEF50F03C
:10A0F80087EF50F073516F5F7451705B7551715BEE
:10A108007651725B7981D8907633753374337333B3
:10A11800772F6AEF50F07851D8B495EF50F097EF59
:10A1280050F09FEF50F07C1F7B1F7A1F796D000E57
:10A138007A237B237C2379C56FF57AC570F57BC5B7
:10A1480071F57CC572F51200620EF66ED10EF76ECF
:10A15800000EF86E02EEEAF110EE13F00900F5C4F5
:10A16800EEF4E550E150FAE18A0EF66ECA0EF76E8B
:10A17800000EF86E02EEBFF010EE38F00900F5C4DC
:10A18800EEF4E550E150FAE1AA0EF66ED10EF76E44
:10A19800000EF86E01EEEBF310EE0EF00900F5C4B8
:10A1A800EEF4E550E150FAE16C0EF66ED30EF76E60
:10A1B800000EF86E0900F5C4F5F6440EF66ED30EDF
:10A1C800F76E000EF86E0900F5C45DF50900F5C4D8
:10A1D8005EF50900F5C45FF502EE00F3640EEE6A61
:10A1E800E806FDE102EE00F2B00EEE6AE806FDE1D7
:10A1F80002EE00F1EA0EEE6AE806FDE102EE00F07A
:10A20800BF0EEE6AE806FDE101EE00F3DC0EEE6A31
:10A21800E806FDE101EEA8F24D0EEE6AE806FDE162
:10A228000501FF6BFE6BFD6B01EE30F12D0EEE6A42
:10A23800E806FDE10401080E5D6F300E5E6F000E4A
:10A248005F6F0001CDEF65F008C76DF509C76EF5C2
:10A258000AC76FF50BC770F563C56DF564C56EF574
:10A2680065C56FF566C570F56DC567F56EC568F5AA
:10A278006FC569F570C56AF5180E49EF51F005010B
:10A28800D8906A33693368336733E82E43EF51F067
:10A2980067516B6F6C6B6B516C11D8A456EF51F012
:10A2A80058EF51F078EF51F0D8906D35676F6E35F3
:10A2B800686F6F35696F70356A6F6751681169111A
:10A2C8006A11D8A46AEF51F06CEF51F072EF51F0B7
:10A2D800000E646F020E636FA7EF51F0000E646FFB
:10A2E800030E636FA7EF51F06B296C11D8A47FEFB1
:10A2F80051F081EF51F0A3EF51F06DC567F56EC5D0
:10A3080068F56FC569F570C56AF5090ED8906737A5
:10A31800683769376A37E82E8AEF51F06751681154
:10A3280069116A11D8B49BEF51F09EEF51F0010EFC
:10A338009FEF51F0000E636F646BA7EF51F0000EB2
:10A34800646F040E636F12009BEC69F0010E5F6E80
:10A35800000E0601A86F000EA96F000EAA6F000E6E
:10A36800AB6FEF6B010E0BEC63F0020E0BEC63F0BE
:10A37800000E0601D06F000ECF6F000ECE6F000EDC
:10A38800CD6F000E0701606F000E616F000E626FE7
:10A39800000E636F000E546F000E556F000E566F5F
:10A3A800000E576F000ED66F000ED56F000ECD6FE2
:10A3B800000ECE6F000ECF6F000ED06F000ED16F63
:10A3C800000ED26F000ED36F000ED46F000E08017E
:10A3D800966F000E956F000E8D6F000E8E6F000E3B
:10A3E8008F6F000E906F000E916F000E926F000E2F
:10A3F800936F000E946F000E0601CC6F000ECB6FAA
:10A40800000ECA6F000EC96F050EA5EC56F0010EBE
:10A418000BEC67F0020E0BEC67F0090E0501676F95
:10A428001E0E666FE40EE82EFED7662FFCD7672F48
:10A43800FAD70000010EF7EC66F0020EF7EC66F0B2
:10A44800120015EC53F0090E06017C6F1E0E7B6F8F
:10A45800E40EE82EFED77B2FFCD77C2FFAD700001E
:10A4680015EC49F0E806D8A43CEF52F03EEF52F064
:10A47800A0EF52F0010E0601F46F79C6D9F47AC63E
:10A48800DAF4550EDF6E79C663F57AC664F50F0EF9
:10A498000501656F6AEC5DF063C57DF664C57EF6FF
:10A4A800060120EE10F07951D9267A51DA227DC6BC
:10A4B800DFF420EE0FF07951D9267A51DA227E5155
:10A4C800DF6E7F6BFE0E676F3D0E686F7F517925DB
:10A4D800D96E000E7A21DA6EDF507B6F7B51696F7F
:10A4E8006A6BBBEC66F0100E06017F617EEF52F0DE
:10A4F80080EF52F086EF52F0D20E676F3D0E686F14
:10A50800BBEC66F006017F2B100E7F658EEF52F0D4
:10A5180090EF52F066EF52F079C663F57AC664F5AB
:10A52800000E0501666F000E656F000E686F110E54
:10A53800676F7AEC64F0FF001200C80E0501BA6F6D
:10A54800000EBB6F000EBC6F000EBD6F6C51726FBA
:10A558006BC573F5BE6BC7EF52F0BE516D25D96E52
:10A56800000E6E21DA6EBE51706F716B020E70278D
:10A57800000E7123720E7025E16E050E7121E26ED8
:10A58800DFC4E7F4BE2B6F51BE5DD8A0CEEF52F00A
:10A59800D0EF52F0B1EF52F0EEEF52F00501BA51A0
:10A5A800BB11BC11BD11D8A4DCEF52F0DEEF52F0A4
:10A5B800E0EF52F014EF53F0BA07000EBB5BBC5B40
:10A5C800BD5B150E0501706FC60EE82EFED7702F05
:10A5D800FCD70000000E0501656F530E646F720E04
:10A5E800666F050E676F020E6F25686F696B000E48
:10A5F800692314EC60F00009D8B405EF53F007EFB5
:10A6080053F0D2EF52F0090E0501716F1E0E706FF4
:10A61800E40EE82EFED7702FFCD7712FFAD7000072
:10A62800120021EEEBF311EE6FF1050EDBC4E3F43B
:10A63800E806FCE26F0E0501636F050E646F060EF7
:10A64800656FC2EC60F063C577F564C578F5050100
:10A658007851756F77C576F5F80E6B6F030E6C6FD2
:10A66800000E6D6F6FC56EF5E1EC5DF0F90E05013A
:10A678006B6F030E6C6F000E6D6F70C56EF5E1ECBD
:10A688005DF0FA0E05016B6F030E6C6F000E6D6FB7
:10A6980071C56EF5E1EC5DF0FB0E05016B6F030E05
:10A6A8006C6F000E6D6F72C56EF5E1EC5DF0FC0E1F
:10A6B80005016B6F030E6C6F000E6D6F73C56EF541
:10A6C800E1EC5DF0FD0E05016B6F030E6C6F000E83
:10A6D8006D6F74C56EF5E1EC5DF0FE0E05016B6FF4
:10A6E800030E6C6F000E6D6F75C56EF5E1EC5DF0D5
:10A6F800FF0E05016B6F030E6C6F000E6D6F76C554
:10A708006EF5E1EC5DF01200B00E0501636F070E07
:10A71800646F010E656FEC0E666F510E676FB80EB1
:10A72800686F3D0E696F6F0E6A6F120E6B6F030EC6
:10A738006C6F3B0E6D6F7B0E6E6F140E6F6F2E0E6F
:10A74800706F3E0E716F000E726F000E736F480EC1
:10A75800746F450E756F000E766F000E776F000EE2
:10A76800786F000E796F000E7B6F000E7A6FE6EC43
:10A778004DF0700E0501636F080E646F020E656F71
:10A788009A0E666F990E676F990E686F3E0E696F25
:10A798000A0E6A6FD70E6B6FA30E6C6F3B0E6D6F50
:10A7A8006F0E6E6F120E6F6F830E706F3A0E716FB1
:10A7B800000E726F000E736F480E746F450E756F42
:10A7C800000E766F000E776F000E786F000E796FAF
:10A7D800000E7B6F000E7A6FE6EC4DF01200000E53
:10A7E80005016B6F000E6A6F63C5D9F464C5DAF4AE
:10A7F800DEC4F6F4DDC4F7F4000EF86E0800F55078
:10A808002A0AD8A40AEF54F00CEF54F03FEF54F0A2
:10A8180063C5D9F464C5DAF4DE2A000EDD2265C505
:10A82800D9F466C5DAF4DFC467F5020EDE26DFC4A4
:10A8380068F5000EDD2267C5D9F468C5DAF4DEC410
:10A848006AF5DDC46BF555EF54F00A0E6A03F3C4DC
:10A8580067F5F4C468F56B03F350682769516725F9
:10A868006A6F000E68216B6F63C5D9F464C5DAF4AA
:10A87800DE2A000EDD2263C5D9F464C5DAF4DEC42D
:10A88800F6F4DDC4F7F4000EF86E0800F550D00FAA
:10A89800696F090E696553EF54F055EF54F029EFCD
:10A8A80054F06AC563F56BC564F51200050169517A
:10A8B8006A11D8B462EF54F064EF54F06DEF54F0BD
:10A8C80069516A11D8A46BEF54F06DEF54F072EF30
:10A8D80054F06751E0EC61F0BFEF54F020EE09F05E
:10A8E8006951D9266A51DA22DE50DE10D8B47FEFDA
:10A8F80054F081EF54F09CEF54F020EE09F06951C8
:10A90800D9266A51DA2210EE02F06951E1266A511D
:10A91800E222DE50E65CE650800A6F6FDE50800A65
:10A928006F59D8B09AEF54F09CEF54F0BFEF54F041
:10A9380020EE02F06951D9266A51DA22DEC46BF59D
:10A94800DDC46CF569C5D9F46AC5DAF4DEC46DF501
:10A95800DDC46EF56B516D25D96E6C516E21DA6EC2
:10A9680067C5DFF420EE02F06951D9266A51DA2270
:10A97800DE2A000EDD2212001CC767F51DC768F528
:10A988001EC769F51FC76AF5DFEC5CF067C579F586
:10A9980068C57AF569C57BF56AC57CF50DEF55F094
:10A9A8007C517B117A1109E1650E795DD8A0DFEF42
:10A9B80054F0E1EF54F023EF55F08DEC69F0010EFF
:10A9C800516EBBEC68F063C51CF764C51DF765C51F
:10A9D8001EF766C51FF723EF55F07C517B117A11DE
:10A9E80009E1650E795DD8A0FCEF54F0FEEF54F054
:10A9F80023EF55F08FEC69F0516ABBEC68F063C542
:10AA08001CF764C51DF765C51EF766C51FF723EF5C
:10AA180055F051500501776F786B7851000AD8B41A
:10AA280018EF55F023EF55F07751000AD8B4D4EF5A
:10AA380054F0010AD8B4F1EF54F023EF55F01200A6
:10AA48000501686B66BF2DEF55F02BEF55F033EF1E
:10AA580055F0656D661FD8B0662B010E686F64BF30
:10AA68003AEF55F038EF55F040EF55F0636D641F3D
:10AA7800D8B0642B010E681B000E6A6F000E696F58
:10AA880065516611D8B44BEF55F04DEF55F075EFA1
:10AA980055F0010E676F55EF55F0D890653766375A
:10AAA800672B66AF5AEF55F05CEF55F051EF55F054
:10AAB800D89069376A376551635D66516459D8A083
:10AAC80068EF55F06AEF55F06FEF55F06551635F29
:10AAD8006651645B6981D89066336533672F5CEF94
:10AAE80055F06851D8B47BEF55F07DEF55F081EF04
:10AAF80055F0696D6A1FD8B06A2B69C563F56AC5D8
:10AB080064F51200BE6AB00EBF6EC06AC16AC26A3E
:10AB1800400EC36E0401026B300E0A6F126B1A6B83
:10AB2800226B2A6BDF0EC66E8F0EC76E6F0EC86E55
:10AB3800D00EC96E0F0ECA6E9E0ECB6EDF0E006F62
:10AB48000F0E086F4F0E106FD10E186F070E206F83
:10AB58009E0E286F016B800E096F116B196B216BAC
:10AB6800296B03690B6913691B69070E236F2B692E
:10AB780004690C6914691C690F0E246F2C690201A1
:10AB8800896B886B876B866B150E726F1C0E196F3D
:10AB98001A0E1B6F200E156F0C0E716F370E0D6F8E
:10ABA8000D0E706F380E0E6F0401056B066B076B88
:10ABB8000D6B0E6B0F6B156B166B176B256B266B7E
:10ABC800276B1200D8C42CF55EEC68F00009D8B4E5
:10ABD800F0EF55F0F2EF55F0FAEF55F0030E3C6E3A
:10ABE8000201979B5BEC64F042EF56F069EC68F069
:10ABF8000009D8B402EF56F004EF56F016EF56F0FD
:10AC08003DEC68F00009D8B40CEF56F00EEF56F0A2
:10AC180016EF56F0010E3C6E0201979958EC67F05A
:10AC280042EF56F048EC68F00009D8B41EEF56F031
:10AC380020EF56F030EF56F03DEC68F00009D8B43C
:10AC480028EF56F02AEF56F030EF56F0020E3C6E21
:10AC58000201979912EF56F053EC68F00009D8B446
:10AC680038EF56F03AEF56F040EF56F0030E3C6ED0
:10AC78000201979D42EF56F0020197993C502CC56E
:10AC8800D8F411004CC767F54DC768F54EC769F58C
:10AC98004FC76AF5DFEC5CF067C577F568C578F5EE
:10ACA80069C579F56AC57AF595EF56F0010ECFECCE
:10ACB80066F0020ECFEC66F0BBEC68F063C54CF7AB
:10ACC80064C54DF765C54EF766C54FF7010E586E5A
:10ACD800A4EF56F005017A517911781109E1C90EEE
:10ACE800775DD8A07AEF56F07CEF56F0A4EF56F0D7
:10ACF800010EE3EC66F0020EE3EC66F0BBEC68F0E4
:10AD080063C54CF764C54DF765C54EF766C54FF783
:10AD1800020E586EA4EF56F0030E0601EF6FA4EF73
:10AD280056F05850000AD8B45AEF56F0010AD8B471
:10AD38006EEF56F0030AD8B490EF56F0A4EF56F031
:10AD480012000501656F05016505D8A4AEEF56F040
:10AD5800B0EF56F0BAEF56F0000E646F000E636F56
:10AD680035EC69F097EC69F0FFEF56F0020E6519C3
:10AD7800D8A4C1EF56F0C3EF56F0CDEF56F0000E51
:10AD8800646F000E636F2FEC69F095EC69F0FFEFCC
:10AD980056F0020E6519D8A4D4EF56F0D6EF56F047
:10ADA800D8EF56F0FFEF56F0020E6519D8A4DFEF82
:10ADB80056F0E1EF56F0E3EF56F0FFEF56F0050ED0
:10ADC8006519D8A4EAEF56F0ECEF56F0FFEF56F00D
:10ADD800000E646F000E636F35EC69F097EC69F054
:10ADE800000E0501646F000E636F2FEC69F095EC9F
:10ADF80069F0FFEF56F01200050120EE40F06351B4
:10AE0800D9266451DA22DF50656F0F0E651720EEE0
:10AE180040F06351D9266451DA22DF50666F6639F3
:10AE28000F0B0A0DF3506525696F20EE41F0635151
:10AE3800D9266451DA22DF50656F0F0E651720EEB0
:10AE480041F06351D9266451DA22DF50666F6639C2
:10AE58000F0B0A0DF35065256A6F6951640DF3C431
:10AE680065F5F4C466F56A5165250701F16F0501BA
:10AE7800000E66210701F26FE80E0501656F030EEB
:10AE8800666F65510701F103F3C467F5F4C468F50B
:10AE9800F203F3500501682766510701F103050124
:0EAEA800F350682767C5F1F768C5F2F712008E
:10AEB800FAC401F5FBC402F5B39E77A066EF57F01C
:10AEC80068EF57F08AEF57F076A06DEF57F06FEF05
:10AED80057F08AEF57F076900601B851B911BA11B8
:10AEE800D8B479EF57F07BEF57F0B1EF57F002D8AD
:10AEF80088EF57F00500FA6EB851FD6EB951FE6E35
:10AF0800BA51FF6EFA501200B1EF57F077A28FEFE7
:10AF180057F091EF57F0B1EF57F076A296EF57F050
:10AF280098EF57F0B1EF57F076920601B551B61188
:10AF3800B711D8B4A2EF57F0A4EF57F0B1EF57F01C
:10AF480002D8B1EF57F00500FA6EB551FD6EB65153
:10AF5800FE6EB751FF6EFA50120002C5FBF401C530
:10AF6800FAF41100FAC405F5FBC406F5B59E86A0EF
:10AF7800C0EF57F0C2EF57F0E4EF57F085A0C7EFE6
:10AF880057F0C9EF57F0E4EF57F085900601AF513D
:10AF9800B011B111D8B4D3EF57F0D5EF57F00BEF8C
:10AFA80058F002D8E2EF57F00500FA6EAF51FD6E87
:10AFB800B051FE6EB151FF6EFA5012000BEF58F00F
:10AFC80086A2E9EF57F0EBEF57F00BEF58F085A2A8
:10AFD800F0EF57F0F2EF57F00BEF58F085920601BB
:10AFE800AC51AD11AE11D8B4FCEF57F0FEEF57F0ED
:10AFF8000BEF58F002D80BEF58F00500FA6EAC5181
:10B00800FD6EAD51FE6EAE51FF6EFA50120006C5D0
:10B01800FBF405C5FAF4110044C767F545C768F5A0
:10B0280046C769F547C76AF5DFEC5CF067C577F591
:10B0380068C578F569C579F56AC57AF559EF58F0A4
:10B04800020ECFEC66F0BBEC68F063C544F764C54C
:10B0580045F765C546F766C547F7010E566E68EFB2
:10B0680058F005017A517911781109E1650E775D7B
:10B07800D8A041EF58F043EF58F068EF58F0020EAF
:10B08800E3EC66F0BBEC68F063C544F764C545F7CC
:10B0980065C546F766C547F7020E566E68EF58F065
:10B0A800020E0601EF6F68EF58F05650000AD8B448
:10B0B80024EF58F0010AD8B435EF58F0030AD8B491
:10B0C80054EF58F068EF58F0120048C767F549C7C1
:10B0D80068F54AC769F54BC76AF5DFEC5CF067C5E8
:10B0E80077F568C578F569C579F56AC57AF5B2EF77
:10B0F80058F0010ECFEC66F0BBEC68F063C548F77A
:10B1080064C549F765C54AF766C54BF7010E576E22
:10B11800C1EF58F005017A517911781109E1C90E8A
:10B12800775DD8A09AEF58F09CEF58F0C1EF58F02F
:10B13800010EE3EC66F0BBEC68F063C548F764C544
:10B1480049F765C54AF766C54BF7020E576EC1EF5A
:10B1580058F0010E0601EF6FC1EF58F05750000A82
:10B16800D8B47DEF58F0010AD8B48EEF58F0030A2E
:10B17800D8B4ADEF58F0C1EF58F012000501686B74
:10B1880064BFCBEF58F0C9EF58F0D1EF58F0636DBA
:10B19800641FD8B0642B010E686F66BFD8EF58F0F3
:10B1A800D6EF58F0DCEF58F0656D661FD8B0662B07
:10B1B80065516611D8B4E3EF58F0E5EF58F009EFA0
:10B1C80059F0010E676FEDEF58F0D8906537663784
:10B1D800672B66AFF2EF58F0F4EF58F0E9EF58F04C
:10B1E8006551635D66516459D8A0FDEF58F0FFEFD3
:10B1F80058F003EF59F06551635F6651645BD8906E
:10B2080066336533672FF4EF58F06851D8B40FEF01
:10B2180059F011EF59F015EF59F0636D641FD8B06C
:10B22800642B63C563F564C564F51200000E07015D
:10B23800606F000E616F000E626F000E636F060193
:10B24800F36B000EA86F000EA96F000EAA6F000E18
:10B25800AB6F010E0BEC63F0000E0601D06F000E11
:10B26800CF6F000E0701D66F000ED56F000ECD6FA1
:10B27800000ECE6F000ECF6F000ED06F000ED16F94
:10B28800000ED26F000ED36F000ED46F000E0601B1
:10B29800CC6F000ECB6F010EA5EC56F0090E050120
:10B2A800676F1E0E666FE40EE82EFED7662FFCD77A
:10B2B800672FFAD70000010E0BEC67F0290E050185
:10B2C800676F960E666F7F0EE82EFED7662FFCD747
:10B2D800672FFAD7010EF7EC66F01200000E050191
:10B2E80063156B6F000E64156C6F800E65156D6FBE
:10B2F8007F0E66156E6F6B516C116D116E11D8A4AF
:10B3080088EF59F08AEF59F092EF59F0000E636F09
:10B31800000E646F000E656F000E666F000E6715F5
:10B328006B6F000E68156C6F800E69156D6F7F0E60
:10B338006A156E6F6B516C116D116E11D8A4A7EF61
:10B3480059F0A9EF59F0B1EF59F0000E676F000EF0
:10B35800686F000E696F000E6A6F675163190FE11D
:10B36800685164190CE16951651909E16A51661956
:10B37800D8B4C1EF59F0C3EF59F0C6EF59F0D890DF
:10B38800C7EF59F0D8801200116A1150080DC00E8D
:10B39800F324D96E080EF420DA6EDE50DE10D8B42D
:10B3A800D8EF59F0DAEF59F014EF5AF01150080DB0
:10B3B800C00EF324D96E080EF420DA6EDE06000EF5
:10B3C800DD5A1150080DC00EF324D96E080EF42072
:10B3D800DA6EDE50DE10D8A4F4EF59F0F6EF59F02B
:10B3E80014EF5AF01150080DBF0EF324D96E080E51
:10B3F800F420DA6E010EDF6E1150080DC20EF32430
:10B40800D96E080EF420DA6E1150080DC00EF32420
:10B41800E16E080EF420E26EDEC4E6F4DDC4E5F465
:10B42800112A060E11641BEF5AF01DEF5AF0C9EFEE
:10B4380059F012000601DDA124EF5AF026EF5AF068
:10B4480030EF5AF079C570F57AC571F577C572F5A0
:10B4580078C573F59FEC62F005017CBF38EF5AF0B0
:10B4680036EF5AF03CEF5AF0000E7C6F000E7B6FFF
:10B47800000E7F6F000E7E6F4FEF5AF0000E686F60
:10B48800200E676F77C569F578C56AF55AEC54F0F0
:10B4980005017E4B7F2B7B517E5D7F51800A7D6F3E
:10B4A8007C51800A7D59D8A05CEF5AF05EEF5AF0C3
:10B4B80042EF5AF00601DDB164EF5AF066EF5AF038
:10B4C80070EF5AF079C570F57AC571F577C572F5E0
:10B4D80078C573F59FEC62F01200A290440E070144
:10B4E8006B6F8F0E6C6F000E6D6FA292500E716FA6
:10B4F800CA0E726F000E736F0201A26BA46BA56B6C
:10B50800A66BA76BA86BA96BAA6BB00EAB6F800E6E
:10B51800AC6F080EAD6F820EAE6F060EAF6F2E0EBB
:10B52800B06FB16B800EB26FB36B6A0E0501636FBB
:10B53800D30E646F000E656FA2EC67F0680E05010C
:10B54800636FD30E646F000E656F90EC67F0660E44
:10B558000501636FD30E646F000E656F7EEC67F0B4
:10B56800000E0701976F000E966F4D6A4C6A200E09
:10B578000501FD6F4B6A4A6A496AA2801200000EF3
:10B588000701546F000E556F000E566F000E576F6F
:10B598000601F26B000ECE6F000ECD6F020E0BECA3
:10B5A80063F0000E0801966F000E956F000E8D6F08
:10B5B800000E8E6F000E8F6F000E906F000E916F51
:10B5C800000E926F000E936F000E946F000E06012E
:10B5D800CA6F000EC96F020EA5EC56F0090E0501E0
:10B5E800676F1E0E666FE40EE82EFED7662FFCD737
:10B5F800672FFAD70000020E0BEC67F0290E050141
:10B60800676F960E666F7F0EE82EFED7662FFCD703
:10B61800672FFAD7020EF7EC66F012007DC585F5A4
:10B628007EC586F57FC587F580C588F523EF5BF075
:10B638008107D8A08207854B862B874B882B05016D
:10B6480081518211D8B42BEF5BF02DEF5BF03EEF08
:10B658005BF087C5D9F488C5DAF485C5E1F486C5F9
:10B66800E2F4DE50E618D8B43CEF5BF03EEF5BF056
:10B678001CEF5BF081518211D8A445EF5BF047EFD6
:10B688005BF04DEF5BF0000E7E6F000E7D6F5FEF9D
:10B698005BF085C5D9F486C5DAF4DF50836F87C5BA
:10B6A800D9F488C5DAF4DF50846F8451835D7D6FE7
:10B6B8007E6BD8A07E0712000601F505D8B467EFA7
:10B6C8005BF069EF5BF06CEF5BF0010EACEF5BF0E9
:10B6D800F405D8A472EF5BF074EF5BF076EF5BF0E3
:10B6E80069EF5BF0020EF119D8A47DEF5BF07FEFF4
:10B6F8005BF081EF5BF069EF5BF0F351D8A487EF63
:10B708005BF089EF5BF093EF5BF0F251D8A48FEF19
:10B718005BF091EF5BF093EF5BF069EF5BF0D35177
:10B72800D411D8B49AEF5BF09CEF5BF09FEF5BF01D
:10B73800020EACEF5BF0D151D211D8B4A6EF5BF09A
:10B74800A8EF5BF0ABEF5BF0030EACEF5BF0000E25
:10B758001200050163516411D8A4B5EF5BF0B7EF8F
:10B768005BF0B9EF5BF0F9EF5BF063C5D9F464C542
:10B77800DAF4000EDE6E000EDE6E000EDE6E000ED7
:10B78800DD6E20EE04F06351D9266451DA22000EF2
:10B79800DE6E000EDE6E000EDE6E000EDD6E20EE3A
:10B7A80008F06351D9266451DA22000EDE6E000ECD
:10B7B800DE6E000EDE6E000EDD6E20EE0CF06351C4
:10B7C800D9266451DA22DE6ADE6ADE6ADD6A20EE94
:10B7D80010F06351D9266451DA22E80EDE6E030EAA
:10B7E800DE6E000EDE6E000EDD6E12000501635186
:10B7F8006411D8A402EF5CF004EF5CF006EF5CF093
:10B8080046EF5CF063C5D9F464C5DAF465C5DEF4C7
:10B8180066C5DEF467C5DEF468C5DEF420EE04F024
:10B828006351D9266451DA2265C5DEF466C5DEF4B3
:10B8380067C5DEF468C5DEF420EE08F06351D9264A
:10B848006451DA2265C5DEF466C5DEF467C5DEF448
:10B8580068C5DEF420EE0CF06351D9266451DA2273
:10B86800DE6ADE6ADE6ADD6A20EE10F06351D926F0
:10B878006451DA2269C5DEF46AC5DEF46BC5DEF40C
:06B888006CC5DEF41200A5
:10B89000D8C42AF502019BA550EF5CF052EF5CF092
:10B8A0005DEF5CF09AA557EF5CF059EF5CF05DEF4F
:10B8B0005CF06BEC67F092EF5CF09BAF62EF5CF0DA
:10B8C00064EF5CF07EEF5CF09AAF69EF5CF06BEFD9
:10B8D0005CF07EEF5CF03B50D8B471EF5CF073EF3E
:10B8E0005CF07AEF5CF03B6A9A919A9F45EC67F0C6
:10B8F00092EF5CF058EC67F059EF5CF09BA383EF9C
:10B900005CF085EF5CF092EF5CF09AA38AEF5CF05C
:10B910008CEF5CF092EF5CF079EC69F002019A93A5
:10B9200092EF5CF02AC5D8F41100D68A000ED6BE7C
:10B93000010E0501666FD69E550E0401596FAA0EC1
:10B94000596F59915F6B300E5E6F080E5D6F550E2B
:10B95000596FAA0E596F5981050166B102D0D69E62
:10B9600001D0D68E030165876589658F6681668300
:10B9700069916993699569976D97AF90D6805A0ED2
:10B980000501636FD30E646F000E656F14EC69F0F0
:10B99000B490D6825C0E0501636FD30E646F000E07
:10B9A000656F0DEC69F0B890D6845E0E0501636F8B
:10B9B000D30E646F000E656F06EC69F01200BBECED
:10B9C00068F063C573F564C574F565C575F566C53E
:10B9D00076F505016751735D685174596951755960
:10B9E0006A517659D8A0F7EF5CF0F9EF5CF007EFF9
:10B9F0005DF06751735D676F68517459686F695185
:10BA00007559696F6A5176596A6F27EF5DF0671D46
:10BA10006B6F681D6C6F691D6D6F6A1D6E6F735162
:10BA20006B256F6F74516C21706F75516D21716F43
:10BA300076516E21726F010E6F25676F000E7021B7
:10BA4000686F000E7121696F000E72216A6F12001B
:10BA50000501776F050177390F0B736F77510F0B66
:10BA6000746F63390F0B756F63510F0B766F7551E0
:10BA70000A0DF3C465F5F4C466F57451640DF3C49E
:10BA800067F5F4C468F57351696F6A6BE80E690372
:10BA9000F3C46BF5F4C46CF56A03F3506C27030E22
:10BAA0006903F3506C2767516B256D6F68516C21EA
:10BAB0006E6F65516D256F6F66516E21706F765197
:10BAC0006F25716F000E7021726F71C563F572C5BD
:10BAD00064F51200050169696A6991EF5DF063C55B
:10BAE000D9F464C5DAF4DF506919686F634B642BCD
:10BAF000070E6825F66EF76A320EF722F86A000E16
:10BB0000F8220800F5506A19696F070E6825F66E6D
:10BB1000F76A310EF722F86A000EF8220800F5C421
:10BB20006AF565076529D8A498EF5DF09AEF5DF096
:10BB30006FEF5DF06A5169C566F5676B66C567F5BD
:10BB4000666B6611636F6751646F12000601A56B27
:10BB5000A551080DBF0EF324D96E080EF420DA6E3D
:10BB6000DF50D8B4B6EF5DF0B8EF5DF0D6EF5DF022
:10BB7000A551080DBF0EF324D96E080EF420DA6E1D
:10BB8000DF6AA551080DC40EF324D96E080EF42007
:10BB9000DA6E02D8D6EF5DF00500FA6EDE50FD6E6B
:10BBA000DE50FE6EDE50FF6EFA5012000601A52B2D
:10BBB000060EA565DEEF5DF0E0EF5DF0A8EF5DF04D
:10BBC000120005016D5109E1040E6C5DD8A0EBEF88
:10BBD0005DF0EDEF5DF0EFEF5DF01BEF5EF0AA0EB4
:10BBE000646F550E636F29EC69F0000E05016B253B
:10BBF000636F000E6C21646F380E6D21656F6EC52A
:10BC000066F5BAEC5FF032EC68F00009D8A40BEFEF
:10BC10005EF00DEF5EF003EF5EF0F4EC67F0E80627
:10BC2000D8A415EF5EF017EF5EF019EF5EF06DEC43
:10BC300069F067EC69F012000501696F34EF5EF09E
:10BC400065C563F566C564F535EC69F097EC69F098
:10BC500052EF5EF065C563F566C564F52FEC69F0DB
:10BC600095EC69F052EF5EF005016951676F686B02
:10BC70006851000AD8B43FEF5EF052EF5EF06751B2
:10BC8000010AD8B420EF5EF0030AD8B42AEF5EF0C0
:10BC9000010AD8B452EF5EF0070AD8B452EF5EF052
:10BCA00052EF5EF01200000E05016B6F000E6C6F1C
:10BCB000000E6D6F000E6E6F63A161EF5EF063EFBB
:10BCC0005EF06BEF5EF067516B2768516C23695132
:10BCD0006D236A516E23D8906737683769376A37A2
:10BCE000D8906633653364336333635164116511EF
:10BCF0006611D8A47EEF5EF080EF5EF05CEF5EF040
:10BD00006BC563F56CC564F56DC565F56EC566F507
:10BD100012007E6A020E7F6E806A7F0E816E0C0EAC
:10BD2000826E836A846A856A866A886A896A8A6A90
:10BD30008B6A8C6AB59CB59E85908592A59EA59CC4
:10BD4000520E0501636FD30E646F000E656FE3EC56
:10BD500068F0500E0501636FD30E646F000E656FBF
:10BD6000DCEC68F0540E0501636FD30E646F000EB7
:10BD7000656FEAEC68F0800E876E12006F6A020E43
:10BD8000706E716A7F0E726E0C0E736E746A756AD5
:10BD9000766A776A796A7A6A7B6A7C6A7D6AB39C1A
:10BDA000B39E76907692A39EA39C4C0E0501636F82
:10BDB000D30E646F000E656FF8EC68F04A0E050153
:10BDC000636FD30E646F000E656FF1EC68F04E0E7A
:10BDD0000501636FD30E646F000E656FFFEC68F0B2
:10BDE000800E786E12000301F39FD96BDA6BDB6B68
:10BDF000DC6BDF6BE06BE56BE76BEC6BEE6BEF6BBB
:10BE0000D86BF06BF16BF26BF46B180EF56F100ED4
:10BE1000F66FF76B030EF86F1F0EFA6F020EF96FD5
:10BE2000000E07018F6F000E906F000E916F000ED5
:10BE30008C6F000E8D6F000E8E6F0601DE6BAF945F
:10BE40009F94B090A090840E0301F36F120007013D
:10BE50009E4B9F2BC80E9E199F11D8A432EF5FF006
:10BE600034EF5FF038EF5FF0000E9F6F000E9E6FB3
:10BE7000010E3D26000E3E223F2240220601BB510C
:10BE8000BC11BD11D8A447EF5FF049EF5FF04BEF55
:10BE90005FF058EF5FF002D858EF5FF00500FA6EE0
:10BEA000BB51FD6EBC51FE6EBD51FF6EFA501200CB
:10BEB0001200C4EC68F01BC518F71CC519F71DC5A6
:10BEC0001AF71EC51BF7280E0601DF616AEF5FF047
:10BED0006CEF5FF07BEF5FF0B3EC65F0236EC20EAA
:10BEE0000601DF25D96EDA6A090EDA2223C5DFF4EE
:10BEF000DF2B8AEF5FF0DF6BC20E1B6E090E1C6E2C
:10BF0000000E1E6E000E1D6E000E206E280E1F6E9F
:10BF100061EC65F01200AB0E0501636F080E646FF3
:10BF2000000E656F000E666F000E676F000E686F83
:10BF3000B80E696F0B0E6A6F000E6B6F000E6C6FA0
:10BF4000FAEC5BF0970E0501636F080E646F000E4C
:10BF5000656F000E666F000E676F000E686FE80E6B
:10BF6000696F030E6A6F000E6B6F000E6C6FFAEC58
:10BF70005BF01200000ED6BE010E05016A6F65C5AA
:10BF800045F063C567F564C568F565C569F568C5BD
:10BF900067F569C568F5696B67510001446F63C552
:10BFA00043F066C546F04151F80B0309416FD69E38
:10BFB00000014FC542F04E50426F408105016AB109
:10BFC00002D0D69E01D0D68EF80E00014117120085
:10BFD000050166BFEEEF5FF0F0EF5FF0FAEF5FF0A4
:10BFE00063C563F564C564F565C565F566C566F545
:10BFF00013EF60F063C567F564C568F565C569F55D
:10C0000066C56AF5671F681F691F6A1F672B000EE8
:10C01000682369236A2367C563F568C564F569C544
:10C0200065F56AC566F5120005016A6B79EC66F084
:10C030000009D8A41EEF60F020EF60F03DEF60F043
:10C04000010E306E64C531F565C532F53B6A66C5D3
:10C0500033F567C534F568C535F569C536F5000EA5
:10C06000376E000E386E000E3A6E000E396E3C6A66
:10C070000BEC65F0010E05016A6F05016A511200B3
:10C0800005016A6B79EC66F00009D8A44AEF60F00C
:10C090004CEF60F069EF60F0010E306E64C531F571
:10C0A00065C532F53B6A66C537F567C538F568C5BD
:10C0B00039F569C53AF5000E336E000E346E000E88
:10C0C000366E000E356E3C6A32EC67F0010E0501EB
:10C0D0006A6F05016A51120061C665F662C666F6AE
:10C0E00081EF60F05FC64FF660C650F6650E060140
:10C0F000516F060E526F63C653F664C654F603ECD6
:10C1000030F065C6F6F466C6F7F4000EF86E080067
:10C11000F5500009D8A48FEF60F091EF60F072EF56
:10C1200060F0000E0601606F000E5F6F12000501E7
:10C130006A6FA7EF60F01AEC59F0C1EF60F0C3EC42
:10C140005AF0C1EF60F0A8EC51F0C1EF60F00501CA
:10C150006A51686F696B6951000AD8B4B2EF60F038
:10C16000C1EF60F06851010AD8B49BEF60F0030A98
:10C17000D8B49FEF60F0010AD8B4A3EF60F0C1EF2C
:10C1800060F01200000E0501676F000E686F000E70
:10C19000696F000E6A6F6B6BDDEF60F06B516325AA
:10C1A000D96E000E6421DA6EDF50666F6651672724
:10C1B000000E682369236A236B2B65516B5DD8A041
:10C1C000E4EF60F0E6EF60F0CEEF60F067C563F596
:10C1D00068C564F5120065C56BF566C56CF563C589
:10C1E00069F564C56AF505EF61F06BC5D9F46CC5F6
:10C1F000DAF4DF506D6F6B4B6C2B69C5D9F46AC5EF
:10C20000DAF46DC5DFF4694B6A2B05016707D8A026
:10C210006807672906E16829D8A411EF61F013EFD8
:10C2200061F0F5EF60F0120004C76BF505C76CF51F
:10C2300006C76DF507C76EF563C56BF564C56CF58C
:10C2400065C56DF566C56EF56BC567F56CC568F5BA
:10C250006DC569F56EC56AF5200E35EF61F0050113
:10C26000D8906A33693368336733E82E2FEF61F073
:10C2700067C563F568C564F51200040E0201946F8A
:10C28000800E956F080E966F030E9C6F9A6B9B6BDA
:10C29000976B8D6B7FEC68F002019B919B95948F5F
:10C2A000050EE82EFED70000000000000000000090
:10C2B0000000000002019A919A959B85000E0701EB
:10C2C000896F000E8A6F000E8B6F1200030E05013E
:10C2D000786F5C0EEEEC64F078C57DF579C57EF57F
:10C2E000F60E05017F6F070E806F000E826F030E42
:10C2F000816F12EC5BF005017D517E11D8B483EFA4
:10C3000061F085EF61F08EEF61F0F60EBF6F070E02
:10C31000C06F030EC16F5C0E49EC66F012006BEC4F
:10C320004AF0000E05016C6F000E6B6F680E6D6FAA
:10C330000A0E6E6F460E6F6F76EC4EF0D00E050152
:10C340007A6FC90EE82EFED77A2FFCD700D0680E80
:10C350000501786F0A0E796F02EC4BF0680E05014B
:10C36000636F0A0E646F00EC57F051EC63F012003B
:10C37000FAC419F5FBC41AF541C516F542C517F5FF
:10C380002EEC63F00701E251E311E411D8B4CBEFD6
:10C3900061F0CDEF61F0DAEF61F002D8DAEF61F031
:10C3A0000500FA6EE251FD6EE351FE6EE451FF6E40
:10C3B000FA501200B1981AC5FBF419C5FAF411002D
:10C3C0000501666F91EC69F0680E0501656FE40E7A
:10C3D000E82EFED7652FFCD7000001EC68F00009BD
:10C3E000D8B4F5EF61F0F7EF61F0EDEF61F0050122
:10C3F000665107EC62F02A0E0501656F8D0EE82E7E
:10C40000FED7652FFCD700D099EC69F0120005012A
:10C41000646FA2B20EEF62F010EF62F014EF62F000
:10C4200064C5A3F22CEF62F00501FD51D8B41BEFF7
:10C4300062F01DEF62F02CEF62F0000E4D24D96E19
:10C44000DA6A090EDA2264C5DFF44D281F0B636F28
:10C4500063C54DF5A292FD07A282120003011E9151
:10C460001F6B206B030E216F050E1D6FFE0E1C6FE0
:10C470001D510501636F03011C51416E63C542F5F7
:10C48000640E0701E26FD30EE36F000EE46F000E3F
:10C49000DF6F000EE06F000EE16FB198A188B19AD6
:10C4A000050E03011E6F1200D8C460F5FAC461F5D1
:10C4B000FBC462F50701DC51DD11DE11D8B463EF76
:10C4C00062F065EF62F072EF62F002D872EF62F034
:10C4D0000500FA6EDC51FD6EDD51FE6EDE51FF6E21
:10C4E000FA501200B99662C5FBF461C5FAF460C552
:10C4F000D8F411000601DF6B480E0501636F080ECA
:10C50000646F000E666F000E656F000E686F280E78
:10C51000676F7AEC64F0C20E0501636F090E646FF9
:10C52000000E666F000E656F000E686F280E676F55
:10C530007AEC64F00601E16B8BEC69F01200000EFE
:10C540000501766F000E756FB2EF62F074C567F586
:10C55000686B72C569F573C56AF55AEC54F005014C
:10C56000754B762B75517025D96E76517121DA6E27
:10C57000DF50746F7451D8A4C0EF62F0C2EF62F064
:10C58000A6EF62F01200000E0501DC1B000EDD1BA1
:10C59000000EDE1B800EDF1BD8C563F5D9C564F520
:10C5A000DAC565F5DBC566F5DCC567F5DDC568F59B
:10C5B000DEC569F5DFC56AF582EC29F063C5D8F5FB
:10C5C00064C5D9F565C5DAF566C5DBF51200050168
:10C5D0006B5109E1040E6A5DD8A0F1EF62F0F3EF50
:10C5E00062F0F6EF62F0000E0AEF63F0000E6925CC
:10C5F0006C6F000E6A216D6F380E6B216E6F6CC50B
:10C6000063F56DC564F56EC565F561EC66F0050111
:10C610006F6F6F5112000501656F05016505D8A4A4
:10C6200014EF63F016EF63F01EEF63F0AB0E636F71
:10C63000080E646FADEC5BF02DEF63F0020E651930
:10C64000D8A425EF63F027EF63F02DEF63F0970E8A
:10C65000636F080E646FADEC5BF0120003011EA562
:10C6600034EF63F036EF63F04CEF63F01EB13BEF55
:10C6700063F03EEF63F0010E3FEF63F0000E186EC3
:10C6800017501D6F16C51CF318B002D01E9102D0B2
:10C6900003011E8150EF63F017501D6F16C51CF388
:10C6A0001200040E0501696F000E6A6F000E6B6FB9
:10C6B000E7EC62F00601BE6F050E0501696F000E22
:10C6C0006A6F000E6B6FE7EC62F00601BF6F060E3B
:10C6D0000501696F000E6A6F000E6B6FE7EC62F088
:06C6E0000601C06F12000C
:10C6E800FAC403F5FBC404F5B39C0601B251B311B7
:10C6F800B411D8B482EF63F084EF63F091EF63F084
:10C7080002D891EF63F00500FA6EB251FD6EB35195
:10C71800FE6EB451FF6EFA50120004C5FBF403C557
:10C72800FAF41100FAC407F5FBC408F5B59C070133
:10C73800865187118811D8B4A4EF63F0A6EF63F08F
:10C74800B3EF63F002D8B3EF63F00500FA6E8651D9
:10C75800FD6E8751FE6E8851FF6EFA50120008C5B3
:10C76800FBF407C5FAF41100FAC412F5FBC413F57B
:10C778000701E851E911EA11D8B4C5EF63F0C7EF32
:10C7880063F0D4EF63F002D8D4EF63F00500FA6EDB
:10C79800E851FD6EE951FE6EEA51FF6EFA50120043
:10C7A800B19E13C5FBF412C5FAF41100FAC414F5CE
:10C7B800FBC415F50701E551E611E711D8B4E7EF19
:10C7C80063F0E9EF63F0F6EF63F002D8F6EF63F099
:10C7D8000500FA6EE551FD6EE651FE6EE751FF6EFB
:10C7E800FA501200B19615C5FBF414C5FAF41100FD
:10C7F800970E0601086F080E096F22C60AF623C6AF
:10C808000BF624C60CF625C60DF6C80E0E6F000EE4
:10C818000F6F000E106F000E116FFDEC33F008C69D
:10C8280022F609C623F60AC624F60BC625F6120018
:10C83800AB0E0601086F080E096F22C60AF623C65A
:10C848000BF624C60CF625C60DF6B80E0E6F0B0EA9
:10C858000F6F000E106F000E116FFDEC33F008C65D
:10C8680022F609C623F60AC624F60BC625F61200D8
:10C8780063C567F564C568F565C5F6F466C5F7F47C
:10C888000501654B662B000EF86E67C5D9F468C5BF
:10C89800DAF4674B682B0800F5C4DFF4DF50D8A43E
:10C8A80058EF64F05AEF64F040EF64F012007FEC48
:10C8B80069F045EC69F0CDEC68F05AEC69F00201DA
:10C8C800949FA7EC68F002019B919B95948F050EAD
:10C8D800E82EFED700000000000000000000000065
:10C8E800000002019A919A959B85120063C569F52B
:10C8F80064C56AF588EF64F069C5D9F46AC5DAF4E5
:10C9080065C5DFF4694B6A2B05016707D8A068077E
:10C91800672906E16829D8A494EF64F096EF64F0DB
:10C9280080EF64F012000501676F67C5ECF303013F
:10C93800F39DF381F3B1A3EF64F0A5EF64F09EEFEC
:10C9480064F0EB510501666F656B0301EA5105015F
:10C958006525636F0301000E05016621646F1200EF
:10C9680005016351641165116611D8B4BEEF64F016
:10C97800C0EF64F0C8EF64F0000E631B000E641B88
:10C98800000E651B800E661B63C563F564C564F500
:10C9980065C565F566C566F5120089EC68F086EC34
:10C9A80055F0F3EC5EF01FEC67F02EEC62F0A6ECAD
:10C9B80066F091EC66F04AEC69F03DEC61F06AECE7
:10C9C80069F0BEEC5EF089EC5EF071EC5AF095EC23
:10C9D8005CF0120005017C6F7CC56BF505016C6B82
:10C9E800D70E6D6F070E6E6F78C56FF576EC4EF04B
:10C9F800680E05017B6FE40EE82EFED77B2FFCD76F
:10CA08000000D70E0501786F070E796F12003550B8
:10CA18003610D8B412EF65F014EF65F021EF65F029
:10CA280035503BEC69F03B50D8B41DEF65F01FEF73
:10CA380065F021EF65F070EC69F03150312440EC7D
:10CA480069F073EC69F01200200E0501FD612FEF0B
:10CA580065F031EF65F043EF65F0000E4C24D96EB8
:10CA6800DA6A090EDA22DF500201A36F4C281F0B85
:10CA7800286E28C54CF50501FD2B44EF65F0A29200
:10CA880012000064006400507D000064006400C26D
:10CA9800D20000F401F401C8D200000A000A000C18
:10CAA8009E000014001400BCD200000A000A008096
:10CAB800A9000088138813E881001BC521F51CC54F
:10CAC80022F56FEF65F021C5D9F422C5DAF41DC54A
:10CAD800DFF4214A222A1F06D8A020061F2806E1D3
:10CAE8002028D8A47AEF65F07CEF65F067EF65F051
:10CAF800120005016ABF83EF65F085EF65F08BEFE3
:10CB080065F069C569F56AC56AF597EF65F069C5A5
:10CB18006BF56AC56CF56B1F6C1F6B4B6C2B6BC58B
:10CB280069F56CC56AF512000CC7E4F50DC7E5F5A3
:10CB38000EC7E6F50FC7E7F5E0C5E4F5E1C5E5F58D
:10CB4800E2C5E6F5E3C5E7F50501E79FE4C5E0F5CD
:10CB5800E5C5E1F5E6C5E2F5E7C5E3F51200480EDF
:10CB68004A24D96EDA6A0A0EDA22DF501C6E4A2885
:10CB78001F0B1B6E1BC54AF5A2904950D8B4C7EFCE
:10CB880065F0C9EF65F0CAEF65F04906A2801C5050
:10CB98001200D1EC64F0D68ED68C31EC66F07A0EA9
:10CBA8000601A76FC10EA66F810EE82EFED7A62F2D
:10CBB800FCD7A72FFAD700D0A6EC5DF0E0EF65F020
:10CBC80081EF18F00701835184118511D8B4EFEF74
:10CBD80065F0F1EF65F0FEEF65F002D8FEEF65F065
:10CBE8000500FA6E8351FD6E8451FE6E8551FF6E0D
:10CBF800FA50120012000701805181118211D8B435
:10CC080008EF66F00AEF66F017EF66F002D817EF44
:10CC180066F00500FA6E8051FD6E8151FE6E8251FC
:10CC2800FF6EFA501200120007017D517E117F112C
:10CC3800D8B421EF66F023EF66F030EF66F002D843
:10CC480030EF66F00500FA6E7D51FD6E7E51FE6E86
:10CC58007F51FF6EFA5012001200C6EC67F09DEC8F
:10CC680068F093EC68F088EC53F08BEC5FF08FEC95
:10CC780061F0900E0501636FB30E646F000E656F6F
:10CC880022EC69F066EC61F012000501C36FC3C5C0
:10CC98006BF505016C6BBFC56DF5C0C56EF5C1C5FB
:10CCA8006FF5A1EC52F0D00E0501C26FC90EE82E47
:10CCB800FED7C22FFCD700D0120065C545F063C56A
:10CCC80066F564C567F565C568F567C566F568C541
:10CCD80067F50501686B66510001446F63C543F051
:10CCE800F80E4117408146511200010E0501636F8D
:10CCF8003050D8A482EF66F084EF66F08EEF66F0CD
:10CD0800020198AF8AEF66F08CEF66F08EEF66F05E
:10CD18000501636B050163511200010E0301326FB7
:10CD2800316B336B1F0E2F6F2E6B480E0701DC6FB4
:10CD3800D30EDD6F000EDE6FB996A986DF0E0301F4
:10CD4800306F1200010E0301266F256B276B1F0E33
:10CD5800236F226B620E0701E56FD30EE66F000E9C
:10CD6800E76FB196A186DF0E0301246F1200690EEA
:10CD78000601776F060E786F000E5F6F000E606F0A
:10CD880067C661F668C662F6770E636F060E646F53
:10CD98006CEC60F012000501636F050163A1D7EF29
:10CDA80066F0D9EF66F0DAEF66F0C08E63A3DFEFC6
:10CDB80066F0E1EF66F0E2EF66F0BE8A1200050168
:10CDC800636F050163A1EBEF66F0EDEF66F0EEEF40
:10CDD80066F0C18A63A3F3EF66F0F5EF66F0F6EF4D
:10CDE80066F0C38012000501636F050163A1FFEFC0
:10CDF80066F001EF67F002EF67F0C09E63A307EFEC
:10CE080067F009EF67F00AEF67F0BE9A12000501B4
:10CE1800636F050163A113EF67F015EF67F016EF75
:10CE280067F0C19A63A31BEF67F01DEF67F01EEF71
:10CE380067F0C39012003D0E0301196F186B570E6F
:10CE48001B6F600E0701E86FD30EE96F000EEA6FE3
:10CE5800B19EA18E810E03011A6F120039503A104B
:10CE6800D8B439EF67F03BEF67F03EEF67F0395021
:10CE78003BEC69F0D880313440EC69F073EC69F030
:10CE8800120039503A10D8B44CEF67F04EEF67F003
:10CE980051EF67F0395052EC69F0D88031344EECDC
:10CEA80069F076EC69F0120079EC69F07CEC69F0D5
:10CEB8000009D8B462EF67F064EF67F06AEF67F0D3
:10CEC800000E52EC69F0000E56EC69F01200306A60
:10CED800000E326E3168000E336E000E346E000E96
:10CEE800376E000E386E7FEC69F045EC69F05AEC4D
:10CEF80069F012000501635164116511D8B487EF18
:10CF080067F089EF67F08FEF67F063C574F764C562
:10CF180075F765C576F7120005016351641165114F
:10CF2800D8B499EF67F09BEF67F0A1EF67F063C59E
:10CF380077F764C578F765C579F71200050163517D
:10CF480064116511D8B4ABEF67F0ADEF67F0B3EFDC
:10CF580067F063C57AF764C57BF765C57CF712008F
:10CF68000501635164116511D8B4BDEF67F0BFEFD7
:10CF780067F0C5EF67F063C568F764C569F765C50D
:10CF88006AF7120099EC69F09BEC69F0010E0BEC62
:10CF980067F0020E0BEC67F0010EF7EC66F0020E7C
:06CFA800F7EC66F0120038
:10CFB000D8C42DF582EC69F037C5D9F438C5DAF458
:10CFC000DF6E374A382A2DC5D8F41100D8C42FF5A2
:10CFD00033C5D9F434C5DAF4334A342ADF5056EC79
:10CFE00069F02FC5D8F41100000141AFFAEF67F0E6
:10CFF000FCEF67F0FFEF67F0010E00EF68F0000E46
:10D0000012000501FD51D8A408EF68F00BEF68F09D
:0AD01000010E0CEF68F0000E120094
:10D01C00FAC409F5FBC40AF5AF90E6EC65F00AC555
:10D02C00FBF409C5FAF41100FAC40BF5FBC40CF5BA
:10D03C00B490FFEC65F00CC5FBF40BC5FAF41100D1
:10D04C00FAC40DF5FBC40EF5B89018EC66F00EC5DD
:10D05C00FBF40DC5FAF41100000140B138EF68F093
:10D06C003BEF68F0010E3CEF68F0000E120002017D
:10D07C0095BB43EF68F046EF68F0010E47EF68F0A0
:10D08C00000E1200020198B74EEF68F051EF68F0F5
:10D09C00010E52EF68F0000E1200020197BD59EF1D
:10D0AC0068F05CEF68F0010E5DEF68F0000E1200A6
:10D0BC00020197BB64EF68F067EF68F0010E68EF50
:10D0CC0068F0000E1200020198A76FEF68F072EF83
:10D0DC0068F0010E73EF68F0000E1200FAC426F52A
:10D0EC00FBC427F5A2EC47F027C5FBF426C5FAF4E0
:10D0FC001100A584A586A580A58202019B859B8332
:10D10C009B8F97811200600E0001AD6FAF6BB36BFC
:10D11C00080EB16FB06BAC6B1200B20E0501636FF1
:10D12C00BE0E646F000E656FB4EC67F012004E0E0D
:10D13C000501636FBE0E646F000E656F1BEC69F02A
:10D14C001200A584A586A580A58202019B859B83E0
:10D15C009B8F978112000900000000000000000066
:09D16C00090000000000000000B1
:10D176003DC563F53EC564F53FC565F540C566F535
:10D1860012003DC51BF53EC51CF53FC51DF540C546
:10D196001EF51200A594A596A590A59202019B6B7B
:10D1A600976B120006050403020101000000C0008F
:10D1B600000263C5ACF664C5ADF665C5AEF61200F1
:10D1C60063C5AFF664C5B0F665C5B1F6120063C5B2
:10D1D60086F764C587F765C588F7120063C5B5F697
:10D1E60064C5B6F665C5B7F6120063C5B8F664C57C
:10D1F600B9F665C5BAF6120063C5B2F664C5B3F6EC
:10D2060065C5B4F6120063C57DF764C57EF765C5CE
:10D216007FF7120063C580F764C581F765C582F79D
:10D22600120063C583F764C584F765C585F71200E8
:10D2360063C5E8F764C5E9F765C5EAF7120063C593
:10D24600BBF664C5BCF665C5BDF6120005016451A2
:10D256004E6E63C54FF5120063C589F4050164512E
:10D266008A6E120063C57AF4050164517B6E120062
:10D276000501636F63C58DF212000501636F63C517
:10D286008FF212000201979B979D97991200C30E89
:10D296000301D76F1200296E29C58FF212002B6E7B
:10D2A6002BC58DF212002E6E2EC58CF212000201D5
:10D2B600996B9985120020EC3CF01200B4EC3AF020
:10D2C600120013EC32F012004E6A4F6A12006DEC37
:10D2D60069F012000001419F12000201948D1200B4
:10D2E6000201948B12000201948B12000201949D9C
:10D2F600120002018D51120002019A6B1200020106
:04D306008B51120035
:10D30C0028EC65F01100A2901200A2801200C192CC
:10D31C001200C1821200C1861200C38A12008784D7
:0ED32C00120078841200C1961200C39A1200FB
:0BD33C00AF941100B09011000105013A
:0ED34800120012001200120012001200120059
:10D358001100120012001200120012001200120036
:05D3680012001200019B
:020000040030CA
:080000008FFFEFFF9FFFFFFFE0
:01000900FFF7
:00000001FF
