:0400000081EF00F09C
:10000800CC75CC75CC75CC754000CC754000CC75E2
:10001800C074CC75C475CC75CC75CC75CC75CC75E5
:10002800C575400040004000CC75CC75CC75CC75CA
:10003800CC75CC75CC757C727971CC75CC756B72BE
:10004800D274B875CC75CC7540004000CC75CC75B1
:10005800CC75CC75CC754000CC75CC754972EA6B03
:10006800C674CC75CC75CC75CC75CC75CC75CC7587
:100078000A751075686DFD6A4000CC755A72176C68
:100088001675BA75CC75CC75CC75CC75CC75CC7528
:10009800CC75CC75CC75CC754000CC754000400053
:1000A800CC74CC75CC75CC75CC75CC75CC75CC7541
:1000B800CC75CC75CC758D72CC75CC75CC75CC7572
:1000C800CC75CC75CC75CC75CC75CC75CC75CC7520
:1000D800CC75CC75CC75CC75CC75CC75CC75CC7510
:1000E8004000CC75CC75CC75400040004000400005
:0E00F800CC75CC75CC75CC75FF004BEFC8F005
:10F6FC000000C0C101C30302C2C60607C705C5C4CA
:10F70C0004CC0C0DCD0FCFCE0E0ACACB0BC90908F9
:10F71C00C8D81819D91BDBDA1A1EDEDF1FDD1D1C39
:10F72C00DC14D4D515D71716D6D21213D311D1D0C9
:10F73C0010F03031F133F3F23236F6F737F5353469
:10F74C00F43CFCFD3DFF3F3EFEFA3A3BFB39F9F839
:10F75C003828E8E929EB2B2AEAEE2E2FEF2DEDECD9
:10F76C002CE42425E527E7E62622E2E323E1212009
:10F77C00E0A06061A163A3A26266A6A767A5656409
:10F78C00A46CACAD6DAF6F6EAEAA6A6BAB69A9A879
:10F79C006878B8B979BB7B7ABABE7E7FBF7DBDBCB9
:10F7AC007CB47475B577B7B67672B2B373B1717049
:10F7BC00B0509091519353529296565797559594A9
:10F7CC00549C5C5D9D5F9F9E5E5A9A9B5B995958B9
:10F7DC0098884849894B8B8A4A4E8E8F4F8D4D4C59
:10F7EC008C44848545874746868242438341818089
:10F7FC004000C1814001C0804101C0804100C181F5
:10F80C004001C0804100C1814000C1814001C080E5
:10F81C004101C0804100C1814000C1814001C080D4
:10F82C004100C1814001C0804101C0804100C181C3
:10F83C004001C0804100C1814000C1814001C080B5
:10F84C004100C1814001C0804101C0804100C181A3
:10F85C004000C1814001C0804101C0804100C18194
:10F86C004001C0804100C1814000C1814001C08085
:10F87C004101C0804100C1814000C1814001C08074
:10F88C004100C1814001C0804101C0804100C18163
:10F89C004000C1814001C0804101C0804100C18154
:10F8AC004001C0804100C1814000C1814001C08045
:10F8BC004100C1814001C0804101C0804100C18133
:10F8CC004001C0804100C1814000C1814001C08025
:10F8DC004101C0804100C1814000C1814001C08014
:10F8EC004100C1814001C0804101C0804100C18103
:10F8FC004000C0C101C30302C2C60607C705C5C488
:10F90C0004CC0C0DCD0FCFCE0E0ACACB0BC90908F7
:10F91C00C8D81819D91BDBDA1A1EDEDF1FDD1D1C37
:10F92C00DC14D4D515D71716D6D21213D311D1D0C7
:10F93C0010F03031F133F3F23236F6F737F5353467
:10F94C00F43CFCFD3DFF3F3EFEFA3A3BFB39F9F837
:10F95C003828E8E929EB2B2AEAEE2E2FEF2DEDECD7
:10F96C002CE42425E527E7E62622E2E323E1212007
:10F97C00E0A06061A163A3A26266A6A767A5656407
:10F98C00A46CACAD6DAF6F6EAEAA6A6BAB69A9A877
:10F99C006878B8B979BB7B7ABABE7E7FBF7DBDBCB7
:10F9AC007CB47475B577B7B67672B2B373B1717047
:10F9BC00B0509091519353529296565797559594A7
:10F9CC00549C5C5D9D5F9F9E5E5A9A9B5B995958B7
:10F9DC0098884849894B8B8A4A4E8E8F4F8D4D4C57
:10F9EC008C44848545874746868242438341818087
:10F9FC004000C1814001C0804101C0804100C181F3
:10FA0C004001C0804100C1814000C1814001C080E3
:10FA1C004101C0804100C1814000C1814001C080D2
:10FA2C004100C1814001C0804101C0804100C181C1
:10FA3C004001C0804100C1814000C1814001C080B3
:10FA4C004100C1814001C0804101C0804100C181A1
:10FA5C004000C1814001C0804101C0804100C18192
:10FA6C004001C0804100C1814000C1814001C08083
:10FA7C004101C0804100C1814000C1814001C08072
:10FA8C004100C1814001C0804101C0804100C18161
:10FA9C004000C1814001C0804101C0804100C18152
:10FAAC004001C0804100C1814000C1814001C08043
:10FABC004100C1814001C0804101C0804100C18131
:10FACC004001C0804100C1814000C1814001C08023
:10FADC004101C0804100C1814000C1814001C08012
:10FAEC004100C1814001C0804101C0804100C18101
:10FAFC004000C0C101C30302C2C60607C705C5C486
:10FB0C0004CC0C0DCD0FCFCE0E0ACACB0BC90908F5
:10FB1C00C8D81819D91BDBDA1A1EDEDF1FDD1D1C35
:10FB2C00DC14D4D515D71716D6D21213D311D1D0C5
:10FB3C0010F03031F133F3F23236F6F737F5353465
:10FB4C00F43CFCFD3DFF3F3EFEFA3A3BFB39F9F835
:10FB5C003828E8E929EB2B2AEAEE2E2FEF2DEDECD5
:10FB6C002CE42425E527E7E62622E2E323E1212005
:10FB7C00E0A06061A163A3A26266A6A767A5656405
:10FB8C00A46CACAD6DAF6F6EAEAA6A6BAB69A9A875
:10FB9C006878B8B979BB7B7ABABE7E7FBF7DBDBCB5
:10FBAC007CB47475B577B7B67672B2B373B1717045
:10FBBC00B0509091519353529296565797559594A5
:10FBCC00549C5C5D9D5F9F9E5E5A9A9B5B995958B5
:10FBDC0098884849894B8B8A4A4E8E8F4F8D4D4C55
:10FBEC008C44848545874746868242438341818085
:10FBFC004000C1814001C0804101C0804100C181F1
:10FC0C004001C0804100C1814000C1814001C080E1
:10FC1C004101C0804100C1814000C1814001C080D0
:10FC2C004100C1814001C0804101C0804100C181BF
:10FC3C004001C0804100C1814000C1814001C080B1
:10FC4C004100C1814001C0804101C0804100C1819F
:10FC5C004000C1814001C0804101C0804100C18190
:10FC6C004001C0804100C1814000C1814001C08081
:10FC7C004101C0804100C1814000C1814001C08070
:10FC8C004100C1814001C0804101C0804100C1815F
:10FC9C004000C1814001C0804101C0804100C18150
:10FCAC004001C0804100C1814000C1814001C08041
:10FCBC004100C1814001C0804101C0804100C1812F
:10FCCC004001C0804100C1814000C1814001C08021
:10FCDC004101C0804100C1814000C1814001C08010
:10FCEC004100C1814001C0804101C0804100C181FF
:10FCFC004000C0C101C30302C2C60607C705C5C484
:10FD0C0004CC0C0DCD0FCFCE0E0ACACB0BC90908F3
:10FD1C00C8D81819D91BDBDA1A1EDEDF1FDD1D1C33
:10FD2C00DC14D4D515D71716D6D21213D311D1D0C3
:10FD3C0010F03031F133F3F23236F6F737F5353463
:10FD4C00F43CFCFD3DFF3F3EFEFA3A3BFB39F9F833
:10FD5C003828E8E929EB2B2AEAEE2E2FEF2DEDECD3
:10FD6C002CE42425E527E7E62622E2E323E1212003
:10FD7C00E0A06061A163A3A26266A6A767A5656403
:10FD8C00A46CACAD6DAF6F6EAEAA6A6BAB69A9A873
:10FD9C006878B8B979BB7B7ABABE7E7FBF7DBDBCB3
:10FDAC007CB47475B577B7B67672B2B373B1717043
:10FDBC00B0509091519353529296565797559594A3
:10FDCC00549C5C5D9D5F9F9E5E5A9A9B5B995958B3
:10FDDC0098884849894B8B8A4A4E8E8F4F8D4D4C53
:10FDEC008C44848545874746868242438341818083
:10FDFC004000C1814001C0804101C0804100C181EF
:10FE0C004001C0804100C1814000C1814001C080DF
:10FE1C004101C0804100C1814000C1814001C080CE
:10FE2C004100C1814001C0804101C0804100C181BD
:10FE3C004001C0804100C1814000C1814001C080AF
:10FE4C004100C1814001C0804101C0804100C1819D
:10FE5C004000C1814001C0804101C0804100C1818E
:10FE6C004001C0804100C1814000C1814001C0807F
:10FE7C004101C0804100C1814000C1814001C0806E
:10FE8C004100C1814001C0804101C0804100C1815D
:10FE9C004000C1814001C0804101C0804100C1814E
:10FEAC004001C0804100C1814000C1814001C0803F
:10FEBC004100C1814001C0804101C0804100C1812D
:10FECC004001C0804100C1814000C1814001C0801F
:10FEDC004101C0804100C1814000C1814001C0800E
:10FEEC004100C1814001C0804101C0804100C181FD
:10FEFC004006B50100000000000084C601000000AF
:10FF0C0060D30176D3010000000000000000000067
:10FF1C0000000000000000000000000000000000D5
:10FF2C000000000000000000000000000018D201DA
:10FF3C00F4D101D0D101000000C4B30100000000D5
:10FF4C000000D2C6010000008CD3010000000000AC
:10FF5C000000000000000000000000000000000095
:10FF6C000000000000000000000000000000000085
:10FF7C00000000000084D20160D2013CD2010000DC
:10FF8C000024C2010000007EC201D8C201000000A2
:10FF9C0000000000000038CF01000000000000430A
:10FFAC0048317C252E32667C252E3266207C2564D9
:10FFBC007C25647C0A0D20004348327C252E326659
:10FFCC007C252E3266207C25647C0A0D2000533A59
:10FFDC0025642C20563A252E36660D0A007C2564A5
:10FFEC007C25647C25647C0A0D00696E66006E615C
:03FFFC006E000094
:020000040001F9
:10000000460E0601F26107EF80F009EF80F00FEF76
:1000100080F0000E996F820E986F13EF80F0000E43
:10002000996F850E986F0A0E516FD70E526F230E7F
:10003000536F3C0E546FF551266F276B286B296B5D
:10004000010E82ECC1F026C64DF627C64EF628C634
:100050004FF629C650F66AECA3F04DC6AAF64EC676
:10006000ABF64FC6ACF650C6ADF6AAC651F6ABC657
:1000700052F6ACC653F6ADC654F6000E0601386F04
:10008000000E396F7A0E3A6F440E3B6F5CC534F642
:100090005DC535F65EC536F65FC537F671ECABF07B
:1000A00034C64DF635C64EF636C64FF637C650F650
:1000B0006AECA3F04DC69EF64EC69FF64FC6A0F65C
:1000C00050C6A1F6000E06016A6F000E6B6FBB0EE4
:1000D0006C6F430E6D6F000E516F000E526F000E6D
:1000E000536F3F0E546FF551266F276B286B296BAA
:1000F000010E82ECC1F026C64DF627C64EF628C684
:100100004FF629C650F66AECA3F04DC666F64EC609
:1001100067F64FC668F650C669F676EC9CF066C680
:10012000A2F667C6A3F668C6A4F669C6A5F69EC67B
:1001300051F69FC652F6A0C653F6A1C654F6A2C603
:100140004DF6A3C64EF6A4C64FF6A5C650F66AEC09
:10015000A3F04DC67EF64EC67FF64FC680F650C65B
:1001600081F601ECCEF07EC6B0F67FC6B1F60A0E7F
:100170000601516FD70E526F230E536F3C0E546F12
:10018000F451266F276B286B296B010E82ECC1F0AE
:1001900026C64DF627C64EF628C64FF629C650F697
:1001A0006AECA3F04DC6AAF64EC6ABF64FC6ACF647
:1001B00050C6ADF66F0E0601516F120E526F830ED0
:1001C000536F3A0E546FF3C54DF6F4C54EF6F5C5B0
:1001D0004FF6F6C550F66AECA3F04DC69EF64EC635
:1001E0009FF64FC6A0F650C6A1F6AAC651F6ABC6FA
:1001F00052F6ACC653F6ADC654F69EC64DF69FC633
:100200004EF6A0C64FF6A1C650F66AECA3F04DC656
:10021000A2F64EC6A3F64FC6A4F650C6A5F6000E2B
:1002200006016A6F000E6B6FBA0E6C6F420E6D6F37
:10023000330E516F330E526FB30E536F3E0E546F29
:10024000F451266F276B286B296B010E82ECC1F0ED
:1002500026C64DF627C64EF628C64FF629C650F6D6
:100260006AECA3F04DC666F64EC667F64FC668F652
:1002700050C669F676EC9CF066C69AF667C69BF6A1
:1002800068C69CF669C69DF6A2C651F6A3C652F68C
:10029000A4C653F6A5C654F69AC64DF69BC64EF6AE
:1002A0009CC64FF69DC650F66AECA3F04DC67EF68E
:1002B0004EC67FF64FC680F650C681F601ECCEF0F2
:1002C0007EC692F67FC693F60A0E0601516FD70ED0
:1002D000526F230E536F3C0E546FF351266F276BF2
:1002E000286B296B010E82ECC1F026C64DF627C69D
:1002F0004EF628C64FF629C650F66AECA3F04DC656
:10030000AAF64EC6ABF64FC6ACF650C6ADF66F0EAB
:100310000601516F120E526F830E536F3A0E546FD7
:10032000C2C84DF6C3C84EF6C4C84FF6C5C850F68D
:100330006AECA3F04DC69EF64EC69FF64FC6A0F6D9
:1003400050C6A1F6AAC651F6ABC652F6ACC653F6D5
:10035000ADC654F69EC64DF69FC64EF6A0C64FF6E5
:10036000A1C650F66AECA3F04DC6A2F64EC6A3F69F
:100370004FC6A4F650C6A5F6000E06016A6F800EA1
:100380006B6F9B0E6C6F430E6D6F9A0E516F990ED3
:10039000526F990E536F3E0E546FF351266F276BB9
:1003A000286B296B010E82ECC1F026C64DF627C6DC
:1003B0004EF628C64FF629C650F66AECA3F04DC695
:1003C00066F64EC667F64FC668F650C669F676EC16
:1003D0009CF066C69AF667C69BF668C69CF669C628
:1003E0009DF6A2C651F6A3C652F6A4C653F6A5C6FC
:1003F00054F69AC64DF69BC64EF69CC64FF69DC661
:1004000050F66AECA3F04DC67EF64EC67FF64FC698
:1004100080F650C681F601ECCEF07EC694F67FC61B
:1004200095F66F0E0601516F120E526F830E536FC9
:100430003A0E546FBEC84DF6BFC84EF6C0C84FF650
:10044000C1C850F66AECA3F04DC6AAF64EC6ABF68C
:100450004FC6ACF650C6ADF60601F251266F276BBB
:10046000286B296B000E82ECC1F026C651F627C618
:1004700052F628C653F629C654F6AAC64DF6ABC6A0
:100480004EF6ACC64FF6ADC650F66AECA3F04DC6BC
:100490009EF64EC69FF64FC6A0F650C6A1F60A0EAF
:1004A0000601516FD70E526F230E536F3C0E546FDF
:1004B0009EC64DF69FC64EF6A0C64FF6A1C650F694
:1004C0006AECA3F04DC6A2F64EC6A3F64FC6A4F63C
:1004D00050C6A5F6A2C651F6A3C652F6A4C653F658
:1004E000A5C654F698C626F699C627F60601000E4C
:1004F00027BFFF0E286F296F010E82ECC1F026C6C0
:100500004DF627C64EF628C64FF629C650F66AECB9
:10051000A3F04DC67EF64EC67FF64FC680F650C697
:1005200081F601ECCEF07EC696F67FC697F6060100
:100530009251B0258A6F9351B1218B6F94518A27C4
:1005400095518B2396518A25AE6F97518B21AF6FB2
:10055000130EF565AEEF82F0B0EF82F012EF83F08C
:10056000AFBFBEEF82F0410EAE5D030EAF59D8B003
:10057000BCEF82F0BEEF82F012EF83F0F851266FED
:10058000276B286B296B010E82ECC1F026C651F651
:1005900027C652F628C653F629C654F6000E0601A1
:1005A000386F000E396FC80E3A6F420E3B6F5CC554
:1005B00034F65DC535F65EC536F65FC537F671ECC7
:1005C000ABF034C64DF635C64EF636C64FF637C6D6
:1005D00050F66AECA3F04DC67EF64EC67FF64FC6C7
:1005E00080F650C681F601ECCEF07EC68EF77FC64F
:1005F0008FF707018E518F11D8B401EF83F003EF0D
:1006000083F012EF83F02D0E8E5D010E8F59D8B05E
:100610000CEF83F00EEF83F012EF83F0010E8F6F7B
:100620002C0E8E6F130E0601F56519EF83F01BEF8C
:1006300083F07CEF83F0F451D8B421EF83F023EF03
:1006400083F033EF83F0F351D8B429EF83F02BEF2D
:1006500083F033EF83F0F251D8A431EF83F033EF1E
:1006600083F07CEF83F0AFBF3FEF83F0420EAE5DCF
:10067000030EAF59D8A03FEF83F041EF83F07CEF3A
:1006800083F0F851266F276B286B296B010E82ECE3
:10069000C1F026C651F627C652F628C653F629C61B
:1006A00054F6000E0601386F000E396FC80E3A6F0F
:1006B000420E3B6F5CC534F65DC535F65EC536F659
:1006C0005FC537F671ECABF034C64DF635C64EF665
:1006D00036C64FF637C650F66AECA3F04DC67EF626
:1006E0004EC67FF64FC680F650C681F601ECCEF0BE
:1006F0007EC68EF77FC68FF7310E0601F56583EF54
:1007000083F085EF83F07AEF84F0130EF4658BEFBE
:1007100083F08DEF83F07AEF84F0F351D8A493EF58
:1007200083F095EF83F07AEF84F0F251D8A49BEF39
:1007300083F09DEF83F07AEF84F0AFBFA9EF83F0F1
:10074000410EAE5D030EAF59D8A0A9EF83F0ABEF19
:1007500083F07AEF84F0000E216F640E206FF45165
:10076000370DF3C41EF6F4C41FF697ECD5F006015E
:100770001E51AE5D8A6F1F51AF598B6FE00E8A25F7
:100780008C6FFC0E8B218D6F8CC626F68DC627F6DE
:10079000000E27BFFF0E286F296F010E82ECC1F0FB
:1007A00026C6A6F627C6A7F628C6A8F629C6A9F61D
:1007B000A6C67AF6A7C67BF6A8C67CF6A9C67DF6BD
:1007C000B0C626F6B1C627F60601000E27BFFF0EFB
:1007D000286F296F010E82ECC1F026C676F627C677
:1007E00077F628C678F629C679F602ECE4F076C6E4
:1007F0007EF677C67FF678C680F679C681F601EC7C
:10080000CEF07EC6B0F67FC6B1F6000E06016A6F66
:10081000000E6B6FBB0E6C6F430E6D6F000E516F51
:10082000000E526F000E536F3F0E546FF551266F3E
:10083000276B286B296B010E82ECC1F026C64DF6A2
:1008400027C64EF628C64FF629C650F66AECA3F026
:100850004DC666F64EC667F64FC668F650C669F6D0
:1008600076EC9CF066C638F667C639F668C63AF686
:1008700069C63BF6B0C626F6B1C627F60601000EDD
:1008800027BFFF0E286F296F010E82ECC1F026C62C
:1008900034F627C635F628C636F629C637F671EC83
:1008A000ABF034C6AAF635C6ABF636C6ACF637C6DC
:1008B000ADF6000E0601516F000E526F7A0E536FA7
:1008C000440E546FAAC64DF6ABC64EF6ACC64FF6F4
:1008D000ADC650F66AECA3F04DC67EF64EC67FF666
:1008E0004FC680F650C681F601ECCEF07EC68EF77C
:1008F0007FC68FF7310E0601F56581EF84F083EF37
:1009000084F078EF85F0140EF36589EF84F08BEFB7
:1009100084F078EF85F0F451D8A491EF84F093EF50
:1009200084F078EF85F0F251D8A499EF84F09BEF32
:1009300084F078EF85F0AFBFA7EF84F0410EAE5D95
:10094000030EAF59D8A0A7EF84F0A9EF84F078EF99
:1009500085F0000E216F640E206FF3513F0DF3C43C
:100960001EF6F4C41FF697ECD5F006011E51AE5DDD
:100970008A6F1F51AF598B6FEA0E8A258C6FFC0E60
:100980008B218D6F8CC626F68DC627F6000E27BFED
:10099000FF0E286F296F010E82ECC1F026C6A6F665
:1009A00027C6A7F628C6A8F629C6A9F6A6C67AF6C7
:1009B000A7C67BF6A8C67CF6A9C67DF6B0C626F605
:1009C000B1C627F60601000E27BFFF0E286F296F5C
:1009D000010E82ECC1F026C676F627C677F628C649
:1009E00078F629C679F602ECE4F076C67EF677C68C
:1009F0007FF678C680F679C681F601ECCEF07EC629
:100A0000B0F67FC6B1F6000E06016A6F000E6B6F7E
:100A1000BB0E6C6F430E6D6F000E516F000E526F68
:100A2000000E536F3F0E546FF551266F276B286BE6
:100A3000296B010E82ECC1F026C64DF627C64EF694
:100A400028C64FF629C650F66AECA3F04DC666F6E6
:100A50004EC667F64FC668F650C669F676EC9CF04F
:100A600066C638F667C639F668C63AF669C63BF612
:100A7000B0C626F6B1C627F60601000E27BFFF0E48
:100A8000286F296F010E82ECC1F026C634F627C606
:100A900035F628C636F629C637F671ECABF034C603
:100AA000AAF635C6ABF636C6ACF637C6ADF6000EBE
:100AB0000601516F000E526F7A0E536F440E546F41
:100AC000AAC64DF6ABC64EF6ACC64FF6ADC650F64E
:100AD0006AECA3F04DC67EF64EC67FF64FC680F692
:100AE00050C681F601ECCEF07EC68EF77FC68FF73A
:100AF000310E0601F5657FEF85F081EF85F076EF29
:100B000086F0130EF26587EF85F089EF85F076EFBA
:100B100086F0F351D8A48FEF85F091EF85F076EF52
:100B200086F0F451D8A497EF85F099EF85F076EF31
:100B300086F0AFBFA5EF85F0410EAE5D030EAF5955
:100B4000D8A0A5EF85F0A7EF85F076EF86F0000E30
:100B5000216F640E206FF2510A0DF3C41EF6F4C427
:100B60001FF697ECD5F006011E51AE5D8A6F1F513E
:100B7000AF598B6FB50E8A258C6FFC0E8B218D6F54
:100B80008CC626F68DC627F6000E27BFFF0E286FEF
:100B9000296F010E82ECC1F026C6A6F627C6A7F67D
:100BA00028C6A8F629C6A9F6A6C67AF6A7C67BF671
:100BB000A8C67CF6A9C67DF6B0C626F6B1C627F64D
:100BC0000601000E27BFFF0E286F296F010E82EC71
:100BD000C1F026C676F627C677F628C678F629C667
:100BE00079F602ECE4F076C67EF677C67FF678C634
:100BF00080F679C681F601ECCEF07EC6B0F67FC6EF
:100C0000B1F6000E06016A6F000E6B6FBB0E6C6FC3
:100C1000430E6D6F000E516F000E526F000E536F3A
:100C20003F0E546FF551266F276B286B296B010E11
:100C300082ECC1F026C64DF627C64EF628C64FF602
:100C400029C650F66AECA3F04DC666F64EC667F6A6
:100C50004FC668F650C669F676EC9CF066C638F664
:100C600067C639F668C63AF669C63BF6B0C626F6D8
:100C7000B1C627F60601000E27BFFF0E286F296FA9
:100C8000010E82ECC1F026C634F627C635F628C61A
:100C900036F629C637F671ECABF034C6AAF635C67F
:100CA000ABF636C6ACF637C6ADF6000E0601516F90
:100CB000000E526F7A0E536F440E546FAAC64DF653
:100CC000ABC64EF6ACC64FF6ADC650F66AECA3F016
:100CD0004DC67EF64EC67FF64FC680F650C681F6EC
:100CE00001ECCEF07EC68EF77FC68FF7310E06017F
:100CF000F5657DEF86F07FEF86F08DEF87F0F2519E
:100D0000D8A485EF86F087EF86F08DEF87F0130E7D
:100D1000F3658DEF86F08FEF86F08DEF87F0130E81
:100D2000F46595EF86F097EF86F08DEF87F0AFBF13
:100D3000A3EF86F0410EAE5D030EAF59D8A0A3EF2E
:100D400086F0A5EF86F08DEF87F0000E216F640E20
:100D5000206FF451050DF3C41EF6F4C41FF697EC92
:100D6000D5F01EC68AF61FC68BF606018A1F8B1F9A
:100D70008A4B8B2B000E216F640E206FF351050DF3
:100D8000F3C41EF6F4C41FF697ECD5F006011E510D
:100D90008A5D8C6F1F518B598D6FAE518C27AF516F
:100DA0008D23B50E8C258E6FFC0E8D218F6F8EC618
:100DB00026F68FC627F6000E27BFFF0E286F296F75
:100DC000010E82ECC1F026C6A6F627C6A7F628C6F5
:100DD000A8F629C6A9F6A6C67AF6A7C67BF6A8C6BF
:100DE0007CF6A9C67DF6B0C626F6B1C627F6060182
:100DF000000E27BFFF0E286F296F010E82ECC1F095
:100E000026C676F627C677F628C678F629C679F676
:100E100002ECE4F076C67EF677C67FF678C680F6FA
:100E200079C681F601ECCEF07EC6B0F67FC6B1F68B
:100E3000000E06016A6F000E6B6FBB0E6C6F430EE7
:100E40006D6F000E516F000E526F000E536F3F0E0C
:100E5000546FF551266F276B286B296B010E82ECBE
:100E6000C1F026C64DF627C64EF628C64FF629C64F
:100E700050F66AECA3F04DC666F64EC667F64FC64E
:100E800068F650C669F676EC9CF066C638F667C61A
:100E900039F668C63AF669C63BF6B0C626F6B1C65C
:100EA00027F60601000E27BFFF0E286F296F010EDF
:100EB00082ECC1F026C634F627C635F628C636F6CB
:100EC00029C637F671ECABF034C6AAF635C6ABF6D8
:100ED00036C6ACF637C6ADF6000E0601516F000EF1
:100EE000526F7A0E536F440E546FAAC64DF6ABC6BE
:100EF0004EF6ACC64FF6ADC650F66AECA3F04DC642
:100F00007EF64EC67FF64FC680F650C681F601ECDF
:100F1000CEF07EC68EF77FC68FF7310E0601F565DF
:100F200094EF87F096EF87F0A4EF88F0130EF26548
:100F30009CEF87F09EEF87F0A4EF88F0F351D8A4E0
:100F4000A4EF87F0A6EF87F0A4EF88F0130EF46506
:100F5000ACEF87F0AEEF87F0A4EF88F0AFBFBAEF49
:100F600087F0410EAE5D030EAF59D8A0BAEF87F0FF
:100F7000BCEF87F0A4EF88F0000E216F640E206FA5
:100F8000F4510A0DF3C41EF6F4C41FF697ECD5F025
:100F90001EC68AF61FC68BF606018A1F8B1F8A4B58
:100FA0008B2B000E216F640E206FF2510A0DF3C4DB
:100FB0001EF6F4C41FF697ECD5F006011E518A5DAB
:100FC0008C6F1F518B598D6FAE518C27AF518D2374
:100FD000B80E8C258E6FFC0E8D218F6F8EC626F677
:100FE0008FC627F6000E27BFFF0E286F296F010E50
:100FF00082ECC1F026C6A6F627C6A7F628C6A8F634
:1010000029C6A9F6A6C67AF6A7C67BF6A8C67CF6B8
:10101000A9C67DF6B0C626F6B1C627F60601000EB3
:1010200027BFFF0E286F296F010E82ECC1F026C684
:1010300076F627C677F628C678F629C679F602EC42
:10104000E4F076C67EF677C67FF678C680F679C677
:1010500081F601ECCEF07EC6B0F67FC6B1F6000E8A
:1010600006016A6F000E6B6FBB0E6C6F430E6D6FE7
:10107000000E516F000E526F000E536F3F0E546FF3
:10108000F551266F276B286B296B010E82ECC1F09E
:1010900026C64DF627C64EF628C64FF629C650F688
:1010A0006AECA3F04DC666F64EC667F64FC668F604
:1010B00050C669F676EC9CF066C638F667C639F617
:1010C00068C63AF669C63BF6B0C626F6B1C627F63C
:1010D0000601000E27BFFF0E286F296F010E82EC5C
:1010E000C1F026C634F627C635F628C636F629C618
:1010F00037F671ECABF034C6AAF635C6ABF636C699
:10110000ACF637C6ADF6000E0601516F000E526FF9
:101110007A0E536F440E546FAAC64DF6ABC64EF608
:10112000ACC64FF6ADC650F66AECA3F04DC67EF6DF
:101130004EC67FF64FC680F650C681F601ECCEF063
:101140007EC68EF77FC68FF7310E0601F565ABEFD1
:1011500088F0ADEF88F0B5EF88F0510EF565B3EF8C
:1011600088F0B5EF88F0BDEF88F0550EF565BBEF60
:1011700088F0BDEF88F0CBEF89F0130EF265C3EF76
:1011800088F0C5EF88F0CBEF89F0130EF365CBEF55
:1011900088F0CDEF88F0CBEF89F0F451D8A4D3EFED
:1011A00088F0D5EF88F0CBEF89F0AFBFE1EF88F0A2
:1011B000410EAE5D030EAF59D8A0E1EF88F0E3EF2A
:1011C00088F0CBEF89F0000E216F640E206FF25192
:1011D0002C0DF3C41EF6F4C41FF697ECD5F01EC612
:1011E0008AF61FC68BF606018A1F8B1F8A4B8B2B34
:1011F000000E216F640E206FF3510A0DF3C41EF62A
:10120000F4C41FF697ECD5F006011E518A5D8C6F71
:101210001F518B598D6FAE518C27AF518D23E00E2E
:101220008C258E6FFC0E8D218F6F8EC626F68FC695
:1012300027F6000E27BFFF0E286F296F010E82ECE4
:10124000C1F026C6A6F627C6A7F628C6A8F629C660
:10125000A9F6A6C67AF6A7C67BF6A8C67CF6A9C6E6
:101260007DF6B0C626F6B1C627F60601000E27BFEA
:10127000FF0E286F296F010E82ECC1F026C676F6AC
:1012800027C677F628C678F629C679F602ECE4F088
:1012900076C67EF677C67FF678C680F679C681F682
:1012A00001ECCEF07EC6B0F67FC6B1F6000E0601A8
:1012B0006A6F000E6B6FBB0E6C6F430E6D6F000E8E
:1012C000516F000E526F000E536F3F0E546FF55169
:1012D000266F276B286B296B010E82ECC1F026C6A6
:1012E0004DF627C64EF628C64FF629C650F66AECCC
:1012F000A3F04DC666F64EC667F64FC668F650C6F2
:1013000069F676EC9CF066C638F667C639F668C6AC
:101310003AF669C63BF6B0C626F6B1C627F6060110
:10132000000E27BFFF0E286F296F010E82ECC1F05F
:1013300026C634F627C635F628C636F629C637F649
:1013400071ECABF034C6AAF635C6ABF636C6ACF6D1
:1013500037C6ADF6000E0601516F000E526F7A0EC1
:10136000536F440E546FAAC64DF6ABC64EF6ACC6CC
:101370004FF6ADC650F66AECA3F04DC67EF64EC6EB
:101380007FF64FC680F650C681F601ECCEF07EC6E1
:101390008EF77FC68FF7310E0601F565D2EF89F023
:1013A000D4EF89F0F5EF8AF0130EF365DAEF89F0E8
:1013B000DCEF89F0F5EF8AF0130EF465E2EF89F0C7
:1013C000E4EF89F0F5EF8AF0130EF265EAEF89F0A9
:1013D000ECEF89F0F5EF8AF0AFBFF8EF89F0410E3E
:1013E000AE5D030EAF59D8A0F8EF89F0FAEF89F09F
:1013F000F5EF8AF0000E216F640E206FF251040D9C
:10140000F3C41EF6F4C41FF697ECD5F01EC68AF698
:101410001FC68BF606018A1F8B1F8A4B8B2B000E73
:10142000216F640E206FF3512E0DF3C41EF6F4C429
:101430001FF697ECD5F006011E518A5D8C6F1F5187
:101440008B598D6F000E216F640E206FF451040DC7
:10145000F3C41EF6F4C41FF697ECD5F006011E5136
:101460008C5D8E6F1F518D598F6FAE518E27AF518E
:101470008F23E40E8E25906FFC0E8F21916F90C606
:1014800026F691C627F6000E27BFFF0E286F296F9C
:10149000010E82ECC1F026C6A6F627C6A7F628C61E
:1014A000A8F629C6A9F6A6C67AF6A7C67BF6A8C6E8
:1014B0007CF6A9C67DF6B0C626F6B1C627F60601AB
:1014C000000E27BFFF0E286F296F010E82ECC1F0BE
:1014D00026C676F627C677F628C678F629C679F6A0
:1014E00002ECE4F076C67EF677C67FF678C680F624
:1014F00079C681F601ECCEF07EC6B0F67FC6B1F6B5
:10150000000E06016A6F000E6B6FBB0E6C6F430E10
:101510006D6F000E516F000E526F000E536F3F0E35
:10152000546FF551266F276B286B296B010E82ECE7
:10153000C1F026C64DF627C64EF628C64FF629C678
:1015400050F66AECA3F04DC666F64EC667F64FC677
:1015500068F650C669F676EC9CF066C638F667C643
:1015600039F668C63AF669C63BF6B0C626F6B1C685
:1015700027F60601000E27BFFF0E286F296F010E08
:1015800082ECC1F026C634F627C635F628C636F6F4
:1015900029C637F671ECABF034C6AAF635C6ABF601
:1015A00036C6ACF637C6ADF6000E0601516F000E1A
:1015B000526F7A0E536F440E546FAAC64DF6ABC6E7
:1015C0004EF6ACC64FF6ADC650F66AECA3F04DC66B
:1015D0007EF64EC67FF64FC680F650C681F601EC09
:1015E000CEF07EC68EF77FC68FF70601F551D8A4E0
:1015F000FCEF8AF0FEEF8AF01BEF8BF0F451D8A4D9
:1016000004EF8BF006EF8BF01BEF8BF0F351D8A4B7
:101610000CEF8BF00EEF8BF01BEF8BF0F251D8A498
:1016200014EF8BF016EF8BF01BEF8BF0000E070121
:101630008F6F000E8E6F8EC788F68FC789F61200E7
:101640000601B26B8AC6B3F68BC6B4F68CC6B5F685
:101650008DC6B6F6B6BF31EF8BF02FEF8BF045EFAE
:101660008BF0010EB26FB3C61EF6B4C61FF6B5C638
:1016700020F6B6C621F6F4ECE5F01EC6B3F61FC69A
:10168000B4F620C6B5F621C6B6F6000E0601B86F50
:10169000000EB76F7CC7A2F67DC7A3F6B251D8B4CF
:1016A00054EF8BF056EF8BF06AEF8BF0B251D8A469
:1016B0005CEF8BF05EEF8BF064EF8BF0000E986FB9
:1016C0002B0E976F68EF8BF0000E986F2D0E976FB3
:1016D00097C6B2F6B3C61EF6B4C61FF6B5C620F658
:1016E000B6C621F697ECD1F006011E051F11D8A44D
:1016F0007CEF8BF07EEF8BF0B0EF8BF0B251D8B473
:1017000084EF8BF086EF8BF08FEF8BF0B2C664FB2B
:10171000A207D8A0A307000EB86F010EB76F640E22
:10172000B7251E6F0B0EB8211F6FF60E206FFF0E30
:10173000216F5CECE5F00601FD0EA227FF0EA3234E
:1017400088C632F689C633F6640E346F0B0E356FD9
:10175000A2C636F6A3C637F678ECDEF020EF90F09E
:10176000B3C61EF6B4C61FF6B5C620F6B6C621F639
:1017700097ECD1F006011E511F11D8A4C2EF8BF0D7
:10178000C4EF8BF0E3EF8BF0B251D8B4CAEF8BF01B
:10179000CCEF8BF0D5EF8BF0B2C664FBA207D8A0DC
:1017A000A307000EB86F010EB76F640EB7251E6F4A
:1017B0000B0EB8211F6FFA0E206FFF0E216F5CEC2D
:1017C000E5F09BEF8BF0000EB96F000EBA6F800E44
:1017D000BB6F3F0EBC6F000EA16F000EA06FB3C6B3
:1017E0001EF6B4C61FF6B5C620F6B6C621F6000E24
:1017F000226F000E236F000E246F000E256FE0ECA9
:10180000D8F00601D8B007EF8CF009EF8CF0EBEFC1
:101810008CF015EF8CF0A4C6B9F6A5C6BAF6A6C62C
:10182000BBF6A7C6BCF6A04BA12BB9C64DF6BAC6EF
:101830004EF6BBC64FF6BCC650F6000E516F000EFA
:10184000526F200E536F410E546F6AECA3F04DC6D9
:10185000A4F64EC6A5F64FC6A6F650C6A7F60601D4
:10186000A451B35D1E6FA551B4591F6FA651B55950
:10187000206FA751B659216FC6ECE1F0060121BFD8
:101880004DEF8CF0215120111F1109E1020E1E5D58
:10189000D8A04DEF8CF04FEF8CF00BEF8CF0A4C67E
:1018A00066F6A5C667F6A6C668F6A7C669F6B3C605
:1018B0006AF6B4C66BF6B5C66CF6B6C66DF68CECB9
:1018C000CFF00601D8A067EF8CF069EF8CF00BEF3A
:1018D0008CF0B951B35D1E6FBA51B4591F6FBB5133
:1018E000B559206FBC51B659216FC6ECE1F0060125
:1018F00021BF88EF8CF0215120111F1107E1020E4A
:101900001E5DD8B086EF8CF088EF8CF0D1EF8CF0B4
:10191000B9C6B3F6BAC6B4F6BBC6B5F6BCC6B6F61B
:10192000EBEF8CF0B9C634F6BAC635F6BBC636F660
:10193000BCC637F6000E386F000E396F200E3A6FB6
:10194000410E3B6F71ECABF034C6B9F635C6BAF652
:1019500036C6BBF637C6BCF60601A007D8A0A1075D
:10196000B951B35D1E6FBA51B4591F6FBB51B55910
:10197000206FBC51B659216FC6ECE1F0060121BFC2
:10198000CFEF8CF0215120111F1107E1020E1E5DD7
:10199000D8B0CDEF8CF0CFEF8CF0D1EF8CF088EF9A
:1019A0008CF0B3C666F6B4C667F6B5C668F6B6C6BA
:1019B00069F6B9C66AF6BAC66BF6BBC66CF6BCC6A3
:1019C0006DF68CECCFF00601D8A0E9EF8CF0EBEFD0
:1019D0008CF092EF8CF08EC69AF69AC69BF60501B3
:1019E000D4BFF5EF8CF0F7EF8CF0FDEF8CF0D3C5A2
:1019F00093F6D4C594F602EF8DF0000E0601946FB5
:101A0000060E936F93C69EF694C69FF606019E4BF4
:101A10009F2B660E9B19D8A410EF8DF012EF8DF05E
:101A200032EF8DF0A1BF19EF8DF017EF8DF025EF9C
:101A30008DF0000EB96F000EBA6F800EBB6F3F0EB7
:101A4000BC6F000EA16F000EA06F670E9A19D8B47C
:101A50002CEF8DF02EEF8DF032EF8DF0A0519E2700
:101A6000A1519F23000EA96F000EA86FB3C6AAF65E
:101A7000B4C6ABF6B5C6ACF6B6C6ADF6B9C6A4F6F6
:101A8000BAC6A5F6BBC6A6F6BCC6A7F6C4EF8DF0CF
:101A9000AAC634F6ABC635F6ACC636F6ADC637F6D2
:101AA000B9C638F6BAC639F6BBC63AF6BCC63BF676
:101AB00071ECABF034C64DF635C64EF636C64FF671
:101AC00037C650F69FECB9F04DC6AEF64EC6AFF62F
:101AD0004FC6B0F650C6B1F6AEC67EF6AFC67FF6BC
:101AE000B0C680F6B1C681F601ECCEF07EC69CF69B
:101AF0007FC69DF6AAC676F6ABC677F6ACC678F674
:101B0000ADC679F6AEC651F6AFC652F6B0C653F6BC
:101B1000B1C654F6B9C64DF6BAC64EF6BBC64FF6B8
:101B2000BCC650F66AECA3F04DC67AF64EC67BF6FC
:101B30004FC67CF650C67DF602ECE4F076C6AAF6F7
:101B400077C6ABF678C6ACF679C6ADF6B9C634F64C
:101B5000BAC635F6BBC636F6BCC637F6000E060169
:101B6000386F000E396F200E3A6F410E3B6F71ECEB
:101B7000ABF034C6B9F635C6BAF636C6BBF637C6CC
:101B8000BCF60601A84BA92B9E51A85DA951800A5D
:101B90008F6F9F51800A8F59D8A0D1EF8DF0D3EF6E
:101BA0008DF048EF8DF0B9C64DF6BAC64EF6BBC6FD
:101BB0004FF6BCC650F6000E516F000E526FA00ECD
:101BC000536F400E546F6AECA3F04DC6AEF64EC68E
:101BD000AFF64FC6B0F650C6B1F6AAC666F6ABC6AB
:101BE00067F6ACC668F6ADC669F6AEC66AF6AFC6AD
:101BF0006BF6B0C66CF6B1C66DF68CECCFF0060194
:101C0000D8B005EF8EF007EF8EF011EF8EF0000EDA
:101C1000AE6F000EAF6F000EB06F000EB16F3AEFF7
:101C20008EF0AAC61EF6ABC61FF6ACC620F6ADC631
:101C300021F6AEC622F6AFC623F6B0C624F6B1C66C
:101C400025F6E0ECD8F00601D8A029EF8EF02BEFB6
:101C50008EF03AEF8EF09CB130EF8EF032EF8EF0D6
:101C60003AEF8EF0000EAE6F000EAF6F000EB06F49
:101C7000000EB16FB3C666F6B4C667F6B5C668F6B1
:101C8000B6C669F6AEC66AF6AFC66BF6B0C66CF6F7
:101C9000B1C66DF676EC9CF066C6AAF667C6ABF6E2
:101CA00068C6ACF669C6ADF6AAC666F6ABC667F6F8
:101CB000ACC668F6ADC669F6000E0601516F000E9F
:101CC000526F200E536F410E546FA4C64DF6A5C639
:101CD0004EF6A6C64FF6A7C650F66AECA3F04DC660
:101CE0006AF64EC66BF64FC66CF650C66DF68CECB7
:101CF000CFF00601D8A07FEF8EF081EF8EF0A9EF34
:101D00008EF0A04BA12BA4C64DF6A5C64EF6A6C6D6
:101D10004FF6A7C650F6000E516F000E526F200E00
:101D2000536F410E546F6AECA3F04DC6A4F64EC635
:101D3000A5F64FC6A6F650C6A7F6660E06019B1975
:101D4000D8A4A5EF8EF0A7EF8EF0A9EF8EF09E4BF2
:101D50009F2BA4C6B9F6A5C6BAF6A6C6BBF6A7C6FB
:101D6000BCF6A0C691F6A1C692F6996B000E966FCE
:101D7000000E956F000EA96F000EA86FA6EF8FF0F2
:101D8000AAC634F6ABC635F6ACC636F6ADC637F6DF
:101D9000B9C638F6BAC639F6BBC63AF6BCC63BF683
:101DA00071ECABF034C64DF635C64EF636C64FF67E
:101DB00037C650F69FECB9F04DC6AEF64EC6AFF63C
:101DC0004FC6B0F650C6B1F6AEC67EF6AFC67FF6C9
:101DD000B0C680F6B1C681F601ECCEF006017FBF39
:101DE000FDEF8EF07F5107E10A0E7E5DD8B0FBEF6C
:101DF0008EF0FDEF8EF00DEF8FF0AEC67EF6AFC623
:101E00007FF6B0C680F6B1C681F601ECCEF07EC694
:101E10009CF67FC69DF611EF8FF0000E9D6F090EA8
:101E20009C6F06019951D8A418EF8FF01AEF8FF02C
:101E300042EF8FF092BF21EF8FF01FEF8FF042EF54
:101E40008FF0640EB725D96E0B0EB821DA6E2E0E08
:101E5000DF6EB74BB82BA207D8A0A307010E996F6E
:101E600042EF8FF0640EB725D96E0B0EB821DA6EF3
:101E7000300EDF6EB74BB82BA207D8A0A30795078B
:101E8000D8A0960795519611D8A449EF8FF04BEF43
:101E90008FF032EF8FF0640EB725D96E0B0EB8219C
:101EA000DA6E9C51300FDF6EB74BB82BA207D8A06B
:101EB000A307AAC676F6ABC677F6ACC678F6ADC66B
:101EC00079F6AEC651F6AFC652F6B0C653F6B1C6F5
:101ED00054F6B9C64DF6BAC64EF6BBC64FF6BCC6EA
:101EE00050F66AECA3F04DC67AF64EC67BF64FC6A6
:101EF0007CF650C67DF602ECE4F076C6AAF677C60C
:101F0000ABF678C6ACF679C6ADF6B9C634F6BAC645
:101F100035F6BBC636F6BCC637F6000E0601386F7E
:101F2000000E396F200E3A6F410E3B6F71ECABF033
:101F300034C6B9F635C6BAF636C6BBF637C6BCF6F1
:101F400006019107D8A09207A84BA92B9E51A85D26
:101F5000A951800A8F6F9F51800A8F59D8B0B3EF73
:101F60008FF0B5EF8FF0C3EF8FF0B8BFC1EF8FF0F8
:101F7000B85109E14B0EB75DD8A0C1EF8FF0C3EFA8
:101F80008FF0C0EF8EF0000EA96F4F0EA86F640E99
:101F9000A825D96E0B0EA921DA6EDF6A640E8F6F49
:101FA0000B0E906FB7518F5FB851905BA8518F2582
:101FB0001E6FA95190211F6F640E206F0B0E216FB1
:101FC000B7C622F6B8C623F6C9ECE2F00601B7514F
:101FD000A85DB76FB851A959B86FB251D8A4F3EF43
:101FE0008FF0F6EF8FF0010EF7EF8FF0000EA86F75
:101FF000A96BB251D8B4FFEF8FF001EF90F00CEF66
:1020000090F0B707D8A0B807640EB725D96E0B0EAD
:10201000B821DA6EB2C6DFF4A851A25FA951A35B62
:1020200088C632F689C633F6640EB725346F0B0EB8
:10203000B821356FA2C636F6A3C637F678ECDEF0C7
:10204000120041CA56F545CA55F549CA54F54DCA5C
:1020500053F55650D8A42FEF90F031EF90F094EF55
:1020600090F05550D8A437EF90F039EF90F094EFFE
:1020700090F05450D8A43FEF90F041EF90F094EFDF
:1020800090F05350D8A447EF90F049EF90F094EFC0
:1020900090F0010E0601FF6F020EFE6F030E5B6EE5
:1020A000040E5A6E20EE07F01E51D9261F51DA2277
:1020B000DF50FC6F20EE08F01E51D9261F51DA22A6
:1020C000DF50FD6F20EE09F01E51D9261F51DA2294
:1020D000DF50FA6F20EE0AF01E51D9261F51DA2286
:1020E000DF50FB6F20EE0BF01E51D9261F51DA2274
:1020F000DF50436E20EE0CF01E51D9261F51DA221C
:10210000DF50446E20EE0DF01E51D9261F51DA2209
:10211000DF50416E20EE0EF01E51D9261F51DA22FB
:10212000DF50426E89EF93F05650D8B49AEF90F09A
:102130009CEF90F0F5EF90F0050E5660A2EF90F056
:10214000A4EF90F0F5EF90F05550D8A4AAEF90F0DE
:10215000ACEF90F0F5EF90F05450D8A4B2EF90F0BF
:10216000B4EF90F0F5EF90F05350D8A4BAEF90F0A0
:10217000BCEF90F0F5EF90F056C5FFF655C5FEF6B2
:1021800054C55BF553C55AF55650020DF3C420F6FD
:10219000F4C421F6060120511E25226F21511F2172
:1021A000236F050E2225D96E000E2321DA6EDF5033
:1021B000FC6F5650020DF3C420F6F4C421F62051F2
:1021C0001E25226F21511F21236F060E2225D96E55
:1021D000000E2321DA6EDF50FD6FFA6BFB6B436A52
:1021E000446A416A426A89EF93F05650D8B4FBEFD3
:1021F00090F0FDEF90F089EF91F0050E566003EF3F
:1022000091F005EF91F089EF91F05550D8B40BEFB4
:1022100091F00DEF91F089EF91F0050E556013EFFD
:1022200091F015EF91F089EF91F055505618D8B410
:102230001CEF91F01EEF91F089EF91F05450D8A46B
:1022400024EF91F026EF91F089EF91F05350D8A44C
:102250002CEF91F02EEF91F089EF91F056C5FFF63B
:1022600055C5FEF654C55BF553C55AF55650020DDB
:10227000F3C420F6F4C421F6060120511E25226F76
:1022800021511F21236F050E2225D96E000E232117
:10229000DA6EDF50FC6F5650020DF3C420F6F4C422
:1022A00021F620511E25226F21511F21236F060E7A
:1022B0002225D96E000E2321DA6EDF50FD6F5550B6
:1022C000020DF3C420F6F4C421F620511E25226F1E
:1022D00021511F21236F050E2225D96E000E2321C7
:1022E000DA6EDF50FA6F5550020DF3C420F6F4C4D5
:1022F00021F620511E25226F21511F21236F060E2A
:102300002225D96E000E2321DA6EDF50FB6FEFEF2E
:1023100090F05650D8B48FEF91F091EF91F05FEFBD
:1023200092F0050E566097EF91F099EF91F05FEF04
:1023300092F05550D8B49FEF91F0A1EF91F05FEF7C
:1023400092F0050E5560A7EF91F0A9EF91F05FEFC5
:1023500092F05450D8B4AFEF91F0B1EF91F05FEF3D
:1023600092F0050E5460B7EF91F0B9EF91F05FEF86
:1023700092F055505618D8B4C0EF91F0C2EF91F0DA
:102380005FEF92F054505618D8B4C9EF91F0CBEFEC
:1023900091F05FEF92F054505518D8B4D2EF91F00D
:1023A000D4EF91F05FEF92F05350D8A4DAEF91F0B0
:1023B000DCEF91F05FEF92F056C5FFF655C5FEF6E3
:1023C00054C55BF553C55AF55650020DF3C420F6BB
:1023D000F4C421F6060120511E25226F21511F2130
:1023E000236F050E2225D96E000E2321DA6EDF50F1
:1023F000FC6F5650020DF3C420F6F4C421F62051B0
:102400001E25226F21511F21236F060E2225D96E12
:10241000000E2321DA6EDF50FD6F5550020DF3C41C
:1024200020F6F4C421F620511E25226F21511F21D0
:10243000236F050E2225D96E000E2321DA6EDF50A0
:10244000FA6F5550020DF3C420F6F4C421F6205162
:102450001E25226F21511F21236F060E2225D96EC2
:10246000000E2321DA6EDF50FB6F5450020DF3C4CF
:1024700020F6F4C421F620511E25226F21511F2180
:10248000236F050E2225D96E000E2321DA6EDF5050
:10249000436E5450020DF3C420F6F4C421F62051CB
:1024A0001E25226F21511F21236F060E2225D96E72
:1024B000000E2321DA6EDF50446EF1EF90F056509B
:1024C000D8B465EF92F067EF92F080EF93F0050ECD
:1024D00056606DEF92F06FEF92F080EF93F05550F1
:1024E000D8B475EF92F077EF92F080EF93F0050E8D
:1024F00055607DEF92F07FEF92F080EF93F05450B3
:10250000D8B485EF92F087EF92F080EF93F0050E4C
:1025100054608DEF92F08FEF92F080EF93F0535074
:10252000D8B495EF92F097EF92F080EF93F0050E0C
:1025300053609DEF92F09FEF92F080EF93F0555033
:102540005618D8B4A6EF92F0A8EF92F080EF93F06F
:1025500054505618D8B4AFEF92F0B1EF92F080EF2C
:1025600093F053505618D8B4B8EF92F0BAEF92F0F7
:1025700080EF93F054505518D8B4C1EF92F0C3EFE8
:1025800092F080EF93F053505518D8B4CAEF92F000
:10259000CCEF92F080EF93F053505418D8B4D3EFAF
:1025A00092F0D5EF92F080EF93F056C5FFF655C547
:1025B000FEF654C55BF553C55AF55650020DF3C4EB
:1025C00020F6F4C421F6060120511E25226F215168
:1025D0001F21236F050E2225D96E000E2321DA6EEE
:1025E000DF50FC6F5650020DF3C420F6F4C421F600
:1025F00020511E25226F21511F21236F060E2225F7
:10260000D96E000E2321DA6EDF50FD6F5550020D9A
:10261000F3C420F6F4C421F620511E25226F215167
:102620001F21236F050E2225D96E000E2321DA6E9D
:10263000DF50FA6F5550020DF3C420F6F4C421F6B2
:1026400020511E25226F21511F21236F060E2225A6
:10265000D96E000E2321DA6EDF50FB6F5450020D4D
:10266000F3C420F6F4C421F620511E25226F215117
:102670001F21236F050E2225D96E000E2321DA6E4D
:10268000DF50436E5450020DF3C420F6F4C421F61B
:1026900020511E25226F21511F21236F060E222556
:1026A000D96E000E2321DA6EDF50446E5350020DB6
:1026B000F3C420F6F4C421F620511E25226F2151C7
:1026C0001F21236F050E2225D96E000E2321DA6EFD
:1026D000DF50416E5350020DF3C420F6F4C421F6CE
:1026E00020511E25226F21511F21236F060E222506
:1026F000D96E000E2321DA6EDF50426E89EF93F01F
:102700000601FC6BFD6BFA6BFB6B436A446A416A22
:10271000426A12000701C405D8A491EF93F093EF29
:1027200093F0A1EF96F00601FC51D8A49AEF93F034
:102730009CEF93F0BBEF93F0FDC67CF60F0E7C1779
:10274000FD390F0B0A0DF3507C25806F80C670F9A0
:1027500020EE01F07A51D9267B51DA22610EDE1883
:10276000D8A4B5EF93F0B7EF93F0BBEF93F080C62A
:10277000F8F6F8C6F5F6FC05D8A4C1EF93F0C3EF60
:1027800093F0E2EF93F0FD51D8A4C9EF93F0CBEFB3
:1027900093F0E2EF93F0640E0901706F060120EEF2
:1027A00001F07A51D9267B51DA22610EDE18D8A4C5
:1027B000DCEF93F0DEEF93F0E2EF93F0640EF86F4E
:1027C000F8C6F5F6FA51D8A4E8EF93F0EAEF93F0E3
:1027D00009EF94F0FBC67CF60F0E7C17FB390F0B4C
:1027E0000A0DF3507C25816F81C674F920EE01F04B
:1027F0007A51D9267B51DA22610EDE18D8A403EF74
:1028000094F005EF94F009EF94F081C6F7F6F7C65F
:10281000F4F6FA05D8A40FEF94F011EF94F030EF2E
:1028200094F0FB51D8A417EF94F019EF94F030EF27
:1028300094F0640E0901746F060120EE01F07A51E4
:10284000D9267B51DA22610EDE18D8A42AEF94F043
:102850002CEF94F030EF94F0640EF76FF7C6F4F6B7
:102860004350D8A436EF94F038EF94F057EF94F03B
:1028700044C57CF60F0E7C1744380F0B0A0DF3503D
:102880007C25826F82C678F920EE01F07A51D92634
:102890007B51DA22610EDE18D8A451EF94F053EF89
:1028A00094F057EF94F082C6F6F6F6C6F3F64304BA
:1028B000D8A45DEF94F05FEF94F07EEF94F0445075
:1028C000D8A465EF94F067EF94F07EEF94F0640E77
:1028D0000901786F060120EE01F07A51D9267B516B
:1028E000DA22610EDE18D8A478EF94F07AEF94F033
:1028F0007EEF94F0640EF66FF6C6F3F64150D8A45E
:1029000084EF94F086EF94F0A5EF94F042C57CF646
:102910000F0E7C1742380F0B0A0DF3507C25836F86
:1029200083C67CF920EE01F07A51D9267B51DA2258
:10293000610EDE18D8A49FEF94F0A1EF94F0A5EFFC
:1029400094F083C657F557C5F2F64104D8A4ABEF0F
:1029500094F0ADEF94F0CCEF94F04250D8A4B3EFE4
:1029600094F0B5EF94F0CCEF94F0640E09017C6F15
:10297000060120EE01F07A51D9267B51DA22610E50
:10298000DE18D8A4C6EF94F0C8EF94F0CCEF94F022
:10299000640E576E57C5F2F6F105D8A4D2EF94F045
:1029A000D4EF94F07FEF96F0000E276F000E266FA5
:1029B000700E286F090E296F100E2A6F84ECD3F069
:1029C000000E0501D86F010ED76FD705D811D8A416
:1029D000ECEF94F0EEEF94F00DEF95F0090E060198
:1029E0007D6F1E0E7C6FE40EE82EFED77C2FFCD789
:1029F0007D2FFAD70000000E0601276F000E266F0C
:102A0000B80E286F090E296F100E2A6F3CECCBF020
:102A1000000E0501D86F000ED76F550E0701CB6F62
:102A20000601FF51D8B417EF95F019EF95F067EF55
:102A300095F0640E0901B819D8A421EF95F023EFA1
:102A400095F039EF95F00601FF51020DD00EF324F9
:102A5000D96E070EF420DA6E010EDF6EFF51020D03
:102A6000D10EF324D96E070EF420DA6EDF6A67EF19
:102A700095F00601FF51020DD00EF324D96E070E1A
:102A8000F420DA6EDF6AFF51020DD10EF324D96E05
:102A9000070EF420DA6EB8C91EF61F6B000E216F08
:102AA0000A0E206F88ECD8F01EC67CF61FC67DF695
:102AB000B8C91EF606011F6B000E216F0A0E206FAB
:102AC00097ECD5F006011E39F00B7C11DF6EFE513C
:102AD000D8B46DEF95F06FEF95F0BDEF95F0640E03
:102AE0000901BC19D8A477EF95F079EF95F08FEF35
:102AF00095F00601FE51020DD00EF324D96E070E9B
:102B0000F420DA6E010EDF6EFE51020DD10EF324B9
:102B1000D96E070EF420DA6EDF6ABDEF95F006017C
:102B2000FE51020DD00EF324D96E070EF420DA6E9A
:102B3000DF6AFE51020DD10EF324D96E070EF42088
:102B4000DA6EBCC91EF61F6B000E216F0A0E206FD5
:102B500088ECD8F01EC67CF61FC67DF6BCC91EF6F2
:102B600006011F6B000E216F0A0E206F97ECD5F047
:102B700006011E39F00B7C11DF6E5B50D8B4C3EF39
:102B800095F0C5EF95F013EF96F0640E0901C019AA
:102B9000D8A4CDEF95F0CFEF95F0E5EF95F00601D5
:102BA000FE51020DD00EF324D96E070EF420DA6E1A
:102BB000010EDF6EFE51020DD10EF324D96E070E09
:102BC000F420DA6EDF6A13EF96F00601FE51020D73
:102BD000D00EF324D96E070EF420DA6EDF6AFE51B0
:102BE000020DD10EF324D96E070EF420DA6EC0C99F
:102BF0001EF61F6B000E216F0A0E206F88ECD8F0B6
:102C00001EC67CF61FC67DF6C0C91EF606011F6BE8
:102C1000000E216F0A0E206F97ECD5F006011E39C9
:102C2000F00B7C11DF6E5A50D8B419EF96F01BEF01
:102C300096F069EF96F0640E0901C419D8A423EF49
:102C400096F025EF96F03BEF96F00601FE51020D4F
:102C5000D00EF324D96E070EF420DA6E010EDF6E6B
:102C6000FE51020DD10EF324D96E070EF420DA6E58
:102C7000DF6A69EF96F00601FE51020DD00EF324D3
:102C8000D96E070EF420DA6EDF6AFE51020DD10E06
:102C9000F324D96E070EF420DA6EC4C91EF61F6B3A
:102CA000000E216F0A0E206F88ECD8F01EC67CF64D
:102CB0001FC67DF6C4C91EF606011F6B000E216FEC
:102CC0000A0E206F97ECD5F006011E39F00B7C112F
:102CD000DF6ECB0E1E6F070E1F6F0F0E206F8BEC7B
:102CE000DDF01EC67EF61FC67FF67EC6DBF7060148
:102CF0007F510701DA6F000E9D6F010E9C6F050179
:102D0000D905DA11D8A487EF96F089EF96F0A5EFF0
:102D100096F00601F105D8A490EF96F092EF96F0A8
:102D2000A5EF96F0CB0E206F070E216F110E226FCC
:102D3000B1ECDEF0000E0501DA6F000ED96FA5EFE1
:102D400096F0000E9B6F010E9A6F120084C61EF65D
:102D500085C61FF606018651FE0F206F8BECDDF055
:102D60001EC68FF61FC690F684C6D9F485C6DAF45F
:102D7000AA0EDE18D8B4BFEF96F0C1EF96F0CDEFF3
:102D800096F084C6D9F485C6DAF4DF50D8A4CBEF28
:102D900096F0CDEF96F066EF99F0060120EE01F087
:102DA0008451D9268551DA22710EDE18D8B4DBEFB2
:102DB00096F0DDEF96F073EF97F020EE01F084517E
:102DC000D9268551DA22100EDE18D8B4EAEF96F033
:102DD000ECEF96F073EF97F020EE01F08451D926D6
:102DE0008551DA22110EDE18D8B4F9EF96F0FBEF18
:102DF00096F073EF97F020EE01F08451D9268551BB
:102E0000DA22600EDE18D8B408EF97F00AEF97F0D8
:102E100073EF97F020EE01F08451D9268551DA2224
:102E2000610EDE18D8B417EF97F019EF97F073EF33
:102E300097F020EE01F08451D9268551DA22500E08
:102E4000DE18D8B426EF97F028EF97F073EF97F0DD
:102E500020EE01F08451D9268551DA22510EDE1878
:102E6000D8B435EF97F037EF97F073EF97F020EE87
:102E700001F08451D9268551DA22A00EDE18D8B48B
:102E800044EF97F046EF97F073EF97F020EE01F0E4
:102E90008451D9268551DA22A10EDE18D8B453EF19
:102EA00097F055EF97F073EF97F020EE01F0845113
:102EB000D9268551DA22700EDE18D8B462EF97F069
:102EC00064EF97F073EF97F020EE01F08451D9266C
:102ED0008551DA22F10EDE18D8A471EF97F073EF66
:102EE00097F066EF99F086518425876F000E852153
:102EF000886FFE0E8725D96EFF0E8821DA6EDF50AF
:102F0000896F89518B6F8A6B865184258C6F000E77
:102F100085218D6FFF0E8C25D96EFF0E8D21DA6E07
:102F2000DF508E6F8E518A13000E8B138F518A19CA
:102F300007E190518B19D8A4A0EF97F0A2EF97F07A
:102F400087EF99F0CB0E1E6F070E1F6F84C620F619
:102F500085C621F686C622F6236BC9ECE2F084C64C
:102F60001EF685C61FF621EC90F084C6D9F485C6FE
:102F7000DAF4DF5008019D6F060120EE01F0845164
:102F8000D9268551DA22DF5008019E6F43C59FF88C
:102F900044C5A0F841C5A1F842C5A2F8110EA36F1F
:102FA000220EA46F330EA56F84C6D9F485C6DAF459
:102FB000AA0EDE18D8A4DFEF97F0E1EF97F0A8EFA4
:102FC00098F072EF98F0000E236F010E226FACECB8
:102FD000CAF0060122510701C56F84C67AF685C67C
:102FE0007BF62EECA1F0A8EF98F0000E236F020EF6
:102FF000226FACECCAF0060122510701C46F84C6EF
:103000007AF685C67BF68AEC93F0A8EF98F0000E6E
:10301000236F030E226FACECCAF0060122510701A8
:10302000C36F84C67AF685C67BF6B3ECBBF0A8EF17
:1030300098F0000E236F060E226FACECCAF006016A
:1030400022510701C26F84C67AF685C67BF6A0ECD2
:10305000BFF0A8EF98F020EE08F08451D9268551F2
:10306000DA225A0EDE18D8A438EF98F03AEF98F02A
:103070006BEF98F020EE0AF08451D9268551DA22C0
:10308000A50EDE18D8A447EF98F049EF98F06BEF43
:1030900098F020EE0CF08451D9268551DA22C30E27
:1030A000DE18D8A456EF98F058EF98F06BEF98F030
:1030B00020EE0EF08451D9268551DA223C0EDE181E
:1030C000D8A465EF98F067EF98F06BEF98F015ECE7
:1030D000D1F0A8EF98F0000E07019B6F010E9A6FD8
:1030E000A8EF98F0060120EE01F08451D926855111
:1030F000DA22DF50100AD8B4E3EF97F0010AD8B40F
:10310000E3EF97F0410AD8B407EF98F0010AD8B47A
:1031100007EF98F0310AD8B4F5EF97F0010AD8B468
:10312000F5EF97F0110AD8B419EF98F0010AD8B466
:1031300019EF98F0D10AD8B4A8EF98F0010AD8B4E2
:10314000A8EF98F0500AD8B42BEF98F0A8EF98F0B9
:1031500084C6D9F485C6DAF4DF50D8A4B2EF98F06B
:10316000B4EF98F051EF99F0FDC6F8F6F8C6F5F611
:103170000601F851D8B4BFEF98F0C1EF98F0CFEF47
:1031800098F0150EF861C7EF98F0C9EF98F0CFEFFF
:1031900098F0140EF86FF8C6F5F6DBEF98F0630EB2
:1031A000F865D5EF98F0D7EF98F0DBEF98F0640E64
:1031B000F86FF8C6F5F6FBC6F7F6F7C6F4F6F75162
:1031C000D8B4E5EF98F0E7EF98F0F5EF98F01F0E20
:1031D000F761EDEF98F0EFEF98F0F5EF98F01E0E35
:1031E000F76FF7C6F4F601EF99F0630EF765FBEFA2
:1031F00098F0FDEF98F001EF99F0640EF76FF7C6C5
:10320000F4F644C5F6F6F6C6F3F6F651D8B40BEF6D
:1032100099F00DEF99F01CEF99F01F0EF66113EF86
:1032200099F015EF99F01CEF99F01E0E0801A06FB0
:10323000A0C8F3F629EF99F0630EF66522EF99F036
:1032400024EF99F029EF99F0640E0801A06FA0C84F
:10325000F3F642C557F557C5F2F65750D8B433EFD9
:1032600099F035EF99F044EF99F01F0E57603BEF5E
:1032700099F03DEF99F044EF99F01E0E0801A26F0E
:10328000A2C8F2F651EF99F0630E57644AEF99F035
:103290004CEF99F051EF99F0640E0801A26FA2C8AB
:1032A000F2F60601F905D8A458EF99F05AEF99F013
:1032B00087EF99F09D0E206F080E216F000E236F8F
:1032C000090E226F88ECDFF087EF99F00601F10517
:1032D000D8A46DEF99F06FEF99F087EF99F007019F
:1032E0009A059B11D8A477EF99F079EF99F087EFC1
:1032F00099F0E30E0601206F080E216F050E226F74
:10330000B1ECDEF0000E07019B6F000E9A6F84C6D1
:103310001EF685C61FF6000E0601216F000E206FF7
:10332000000E236F020E226FD7ECE5F09D0E060112
:103330001E6F080E1F6F000E216F000E206F000E13
:10334000236F090E226FD7ECE5F00601F16B120036
:10335000A4C568F5A5C569F5A6C56AF5A7C56BF549
:10336000A8C56CF5A9C56DF5AAC56EF5ABC56FF519
:103370004AECE4F068C5C9F569C5CAF56AC5CBF57C
:103380006BC5CCF5050120EE01F0A251D926A35161
:10339000DA22DEC470F5DEC471F5DEC472F5DEC477
:1033A00073F5C9C574F5CAC575F5CBC576F5CCC539
:1033B00077F57EECA5F070C5ADF571C5AEF572C5BB
:1033C000AFF573C5B0F5C9C51EF5CAC51FF5CBC5A8
:1033D00020F5CCC521F507ECE7F01EC560F51FC54B
:1033E00061F520C562F521C563F5000E0501646F26
:1033F000000E656F480E666F420E676F0FECD0F0DF
:103400000501D8B006EF9AF008EF9AF0A5EF9AF010
:1034100020EE1DF0A251D926A351DA22DEC460F5B8
:10342000DEC461F5DEC462F5DEC463F5C9C564F5CA
:10343000CAC565F5CBC566F5CCC567F5D2EC9EF07F
:10344000050120EE1DF0A251D926A351DA2260C554
:10345000DEF461C5DEF462C5DEF463C5DEF420EEA1
:103460000DF0A251D926A351DA22DEC460F5DEC4E4
:1034700061F5DEC462F5DEC463F520EE1DF0A251F5
:10348000D926A351DA22DEC464F5DEC465F5DEC4B4
:1034900066F5DEC467F50FECD0F00501D8B053EF48
:1034A0009AF055EF9AF069EF9AF020EE0DF0A251E4
:1034B000D926A351DA2210EE1DF0A251E126A35124
:1034C000E222DEC4E6F4DEC4E6F4DEC4E6F4DEC4E2
:1034D000E6F420EE1DF0A251D926A351DA22DEC473
:1034E00060F5DEC461F5DEC462F5DEC463F520EE8E
:1034F00011F0A251D926A351DA22DEC464F5DEC44C
:1035000065F5DEC466F5DEC467F50FECD0F00501A5
:10351000D8B08DEF9AF08FEF9AF0B3EF9AF020EEDB
:1035200011F0A251D926A351DA2210EE1DF0A251BA
:10353000E126A351E222DEC4E6F4DEC4E6F4DEC4F2
:10354000E6F4DEC4E6F4B3EF9AF020EE1DF0A251EB
:10355000D926A351DA22000EDE6E000EDE6E000EBA
:10356000DE6E000EDD6E20EE05F0A251D926A351CD
:10357000DA22DEC470F5DEC471F5DEC472F5DEC495
:1035800073F520EE1DF0A251D926A351DA22DEC434
:1035900074F5DEC475F5DEC476F5DEC477F57EEC31
:1035A000A5F070C5B1F571C5B2F572C5B3F573C5B7
:1035B000B4F5050120EE21F0A251D926A351DA225B
:1035C000DEC46CF5DEC46DF5DEC46EF5DEC46FF5E9
:1035D000C9C568F5CAC569F5CBC56AF5CCC56BF533
:1035E0004AECE4F068C570F569C571F56AC572F515
:1035F0006BC573F5050120EE09F0A251D926A35140
:10360000DA22DEC474F5DEC475F5DEC476F5DEC4F8
:1036100077F57EECA5F070C5B5F571C5B6F572C548
:10362000B7F573C5B8F5050120EE21F0A251D926F2
:10363000A351DA22C9C5DEF4CAC5DEF4CBC5DEF477
:10364000CCC5DEF4B1C564F5B2C565F5B3C566F5A4
:10365000B4C567F5ADC560F5AEC561F5AFC562F53A
:10366000B0C563F5D2EC9EF060C5B9F561C5BAF599
:1036700062C5BBF563C5BCF5B9C560F5BAC561F5F2
:10368000BBC562F5BCC563F5B5C564F5B6C565F5E2
:10369000B7C566F5B8C567F5D2EC9EF060C5C5F54F
:1036A00061C5C6F562C5C7F563C5C8F5A2C5D9F43D
:1036B000A3C5DAF4DE04D8A460EF9BF062EF9BF0C0
:1036C000E6EF9BF00501C8BF6AEF9BF068EF9BF047
:1036D00074EF9BF0000EBD6F000EBE6F000EBF6F4B
:1036E000BF0EC06F7CEF9BF0000EBD6F000EBE6F73
:1036F000000EBF6F3F0EC06FC5C564F5C6C565F54A
:10370000C7C566F5C8C567F5BDC560F5BEC561F539
:10371000BFC562F5C0C563F5D2EC9EF060C578F513
:1037200061C579F562C57AF563C57BF585ECCEF0A8
:10373000050178510701A627050179510701A72343
:10374000000E05016C6F000E6D6F480E6E6F450E1A
:103750006F6FA6C71EF5A7C71FF5000E1FBEFF0E91
:10376000206E216E010E38ECC3F01EC568F51FC532
:1037700069F520C56AF521C56BF5CCECCBF068C5C1
:1037800074F569C575F56AC576F56BC577F5000EF4
:103790000501706F000E716F000E726F000E736F77
:1037A0005CECCCF070C578F571C579F572C57AF529
:1037B00073C57BF585ECCEF078C5A6F779C5A7F77C
:1037C000A6C7A2F5A7C7A3F575EF9CF0A2C5D9F4CB
:1037D000A3C5DAF4020EDE18D8A4F1EF9BF0F3EFE4
:1037E0009BF075EF9CF00501C8BFFBEF9BF0F9EF74
:1037F0009BF005EF9CF0000EC16F000EC26F000E33
:10380000C36FBF0EC46F0DEF9CF0000EC16F000EB2
:10381000C26F000EC36F3F0EC46FC5C564F5C6C549
:1038200065F5C7C566F5C8C567F5C1C560F5C2C50C
:1038300061F5C3C562F5C4C563F5D2EC9EF060C501
:1038400078F561C579F562C57AF563C57BF585ECD8
:10385000CEF0050178510701A42705017951070130
:10386000A523000E05016C6F000E6D6F480E6E6F84
:10387000450E6F6FA4C71EF5A5C71FF5000E1FBE2E
:10388000FF0E206E216E010E38ECC3F01EC568F5E8
:103890001FC569F520C56AF521C56BF5CCECCBF0E9
:1038A00068C574F569C575F56AC576F56BC577F5B4
:1038B000000E0501706F000E716F000E726F000E2A
:1038C000736F5CECCCF070C578F571C579F572C595
:1038D0007AF573C57BF585ECCEF078C5A4F779C58C
:1038E000A5F7A4C7A2F5A5C7A3F512000601695163
:1038F000800B726F69516925746F68AF82EF9CF01D
:1039000084EF9CF085EF9CF074817451D8B48BEFF8
:103910009CF08DEF9CF0A1EF9CF07429D8A493EF5C
:103920009CF095EF9CF09DEF9CF0000E666F000EF2
:10393000676F000E686F000E696F688F696BA9EF83
:103940009CF0000E666F000E676F000E686F000E31
:10395000696F6D51800B736F72517319D8B4B3EFE7
:103960009CF0B5EF9CF0B6EF9CF0728D6D516D251B
:10397000736F6CAFBEEF9CF0C0EF9CF0C1EF9CF09A
:1039800073817351D8B4C7EF9CF0C9EF9CF0DDEFA1
:103990009CF07329D8A4CFEF9CF0D1EF9CF0D9EF25
:1039A0009CF0000E6A6F000E6B6F000E6C6F000EC5
:1039B0006D6F6C8F6D6BE5EF9CF0000E6A6F000E03
:1039C0006B6F000E6C6F000E6D6F7451735DD8B02D
:1039D000ECEF9CF0EEEF9CF015EF9DF072ADF3EF85
:1039E0009CF0F5EF9CF0F7EF9CF0800E721B74C614
:1039F00075F673C674F675C673F666C675F66AC64E
:103A000066F675C66AF667C675F66BC667F675C65E
:103A10006BF668C675F66CC668F675C66CF669C650
:103A200075F66DC669F675C66DF6756B745173C61D
:103A30006EF66F6B6E5F000E6F5B6FBF29EF9DF0D0
:103A40006F5109E11A0E6E5DD8A029EF9DF02BEFA2
:103A50009DF062EF9DF06651671168116911D8A45D
:103A600034EF9DF037EF9DF0010E38EF9DF0000E22
:103A7000756F000E666F000E676F000E686F000EA8
:103A8000696F73C674F66BEF9DF075A14AEF9DF0F8
:103A90004CEF9DF052EF9DF0D89075310109756F94
:103AA00054EF9DF0D890753366A159EF9DF05BEF10
:103AB0009DF05CEF9DF0758F69356933683367332E
:103AC0006633742B7351745DD8A069EF9DF06BEF72
:103AD0009DF045EF9DF072BD70EF9DF072EF9DF08F
:103AE000B2EF9DF07451D8A478EF9DF07AEF9DF07D
:103AF00084EF9DF0000E666F000E676F000E686F1A
:103B0000000E696FD1EF9EF06A5166276B516723F3
:103B10006C5168236D51692369A191EF9DF093EF7A
:103B20009DF03FEF9EF075A198EF9DF09AEF9DF00C
:103B3000A0EF9DF0D89075310109756FA2EF9DF04F
:103B4000D890753366A1A7EF9DF0A9EF9DF0AAEF7D
:103B50009DF0758F69356933683367336633742B2D
:103B60003FEF9EF06A51665D6B5167596C51685921
:103B70006951800A6E6F6D51800A6E59D8B0C3EFDB
:103B80009DF0C5EF9DF0F0EF9DF066516A5D6E6FA0
:103B900067516B596F6F68516C59706F69516D59EE
:103BA000716FFF0E6E25666FFF0E6F21676FFF0E40
:103BB0007021686FFF0E7121696F800E721B756D29
:103BC0007551D8A4E6EF9DF0E8EF9DF0F8EF9DF079
:103BD000010E6627000E672368236923F8EF9DF026
:103BE0006A51665F6B51675B6C51685B6D51695BD5
:103BF0006651671168116911D8A401EF9EF003EFB7
:103C00009EF038EF9EF07551D8A409EF9EF00BEFAF
:103C10009EF038EF9EF0000E666F000E676F000E8C
:103C2000686F000E696FD1EF9EF0D89066376737E6
:103C30006837693775AF1FEF9EF021EF9EF022EFD6
:103C40009EF0668175A127EF9EF029EF9EF02DEF83
:103C50009EF0D88075372FEF9EF0D890753774514D
:103C6000D8B435EF9EF037EF9EF038EF9EF0740732
:103C700068AF3DEF9EF03FEF9EF015EF9EF0736B47
:103C800075AF45EF9EF047EF9EF05FEF9EF075C673
:103C90006EF67F0E6E17D8B450EF9EF052EF9EF086
:103CA00056EF9EF0010E736F5FEF9EF066A15BEF23
:103CB0009EF05DEF9EF05FEF9EF052EF9EF073512D
:103CC000D8B465EF9EF067EF9EF092EF9EF0010E84
:103CD0006627000E67236823692369A172EF9EF0AF
:103CE00074EF9EF092EF9EF066C66EF667C66FF6B2
:103CF00068C670F669C671F67135713370336F330B
:103D00006E336EC666F66FC667F670C668F671C625
:103D100069F67429D8B48FEF9EF091EF9EF092EF80
:103D20009EF0742B7429D8B498EF9EF09AEF9EF011
:103D3000A2EF9EF07451D8A4A0EF9EF0A2EF9EF0E7
:103D4000B3EF9EF0000E666F000E676F000E686F97
:103D5000000E696F7451D8A4B0EF9EF0B2EF9EF0E0
:103D6000B3EF9EF0726B74A1B8EF9EF0BAEF9EF0C5
:103D7000BDEF9EF0688FBEEF9EF0689FD8907431C3
:103D8000696F72AFC6EF9EF0C8EF9EF0C9EF9EF06C
:103D9000698F66C666F667C667F668C668F669C65E
:103DA00069F6120005016351800B226E6351632591
:103DB000246E62AFDEEF9EF0E0EF9EF0E1EF9EF04A
:103DC00024802450D8B4E7EF9EF0E9EF9EF0FDEF99
:103DD0009EF02428D8A4EFEF9EF0F1EF9EF0F9EFCB
:103DE0009EF0000E606F000E616F000E626F000E9D
:103DF000636F628F636B05EF9FF0000E606F000EC4
:103E0000616F000E626F000E636F6751800B236E4F
:103E100022502318D8B40FEF9FF011EF9FF012EF4C
:103E20009FF0228C67516725236E66AF1AEF9FF0D3
:103E30001CEF9FF01DEF9FF023802350D8B423EF99
:103E40009FF025EF9FF039EF9FF02328D8A42BEFA8
:103E50009FF02DEF9FF035EF9FF0000E646F000E86
:103E6000656F000E666F000E676F668F676B41EFC0
:103E70009FF0000E646F000E656F000E666F000EFF
:103E8000676F2450235CD8B048EF9FF04AEF9FF053
:103E900071EF9FF022AC4FEF9FF051EF9FF053EF87
:103EA0009FF0800E221A24C525F523C524F525C5CB
:103EB00023F560C525F564C560F525C564F561C5C4
:103EC00025F565C561F525C565F562C525F566C5A8
:103ED00062F525C566F563C525F567C563F525C596
:103EE00067F5256A245023C51EF51F6A1E5E000E65
:103EF0001F5A1FBE85EF9FF01F5009E11A0E1E5C6E
:103F0000D8A085EF9FF087EF9FF0BEEF9FF0605144
:103F1000611162116311D8A490EF9FF093EF9FF0AD
:103F2000010E94EF9FF0000E256E000E606F000EE4
:103F3000616F000E626F000E636F23C524F5C7EF3B
:103F40009FF025A0A6EF9FF0A8EF9FF0AEEF9FF0A7
:103F5000D89025300109256EB0EF9FF0D89025321A
:103F600060A1B5EF9FF0B7EF9FF0B8EF9FF0258EFF
:103F700063356333623361336033242A2350245C16
:103F8000D8A0C5EF9FF0C7EF9FF0A1EF9FF022BC34
:103F9000CCEF9FF0CEEF9FF00EEFA0F02450D8A40E
:103FA000D4EF9FF0D6EF9FF0E0EF9FF0000E606F30
:103FB000000E616F000E626F000E636F2DEFA1F0B7
:103FC0006451602765516123665162236751632301
:103FD00063A1EDEF9FF0EFEF9FF09BEFA0F025A026
:103FE000F4EF9FF0F6EF9FF0FCEF9FF0D8902530B4
:103FF0000109256EFEEF9FF0D890253260A103EFF6
:10400000A0F005EFA0F006EFA0F0258E6335633336
:10401000623361336033242A9BEFA0F06451605D0A
:1040200065516159665162596351800A1E6E67512C
:10403000800A1E58D8B01FEFA0F021EFA0F04CEF7F
:10404000A0F06051645D1E6E615165591F6E625132
:104050006659206E63516759216EFF0E1E24606FF2
:10406000FF0E1F20616FFF0E2020626FFF0E2120C8
:10407000636F800E221A256C2550D8A442EFA0F061
:1040800044EFA0F054EFA0F0010E6027000E612372
:104090006223632354EFA0F06451605F6551615B5C
:1040A0006651625B6751635B60516111621163111C
:1040B000D8A45DEFA0F05FEFA0F094EFA0F0255042
:1040C000D8A465EFA0F067EFA0F094EFA0F0000E89
:1040D000606F000E616F000E626F000E636F2DEF58
:1040E000A1F0D890603761376237633725AE7BEF38
:1040F000A0F07DEFA0F07EEFA0F0608125A083EF1F
:10410000A0F085EFA0F089EFA0F0D88025368BEFE6
:10411000A0F0D89025362450D8B491EFA0F093EFBA
:10412000A0F094EFA0F0240662AF99EFA0F09BEF0F
:10413000A0F071EFA0F0236A25AEA1EFA0F0A3EFED
:10414000A0F0BBEFA0F025C51EF57F0E1E16D8B45B
:10415000ACEFA0F0AEEFA0F0B2EFA0F0010E236E36
:10416000BBEFA0F060A1B7EFA0F0B9EFA0F0BBEFFC
:10417000A0F0AEEFA0F02350D8B4C1EFA0F0C3EF91
:10418000A0F0EEEFA0F0010E6027000E6123622385
:10419000632363A1CEEFA0F0D0EFA0F0EEEFA0F08C
:1041A00060C51EF561C51FF562C520F563C521F523
:1041B0002134213220321F321E321EC560F51FC548
:1041C00061F520C562F521C563F52428D8B4EBEF6D
:1041D000A0F0EDEFA0F0EEEFA0F0242A2428D8B450
:1041E000F4EFA0F0F6EFA0F0FEEFA0F02450D8A47A
:1041F000FCEFA0F0FEEFA0F00FEFA1F0000E606F5B
:10420000000E616F000E626F000E636F2450D8A421
:104210000CEFA1F00EEFA1F00FEFA1F0226A24A0A5
:1042200014EFA1F016EFA1F019EFA1F0628F1AEFD1
:10423000A1F0629FD8902430636F22AE22EFA1F0EC
:1042400024EFA1F025EFA1F0638F60C560F561C593
:1042500061F562C562F563C563F512000701C50526
:10426000D8A435EFA1F037EFA1F065EFA3F0FCC6BD
:1042700072F9FDC673F9170E0601FC6142EFA1F059
:1042800044EFA1F049EFA1F0160E0901726F72C957
:10429000FCF6FAC676F9FBC677F9760E0601FA61E6
:1042A00054EFA1F056EFA1F05BEFA1F0750E0901FC
:1042B000766F76C9FAF643C57AF944C57BF9040EE0
:1042C000436065EFA1F067EFA1F06CEFA1F0030E82
:1042D00009017A6F7AC943F541C57EF942C57FF974
:1042E000030E416076EFA1F078EFA1F07DEFA1F031
:1042F000020E09017E6F7EC941F5060120EE01F034
:104300007A51D9267B51DA22110EDE18D8A48BEF10
:10431000A1F08DEFA1F084EFA2F0FDC61EF6FC51D6
:1043200009ECDDF01EC6E1F51FC6E2F5E1C526F693
:10433000E2C527F60601286B296B000E82ECC1F05E
:1043400026C65CF527C65DF528C65EF529C65FF56D
:10435000000E0601666F000E676FE10E686F440E77
:10436000696F5CC56AF65DC56BF65EC56CF65FC5C8
:104370006DF68CECCFF00601D8A0C1EFA1F0C3EF31
:10438000A1F0E5EFA1F0000E666F000E676F000E62
:10439000686F000E696F5CC56AF65DC56BF65EC539
:1043A0006CF65FC56DF68CECCFF00601D8B0DBEF94
:1043B000A1F0DDEFA1F0E5EFA1F0000E5C6E000EC4
:1043C0005D6EE10E5E6E440E5F6E5CC566F65DC5A9
:1043D00067F65EC568F65FC569F6000E6A6F800E07
:1043E0006B6F540E6C6F450E6D6F8CECCFF0060149
:1043F000D8A0FDEFA1F0FFEFA1F007EFA2F0000EB3
:104400005C6E800E5D6E540E5E6E450E5F6EFBC67A
:104410001EF6FA5109ECDDF01EC6DFF51FC6E0F509
:10442000DFC526F6E0C527F60601286B296B000ECE
:1044300082ECC1F026C6F3F527C6F4F528C6F5F5DB
:1044400029C6F6F5000E0601666F000E676F000EB6
:10445000686F000E696FF3C56AF6F4C56BF6F5C5B3
:104460006CF6F6C56DF68CECCFF00601D8B03BEFDC
:10447000A2F03DEFA2F060EFA2F0000E666F000E1A
:10448000676F160E686F440E696FF3C56AF6F4C560
:104490006BF6F5C56CF6F6C56DF68CECCFF0060143
:1044A000D8A055EFA2F057EFA2F060EFA2F0000EF7
:1044B0000501F36F000EF46F160EF56F440EF66FE4
:1044C000F3C566F6F4C567F6F5C568F6F6C569F690
:1044D000000E06016A6F000E6B6F7A0E6C6F440E51
:1044E0006D6F8CECCFF00601D8A079EFA2F07BEFD6
:1044F000A2F084EFA2F0000E0501F36F000EF46F3E
:104500007A0EF56F440EF66F0601F105D8A48BEF15
:10451000A2F08DEFA2F043EFA3F0000E276F000E84
:10452000266F700E286F090E296F100E2A6F84EC0B
:10453000D3F0000E0501D86F010ED76FD705D81143
:10454000D8A4A5EFA2F0A7EFA2F0B9EFA2F0000E59
:104550000601276F000E266FB80E286F090E296F0F
:10456000100E2A6F3CECCBF0000E0501D86F000E48
:10457000D76F550E0701CB6F0601FF51D8B4C3EFBB
:10458000A2F0C5EFA2F0D9EFA2F0FF51020DD00EBC
:10459000F324D96E070EF420DA6EBAC9DFF4FF51A6
:1045A000020DD10EF324D96E070EF420DA6EBBC9CA
:1045B000DFF4FE51D8B4DFEFA2F0E1EFA2F0F5EFA7
:1045C000A2F0FE51020DD00EF324D96E070EF42096
:1045D000DA6EBEC9DFF4FE51020DD10EF324D96E9E
:1045E000070EF420DA6EBFC9DFF45B50D8B4FBEFDE
:1045F000A2F0FDEFA2F011EFA3F05B50020DD00E80
:10460000F324D96E070EF420DA6EC2C9DFF45B50D2
:10461000020DD10EF324D96E070EF420DA6EC3C951
:10462000DFF45A50D8B417EFA3F019EFA3F02DEF31
:10463000A3F05A50020DD00EF324D96E070EF420C9
:10464000DA6EC6C9DFF45A50020DD10EF324D96ECA
:10465000070EF420DA6EC7C9DFF4CB0E1E6F070E0B
:104660001F6F0F0E206F8BECDDF01EC67DF61FC690
:104670007EF67DC6DBF706017E510701DA6F000E7C
:104680009D6F010E9C6F0501D905DA11D8A44BEF7F
:10469000A3F04DEFA3F069EFA3F00601F105D8A454
:1046A00054EFA3F056EFA3F069EFA3F0CB0E206F09
:1046B000070E216F110E226FB1ECDEF0000E050126
:1046C000DA6F000ED96F69EFA3F0000E9B6F010E39
:1046D0009A6F120006015051800B596F50515025AE
:1046E0005F6F4FAF76EFA3F078EFA3F079EFA3F011
:1046F0005F815F51D8B47FEFA3F081EFA3F094EF17
:10470000A3F05F29D8A487EFA3F089EFA3F091EF7E
:10471000A3F0000E4D6F000E4E6F000E4F6F000E97
:10472000506F4F8F9CEFA3F0000E4D6F000E4E6F39
:10473000000E4F6F000E506F5451800B591B545197
:1047400054255A6F53AFA7EFA3F0A9EFA3F0AAEF38
:10475000A3F05A815A51D8B4B0EFA3F0B2EFA3F04E
:10476000C5EFA3F05A29D8A4B8EFA3F0BAEFA3F08D
:10477000C2EFA3F0000E516F000E526F000E536F88
:10478000000E546F538FCDEFA3F0000E516F000E4B
:10479000526F000E536F000E546F5A51D8B4D3EFBE
:1047A000A3F0D5EFA3F0DDEFA3F05F51D8A4DBEFCA
:1047B000A3F0DDEFA3F0E7EFA3F0000E4D6F000EC6
:1047C0004E6F000E4F6F000E506F7DEFA5F05351EE
:1047D0004D03F3C464F6F4C465F664515B6F5C6B1F
:1047E0005D6B5E6B6551606F616B626B636B5251A9
:1047F0004E03F3C464F6F4C465F664515B27000EFF
:104800005C235D235E2365516027000E61236223D4
:10481000632351514F03F3C464F6F4C465F6645145
:104820005B27000E5C235D235E2365516027000E2D
:104830006123622363235DC65EF65CC65DF65BC6DC
:104840005CF65B6B51514E03F3C464F6F4C465F639
:1048500064515B2765515C23000E5D23000E5E23CF
:1048600052514D03F3C464F6F4C465F664515B27FA
:1048700065515C23000E5D23000E5E235DC65EF66F
:104880005CC65DF65BC65CF65B6B51514D03F3C4D1
:1048900064F6F4C465F664515B2765515C23000E31
:1048A0005D23000E5E2353514E03F3C464F6F4C43B
:1048B00065F66451602765516123000E6223000E86
:1048C000632352514F03F3C464F6F4C465F6645194
:1048D000602765516123000E6223000E632353514C
:1048E0004F03F3C464F6F4C465F66451556F655123
:1048F000566F576B586B57C658F656C657F655C67F
:1049000056F6556B55516027565161235751622316
:10491000585163235BC655F65CC656F65DC657F61E
:104920005EC658F6190E9AEFA4F0D8905833573354
:1049300056335533E82E95EFA4F055516027565164
:10494000612357516223585163235DC65EF65CC6EE
:104950005DF65BC65CF65B6B5A515FC655F6566BEF
:104960005527000E5623820E5525646FFF0E5621E3
:10497000656FD0EFA4F0D890603761376237633746
:104980005EAFC5EFA4F0C7EFA4F0C8EFA4F060815C
:10499000D8905B375C375D375E376407D8A0650712
:1049A00062AFD5EFA4F0D7EFA4F0BBEFA4F05A6B41
:1049B0005EAFDDEFA4F0DFEFA4F003EFA5F0FF0E94
:1049C0005B15556FFF0E5C15566FFF0E5D15576F2B
:1049D0007F0E5E15586F5551561157115811D8B4A6
:1049E000F4EFA4F0F6EFA4F0FAEFA4F0010E5A6F82
:1049F00003EFA5F060A1FFEFA4F001EFA5F003EF36
:104A0000A5F0F6EFA4F05A51D8B409EFA5F00BEFDA
:104A1000A5F02FEFA5F0010E6027000E61236223A1
:104A2000632363A116EFA5F018EFA5F02FEFA5F013
:104A300060C655F661C656F662C657F663C658F6A6
:104A40005835583357335633553355C660F656C626
:104A500061F657C662F658C663F6644B652B65BFB0
:104A60003AEFA5F0655108E16429D8A03AEFA5F026
:104A70003CEFA5F046EFA5F0000E606F000E616FF1
:104A8000800E626F7F0E636F73EFA5F065BF53EF0B
:104A9000A5F0655106E16405D8B051EFA5F053EFDC
:104AA000A5F05EEFA5F0000E606F000E616F000EC6
:104AB000626F000E636F596B73EFA5F064C65FF60B
:104AC000FF0E6017FF0E61177F0E6217000E63174F
:104AD0005FA16DEFA5F06FEFA5F070EFA5F0628F0D
:104AE000D8905F31636F5951631360C64DF661C64C
:104AF0004EF662C64FF663C650F6120005017351BA
:104B0000800B786F735173257E6F72AF8AEFA5F0BB
:104B10008CEFA5F08DEFA5F07E817E51D8B493EF98
:104B2000A5F095EFA5F0A8EFA5F07E29D8A49BEFFE
:104B3000A5F09DEFA5F0A5EFA5F0000E706F000E9B
:104B4000716F000E726F000E736F728FB0EFA5F071
:104B5000000E706F000E716F000E726F000E736F9B
:104B60007751800B781B77517725796F76AFBBEF44
:104B7000A5F0BDEFA5F0BEEFA5F079817951D8B4CD
:104B8000C4EFA5F0C6EFA5F0D9EFA5F07929D8A418
:104B9000CCEFA5F0CEEFA5F0D6EFA5F0000E746F28
:104BA000000E756F000E766F000E776F768FE1EF57
:104BB000A5F0000E746F000E756F000E766F000E7C
:104BC000776F7951D8B4E7EFA5F0E9EFA5F0F1EFF1
:104BD000A5F07E51D8A4EFEFA5F0F1EFA5F0FBEF23
:104BE000A5F0000E706F000E716F000E726F000E58
:104BF000736F91EFA7F076517003F3C483F5F4C49B
:104C000084F583517A6F7B6B7C6B7D6B84517F6FF6
:104C1000806B816B826B75517103F3C483F5F4C4AF
:104C200084F583517A27000E7B237C237D238451D6
:104C30007F27000E80238123822374517203F3C4E3
:104C400083F5F4C484F583517A27000E7B237C23FB
:104C50007D2384517F27000E8023812382237CC5FE
:104C60007DF57BC57CF57AC57BF57A6B7451710354
:104C7000F3C483F5F4C484F583517A2784517B23EC
:104C8000000E7C23000E7D2375517003F3C483F561
:104C9000F4C484F583517A2784517B23000E7C234E
:104CA000000E7D237CC57DF57BC57CF57AC57BF543
:104CB0007A6B74517003F3C483F5F4C484F58351A3
:104CC0007A2784517B23000E7C23000E7D237651AE
:104CD0007103F3C483F5F4C484F583517F278451B1
:104CE0008023000E8123000E822375517203F3C4CA
:104CF00083F5F4C484F583517F2784518023000E0B
:104D00008123000E822376517203F3C483F5F4C429
:104D100084F583513D6E84513E6E3F6A406A3FC5C3
:104D200040F53EC53FF53DC53EF53D6A3D507F2708
:104D30003E5080233F508123405082237AC53DF569
:104D40007BC53EF57CC53FF57DC540F5190EAEEF40
:104D5000A6F0D89040323F323E323D32E82EA9EFE5
:104D6000A6F03D507F273E5080233F508123405086
:104D700082237CC57DF57BC57CF57AC57BF57A6B96
:104D800079517EC53DF53E6A3D26000E3E22820EDB
:104D90003D24836FFF0E3E20846FE4EFA6F0D89091
:104DA0007F378037813782377DAFD9EFA6F0DBEFD1
:104DB000A6F0DCEFA6F07F81D8907A377B377C377E
:104DC0007D378307D8A0840781AFE9EFA6F0EBEF2A
:104DD000A6F0CFEFA6F0796B7DAFF1EFA6F0F3EF81
:104DE000A6F017EFA7F0FF0E7A153D6EFF0E7B15AC
:104DF0003E6EFF0E7C153F6E7F0E7D15406E3D5062
:104E00003E103F104010D8B408EFA7F00AEFA7F00B
:104E10000EEFA7F0010E796F17EFA7F07FA113EF48
:104E2000A7F015EFA7F017EFA7F00AEFA7F0795159
:104E3000D8B41DEFA7F01FEFA7F043EFA7F0010EC6
:104E40007F27000E80238123822382A12AEFA7F0EF
:104E50002CEFA7F043EFA7F07FC53DF580C53EF5E9
:104E600081C53FF582C540F5403440323F323E3285
:104E70003D323DC57FF53EC580F53FC581F540C556
:104E800082F5834B842B84BF4EEFA7F0845108E159
:104E90008329D8A04EEFA7F050EFA7F05AEFA7F064
:104EA000000E7F6F000E806F800E816F7F0E826F0D
:104EB00087EFA7F084BF67EFA7F0845106E1830571
:104EC000D8B065EFA7F067EFA7F072EFA7F0000E7C
:104ED0007F6F000E806F000E816F000E826F786B07
:104EE00087EFA7F083C57EF5FF0E7F17FF0E8017B3
:104EF0007F0E8117000E82177EA181EFA7F083EF4E
:104F0000A7F084EFA7F0818FD8907E31826F78511F
:104F100082137FC570F580C571F581C572F582C5B4
:104F200073F512000601886F050E06018819D8A4D2
:104F30009CEFA7F09EEFA7F098EFA8F0000E386F57
:104F4000000E396F7A0E3A6F440E3B6F5CC534F633
:104F50005DC535F65EC536F65FC537F671ECABF06C
:104F600034C67CF635C67DF636C67EF637C67FF685
:104F7000CD0E0601516FCC0E526F8C0E536F3F0E4B
:104F8000546F7CC638F67DC639F67EC63AF67FC6C3
:104F90003BF6000E346F400E356F500E366F440EE8
:104FA000376F71ECABF034C64DF635C64EF636C6EB
:104FB0004FF637C650F66AECA3F04DC680F64EC6E3
:104FC00081F64FC682F650C683F6000E0601516F79
:104FD000000E526F900E536F410E546F000E386FDB
:104FE000A00E396F3C0E3A6F450E3B6F80C634F60B
:104FF00081C635F682C636F683C637F671ECABF05D
:1050000034C64DF635C64EF636C64FF637C650F6A0
:105010006AECA3F04DC684F64EC685F64FC686F6FA
:1050200050C687F684C64DF685C64EF686C64FF640
:1050300087C650F6000E0601516F000E526F7A0EB1
:10504000536F440E546F6AECA3F04DC678F64EC60B
:1050500079F64FC67AF650C67BF678C624F879C63C
:1050600025F87AC626F87BC627F806018851B0ECE9
:10507000BDF026C622F727C623F722C726F623C788
:1050800027F60601286B296B000E82ECC1F026C6BC
:1050900066F627C667F628C668F629C669F678C692
:1050A0006AF679C66BF67AC66CF67BC66DF68CEC42
:1050B000CFF00601D8B05FEFA8F061EFA8F078EF6D
:1050C000A8F0E10E0701225D010E2359D8A06BEF75
:1050D000A8F06DEFA8F07FEFA8F0590E225D020E48
:1050E0002359D8B076EFA8F078EFA8F07FEFA8F0BA
:1050F000000E0601736F010E726F81EFA9F0E00ED2
:10510000225D010E2359D8B088EFA8F08AEFA8F0ED
:1051100091EFA8F0000E0601736F020E726F81EF1F
:10512000A9F0000E0601736F000E726F81EFA9F0F7
:105130008805D8A49EEFA8F0A0EFA8F091EFA8F002
:10514000000E386F000E396F7A0E3A6F440E3B6FC7
:10515000F3C534F6F4C535F6F5C536F6F6C537F6BB
:1051600071ECABF034C67CF635C67DF636C67EF6FD
:1051700037C67FF6330E0601516F330E526F930E12
:10518000536F3F0E546F7CC638F67DC639F67EC627
:105190003AF67FC63BF6000E346F000E356FE60E12
:1051A000366F420E376F71ECABF034C64DF635C634
:1051B0004EF636C64FF637C650F66AECA3F04DC62B
:1051C00080F64EC681F64FC682F650C683F6000EB4
:1051D0000601516F000E526F900E536F410E546FC7
:1051E000000E386FA00E396F3C0E3A6F450E3B6FC4
:1051F00080C634F681C635F682C636F683C637F6E3
:1052000071ECABF034C64DF635C64EF636C64FF6E9
:1052100037C650F66AECA3F04DC684F64EC685F646
:105220004FC686F650C687F684C64DF685C64EF63E
:1052300086C64FF687C650F6000E0601516F000E67
:10524000526F7A0E536F440E546F6AECA3F04DC642
:1052500074F64EC675F64FC676F650C677F606015A
:105260008851B0ECBDF026C624F727C625F724C721
:1052700026F625C727F60601286B296B000E82EC5F
:10528000C1F026C666F627C667F628C668F629C6A0
:1052900069F674C66AF675C66BF676C66CF677C69E
:1052A0006DF68CECCFF00601D8B059EFA9F05BEFAA
:1052B000A9F078EFA8F02D0E0701245D010E255905
:1052C000D8A065EFA9F067EFA9F074EFA9F0E00EA0
:1052D000245D010E2559D8B070EFA9F072EFA9F046
:1052E00074EFA9F078EFA8F02D0E245D010E25597A
:1052F000D8B07DEFA9F07FEFA9F091EFA8F08AEF89
:10530000A8F012000601F951D8B489EFA9F08BEF8B
:10531000A9F090EFA9F0010E0701066F92EFA9F036
:105320000701066B1C511D11D8B499EFA9F09BEF32
:10533000A9F070EFABF00FC71EF610C71FF6270ECF
:105340000601216F100E206F02ECDEF01EC616F76C
:105350001FC617F7030E0601216FE80E206F0FC757
:105360001EF610C71FF602ECDEF01EC625F61FC69D
:1053700026F6000E0601286F0A0E276FBCECDFF040
:105380000A0E06012503F3C42BF6F4C42CF62603FB
:10539000F3502C27000E216F640E206F0FC71EF6EE
:1053A00010C71FF602ECDEF01EC625F61FC626F655
:1053B000000E0601286F0A0E276FBCECDFF0060115
:1053C00025512B250701186F060126512C210701B5
:1053D000196F000E0601216F0A0E206F0FC71EF60F
:1053E00010C71FF602ECDEF01EC625F61FC626F615
:1053F000000E0601286F0A0E276FBCECDFF00A0EC4
:1054000006012503F3C42BF6F4C42CF62603F3504F
:105410002C270FC725F610C726F6000E286F0A0E98
:10542000276FBCECDFF0060125512B2507011A6F11
:10543000060126512C2107011B6F165175ECE2F075
:10544000060126510801D36F0701185175ECE2F0EF
:10545000060126510801D46F07011A5175ECE2F0DC
:10546000060126510801D56F00C71EF601C71FF6B9
:10547000270E0601216F100E206F02ECDEF01EC613
:1054800007F71FC608F7030E0601216FE80E206F0D
:1054900000C71EF601C71FF602ECDEF01EC625F699
:1054A0001FC626F6000E0601286F0A0E276FBCECF9
:1054B000DFF00A0E06012503F3C42BF6F4C42CF624
:1054C0002603F3502C27000E216F640E206F00C7B7
:1054D0001EF601C71FF602ECDEF01EC625F61FC63B
:1054E00026F6000E0601286F0A0E276FBCECDFF0CF
:1054F000060125512B250701096F060126512C2194
:1055000007010A6F000E0601216F0A0E206F00C707
:105510001EF601C71FF602ECDEF01EC625F61FC6FA
:1055200026F6000E0601286F0A0E276FBCECDFF08E
:105530000A0E06012503F3C42BF6F4C42CF6260349
:10554000F3502C2700C725F601C726F6000E286F5A
:105550000A0E276FBCECDFF0060125512B25070151
:105560000B6F060126512C2107010C6F075175ECBA
:10557000E2F0060126510801D76F0701095175ECC9
:10558000E2F0060126510801D86F07010B5175ECB6
:10559000E2F0060126510801D96F000E0601266FC0
:1055A000000E276F000E286F16C729F63DECDEF0BF
:1055B00000000000000000000000000000000000EB
:1055C00000000000010E0601266F000E276F000E7E
:1055D000286F18C729F63DECDEF00000000000003F
:1055E0000000000000000000000000000000020EAB
:1055F0000601266F000E276F000E286F1AC729F6C6
:105600003DECDEF0000000000000000000000000A3
:105610000000000000000000040E0601266F000ECE
:10562000276F000E286F07C729F63DECDEF000005B
:10563000000000000000000000000000000000006A
:105640000000050E0601266F000E276F000E286F62
:1056500009C729F63DECDEF0000000000000000064
:10566000000000000000000000000000060E06011F
:10567000266F000E276F000E286F0BC729F63DEC32
:10568000DEF000000000000000000000000000004C
:10569000000000000000D00E06012B6FC90EE82E9E
:1056A000FED72B2FFCD700D0000E0601206F530E23
:1056B0001F6FD00E216F080E226F000E246F0A0E8E
:1056C000236F3FECE1F00009D8B469EFABF06BEF6A
:1056D000ABF054EFABF0000E07011D6F000E1C6F16
:1056E000120006013751800B446F375137254B6F3D
:1056F00036AF7DEFABF07FEFABF080EFABF04B81DF
:105700004B51D8B486EFABF088EFABF09CEFABF029
:105710004B29D8A48EEFABF090EFABF098EFABF045
:10572000000E346F000E356F000E366F000E376FAF
:10573000368F376BA4EFABF0000E346F000E356F71
:10574000000E366F000E376F3B51800B441B3B51F0
:105750003B254C6F3AAFAFEFABF0B1EFABF0B2EF30
:10576000ABF04C814C51D8B4B8EFABF0BAEFABF022
:10577000CEEFABF04C29D8A4C0EFABF0C2EFABF04A
:10578000CAEFABF0000E386F000E396F000E3A6FA3
:10579000000E3B6F3A8F3B6BD6EFABF0000E386FCD
:1057A000000E396F000E3A6F000E3B6F3851391101
:1057B0003A113B11D8A4DFEFABF0E1EFABF0F9EF1A
:1057C000ABF0000E346F000E356F000E366F000E1A
:1057D000376F800E36137F0E37134451371334C69C
:1057E00034F635C635F636C636F637C637F639EFEF
:1057F000ADF04B51D8A4FFEFABF001EFACF00BEFE5
:10580000ACF0000E346F000E356F000E366F000ED8
:10581000376F39EFADF04C514BC63CF63D6B3C5FFA
:10582000000E3D5B7F0E3C25456F000E3D21466F0F
:1058300034C640F635C641F636C642F637C643F69C
:10584000000E346F000E356F000E366F000E376F8E
:10585000000E476F000E486F000E496F000E4A6F32
:105860004C6B6BEFACF04C51D8B439EFACF03BEF74
:10587000ACF052EFACF0D890403741374237433765
:10588000D89034373537363737374AAF4AEFACF030
:105890004CEFACF04DEFACF03481D890473748373F
:1058A00049374A373851405D395141593A51425987
:1058B0003B514359D8A05FEFACF061EFACF06AEF19
:1058C000ACF04A8D3851405F3951415B3A51425BEF
:1058D0003B51435B4C2B190E4C6571EFACF073EFF1
:1058E000ACF033EFACF04051411142114311D8B448
:1058F0007CEFACF07EEFACF096EFACF0478196EF2A
:10590000ACF0D89034373537363737374AAF8BEF6E
:10591000ACF08DEFACF08EEFACF03481D89047371F
:10592000483749374A374507D8A0460736AF9BEF77
:10593000ACF09DEFACF081EFACF04C6B4AAFA3EF55
:10594000ACF0A5EFACF0C9EFACF0FF0E47153C6F23
:10595000FF0E48153D6FFF0E49153E6F7F0E4A152D
:105960003F6F3C513D113E113F11D8B4BAEFACF03E
:10597000BCEFACF0C0EFACF0010E4C6FC9EFACF077
:1059800034A1C5EFACF0C7EFACF0C9EFACF0BCEFA1
:10599000ACF04C51D8B4CFEFACF0D1EFACF0F5EFA8
:1059A000ACF0010E3427000E35233623372337A100
:1059B000DCEFACF0DEEFACF0F5EFACF034C63CF66B
:1059C00035C63DF636C63EF637C63FF63F353F3361
:1059D0003E333D333C333CC634F63DC635F63EC619
:1059E00036F63FC637F6454B462B46BF00EFADF0C7
:1059F000465108E14529D8A000EFADF002EFADF027
:105A00000DEFADF0000E466F4569000E346F000ECD
:105A1000356F000E366F000E376F46BF1AEFADF0D0
:105A2000465106E14505D8B018EFADF01AEFADF0DC
:105A300027EFADF0000E466F000E456F000E346F7D
:105A4000000E356F000E366F000E376F446B45C683
:105A50004BF64BA12EEFADF030EFADF033EFADF0E4
:105A6000368F34EFADF0369FD8904B31376FEDEF76
:105A7000ABF0120005016351800B346E6351632556
:105A80003B6E62AF46EFADF048EFADF049EFADF0E1
:105A90003B803B50D8B44FEFADF051EFADF065EF28
:105AA000ADF03B28D8A457EFADF059EFADF061EF62
:105AB000ADF0000E606F000E616F000E626F000EA1
:105AC000636F628F636B6DEFADF0000E606F000E61
:105AD000616F000E626F000E636F6751800B341AA6
:105AE000675167253C6E66AF78EFADF07AEFADF0A9
:105AF0007BEFADF03C803C50D8B481EFADF083EF4C
:105B0000ADF097EFADF03C28D8A489EFADF08BEF66
:105B1000ADF093EFADF0000E646F000E656F000EF8
:105B2000666F000E676F668F676B9FEFADF0000EBC
:105B3000646F000E656F000E666F000E676F645134
:105B4000651166116711D8A4A8EFADF0AAEFADF00A
:105B5000C2EFADF0000E606F000E616F000E626F5D
:105B6000000E636F800E62137F0E63133450631355
:105B700060C560F561C561F562C562F563C563F531
:105B800002EFAFF03B50D8A4C8EFADF0CAEFADF0D4
:105B9000D4EFADF0000E606F000E616F000E626F0B
:105BA000000E636F02EFAFF03C503BC52CF52D6A41
:105BB0002C5E000E2D5A7F0E2C24356E000E2D20EB
:105BC000366E60C530F561C531F562C532F563C525
:105BD00033F5000E606F000E616F000E626F000EF5
:105BE000636F000E376E000E386E000E396E000EB9
:105BF0003A6E3C6A34EFAEF03C50D8B402EFAEF0EF
:105C000004EFAEF01BEFAEF0D890303631363236BE
:105C10003336D89060376137623763373AAE13EF67
:105C2000AEF015EFAEF016EFAEF06081D8903736DB
:105C3000383639363A366451305C655131586651E0
:105C4000325867513358D8A028EFAEF02AEFAEF0A3
:105C500033EFAEF03A8C6451305E6551315A665183
:105C6000325A6751335A3C2A190E3C643AEFAEF06F
:105C70003CEFAEF0FCEFADF030503110321033108D
:105C8000D8B445EFAEF047EFAEF05FEFAEF037803F
:105C90005FEFAEF0D89060376137623763373AAE66
:105CA00054EFAEF056EFAEF057EFAEF06081D89003
:105CB0003736383639363A363506D8A0360662AF2A
:105CC00064EFAEF066EFAEF04AEFAEF03C6A3AAE8B
:105CD0006CEFAEF06EEFAEF092EFAEF0FF0E371459
:105CE0002C6EFF0E38142D6EFF0E39142E6E7F0EA3
:105CF0003A142F6E2C502D102E102F10D8B483EF85
:105D0000AEF085EFAEF089EFAEF0010E3C6E92EF93
:105D1000AEF060A18EEFAEF090EFAEF092EFAEF08D
:105D200085EFAEF03C50D8B498EFAEF09AEFAEF0FD
:105D3000BEEFAEF0010E6027000E612362236323E5
:105D400063A1A5EFAEF0A7EFAEF0BEEFAEF060C579
:105D50002CF561C52DF562C52EF563C52FF52F34E1
:105D60002F322E322D322C322CC560F52DC561F527
:105D70002EC562F52FC563F5354A362A36BEC9EF02
:105D8000AEF0365008E13528D8A0C9EFAEF0CBEF21
:105D9000AEF0D6EFAEF0000E366E3568000E606FD6
:105DA000000E616F000E626F000E636F36BEE3EF90
:105DB000AEF0365006E13504D8B0E1EFAEF0E3EFD7
:105DC000AEF0F0EFAEF0000E366E000E356E000E47
:105DD000606F000E616F000E626F000E636F346AB9
:105DE00035C53BF53BA0F7EFAEF0F9EFAEF0FCEFB9
:105DF000AEF0628FFDEFAEF0629FD8903B30636FE4
:105E0000B6EFADF01200060120EE03F03451D926B2
:105E10003551DA22DF501E6F20EE02F03451D926C0
:105E20003551DA22DF5009ECDDF01EC6E1F51FC660
:105E3000E2F5AC0E0501E15D0D0EE259D8A023EFAD
:105E4000AFF025EFAFF029EFAFF00D0EE26FAC0E23
:105E5000E16F080EE15D070EE259D8B032EFAFF006
:105E600034EFAFF038EFAFF0000EE26F000EE16FED
:105E7000E1C526F6E2C527F60601286B296B000E60
:105E800082ECC1F026C65CF527C65DF528C65EF536
:105E900029C65FF534C6D9F435C6DAF4DF500601F9
:105EA000F86FF8C6F5F6630EF86559EFAFF05BEFE3
:105EB000AFF05DEFAFF0640EF86F20EE07F03451F5
:105EC000D9263551DA22DF501E6F20EE06F034510C
:105ED000D9263551DA22DF5009ECDDF01EC6DFF598
:105EE0001FC6E0F54C0E0501DF5D040EE059D8A099
:105EF0007CEFAFF07EEFAFF082EFAFF0040EE06F1B
:105F00004C0EDF6FBC0EDF5D020EE059D8B08BEF98
:105F1000AFF08DEFAFF091EFAFF0000EE06F000E3D
:105F2000DF6FDFC526F6E0C527F60601286B296B73
:105F3000000E82ECC1F026C6F3F527C6F4F528C69C
:105F4000F5F529C6F6F5060120EE04F03451D92600
:105F50003551DA22DF50F76FF7C6F4F6630EF765B6
:105F6000B4EFAFF0B6EFAFF0B8EFAFF0640EF76F8D
:105F700020EE0BF03451D9263551DA22DF501E6F56
:105F800020EE0AF03451D9263551DA22DF5009ECDF
:105F9000DDF01EC6B2F71FC6B3F7B00E0701B25D43
:105FA000040EB359D8A0D7EFAFF0D9EFAFF0DDEFC3
:105FB000AFF0040EB36FB00EB26FB2C726F6B3C720
:105FC00027F60601286B296B000E82ECC1F026C66D
:105FD000C2F827C6C3F828C6C4F829C6C5F8060102
:105FE00020EE08F03451D9263551DA22DF50F66F11
:105FF000F6C6F3F6630EF66500EFB0F002EFB0F010
:1060000004EFB0F0640EF66F20EE0FF03451D92695
:106010003551DA22DF501E6F20EE0EF03451D926B2
:106020003551DA22DF5009ECDDF01EC6B0F71FC68D
:10603000B1F7B00E0701B05D040EB159D8A023EF3F
:10604000B0F025EFB0F029EFB0F0040EB16FB00E54
:10605000B06FB0C726F6B1C727F60601286B296BCB
:10606000000E82ECC1F026C6BEF827C6BFF828C6CF
:10607000C0F829C6C1F8060120EE0CF03451D9262B
:106080003551DA22DF50576E57C5F2F6630E57646A
:106090004CEFB0F04EEFB0F050EFB0F0640E576E32
:1060A00020EE40F03451D9263551DA22DF50366FD8
:1060B0000F0E361720EE40F03451D9263551DA2232
:1060C000DF50376F37390F0B0A0DF35036250501B6
:1060D000EF6F060120EE41F03451D9263551DA2216
:1060E000DF50366F0F0E361720EE41F03451D926AF
:1060F0003551DA22DF50376F37390F0B0A0DF35065
:1061000036250501EE6FEF51640DF3C436F6F4C485
:1061100037F6EE51060136250701F26F0501000E34
:10612000060137210701F36FE80E0601366F030EF3
:10613000376F36510701F203F3C438F6F4C439F669
:10614000F303F3500601392737510701F203060123
:10615000F350392738C6F2F739C6F3F71200BFC635
:10616000D9F4C0C6DAF4DEC4F6F4DDC4F7F4000EE8
:10617000F86E0800F550250AD8A4C1EFB0F0C3EFBF
:10618000B0F013EFB2F0BFC6D9F4C0C6DAF4DE2A1D
:10619000000EDD22000E07017D6F000E7C6F7CC7B4
:1061A000B6F70501D369D469BFC6D9F4C0C6DAF41D
:1061B000DEC4F6F4DDC4F7F4000EF86E0800F55006
:1061C0002E0AD8A4E6EFB0F0E8EFB0F0FDEFB0F0A3
:1061D000BFC6D9F4C0C6DAF4DE2A000EDD22BFC67F
:1061E0001EF6C0C61FF6C1C620F6C2C621F6CAEC0E
:1061F000D4F01EC6D3F51FC6D4F5BFC6D9F4C0C6A9
:10620000DAF4DEC4CAF6DDC4CBF6CAC6F6F4CBC6F1
:10621000F7F4000EF86E0800F550640AD8B413EFD6
:10622000B1F015EFB1F025EFB1F0CAC6F6F4CBC668
:10623000F7F4000EF86E0800F550690AD8A423EFB1
:10624000B1F025EFB1F054EFB1F0C1C6D9F4C2C638
:10625000DAF4DFC4C3F6020EDE26DFC4C4F6000E95
:10626000DD22C3C6D9F4C4C6DAF4DEC4C5F6DDC483
:10627000C6F6010E0601CA25C36F000ECB21C46FFE
:10628000BFC6D9F4C0C6DAF4C3C6DEF4C4C6DDF4B2
:10629000BDC63BF6BEC63CF6C5C63DF6C6C63EF616
:1062A000DBECC4F02AEFB2F0BFC6D9F4C0C6DAF412
:1062B000DEC4CAF6DDC4CBF6CAC6F6F4CBC6F7F424
:1062C000000EF86E0800F5C4C9F672EFB1F0CA4BC3
:1062D000CB2B82EFB1F06C0EC96F82EFB1F0C96BBE
:1062E00082EFB1F00601C9514C0AD8B467EFB1F0A2
:1062F0002A0AD8B46BEFB1F00A0AD8B467EFB1F04C
:106300006FEFB1F0CAC6F6F4CBC6F7F4000EF86E24
:106310000800F550660AD8A490EFB1F092EFB1F002
:106320000AEFB2F0C8EFB1F0C1C6D9F4C2C6DAF4D0
:10633000DFC4C3F6040EDE26DFC4C4F6000EDD2281
:10634000C3C6D9F4C4C6DAF4DEC4C5F6DEC4C6F6E4
:10635000DEC4C7F6DEC4C8F6D3EFB1F0C1C6D9F4C7
:10636000C2C6DAF4DFC4C3F6040EDE26DFC4C4F608
:10637000000EDD22C3C6D9F4C4C6DAF4DEC4C5F605
:10638000DEC4C6F6DEC4C7F6DEC4C8F6D3EFB1F08D
:10639000C9514C0AD8B4AEEFB1F0200AD8B494EF8A
:1063A000B1F0D3EFB1F0010ECA25C36F000ECB21BF
:1063B000C46FBFC6D9F4C0C6DAF4C3C6DEF4C4C61F
:1063C000DDF4FCEFB1F0BDC688F6BEC689F6C5C6E1
:1063D0008AF6C6C68BF6C7C68CF6C8C68DF6CAC680
:1063E000F6F4CBC6F7F4000EF86E0800F5C48EF68E
:1063F00020EC8BF02AEFB2F0CAC6F6F4CBC6F7F465
:10640000000EF86E0800F550660AD8B4E3EFB1F05C
:106410000AEFB2F0BFC6D9F4C0C6DAF4DE2A000E25
:10642000DD222AEFB2F0BFC6D9F4C0C6DAF4DEC46A
:10643000F6F4DDC4F7F4000EF86E0800F55006011E
:10644000226F236BBDC624F6BEC625F631ECD5F00F
:106450000AEFB2F012000601F951D8B432EFB2F0EF
:1064600034EFB2F081EFB3F0F851D8A43AEFB2F0C4
:106470003CEFB2F054EFB2F0F751D8A442EFB2F0D3
:1064800044EFB2F054EFB2F0F651D8A44AEFB2F0B4
:106490004CEFB2F054EFB2F05750D8B452EFB2F024
:1064A00054EFB2F081EFB3F00501F251D8B45BEFD5
:1064B000B2F05DEFB2F06EEFB2F080ECEBF0210ED7
:1064C0000601B36F780EB26F980EE82EFED7B22F8A
:1064D000FCD7B32FFAD700000501F26B0601F85183
:1064E000D8B475EFB2F077EFB2F083EFB2F0F751B6
:1064F000D8B47DEFB2F07FEFB2F083EFB2F00501D8
:10650000EA6B86EFB2F0010E0501EA6F0601F85161
:10651000D8B48DEFB2F08FEFB2F0B5EFB2F05950C2
:10652000D8B495EFB2F097EFB2F0B5EFB2F0050145
:10653000EA05D8A49EEFB2F0A0EFB2F0A2EFB2F05D
:10654000B7ECE6F0010E4AECE8F0090E0601B36F75
:106550001E0EB26FE40EE82EFED7B22FFCD7B32F7B
:10656000FAD70000010E5EECE8F00601F751D8B44E
:10657000BCEFB2F0BEEFB2F0E4EFB2F05850D8B4D6
:10658000C4EFB2F0C6EFB2F0E4EFB2F00501EA05F5
:10659000D8A4CDEFB2F0CFEFB2F0D1EFB2F0D2ECA1
:1065A000E6F0020E4AECE8F0090E0601B36F1E0E8B
:1065B000B26FE40EE82EFED7B22FFCD7B32FFAD776
:1065C0000000020E5EECE8F05950D8B4EAEFB2F0E9
:1065D000ECEFB2F081EFB3F00501DD51DE11D8A48C
:1065E000F4EFB2F0F6EFB2F081EFB3F0DB51DC1173
:1065F000D8A4FDEFB2F0FFEFB2F081EFB3F0585046
:10660000D8A405EFB3F007EFB3F009EFB3F081EFD3
:10661000B3F000EC80F0060188C6B4F689C6B5F682
:10662000B66BB76BB4C626F6B5C627F6B6C628F65F
:10663000B7C629F6000E82ECC1F026C626F727C69B
:1066400027F728C628F729C629F70601F851D8B434
:106650002CEFB3F02EEFB3F039EFB3F0F751D8A42D
:1066600034EFB3F036EFB3F039EFB3F0010E0501BC
:10667000E96F0601F851D8A440EFB3F042EFB3F050
:106680004DEFB3F0F751D8B448EFB3F04AEFB3F0A1
:106690004DEFB3F0020E0501E96F0601F851D8B4D1
:1066A00054EFB3F056EFB3F061EFB3F0F751D8B455
:1066B0005CEFB3F05EEFB3F061EFB3F0030E0501F2
:1066C000E96F0601F851D8A468EFB3F06AEFB3F0B0
:1066D00081EFB3F0F751D8A470EFB3F072EFB3F0DD
:1066E00081EFB3F00501E96B000E0701266F000E84
:1066F000276F000E286F000E296F000EAD6F000E81
:10670000AC6F1200030E11ECE6F01EC672F61FC647
:1067100073F6000E0601386FF00E396F7F0E3A6F78
:10672000450E3B6F72C626F673C627F6000E27BFCE
:10673000FF0E286F296F010E82ECC1F026C634F6D9
:1067400027C635F628C636F629C637F671ECABF003
:1067500034C64DF635C64EF636C64FF637C650F639
:106760006F0E0601516F120E526F830E536F400E63
:10677000546F6AECA3F04DC677F64EC678F64FC656
:1067800079F650C67AF677C666F678C667F679C6A1
:1067900068F67AC669F6CD0E06016A6FCC0E6B6F8D
:1067A0004C0E6C6F400E6D6F8CECCFF00601D8A0D4
:1067B000DCEFB3F0DEEFB3F0E0EFB3F0020E746F96
:1067C00077C666F678C667F679C668F67AC669F659
:1067D000660E6A6F660E6B6F260E6C6F400E6D6FE5
:1067E0008CECCFF00601D8A0F8EFB3F0FAEFB3F0DD
:1067F00016EFB4F077C666F678C667F679C668F61F
:106800007AC669F6330E6A6F330E6B6F330E6C6F98
:10681000400E6D6F8CECCFF00601D8B012EFB4F0E3
:1068200014EFB4F016EFB4F0010E746F330E666F10
:10683000330E676F130E686F400E696F77C66AF686
:1068400078C66BF679C66CF67AC66DF68CECCFF02E
:106850000601D8A02EEFB4F030EFB4F031EFB4F071
:10686000746B0701C651D8A438EFB4F03AEFB4F016
:10687000D5EFB4F00501E65106017419D8B443EF21
:10688000B4F045EFB4F0D5EFB4F074C6E6F5C5EF5B
:10689000B4F05250D8B44FEFB4F051EFB4F057EF1A
:1068A000B4F00601F851020DF3C4F8F6526A07017C
:1068B000BD6BF3C6DDF8F2C6DFF8000E0601766F99
:1068C000000E756FB0ECE9F00009D8B46AEFB4F0CF
:1068D0006CEFB4F062EFB4F0DA0E06017525D96EF4
:1068E000080E7621DA6EDF5042ECE3F0BBECE9F003
:1068F0000009D8B47EEFB4F080EFB4F076EFB4F0D6
:106900000601754B762B76BF8FEFB4F0765109E117
:10691000090E755DD8A08FEFB4F091EFB4F062EF7F
:10692000B4F0010EF96FD5EFB4F05250D8A49BEF3C
:10693000B4F09DEFB4F0D5EFB4F0F8C61EF6060142
:106940001F6B000E216F020E206F97ECD5F0060131
:106950001E51F86F010E526ED5EFB4F05250D8B4FC
:10696000B4EFB4F0B6EFB4F0BCEFB4F00601F851F8
:10697000020DF3C4F8F6526A010E0701BD6F06015D
:10698000F96BE5ECC8F0D5EFB4F00501E651000A6B
:10699000D8B449EFB4F0010AD8B495EFB4F0030AC3
:1069A000D8B4AEEFB4F0D5EFB4F012000D0EB0ECE9
:1069B000BDF026C655F627C656F607EFB6F06D0EA3
:1069C000555D070E5659D8A0E8EFB4F0EAEFB4F0E1
:1069D000F7EFB4F0F951D8A4F0EFB4F0F2EFB4F05F
:1069E000F7EFB4F0000E0701AB6F010EAA6F950E22
:1069F0000601555D060E5659D8B001EFB5F003EF0C
:106A0000B5F026EFB6F0F951D8A409EFB5F00BEFC9
:106A1000B5F026EFB6F0F96B010E0701C66F26EF51
:106A2000B6F0350E555D080E5659D8A01AEFB5F0E0
:106A30001CEFB5F045EFB5F0010EF96F000E070140
:106A4000AB6F030EAA6FA851A911D8B42AEFB5F005
:106A50002CEFB5F043EFB5F0F3C6DDF8F2C6DFF882
:106A6000DA0E0601206F080E216F000E236F090E4B
:106A7000226F88ECDFF0000E0701A96F000EA86FEF
:106A8000010E0501E76F0701C66BF50E0601555DA6
:106A9000060E5659D8B04FEFB5F051EFB5F026EFCE
:106AA000B6F0E5ECC8F0000E0701AB6F000EAA6F60
:106AB000010EC66F0601F96B26EFB6F0F50E555DB7
:106AC000060E5659D8B067EFB5F069EFB5F07FEF15
:106AD000B5F0E5ECC8F0000E0701AB6F000EAA6F31
:106AE0000601F96B020EF803F350F86F000E070170
:106AF000A96F010EA86F010EC66F0501E86BD00EDD
:106B00000601555D070E5659D8A089EFB5F08BEFF9
:106B1000B5F026EFB6F00501E851D8B492EFB5F024
:106B200094EFB5F026EFB6F0020E0601F803F3502D
:106B3000F86F0501E86BE76B010E0601F96F010EB6
:106B40000701C66F000EAB6F010EAA6F26EFB6F0FD
:106B5000E10E555D060E5659D8A0B1EFB5F0B3EF72
:106B6000B5F026EFB6F0620E555D070E5659D8B057
:106B7000BCEFB5F0BEEFB5F026EFB6F00501E85179
:106B8000D8A4C5EFB5F0C7EFB5F026EFB6F0E751E2
:106B9000D8B4CDEFB5F0CFEFB5F0DBEFB5F0010E27
:106BA000E86F010E0601F96F000E0701AB6F020ED0
:106BB000AA6F0501E76BE751D8A4E1EFB5F0E3EF69
:106BC000B5F026EFB6F0F8C61EF606011F6B000EF4
:106BD000216F020E206F97ECD5F006011E51F86F61
:106BE000010E0501E86F010E0601F96F000E0701A5
:106BF000AB6F020EAA6F010E0501E76F26EFB6F02C
:106C0000000E0701AB6F000EAA6F26EFB6F0AAC701
:106C100053F6ABC754F606015451000AD8B413EF2B
:106C2000B6F000EFB6F05351000AD8B4DFEFB4F07D
:106C3000010AD8B411EFB5F0030AD8B45EEFB5F08D
:106C4000010AD8B4A8EFB5F000EFB6F01200CFBE3D
:106C50002CEFB6F02EEFB6F030EFB6F05EEFB7F0F7
:106C60000601F905D8A437EFB6F039EFB6F086EF94
:106C7000B6F0F851D8B43FEFB6F041EFB6F05FEFA1
:106C8000B6F0010E0501ED6FEC51D8B44AEFB6F045
:106C90004CEFB6F05FEFB6F02C0E0701AC5D010EC5
:106CA000AD59D8A056EFB6F058EFB6F05FEFB6F09A
:106CB000050E92ECA7F072C6DDF573C6DEF506018F
:106CC000F751D8B466EFB6F068EFB6F086EFB6F0DD
:106CD000010E0501ED6FEB51D8B471EFB6F073EF13
:106CE000B6F086EFB6F00701995109E1C80E985D3C
:106CF000D8A07DEFB6F07FEFB6F086EFB6F0010ECC
:106D000092ECA7F072C6DBF573C6DCF50501EC0565
:106D1000D8B48DEFB6F08FEFB6F097EFB6F0EB0585
:106D2000D8A495EFB6F097EFB6F05EEFB7F05950F4
:106D3000D8B49DEFB6F09FEFB6F0FAEFB6F0DD05F0
:106D4000DE11D8A4A6EFB6F0A8EFB6F0C7EFB6F004
:106D5000010E0601F865AFEFB6F0B1EFB6F0C7EF80
:106D6000B6F00701975107E1060E965DD8B0BBEF6C
:106D7000B6F0BDEFB6F0C7EFB6F0596A010EC16FBD
:106D800036ECDAF0000E0701956F010E946F020EDB
:106D90000501DD19DE11D8A4D0EFB6F0D2EFB6F0C0
:106DA000E6EFB6F0010E0601F865D9EFB6F0DBEFBD
:106DB000B6F0E6EFB6F0596A010E0701C16F36EC86
:106DC000DAF0000E0701956F000E946F07019751DE
:106DD00009E1060E965DD8A0F0EFB6F0F2EFB6F03E
:106DE000FAEFB6F036ECDAF0596A000E0701976F49
:106DF000060E966F5850D8B400EFB7F002EFB7F018
:106E00005EEFB7F00501DB05DC11D8A40AEFB7F09F
:106E10000CEFB7F02BEFB7F0010E0601F76513EF9B
:106E2000B7F015EFB7F02BEFB7F00701935107E17B
:106E3000060E925DD8B01FEFB7F021EFB7F02BEF41
:106E4000B7F0586A020EC06FC7ECDCF0000E070105
:106E5000916F010E906F020E0501DB19DC11D8A4B1
:106E600034EFB7F036EFB7F04AEFB7F0010E060196
:106E7000F7653DEFB7F03FEFB7F04AEFB7F0586A6C
:106E8000020E0701C06FC7ECDCF0000E0701916F26
:106E9000010E906F0701935109E1060E925DD8A093
:106EA00054EFB7F056EFB7F05EEFB7F0C7ECDCF099
:106EB000586A000E0701936F060E926F12000601CA
:106EC000826F040E06018219D8A469EFB7F06BEF48
:106ED000B7F0E4EFB7F0040EB0ECBDF026C67AF6DA
:106EE00027C67BF6000E0601386FF00E396F7F0E55
:106EF0003A6F450E3B6F7AC626F67BC627F6000E24
:106F000027BFFF0E286F296F010E82ECC1F026C645
:106F100034F627C635F628C636F629C637F671EC9C
:106F2000ABF034C64DF635C64EF636C64FF637C60C
:106F300050F66F0E0601516F120E526F830E536F93
:106F4000400E546F6AECA3F04DC66AF64EC66BF65F
:106F50004FC66CF650C66DF6660E06016E6FFB0EE0
:106F60006F6F080E706F3D0E716F6EC651F66FC673
:106F700052F670C653F671C654F66AC64DF66BC625
:106F80004EF66CC64FF66DC650F66AECA3F04DC6D1
:106F900034F64EC635F64FC636F650C637F6960E60
:106FA0000601386F430E396F0B0E3A6F3D0E3B6F83
:106FB00071ECABF034C67EF635C67FF636C680F689
:106FC00037C681F663EFB8F08251D8A4EAEFB7F084
:106FD000ECEFB7F063EFB8F0000EB0ECBDF026C6F2
:106FE0007CF627C67DF6000E0601386FF00E396F6D
:106FF0007F0E3A6F450E3B6F7CC626F67DC627F6A0
:10700000000E27BFFF0E286F296F010E82ECC1F022
:1070100026C634F627C635F628C636F629C637F60C
:1070200071ECABF034C64DF635C64EF636C64FF6AB
:1070300037C650F66F0E0601516F120E526F830E57
:10704000536F400E546F6AECA3F04DC672F64EC6F5
:1070500073F64FC674F650C675F6F70E0601766FD6
:10706000110E776FA50E786F3D0E796F76C651F6CB
:1070700077C652F678C653F679C654F672C64DF600
:1070800073C64EF674C64FF675C650F66AECA3F09A
:107090004DC634F64EC635F64FC636F650C637F6F0
:1070A000000E0601386F000E396F800E3A6F3E0EEB
:1070B0003B6F71ECABF034C67EF635C67FF636C654
:1070C00080F637C681F67EC64DF67FC64EF680C680
:1070D0004FF681C650F6000E0601516F000E526F3A
:1070E0007A0E536F440E546F6AECA3F04DC666F6E9
:1070F0004EC667F64FC668F650C669F6120005011F
:10710000A16F040E0501A119D8A489EFB8F08BEF87
:10711000B8F004EFB9F0040EA8ECBEF026C599F55E
:1071200027C59AF5000E0501646FF00E656F7F0E9E
:10713000666F450E676F99C51EF59AC51FF5000E5F
:107140001FBEFF0E206E216E010E38ECC3F01EC56F
:1071500060F51FC561F520C562F521C563F53AEC00
:10716000ADF060C570F561C571F562C572F563C5B6
:1071700073F56F0E0501746F120E756F830E766FC7
:10718000400E776F7EECA5F070C589F571C58AF564
:1071900072C58BF573C58CF5660E05018D6FFB0E00
:1071A0008E6F080E8F6F3D0E906F8DC574F58EC576
:1071B00075F58FC576F590C577F589C570F58AC5E3
:1071C00071F58BC572F58CC573F57EECA5F070C5B5
:1071D00060F571C561F572C562F573C563F5960E0C
:1071E0000501646F430E656F0B0E666F3D0E676F92
:1071F0003AECADF060C59DF561C59EF562C59FF5A1
:1072000063C5A0F583EFB9F0A151D8A40AEFB9F096
:107210000CEFB9F083EFB9F0000EA8ECBEF026C574
:107220009BF527C59CF5000E0501646FF00E656F98
:107230007F0E666F450E676F9BC51EF59CC51FF5DB
:10724000000E1FBEFF0E206E216E010E38ECC3F043
:107250001EC560F51FC561F520C562F521C563F542
:107260003AECADF060C570F561C571F562C572F5B7
:1072700063C573F56F0E0501746F120E756F830E83
:10728000766F400E776F7EECA5F070C591F571C5F5
:1072900092F572C593F573C594F5F70E0501956FD8
:1072A000110E966FA50E976F3D0E986F95C574F5EC
:1072B00096C575F597C576F598C577F591C570F5BE
:1072C00092C571F593C572F594C573F57EECA5F082
:1072D00070C560F571C561F572C562F573C563F57A
:1072E000000E0501646F000E656F800E666F3E0E26
:1072F000676F3AECADF060C59DF561C59EF562C55E
:107300009FF563C5A0F59DC570F59EC571F59FC538
:1073100072F5A0C573F5000E0501746F000E756F50
:107320007A0E766F440E776F7EECA5F070C585F50A
:1073300071C586F572C587F573C588F5120010C84A
:107340005DF611C85EF612C85FF613C860F64DC64A
:107350005DF64EC65EF64FC65FF650C660F6810E0D
:107360000601516FFF0E526F5DC653F65EC654F6AE
:107370005FC655F660C656F6180EC4EFB9F0D89041
:107380005633553354335333E82EBFEFB9F05351CE
:1073900051255B6F000E52215C6F5CBFD9EFB9F0D5
:1073A0005C5109E1170E5B5DD8A0D9EFB9F0DBEFB6
:1073B000B9F0E5EFB9F04DC64DF64EC64EF64FC6E4
:1073C0004FF650C650F6A9EFBAF05CBFEAEFB9F03D
:1073D000ECEFB9F05DEFBAF05BC651F6FF0E526FFD
:1073E000FF0E536F7F0E546F000E556F5167FBEF0A
:1073F000B9F003EFBAF055355533543353335233A4
:10740000512FF6EFB9F052C657F653C658F654C688
:1074100059F655C65AF6060157515D15516F585128
:107420005E15526F59515F15536F5A516015546F65
:107430005151521153115411D8A421EFBAF023EF36
:10744000BAF025EFBAF0DBEFB9F05DC651F65EC6D3
:1074500052F65FC653F660C654F6200E35EFBAF00A
:10746000D8905433533352335133E82E30EFBAF0BF
:107470005151521153115411D8B441EFBAF043EFA6
:10748000BAF04BEFBAF057515D2758515E2359516E
:107490005F235A516023571D516F581D526F591D5C
:1074A000536F5A1D546F51515D1752515E1753510E
:1074B0005F1754516017A1EFBAF05DC651F65EC672
:1074C00052F65FC653F660C654F6200E6DEFBAF062
:1074D000D8905433533352335133E82E68EFBAF017
:1074E0005151521153115411D8A479EFBAF07BEFD6
:1074F000BAF085EFBAF0000E5D6F000E5E6F000E01
:107500005F6F000E606FA1EFBAF0D8905D35516FDC
:107510005E35526F5F35536F6035546F5151521164
:1075200053115411D8B497EFBAF099EFBAF0A1EF14
:10753000BAF0000E5D6F000E5E6F800E5F6FBF0EC3
:10754000606F5DC64DF65EC64EF65FC64FF660C60E
:1075500050F61200000E0601246F000E256F000E7B
:10756000266F26ECE4F006012B6F2B510701166FF6
:10757000176B010E0601246F000E256F000E266F9B
:1075800026ECE4F006012B6F2B510701186F196BE5
:10759000020E0601246F000E256F000E266F26ECEA
:1075A000E4F006012B6F2B5107011A6F1B6B640E61
:1075B0001803F3C42BF6F4C42CF61903F350060198
:1075C0002C27100E2D6F270E2E6F2D51070116033D
:1075D000F3C42FF6F4C430F61703F3500601302736
:1075E0002E51070116030601F35030272B512F258A
:1075F000316F2C513021326F07011A5106013125AC
:1076000007010F6F1B51060132210701106F165140
:1076100075ECE2F0060126510801D36F07011851FD
:1076200075ECE2F0060126510801D46F07011A51EA
:1076300075ECE2F0060126510801D56F040E060133
:10764000246F000E256F000E266F26ECE4F0060175
:107650002B6F2B510701076F086B050E0601246F76
:10766000000E256F000E266F26ECE4F006012B6F4E
:107670002B510701096F0A6B060E0601246F000EDD
:10768000256F000E266F26ECE4F006012B6F2B51C0
:1076900007010B6F0C6B640E0903F3C42BF6F4C4E3
:1076A0002CF60A03F35006012C27100E2D6F270E1F
:1076B0002E6F2D5107010703F3C42FF6F4C430F6E3
:1076C0000803F350060130272E5107010703060176
:1076D000F35030272B512F25316F2C513021326F31
:1076E00007010B51060131250701006F0C510601FE
:1076F00032210701016F075175ECE2F006012651B6
:107700000801D76F0701095175ECE2F00601265117
:107710000801D86F07010B5175ECE2F00601265104
:107720000801D96FD00E06012B6FC90EE82EFED7C7
:107730002B2FFCD700D0000E0601206F530E1F6FB9
:10774000D00E216F080E226F000E246F0A0E236FD9
:107750003FECE1F00009D8B4B0EFBBF0B2EFBBF002
:107760009BEFBBF012000701C305D8A4BAEFBBF032
:10777000BCEFBBF0ADEFBCF0FCC6B0F9FDC6B1F993
:10778000FCC67CF60F0E06017C17FC390F0B0A0DA8
:10779000F3507C250501EF6FFDC67CF60F0E060148
:1077A0007C17FD390F0B0A0DF3507C250501EE6F98
:1077B000060120EE01F07A51D9267B51DA22510ED2
:1077C000DE18D8A4E6EFBBF0E8EFBBF014EFBCF096
:1077D0000501EF51640DF3C47CF6F4C47DF6EE515F
:1077E00006017C250701F26F0501000E06017D21CF
:1077F0000701F36FE80E06017C6F030E7D6F7C516D
:107800000701F203F3C47EF6F4C47FF6F303F350EA
:1078100006017F277D510701F2030601F3507F2700
:107820007EC6F2F77FC6F3F7F105D8A41AEFBCF0D5
:107830001CEFBCF08BEFBCF0000E276F000E266F24
:10784000700E286F090E296F100E2A6F84ECD3F08A
:10785000000E0501D86F010ED76FD705D811D8A437
:1078600034EFBCF036EFBCF055EFBCF0090E06016A
:107870007D6F1E0E7C6FE40EE82EFED77C2FFCD7AA
:107880007D2FFAD70000000E0601276F000E266F2D
:10789000B80E286F090E296F100E2A6F3CECCBF042
:1078A000000E0501D86F000ED76F550E0701CB6F84
:1078B0000601FF51D8B45FEFBCF061EFBCF075EF8B
:1078C000BCF0FF51020DD00EF324D96E070EF42048
:1078D000DA6EF8C9DFF4FF51020DD10EF324D96E30
:1078E000070EF420DA6EF9C9DFF4CB0E1E6F070E17
:1078F0001F6F0F0E206F8BECDDF01EC680F61FC6CB
:1079000081F680C6DBF7060181510701DA6F000EB0
:107910009D6F010E9C6F0501D905DA11D8A493EF74
:10792000BCF095EFBCF0B1EFBCF00601F105D8A4B6
:107930009CEFBCF09EEFBCF0B1EFBCF0CB0E206F23
:10794000070E216F110E226FB1ECDEF0000E050163
:10795000DA6F000ED96FB1EFBCF0000E9B6F010E15
:107960009A6F12007CECEAF01EC58DF51FC58EF5EE
:1079700020C58FF521C590F585C560F586C561F5F3
:1079800087C562F588C563F52AC764F52BC765F519
:107990002CC766F52DC767F58CECD9F00501D8B07A
:1079A000D4EFBCF0D6EFBCF0F6EFBCF085C52AF7FB
:1079B00086C52BF787C52CF788C52DF732C72EF75C
:1079C00033C72FF734C730F735C731F78DC52CF8DB
:1079D0008EC52DF88FC52EF890C52FF889C5EAF70A
:1079E0008AC5EBF78BC5ECF78CC5EDF72CC860F5B5
:1079F0002DC861F52EC862F52FC863F5ADECDBF03C
:107A000060C599F561C59AF562C59BF563C59CF59E
:107A10000701EA510501995D0701EB5105019A59EA
:107A20000701EC5105019B590701ED5105019C59D6
:107A3000D8A01DEFBDF01FEFBDF031EFBDF02AC79C
:107A400032F72BC733F72CC734F72DC735F732C7BA
:107A500085F533C786F534C787F535C788F5AFEFA9
:107A6000BDF099C51EF59AC51FF59BC520F59CC5AF
:107A700021F5000E38ECC3F01EC560F51FC561F599
:107A800020C562F521C563F5EAC71EF5EBC71FF5F2
:107A9000ECC720F5EDC721F5000E38ECC3F01EC58C
:107AA00064F51FC565F520C566F521C567F53AEC97
:107AB000ADF060C591F561C592F562C593F563C5FA
:107AC00094F591C574F592C575F593C576F594C591
:107AD00077F52EC76CF52FC76DF530C76EF531C73A
:107AE0006FF52AC768F52BC769F52CC76AF52DC74E
:107AF0006BF54AECE4F068C570F569C571F56AC5C7
:107B000072F56BC573F57EECA5F070C595F571C582
:107B100096F572C597F573C598F595C560F596C548
:107B200061F597C562F598C563F52EC764F52FC753
:107B300065F530C766F531C767F5D2EC9EF060C5D4
:107B400032F761C533F762C534F763C535F732C71D
:107B500085F533C786F534C787F535C788F5120034
:107B60000601466F000E06014E6F000E4D6F465126
:107B700011ECE6F0D89006014D35D96E4E35DA6E2F
:107B80002E0ED926060EDA221EC6DEF41FC6DDF43E
:107B90004D4B4E2B4EBFD6EFBDF04E5109E10C0EB2
:107BA0004D5DD8A0D6EFBDF0D8EFBDF0B7EFBDF07A
:107BB000000E4C6F000E4B6F000E506F000E4F6F9B
:107BC000000E526F000E516F4DEFBEF0D890513540
:107BD000D96E5235DA6E2E0ED926060EDA2251C62D
:107BE0002AF652C62BF6D8902A372B37020E2A27B0
:107BF000000E2B232E0E2A25E16E060E2B21E26E9F
:107C0000DE50E65CDE50E658D8B009EFBEF00BEF70
:107C1000BEF04BEFBEF0D8905135D96E5235DA6ECA
:107C20002E0ED926060EDA22DEC447F6DDC448F64B
:107C300051C628F652C629F6D89028372937020EA1
:107C40002827000E29232E0E2825D96E060E29215D
:107C5000DA6ED8905135E16E5235E26E2E0EE12685
:107C6000060EE222DEC4E6F4DDC4E5F451C628F6D1
:107C700052C629F6D89028372937020E2827000E39
:107C800029232E0E2825D96E060E2921DA6E47C625
:107C9000DEF448C6DDF4514B522B0B0E286F000E5C
:107CA000296F4F51285F5051295B2851515D525126
:107CB000800A2A6F2951800A2A59D8A062EFBEF0A3
:107CC00064EFBEF0E6EFBDF04F4B502B50BF72EFAC
:107CD000BEF0505109E10B0E4F5DD8A072EFBEF01F
:107CE00074EFBEF0E0EFBDF0000E506F020E4F6F6C
:107CF000D8904F35D96E5035DA6E2E0ED926060E35
:107D0000DA22DE504B27DD504C234F4B502B50BF17
:107D100093EFBEF0505109E10A0E4F5DD8A093EFEA
:107D2000BEF095EFBEF078EFBEF04BC61EF64CC627
:107D30001FF6000E216F080E206F97ECD5F01EC6BF
:107D400049F61FC64AF649C626F64AC627F6120065
:107D50000501786F000E0501806F000E7F6F78516E
:107D6000B4ECE7F0D89005017F35D96E8035DA6E36
:107D7000600ED926050EDA221EC5DEF41FC5DDF41D
:107D80007F4B802B80BFCEEFBEF0805109E10C0EFF
:107D90007F5DD8A0CEEFBEF0D0EFBEF0AFEFBEF06B
:107DA000000E7E6F000E7D6F000E826F000E816FE1
:107DB000000E846F000E836F45EFBFF0D8908335BF
:107DC000D96E8435DA6E600ED926050EDA2283C5A7
:107DD0002AF584C52BF5D8902A362B36020E2A2692
:107DE000000E2B22600E2A24E16E050E2B20E26E7F
:107DF000DE50E65CDE50E658D8B001EFBFF003EF8E
:107E0000BFF043EFBFF0D8908335D96E8435DA6E7A
:107E1000600ED926050EDA22DEC479F5DDC47AF5C6
:107E200083C528F584C529F5D89028362936020E51
:107E30002826000E2922600E2824D96E050E29203E
:107E4000DA6ED8908335E16E8435E26E600EE126FD
:107E5000050EE222DEC4E6F4DDC4E5F483C528F5B0
:107E600084C529F5D89028362936020E2826000E1A
:107E70002922600E2824D96E050E2920DA6E79C5D4
:107E8000DEF47AC5DDF4834B842B0B0E286E000ED6
:107E9000296E8151285E8251295A2850835D845170
:107EA000800A2A6E2950800A2A58D8A05AEFBFF0BB
:107EB0005CEFBFF0DEEFBEF0814B822B82BF6AEF3A
:107EC000BFF0825109E10B0E815DD8A06AEFBFF0CF
:107ED0006CEFBFF0D8EFBEF0000E826F020E816F24
:107EE000D8908135D96E8235DA6E600ED926050EAE
:107EF000DA22DE507D27DD507E23814B822B82BF2C
:107F00008BEFBFF0825109E10A0E815DD8A08BEFA3
:107F1000BFF08DEFBFF070EFBFF07DC51EF57EC5E1
:107F20001FF5000E216E080E206E5BECD6F01EC50C
:107F30007BF51FC57CF57BC526F57CC527F51200B2
:107F40000701C205D8A4A7EFBFF0A9EFBFF08EEFDD
:107F5000C0F0060120EE08F07A51D9267B51DA22D2
:107F6000DF500901916F060120EE0AF07A51D926FF
:107F70007B51DA22DF500901956F060120EE0CF0EB
:107F80007A51D9267B51DA22DF500901996F060117
:107F900020EE0EF07A51D9267B51DA22DF5009010A
:107FA0009D6F060120EE01F07A51D9267B51DA222D
:107FB000710EDE18D8A4DFEFBFF0E1EFBFF008EFDD
:107FC000C0F020EE08F07A51D9267B51DA22DF503A
:107FD0000A01416F060120EE0AF07A51D9267B5141
:107FE000DA22DF500A01456F060120EE0CF07A51CB
:107FF000D9267B51DA22DF500A01496F060120EEB3
:108000000EF07A51D9267B51DA22DF500A014D6FEA
:108010000601F105D8A40FEFC0F011EFC0F06CEF2E
:10802000C0F0000E276F000E266F700E286F090E2D
:10803000296F100E2A6F84ECD3F0000E0501D86F63
:10804000010ED76FD705D811D8A429EFC0F02BEFB8
:10805000C0F04AEFC0F0090E06017D6F1E0E7C6F66
:10806000E40EE82EFED77C2FFCD77D2FFAD7000038
:10807000000E0601276F000E266FB80E286F090E3E
:10808000296F100E2A6F3CECCBF0000E0501D86F63
:10809000000ED76F550E0701CB6FB9C9D3F7BDC915
:1080A000D5F7C1C9D7F7C5C9D9F7CB0E06011E6FE1
:1080B000070E1F6F0F0E206F8BECDDF01EC67EF6D5
:1080C0001FC67FF67EC6DBF706017F510701DA6F18
:1080D000000E9D6F010E9C6F0501D905DA11D8A421
:1080E00074EFC0F076EFC0F092EFC0F00601F1053A
:1080F000D8A47DEFC0F07FEFC0F092EFC0F0CB0EC0
:10810000206F070E216F110E226FB1ECDEF0000E12
:108110000501DA6F000ED96F92EFC0F0000E9B6F71
:10812000010E9A6F1200000E0601246F000E256FDB
:10813000000E266F26ECE4F006012B6F2B51070191
:10814000166F176B010E0601246F000E256F000ECF
:10815000266F26ECE4F006012B6F2B510701186FF8
:10816000196B020E0601246F000E256F000E266F9C
:1081700026ECE4F006012B6F2B5107011A6F1B6BE5
:10818000040E0601246F000E256F000E266F26ECEC
:10819000E4F006012B6F2B510701076F086B050EEA
:1081A0000601246F000E256F000E266F26ECE4F00A
:1081B00006012B6F2B510701096F0A6B060E060192
:1081C000246F000E256F000E266F26ECE4F00601EA
:1081D0002B6F2B5107010B6F0C6B175109E1650ECB
:1081E000165DD8A0F6EFC0F0F8EFC0F003EFC1F0D5
:1081F000000E0601266F000E276F000E286F000E7E
:10820000296F3DECDEF00701195109E1650E185D9B
:10821000D8A00DEFC1F00FEFC1F01AEFC1F0010EC1
:108220000601266F000E276F000E286F000E296FC3
:108230003DECDEF007011B5109E1650E1A5DD8A087
:1082400024EFC1F026EFC1F031EFC1F0020E0601BC
:10825000266F000E276F000E286F000E296F3DEC71
:10826000DEF0030E0601266F000E276F000E286F4A
:10827000000E296F3DECDEF00701085109E1650EA3
:10828000075DD8A046EFC1F048EFC1F053EFC1F051
:10829000040E0601266F000E276F000E286F000ED9
:1082A000296F3DECDEF007010A5109E1650E095D19
:1082B000D8A05DEFC1F05FEFC1F06AEFC1F0050E2D
:1082C0000601266F000E276F000E286F000E296F23
:1082D0003DECDEF007010C5109E1650E0B5DD8A005
:1082E00074EFC1F076EFC1F081EFC1F0060E060128
:1082F000266F000E276F000E286F000E296F3DECD1
:10830000DEF0120006012E6F06012E51D8B48BEF5D
:10831000C1F08DEFC1F0AFEFC1F029BF94EFC1F014
:1083200092EFC1F0AFEFC1F026C62AF627C62BF6B2
:1083300028C62CF629C62DF62A1F2B1F2C1F2D1FF1
:108340002A2B000E2B232C232D232AC630F62BC6D6
:1083500031F62CC632F62DC633F6B7EFC1F026C67D
:1083600030F627C631F628C632F629C633F626512E
:10837000271128112911D8A4C0EFC1F0C2EFC1F014
:10838000CCEFC1F0000E266F000E276F000E286F95
:10839000000E296F5DEFC2F0960E2F6FD6EFC1F081
:1083A0002F2BD8903333323331333033000E301526
:1083B0002A6F000E31152B6F000E32152C6FFE0E3A
:1083C00033152D6F2A512B112C112D11D8A4EBEF41
:1083D000C1F0EDEFC1F0D0EFC1F0FBEFC1F02F2BFA
:1083E000010E3027000E312332233323D89033334C
:1083F000323331333033000E30152A6F000E311511
:108400002B6F000E32152C6FFF0E33152D6F2A5176
:108410002B112C112D11D8A410EFC2F012EFC2F0C5
:10842000EFEFC1F01AEFC2F02F07D8903037313795
:108430003237333732BF1FEFC2F021EFC2F029EFDE
:10844000C2F0020E2F6127EFC2F029EFC2F014EF45
:10845000C2F02FB12EEFC2F030EFC2F031EFC2F018
:10846000329FD8902F332FC62AF62B6B2C6B2D6B97
:108470002AC62DF62C6B2B6B2A6B2A5130132B51ED
:1084800031132C5132132D5133132E51D8B44BEFDD
:10849000C2F04DEFC2F055EFC2F029BF54EFC2F069
:1084A00052EFC2F055EFC2F0338F30C626F631C618
:1084B00027F632C628F633C629F612000501E9511F
:1084C000D8B465EFC2F067EFC2F068EFC2F0E52BF9
:1084D0000A0EE519D8A46FEFC2F071EFC2F0BFEF3A
:1084E000C2F0E905D8B477EFC2F079EFC2F082EFBD
:1084F000C2F0030EE919D8A480EFC2F082EFC2F0F7
:10850000BFEFC2F026C785F527C786F528C787F5D0
:1085100029C788F5F2C789F5F3C78AF58B6B8C6B91
:10852000B2ECBCF085C520F886C521F887C522F8D5
:1085300088C523F8760E0501A26F080EA36F20C828
:10854000A4F521C8A5F522C8A6F523C8A7F5040EF1
:108550007FECB8F085C5A8F586C5A9F587C5AAF54D
:1085600088C5ABF5A8EC99F0A2C5ACF7A3C5ADF7EB
:10857000ACC720F5ADC721F5010E53ECDFF0140EAA
:108580000501E519D8A4C7EFC2F0C9EFC2F037EF73
:10859000C3F0020EE919D8B4D0EFC2F0D2EFC2F0A6
:1085A000DBEFC2F0030EE919D8A4D9EFC2F0DBEF7C
:1085B000C2F035EFC3F0000E646F000E656FC80E99
:1085C000666F420E676FF3C560F5F4C561F5F5C5DA
:1085D00062F5F6C563F53AECADF060C570F561C5BE
:1085E00071F562C572F563C573F50601F7511E6E2C
:1085F0001F6A206A216A010E38ECC3F01EC574F5AB
:108600001FC575F520C576F521C577F57EECA5F07B
:1086100070C5CDF571C5CEF572C5CFF573C5D0F572
:108620004F0E0501A26F080EA36FCDC5A4F5CEC5F0
:10863000A5F5CFC5A6F5D0C5A7F5000E7FECB8F01F
:1086400085C5A8F586C5A9F587C5AAF588C5ABF582
:10865000A8EC99F0A2C598F7A3C599F798C720F59B
:1086600099C721F5020E53ECDFF00501E56B12000E
:10867000266E2650D8B43FEFC3F041EFC3F063EF4E
:10868000C3F021BE48EFC3F046EFC3F063EFC3F081
:108690001EC522F51FC523F520C524F521C525F5E6
:1086A000221E231E241E251E222A000E23222422DF
:1086B000252222C528F523C529F524C52AF525C577
:1086C0002BF56BEFC3F01EC528F51FC529F520C596
:1086D0002AF521C52BF51E501F1020102110D8A4FB
:1086E00074EFC3F076EFC3F080EFC3F0000E1E6EA0
:1086F000000E1F6E000E206E000E216E11EFC4F0F2
:10870000960E276E8AEFC3F0272AD8902B322A3292
:1087100029322832000E2814226E000E2914236EEE
:10872000000E2A14246EFE0E2B14256E22502310E8
:1087300024102510D8A49FEFC3F0A1EFC3F084EF5D
:10874000C3F0AFEFC3F0272A010E2826000E29221E
:108750002A222B22D8902B322A3229322832000E9C
:108760002814226E000E2914236E000E2A14246E83
:10877000FF0E2B14256E2250231024102510D8A490
:10878000C4EFC3F0C6EFC3F0A3EFC3F0CEEFC3F066
:108790002706D890283629362A362B362ABED3EF1C
:1087A000C3F0D5EFC3F0DDEFC3F0020E2760DBEFBF
:1087B000C3F0DDEFC3F0C8EFC3F027B0E2EFC3F0C2
:1087C000E4EFC3F0E5EFC3F02A9ED890273227C527
:1087D00022F5236A246A256A22C525F5246A236ABC
:1087E000226A225028122350291224502A1225507E
:1087F0002B122650D8B4FFEFC3F001EFC4F009EFFD
:10880000C4F021BE08EFC4F006EFC4F009EFC4F0D5
:108810002B8E28C51EF529C51FF52AC520F52BC5A9
:1088200021F512000601F051020D000EF324D96E5D
:10883000090EF420DA6EDE6ADD6A0201B2A723EFC8
:10884000C4F025EFC4F048EFC4F00601F051020D6A
:10885000000EF324D96E090EF420DA6E0901DF82CE
:108860000701555156115711D8B439EFC4F03BEFF9
:10887000C4F048EFC4F002D848EFC4F00500FA6E27
:108880005551FD6E5651FE6E5751FF6EFA50120053
:108890000201B2A34EEFC4F050EFC4F073EFC4F086
:1088A0000601F051020D000EF324D96E090EF420DA
:1088B000DA6E0901DF840701525153115411D8B403
:1088C00064EFC4F066EFC4F073EFC4F002D873EF46
:1088D000C4F00500FA6E5251FD6E5351FE6E5451B4
:1088E000FF6EFA5012000201B2AD79EFC4F07BEFD7
:1088F000C4F09EEFC4F00601F051020D000EF32407
:10890000D96E090EF420DA6E0901DF8007014F519C
:1089100050115111D8B48FEFC4F091EFC4F09EEF15
:10892000C4F002D89EEFC4F00500FA6E4F51FD6E00
:108930005051FE6E5151FF6EFA501200A1C214F652
:10894000DC0E0601096F070E0A6F14C60BF696ECD3
:10895000D2F00601156F020E1519D8A4B2EFC4F0BB
:10896000B4EFC4F0CEEFC4F00701525153115411CB
:10897000D8B4BDEFC4F0BFEFC4F0DAEFC4F002D852
:10898000CCEFC4F00500FA6E5251FD6E5351FE6EED
:108990005451FF6EFA501200DAEFC4F0DC0E006F93
:1089A000070E016F92ECD0F0060100510701B76F7E
:1089B000DAEFC4F0120006013EBFE1EFC4F0E4EFCD
:1089C000C4F0010EE5EFC4F0000E456F0501D4BF01
:1089D000EEEFC4F0ECEFC4F0F5EFC4F0000E0601CA
:1089E000446F010E436FF9EFC4F0D3C543F6D4C50D
:1089F00044F67CC741F67DC742F606014551D8B41E
:108A000004EFC5F006EFC5F01DEFC5F04107D8A093
:108A100042074551D8A40FEFC5F011EFC5F017EF8D
:108A2000C5F0000E406F2B0E3F6F1BEFC5F0000E20
:108A3000406F2D0E3F6F3FC645F6000E476F4F0E3D
:108A4000466F0B01B36B56EFC5F04607D8A047073A
:108A5000640E4625D96E0B0E4721DA6E3DC61EF612
:108A60003EC61FF6000E216F0A0E206F88ECD8F06C
:108A70001EC624F61FC625F69CECE6F0060124511E
:108A8000300FDF6E4307D8A044074107D8A0420744
:108A90003DC61EF63EC61FF6000E216F0A0E206F61
:108AA00097ECD5F01EC63DF61FC63EF6060147BF41
:108AB00062EFC5F0475108E14605D8A062EFC5F066
:108AC00064EFC5F07AEFC5F03D513E11D8A46BEFCD
:108AD000C5F06DEFC5F025EFC5F044BF7AEFC5F0E6
:108AE000445106E14305D8B078EFC5F07AEFC5F000
:108AF00025EFC5F04551D8B480EFC5F082EFC5F041
:108B00008DEFC5F04607D8A04707640E4625D96EFD
:108B10000B0E4721DA6E45C6DFF43BC632F63CC683
:108B200033F6640E4625346F0B0E4721356F41C670
:108B300036F642C637F678ECDEF012004DC6D9F4B0
:108B40004EC6DAF44FC6DFF4060120EE01F04D51B7
:108B5000D9264E51DA2250C6DEF451C6DEF452C692
:108B6000DEF453C6DEF420EE05F04D51D9264E5109
:108B7000DA2254C6DEF455C6DEF456C6DEF457C615
:108B8000DEF420EE09F04D51D9264E51DA2258C6B6
:108B9000DEF459C6DEF45AC6DEF45BC6DEF420EE1F
:108BA00015F04D51D9264E51DA225CC6DEF45DC671
:108BB000DEF45EC6DEF45FC6DEF420EE19F04D5141
:108BC000D9264E51DA2260C6DEF461C6DEF462C6F2
:108BD000DEF463C6DEF4000E346F000E356F480E0F
:108BE000366F440E376F54C638F655C639F656C63A
:108BF0003AF657C63BF671ECABF0060120EE0DF0ED
:108C00004D51D9264E51DA2234C6DEF435C6DEF493
:108C100036C6DEF437C6DEF4000E346F000E356F54
:108C2000480E366FC40E376F54C638F655C639F63F
:108C300056C63AF657C63BF671ECABF0060120EE8D
:108C400011F04D51D9264E51DA2234C6DEF435C624
:108C5000DEF436C6DEF437C6DEF420EE1DF04D51EC
:108C6000D9264E51DA22000EDE6E000EDE6E000EA8
:108C7000DE6E000EDD6E20EE21F04D51D9264E51F4
:108C8000DA22000EDE6E000EDE6E000EDE6E000ECC
:108C9000DD6E20EE25F04D51D9264E51DA2264C604
:108CA000DEF465C6DDF412000501ED05D8A45BEF26
:108CB000C6F05DEFC6F076EFC6F007018A4B8B2B4E
:108CC000C80E8A198B11D8A468EFC6F06AEFC6F0F7
:108CD00076EFC6F0010E0501EC6F010EEB6F000E92
:108CE00007018B6F000E8A6F0501ED6B0701884B42
:108CF000892BC80E88198911D8A481EFC6F083EF9B
:108D0000C6F09DEFC6F0000E896F000E886F94517B
:108D10009511D8B48EEFC6F090EFC6F092EFC6F082
:108D2000864B872B90519111D8B499EFC6F09BEFE9
:108D3000C6F09DEFC6F0844B852B960E86198711E1
:108D4000D8A4A5EFC6F0A7EFC6F0BEEFC6F0000EA0
:108D5000876F000E866F010E596E964B972B9751B9
:108D600009E1060E965DD8A0B8EFC6F0BAEFC6F0DE
:108D7000BEEFC6F0000E956F000E946F960E84192C
:108D80008511D8A4C6EFC6F0C8EFC6F0DFEFC6F075
:108D9000010E586E924B932B000E856F000E846F60
:108DA000935109E1060E925DD8A0D9EFC6F0DBEF32
:108DB000C6F0DFEFC6F0000E916F000E906F9C05BD
:108DC0009D11D8A4E6EFC6F0E8EFC6F003EFC7F0B8
:108DD000824B832B835109E1C80E825DD8A0F3EF4B
:108DE000C6F0F5EFC6F003EFC7F0000E836F000E7C
:108DF000826F000E0501DA6F010ED96F000E0701B8
:108E00009D6F000E9C6F12000601EF51020D400E87
:108E1000F324D96E090EF420DA6EDE6ADD6A0201EF
:108E2000C5A715EFC7F017EFC7F03AEFC7F0060177
:108E3000EF51020D400EF324D96E090EF420DA6EC4
:108E40000901DF820701465147114811D8B42BEFC1
:108E5000C7F02DEFC7F03AEFC7F002D83AEFC7F0EE
:108E60000500FA6E4651FD6E4751FE6E4851FF6E89
:108E7000FA5012000201C5A340EFC7F042EFC7F05D
:108E800065EFC7F00601EF51020D400EF324D96ED5
:108E9000090EF420DA6E0901DF8407014351441101
:108EA0004511D8B456EFC7F058EFC7F065EFC7F0DB
:108EB00002D865EFC7F00500FA6E4351FD6E4451CC
:108EC000FE6E4551FF6EFA5012000201C5AD6BEF08
:108ED000C7F06DEFC7F090EFC7F00601EF51020D3C
:108EE000400EF324D96E090EF420DA6E0901DF80FA
:108EF0000701405141114211D8B481EFC7F083EF0F
:108F0000C7F090EFC7F002D890EFC7F00500FA6EF7
:108F10004051FD6E4151FE6E4251FF6EFA501200FB
:108F2000B4C219F60601EF290F0B1A6F49501A192E
:108F3000D8A49DEFC7F09FEFC7F0A1EFC7F0ADEF4A
:108F4000C7F0600EEF25D96EDA6A090EDA2219C66B
:108F5000DFF41AC6EFF60501E32B12000601F85103
:108F6000D8A4B5EFC7F0B7EFC7F045EFC8F0F75199
:108F7000D8A4BDEFC7F0BFEFC7F045EFC8F0F6517A
:108F8000D8A4C5EFC7F0C7EFC7F045EFC8F05750FA
:108F9000D8A4CDEFC7F0CFEFC7F045EFC8F07EEC17
:108FA000EBF0000E486E000E476E000E08019C6F3D
:108FB000000E9B6F000E936F000E946F000E956F66
:108FC000000E966F000E976F000E986F000E996F4F
:108FD000000E9A6F000E466E000E456E000E756F05
:108FE000000E746F000E6C6F000E6D6F000E6E6FD2
:108FF000000E6F6F000E706F000E716F000E726FBB
:10900000000E736F000E0701A76F000EA66F000E13
:10901000A56F000EA46F000EA36F010EA26F050EC8
:1090200078ECD7F0010E86ECE8F0020E86ECE8F062
:10903000000E486E000E476E000E466E000E456E26
:10904000090E0601226F1E0E216FE40EE82EFED7D8
:10905000212FFCD7222FFAD70000010E72ECE8F086
:10906000020E72ECE8F0010E0501F26F000E07012E
:10907000266F000E276F000E286F000E296F050166
:10908000E96BF2ECE1F04AEFC8F0000E0701A36FC4
:10909000000EA26F1200440EF66EC00EF76E010EA7
:1090A000F86E02EE88F210EE63F00900F5C4EEF4FB
:1090B000E550E150FAE1CC0EF66ECC0EF76E010EE3
:1090C000F86E02EEB5F010EE36F00900F5C4EEF4DD
:1090D000E550E150FAE1EC0EF66ED50EF76E010E9A
:1090E000F86E01EEEAF310EE0DF00900F5C4EEF4AF
:1090F000E550E150FAE1200EF66ED70EF76E010E44
:10910000F86E0900F5C4FEF60900F5C4FFF6EE0E90
:10911000F66ED60EF76E010EF86E01EEF2F110EE5D
:1091200005F00900F5C4EEF4E550E150FAE1660EF1
:10913000F66ED60EF76E010EF86E01EE58F110EED7
:1091400008F00900F5C4EEF4E550E150FAE102EE52
:1091500000F3B40EEE6AE806FDE102EE00F2880EBE
:10916000EE6AE806FDE102EE00F110EE00F1EE6AB3
:10917000E550E150FCE1E250FAE102EE00F0B50EFC
:10918000EE6AE806FDE101EE00F3EA0EEE6AE8069B
:10919000FDE101EEE2F21C0EEE6AE806FDE101EEF1
:1091A000D3F11F0EEE6AE806FDE101EE41F1170E64
:1091B000EE6AE806FDE10401080E5D6F000E5E6FC9
:1091C000000E5F6F00016CEFE7F07EECEBF0000E3D
:1091D000486E000E476E000E08019C6F000E9B6FDC
:1091E000000E936F000E946F000E956F000E966F39
:1091F000000E976F000E986F000E996F000E9A6F19
:10920000000E466E000E456E000E756F000E746FF8
:10921000000E6C6F000E6D6F000E6E6F000E6F6FA4
:10922000000E706F000E716F000E726F000E736F84
:10923000000E0701A76F000EA66F000EA56F000EAF
:10924000A46F050E78ECD7F0010E86ECE8F0020E64
:1092500086ECE8F0000E486E000E476E000E466E7B
:10926000000E456E090E0601226F1E0E216FE40EE0
:10927000E82EFED7212FFCD7222FFAD70000010EAF
:1092800072ECE8F0020E72ECE8F0010E0501F26FEC
:10929000000E0601246F000E236FB0ECE9F0000908
:1092A000D8B455EFC9F057EFC9F04DEFC9F0B50E7E
:1092B00006012325D96E080E2421DA6EDF5042EC18
:1092C000E3F0BBECE9F00009D8B469EFC9F06BEF4B
:1092D000C9F061EFC9F00601234B242B24BF7AEFBC
:1092E000C9F0245109E1090E235DD8A07AEFC9F035
:1092F0007CEFC9F04DEFC9F01200000E0601206F9F
:10930000570E1F6FE80E216F080E226F000E246F9C
:10931000020E236F3FECE1F00009D8B492EFC9F0E0
:1093200094EFC9F07DEFC9F0000E0601206F570ED3
:109330001F6FF10E216F050E226F000E246F010EBC
:10934000236F6CECE1F00009D8B4A9EFC9F0ABEFE2
:10935000C9F094EFC9F0680E0601266FE40EE82EFE
:10936000FED7262FFCD70000F1C5F0F5680E0601E8
:10937000266FE40EE82EFED7262FFCD70000C00E85
:109380000501F019D8A4C7EFC9F0C9EFC9F0CBEFB8
:10939000C9F00BEFCAF0000E0601206F570E1F6FC9
:1093A000D80E216F0A0E226F000E246F130E236F4A
:1093B0003FECE1F00009D8B4E0EFC9F0E2EFC9F00A
:1093C000CBEFC9F0680E0601266FE40EE82EFED73B
:1093D000262FFCD70000000E0601206F570E1F6FCE
:1093E000E80E216F080E226F000E246F030E236F0C
:1093F0006CECE1F00009D8B400EFCAF002EFCAF05B
:10940000EBEFC9F02A0E0601266F8D0EE82EFED76F
:10941000262FFCD700D0D00E0601266FC90EE82EED
:10942000FED7262FFCD700D0120007011551D8B463
:109430001CEFCAF01EEFCAF06CEFCAF0134B142BEE
:109440007E4B7F2BB90E7E5D0B0E7F59D8A02BEF84
:10945000CAF02DEFCAF035EFCAF0000E8D6F010E85
:109460008C6F000E7F6F000E7E6F600E135DEA0E34
:109470001459D8A03EEFCAF040EFCAF06CEFCAF022
:10948000114B122B010EBB6F125109E13C0E115D05
:10949000D8A04DEFCAF04FEFCAF068EFCAF00F4BFB
:1094A000102B000E1D6F010E1C6F500E0F5DC30EB2
:1094B0001059D8A05EEFCAF060EFCAF064EFCAF0AE
:1094C000C30E106F500E0F6F000E106F000E0F6F57
:1094D000000E146F000E136F0651D8B472EFCAF06D
:1094E00074EFCAF0ABEFCAF0044B052B600E045DBD
:1094F000EA0E0559D8A07FEFCAF081EFCAF0ABEFB2
:10950000CAF0024B032B035109E13C0E025DD8A0C7
:109510008CEFCAF08EEFCAF0A7EFCAF0004B012B18
:10952000000E0E6F010E0D6F500E005DC30E01593F
:10953000D8A09DEFCAF09FEFCAF0A3EFCAF0C30E08
:10954000016F500E006F000E016F000E006F000ED5
:10955000056F000E046F1200060122512311D8B4CA
:10956000B4EFCAF0B6EFCAF00BEFCBF0235107E12E
:10957000050E225DD8B0BFEFCAF0C1EFCAF00BEF05
:10958000CBF0030E22192311D8A4C9EFCAF0CBEFF8
:10959000CAF0DBEFCAF0FC0E1E6F060E1F6F22C66C
:1095A00020F623C621F6FDECEAF01EC622F61FC601
:1095B00023F63BEFCBF0246BFC0E1E6F060E1F6FE5
:1095C00022C620F623C621F6FDECEAF006011E5164
:1095D0001F11D8B4EEEFCAF0F0EFCAF006EFCBF0EF
:1095E000FA0E1E6F060E1F6F22C620F623C621F646
:1095F000FDECEAF006011E511F11D8B402EFCBF0CA
:1096000004EFCBF006EFCBF0010E246F24C622F658
:10961000236B3BEFCBF0050E22192311D8A413EFD7
:10962000CBF015EFCBF02FEFCBF0FC0E1E6F060E3C
:109630001F6F22C620F623C621F6FDECEAF00601D4
:109640001E511F11D8B427EFCBF02AEFCBF0010E3B
:109650002BEFCBF0000E226F236B3BEFCBF0060E0F
:1096600022192311D8A437EFCBF039EFCBF03BEF21
:10967000CBF0CBEFCAF01200C80E06012F6F000E20
:10968000306F000E316F000E326F27512D6F26C6DE
:109690002EF667EFCBF006012F5130113111321148
:1096A000D8A455EFCBF057EFCBF059EFCBF0CBEF81
:1096B000CBF02F07000E305B315B325B150E0601DD
:1096C0002B6FC60EE82EFED72B2FFCD70000000E06
:1096D0000601206F530E1F6F2D0E216F060E226F95
:1096E000000E246F020E236F3FECE1F00009D8B4A6
:1096F0007CEFCBF07EEFCBF04BEFCBF0C80E06014A
:109700002F6F000E306F000E316F000E326FA5EF1D
:10971000CBF006012F51301131113211D8A493EF43
:10972000CBF095EFCBF097EFCBF0CBEFCBF02F0753
:10973000000E305B315B325B150E06012B6FC60EDF
:10974000E82EFED72B2FFCD70000000E0601206F5D
:10975000530E1F6F28C621F629C622F6020E2A25AF
:10976000236F246B000E24236CECE1F00009D8B4C5
:10977000BCEFCBF0BEEFCBF089EFCBF0090E0601CA
:109780002C6F1E0E2B6FE40EE82EFED72B2FFCD76E
:109790002C2FFAD70000120068C51EF569C51FF509
:1097A0006AC520F56BC521F517ECD2F01E501F10CD
:1097B000D8A4DDEFCBF0DFEFCBF0E9EFCBF06CC559
:1097C00068F56DC569F56EC56AF56FC56BF55BEF3C
:1097D000CCF06CC51EF56DC51FF56EC520F56FC5C7
:1097E00021F517ECD2F01E501F10D8A4FAEFCBF0E1
:1097F000FCEFCBF006EFCCF068C568F569C569F5FC
:109800006AC56AF56BC56BF55BEFCCF068C51EF5F4
:1098100069C51FF56AC520F56BC521F51AECE3F0A3
:109820001EC52CF51FC52DF56CC51EF56DC51FF5A4
:109830006EC520F56FC521F51AECE3F01E502C180B
:1098400009E11F502D18D8B428EFCCF02AEFCCF046
:109850003FEFCCF068C51EF569C51FF56AC520F558
:109860006BC521F51AECE3F01E501F10D8A43BEF96
:10987000CCF03DEFCCF0FCEFCBF0DFEFCBF068C5E8
:1098800060F569C561F56AC562F56BC563F56CC5C0
:1098900064F56DC565F56EC566F56FC567F50FECCA
:1098A000D0F00501D8A057EFCCF059EFCCF0FCEF89
:1098B000CBF0DFEFCBF0120070C51EF571C51FF5C0
:1098C00072C520F573C521F517ECD2F01E501F109C
:1098D000D8A46DEFCCF06FEFCCF079EFCCF074C57D
:1098E00070F575C571F576C572F577C573F5EBEF53
:1098F000CCF074C51EF575C51FF576C520F577C586
:1099000021F517ECD2F01E501F10D8A48AEFCCF02E
:109910008CEFCCF096EFCCF070C570F571C571F599
:1099200072C572F573C573F5EBEFCCF070C51EF51B
:1099300071C51FF572C520F573C521F51AECE3F06A
:109940001EC52EF51FC52FF574C51EF575C51FF56F
:1099500076C520F577C521F51AECE3F01E502E18D8
:1099600009E11F502F18D8B4B8EFCCF0BAEFCCF003
:10997000CFEFCCF070C51EF571C51FF572C520F58F
:1099800073C521F51AECE3F01E501F10D8A4CBEFDD
:10999000CCF0CDEFCCF06FEFCCF08CEFCCF070C50D
:1099A00060F571C561F572C562F573C563F574C57F
:1099B00064F575C565F576C566F577C567F50FEC91
:1099C000D0F00501D8A0E7EFCCF0E9EFCCF06FEFD5
:1099D000CCF08CEFCCF01200E90E0601D46FFF0E34
:1099E000D56FE9C5D6F6D76BDDC5D8F6DEC5D9F695
:1099F000DBC5DAF6DCC5DBF6E1ECE7F0AB0E060121
:109A0000D46FFF0ED56F26C7D6F627C7D7F628C75F
:109A1000D8F629C7D9F6040E5FECB7F066C6DAF6B9
:109A200067C6DBF668C6DCF669C6DDF6ACC7DEF6EF
:109A3000ADC7DFF600EC80F088C6E0F689C6E1F637
:109A4000E1ECE7F0000E0601386F000E396FC80E2A
:109A50003A6F420E3B6FF3C534F6F4C535F6F5C5E3
:109A600036F6F6C537F671ECABF034C64DF635C6B2
:109A70004EF636C64FF637C650F60601F751266F3A
:109A8000276B286B296B010E82ECC1F026C651F6BC
:109A900027C652F628C653F629C654F66AECA3F038
:109AA0004DC6F9F74EC6FAF74FC6FBF750C6FCF79E
:109AB000C40E0601D46FFF0ED56FF9C7D6F6FAC7EC
:109AC000D7F6FBC7D8F6FCC7D9F6000E5FECB7F0A7
:109AD00066C6DAF667C6DBF668C6DCF669C6DDF68A
:109AE00098C7DEF699C7DFF6E1ECE7F01200FA0E50
:109AF0000601246F030E256F000E266F26ECE4F09E
:109B00000601336FFB0E246F030E256F000E266FC8
:109B100026ECE4F00601346FFC0E246F030E256F73
:109B2000000E266F26ECE4F00601356FFD0E246F63
:109B3000030E256F000E266F26ECE4F00601366F4B
:109B40005A0E3319D8A4A7EFCDF0A9EFCDF0C4EF8A
:109B5000CDF0A50E3419D8A4B0EFCDF0B2EFCDF012
:109B6000C4EFCDF0C30E3519D8A4B9EFCDF0BBEFDB
:109B7000CDF0C4EFCDF03C0E3619D8B4C2EFCDF025
:109B8000C4EFCDF0C7EFCDF0000E00EFCEF0FE0E2B
:109B9000246F030E256F000E266F26ECE4F00601FD
:109BA000316FFF0E246F030E256F000E266F26EC1B
:109BB000E4F00601326F325131C62BF62C6B2BC606
:109BC0002CF62B6B2B112D6F2C512E6F330E1E6F1D
:109BD000060E1F6F040E206FA0ECE2F01EC62FF6DB
:109BE0001FC630F606012F512D1907E130512E19ED
:109BF000D8A4FDEFCDF0FFEFCDF0C4EFCDF0010E16
:109C00001200060180358135876F8751D8A40BEF8C
:109C1000CEF00DEFCEF017EFCEF0000E7E6F000EFF
:109C20007F6F000E806F000E816F84EFCEF07EC6D6
:109C300082F67FC683F680C684F681C685F6200E3E
:109C400027EFCEF0D8908533843383338233E82EE8
:109C500022EFCEF08251866F808FFF0E7E17FF0EAF
:109C60007F17FF0E8017000E8117960E875F87BF44
:109C70003EEFCEF03CEFCEF054EFCEF08751800AAD
:109C8000970FD8B046EFCEF048EFCEF04AEFCEF0C7
:109C90000DEFCEF0D890813380337F337E33873F12
:109CA0004AEFCEF06CEFCEF01F0E87655AEFCEF084
:109CB0005CEFCEF064EFCEF00DEFCEF0D8907E37B3
:109CC0007F378037813787078751D8A46AEFCEF076
:109CD0006CEFCEF05EEFCEF08651D8B472EFCEF0DE
:109CE00074EFCEF07CEFCEF0811F801F7F1F7E6D62
:109CF000000E7F23802381237EC67EF67FC67FF6FB
:109D000080C680F681C681F6120005017A357B3562
:109D1000356E3550D8A48FEFCEF091EFCEF09BEF9B
:109D2000CEF0000E786F000E796F000E7A6F000E85
:109D30007B6F08EFCFF078C530F579C531F57AC57E
:109D400032F57BC533F5200EABEFCEF0D890333231
:109D5000323231323032E82EA6EFCEF03050346E4F
:109D60007A8FFF0E7817FF0E7917FF0E7A17000E05
:109D70007B17960E355E35BEC2EFCEF0C0EFCEF04B
:109D8000D8EFCEF03550800A970FD8B0CAEFCEF09A
:109D9000CCEFCEF0CEEFCEF091EFCEF0D8907B337B
:109DA0007A3379337833353ECEEFCEF0F0EFCEF024
:109DB0001F0E3564DEEFCEF0E0EFCEF0E8EFCEF030
:109DC00091EFCEF0D890783779377A377B373506F0
:109DD0003550D8A4EEEFCEF0F0EFCEF0E2EFCEF0BB
:109DE0003450D8B4F6EFCEF0F8EFCEF000EFCFF06D
:109DF0007B1F7A1F791F786D000E79237A237B23CE
:109E000078C578F579C579F57AC57AF57BC57BF59E
:109E100012001EC6D9F41FC6DAF4060110EE04F0D3
:109E20001E51E1261F51E222DE50E65CDE50E6586C
:109E3000DE50E658DE50E658D8A021EFCFF023EFF1
:109E4000CFF04BEFCFF01EC6D9F41FC6DAF4DEC454
:109E500022F6DEC423F6DEC424F6DEC425F620EEA8
:109E600004F01E51D9261F51DA22DEC426F6DEC4C4
:109E700027F6DEC428F6DEC429F62251265D1E6FC1
:109E8000235127591F6F24512859206F25512959D3
:109E9000216F8BEFCFF020EE04F01E51D9261F5119
:109EA000DA22DEC422F6DEC423F6DEC424F6DEC4E3
:109EB00025F61EC6D9F41FC6DAF4DEC426F6DEC4C3
:109EC00027F6DEC428F6DEC429F620EE08F01E517F
:109ED000D9261F51DA22DEC42AF6DEC42BF6DEC4F0
:109EE0002CF6DEC42DF626512A5D2E6F27512B59F4
:109EF0002F6F28512C59306F29512D59316F225114
:109F00002E251E6F23512F211F6F24513021206FCA
:109F100025513121216F1200000E060166156E6F6A
:109F2000000E67156F6F800E6815706F7F0E6915D4
:109F3000716F6E516F1170117111D8A4A2EFCFF033
:109F4000A4EFCFF0ACEFCFF0000E666F000E676F9E
:109F5000000E686F000E696F000E6A156E6F000EBE
:109F60006B156F6F800E6C15706F7F0E6D15716FB6
:109F70006E516F1170117111D8A4C1EFCFF0C3EF02
:109F8000CFF0CBEFCFF0000E6A6F000E6B6F000EBC
:109F90006C6F000E6D6F69AFD0EFCFF0D2EFCFF0E6
:109FA000DBEFCFF0666D671FD8B0672B681FD8B0A6
:109FB000682B800E69576DAFE0EFCFF0E2EFCFF086
:109FC000EBEFCFF06A6D6B1FD8B06B2B6C1FD8B066
:109FD0006C2B800E6D57000E661B000E671B000E6B
:109FE000681B800E691B000E6A1B000E6B1B000EA7
:109FF0006C1B800E6D1B6A51665D6B5167596C510D
:10A0000068596D516959D8B008EFD0F00AEFD0F017
:10A010000DEFD0F0D8900EEFD0F0D8801200000EE7
:10A0200005016015266E000E6115276E800E621503
:10A03000286E7F0E6315296E2650271028102910D0
:10A04000D8A425EFD0F027EFD0F02FEFD0F0000EFE
:10A05000606F000E616F000E626F000E636F000E86
:10A060006415266E000E6515276E800E6615286E27
:10A070007F0E6715296E2650271028102910D8A4A6
:10A0800044EFD0F046EFD0F04EEFD0F0000E646F0A
:10A09000000E656F000E666F000E676F63AF53EFC3
:10A0A000D0F055EFD0F05EEFD0F0606D611FD8B00A
:10A0B000612B621FD8B0622B800E635767AF63EFCE
:10A0C000D0F065EFD0F06EEFD0F0646D651FD8B0C2
:10A0D000652B661FD8B0662B800E6757000E601B7D
:10A0E000000E611B000E621B800E631B000E641BC2
:10A0F000000E651B000E661B800E671B6451605DC1
:10A10000655161596651625967516359D8B08BEFF7
:10A11000D0F08DEFD0F090EFD0F0D89091EFD0F05C
:10A12000D880120000C6D9F401C6DAF4060110EE98
:10A1300004F00051E1260151E222DE50E65CDE50DF
:10A14000E658DE50E658DE50E658D8A0AAEFD0F028
:10A15000ACEFD0F0D4EFD0F000C6D9F401C6DAF4F9
:10A16000DEC404F6DEC405F6DEC406F6DEC407F679
:10A1700020EE04F00051D9260151DA22DEC408F69F
:10A18000DEC409F6DEC40AF6DEC40BF60451085D2F
:10A19000006F05510959016F06510A59026F0751A5
:10A1A0000B59036F14EFD1F020EE04F00051D926C3
:10A1B0000151DA22DEC404F6DEC405F6DEC406F67A
:10A1C000DEC407F600C6D9F401C6DAF4DEC408F628
:10A1D000DEC409F6DEC40AF6DEC40BF620EE08F093
:10A1E0000051D9260151DA22DEC40CF6DEC40DF688
:10A1F000DEC40EF6DEC40FF608510C5D106F095177
:10A200000D59116F0A510E59126F0B510F59136FDF
:10A2100004511025006F05511121016F06511221C3
:10A22000026F07511321036F120015ECEBF01CECC9
:10A23000D7F0090E0601386F1E0E376FE40EE82EB8
:10A24000FED7372FFCD7382FFAD7000077ECCDF0A8
:10A25000E806D8A42EEFD1F030EFD1F096EFD1F090
:10A26000C386050E0601386F0F0E376FF10EE82E0C
:10A27000FED7372FFCD7382FFAD7FA0E0601246FF6
:10A28000030E256F000E266F26ECE4F00801AF6F79
:10A29000FB0E0601246F030E256F000E266F26ECC1
:10A2A000E4F00801B06FFC0E0601246F030E256F69
:10A2B000000E266F26ECE4F00801B16FFD0E0601DA
:10A2C000246F030E256F000E266F26ECE4F00801C4
:10A2D000B26FFE0E0601246F030E256F000E266F6F
:10A2E00026ECE4F00801B36FFF0E0601246F030EA5
:10A2F000256F000E266F26ECE4F00801B46FAF0E58
:10A300000601206F080E216F060E226FB1ECDEF001
:10A31000090E0601386F1E0E376FE40EE82EFED7C9
:10A32000372FFCD7382FFAD70000FF0012001EC7C6
:10A3300028F61FC729F620C72AF621C72BF61EC606
:10A3400028F61FC629F620C62AF621C62BF628C6EF
:10A3500022F629C623F62AC624F62BC625F6180EA1
:10A36000B8EFD1F00601D8902533243323332233BC
:10A37000E82EB2EFD1F02251266F276B265127111C
:10A38000D8A4C5EFD1F0C7EFD1F0E7EFD1F0D89066
:10A390002835226F2935236F2A35246F2B35256FF9
:10A3A0002251231124112511D8A4D9EFD1F0DBEFCC
:10A3B000D1F0E1EFD1F0000E1F6F020E1E6F16EF0D
:10A3C000D2F0000E1F6F030E1E6F16EFD2F026297B
:10A3D0002711D8A4EEEFD1F0F0EFD1F012EFD2F0C8
:10A3E00028C622F629C623F62AC624F62BC625F649
:10A3F000090ED8902237233724372537E82EF9EF76
:10A40000D1F02251231124112511D8B40AEFD2F032
:10A410000DEFD2F0010E0EEFD2F0000E1E6F1F6B8B
:10A4200016EFD2F0000E1F6F040E1E6F12001EC733
:10A4300028F51FC729F520C72AF521C72BF51EC50A
:10A4400028F51FC529F520C52AF521C52BF528C5F6
:10A4500022F529C523F52AC524F52BC525F5180EA7
:10A4600037EFD2F0D8902532243223322232E82E30
:10A4700032EFD2F02250266E276A26502710D8A439
:10A4800044EFD2F046EFD2F066EFD2F0D890283405
:10A49000226E2934236E2A34246E2B34256E2250EA
:10A4A000231024102510D8A458EFD2F05AEFD2F080
:10A4B00060EFD2F0000E1F6E020E1E6E95EFD2F00E
:10A4C000000E1F6E030E1E6E95EFD2F02628271089
:10A4D000D8A46DEFD2F06FEFD2F091EFD2F028C593
:10A4E00022F529C523F52AC524F52BC525F5090E26
:10A4F000D8902236233624362536E82E78EFD2F04F
:10A500002250231024102510D8B489EFD2F08CEFFC
:10A51000D2F0010E8DEFD2F0000E1E6E1F6A95EF85
:10A52000D2F0000E1F6E040E1E6E1200060120EE09
:10A5300004F00951D9260A51DA22DEC40CF6DEC431
:10A540000DF6DEC40EF6DEC40FF6010E0C25006F0C
:10A55000000E0D21016F000E0E21026F000E0F2163
:10A56000036F20EE08F00951D9260A51DA22DEC421
:10A5700004F6DEC405F6DEC406F6DEC407F682EC99
:10A58000DCF000C610F601C611F602C612F603C6CC
:10A5900013F609C6D9F40AC6DAF406011051DE181A
:10A5A0000DE11151DE180AE11251DE1807E11351D5
:10A5B000DE18D8A4DEEFD2F0E0EFD2F0E3EFD2F075
:10A5C000020E0EEFD3F020EE04F00951D9260A5105
:10A5D000DA22DEC40CF6DDC40DF620EE0CF00951D3
:10A5E000D9260A51DA22DEC40EF6DDC40FF60C516C
:10A5F0000E25D96E0D510F21DA6E0BC6DFF420EE59
:10A6000004F00951D9260A51DA2210C6DEF411C627
:10A61000DEF412C6DEF413C6DEF4000E12000601EC
:10A6200020EE04F02751D9262851DA2227C6E1F47A
:10A6300028C6E2F4DE50E6180DE1DE50E6180AE125
:10A64000DE50E61807E1DE50E618D8A42AEFD3F072
:10A650002CEFD3F02FEFD3F0030E83EFD3F027C608
:10A66000D9F428C6DAF4DEC42BF6DDC42CF620EECD
:10A670000CF02751D9262851DA22DEC42DF6DDC48C
:10A680002EF62B512D25D96E2C512E21DA6E29C68E
:10A69000E1F42AC6E2F4DFC4E7F4010E27C6D9F4D8
:10A6A00028C6DAF4DEC42BF6DEC42CF6DEC42DF6A2
:10A6B000DEC42EF62B251E6F000E2C211F6F000E00
:10A6C0002D21206F000E2E21216F20EE08F0275142
:10A6D000D9262851DA22DEC422F6DEC423F6DEC4EF
:10A6E00024F6DEC425F63DECDCF027C6D9F428C6F6
:10A6F000DAF406011EC6DEF41FC6DEF420C6DEF460
:10A7000021C6DEF4000E1200C80E0601756F000EA1
:10A71000766F000E776F000E786F27512D6F26C66B
:10A720002EF6796BAAEFD3F079512825D96E000E59
:10A730002921DA6E79512B6F2C6B020E2B27000E1C
:10A740002C232D0E2B25E16E060E2C21E26EDFC48C
:10A75000E7F4792B2A51795DD8A0B1EFD3F0B3EFAC
:10A76000D3F094EFD3F0D1EFD3F006017551761109
:10A7700077117811D8A4BFEFD3F0C1EFD3F0C3EFB6
:10A78000D3F0F7EFD3F07507000E765B775B785B5D
:10A79000150E06012B6FC60EE82EFED72B2FFCD709
:10A7A0000000000E0601206F530E1F6F2D0E216F4B
:10A7B000060E226F020E2A25236F246B000E24231F
:10A7C0003FECE1F00009D8B4E8EFD3F0EAEFD3F0C2
:10A7D000B5EFD3F0090E06012C6F1E0E2B6FE40EA1
:10A7E000E82EFED72B2FFCD72C2FFAD70000120013
:10A7F000760E06014D6F080E4E6F010E4F6F9A0ECA
:10A80000506F990E516F990E526F3E0E536F6C0E32
:10A81000546F090E556F790E566F3C0E576F0A0E26
:10A82000586FD70E596F230E5A6F3C0E5B6F000E98
:10A830005C6F000E5D6F480E5E6F450E5F6F000E21
:10A84000606F000E616F000E626F000E636F000E8E
:10A85000656F000E646F9EECC5F04F0E06014D6FE4
:10A86000080E4E6F020E4F6FCD0E506FCC0E516F13
:10A870004C0E526F3F0E536F9C0E546F530E556F1C
:10A88000490E566F370E576F6F0E586F120E596F75
:10A89000830E5A6F3A0E5B6F000E5C6F000E5D6F99
:10A8A000480E5E6F450E5F6F000E606F000E616FA9
:10A8B000000E626F000E636F000E656F000E646F16
:10A8C0009EECC5F012001CC822F61DC823F61EC857
:10A8D00024F61FC825F664ECDBF022C634F623C646
:10A8E00035F624C636F625C637F6B2EFD4F0375122
:10A8F0003611351109E1650E345DD8A082EFD4F030
:10A9000084EFD4F0C9EFD4F07AECEBF0010E07013C
:10A91000BC6F73ECEAF01EC61CF81FC61DF820C6FB
:10A920001EF821C61FF8C9EFD4F037513611351182
:10A9300009E1C90E345DD8A0A0EFD4F0A2EFD4F0A5
:10A94000C9EFD4F07CECEBF00701BC6B73ECEAF0E0
:10A950001EC61CF81FC61DF820C61EF821C61FF80B
:10A96000C9EFD4F00701BC510601326F336B33518C
:10A97000000AD8B4BEEFD4F0C9EFD4F03251000AC7
:10A98000D8B477EFD4F0010AD8B495EFD4F0C9EF7A
:10A99000D4F01200000E0601266F000E256F1EC6B1
:10A9A000D9F41FC6DAF4DEC4F6F4DDC4F7F4000E01
:10A9B000F86E0800F5502A0AD8A4E1EFD4F0E3EFCE
:10A9C000D4F016EFD5F01EC6D9F41FC6DAF4DE2A8D
:10A9D000000EDD2220C6D9F421C6DAF4DFC422F647
:10A9E000020EDE26DFC423F6000EDD2222C6D9F4D5
:10A9F00023C6DAF4DEC425F6DDC426F62CEFD5F046
:10AA00000A0E2503F3C422F6F4C423F62603F350FA
:10AA1000232724512225256F000E2321266F1EC6D1
:10AA2000D9F41FC6DAF4DE2A000EDD221EC6D9F4E0
:10AA30001FC6DAF4DEC4F6F4DDC4F7F4000EF86ED7
:10AA40000800F550D00F246F090E24652AEFD5F0C9
:10AA50002CEFD5F000EFD5F025C61EF626C61FF662
:10AA60001200060124512511D8B439EFD5F03BEF7F
:10AA7000D5F044EFD5F024512511D8A442EFD5F0FC
:10AA800044EFD5F049EFD5F0225181ECE6F096EF96
:10AA9000D5F020EE09F02451D9262551DA22DE50D6
:10AAA000DE10D8B456EFD5F058EFD5F073EFD5F0EF
:10AAB00020EE09F02451D9262551DA2210EE02F0B9
:10AAC0002451E1262551E222DE50E65CE650800A60
:10AAD0002A6FDE50800A2A59D8B071EFD5F073EF93
:10AAE000D5F096EFD5F020EE02F02451D92625516D
:10AAF000DA22DEC426F6DDC427F624C6D9F425C63C
:10AB0000DAF4DEC428F6DDC429F626512825D96EEC
:10AB100027512921DA6E22C6DFF420EE02F02451FB
:10AB2000D9262551DA22DE2A000EDD221200060186
:10AB3000236B21BFA0EFD5F09EEFD5F0A6EFD5F0A7
:10AB4000206D211FD8B0212B010E236F1FBFADEF49
:10AB5000D5F0ABEFD5F0B3EFD5F01E6D1F1FD8B019
:10AB60001F2B010E231B000E256F000E246F20519A
:10AB70002111D8B4BEEFD5F0C0EFD5F0E8EFD5F095
:10AB8000010E226FC8EFD5F0D89020372137222B45
:10AB900021AFCDEFD5F0CFEFD5F0C4EFD5F0D89001
:10ABA0002437253720511E5D21511F59D8A0DBEFD6
:10ABB000D5F0DDEFD5F0E2EFD5F020511E5F215149
:10ABC0001F5B2481D89021332033222FCFEFD5F083
:10ABD0002351D8B4EEEFD5F0F0EFD5F0F4EFD5F087
:10ABE000246D251FD8B0252B24C61EF625C61FF6BA
:02ABF000120051
:10ABF400FDECE9F00009D8B402EFD6F004EFD6F08A
:10AC04000DEFD6F0030E0601EE6F0201979B9AEC4E
:10AC1400E5F058EFD6F008ECEAF00009D8B415EFE7
:10AC2400D6F017EFD6F02AEFD6F0DCECE9F0000905
:10AC3400D8B41FEFD6F021EFD6F02AEFD6F0010EEC
:10AC44000601EE6F02019799D5ECE8F058EFD6F0C3
:10AC5400E7ECE9F00009D8B432EFD6F034EFD6F0DF
:10AC640045EFD6F0DCECE9F00009D8B43CEFD6F0BF
:10AC74003EEFD6F045EFD6F0020E0601EE6F02016C
:10AC8400979926EFD6F0F2ECE9F00009D8B44DEF2D
:10AC9400D6F04FEFD6F056EFD6F0030E0601EE6F66
:10ACA4000201979D58EFD6F0020197990601EE51E3
:10ACB4001100236A21BE63EFD6F061EFD6F069EF8D
:10ACC400D6F0206C211ED8B0212A010E236E1FBE9F
:10ACD40070EFD6F06EEFD6F076EFD6F01E6C1F1E36
:10ACE400D8B01F2A010E231A000E256E000E246E02
:10ACF40020502110D8B481EFD6F083EFD6F0ABEF1B
:10AD0400D6F0010E226E8BEFD6F0D8902036213685
:10AD1400222A21AE90EFD6F092EFD6F087EFD6F04C
:10AD2400D8902436253620501E5C21501F58D8A0B8
:10AD34009EEFD6F0A0EFD6F0A5EFD6F020501E5E21
:10AD440021501F5A2480D89021322032222E92EF93
:10AD5400D6F02350D8B4B1EFD6F0B3EFD6F0B7EFB6
:10AD6400D6F0246C251ED8B0252A24C51EF525C589
:10AD74001FF51200BE6A860EBF6EC06AC16A040E59
:10AD8400C26E400EC36E0401026B060E0A6F126B94
:10AD94001A6B226B2A6BFB0EC66EA00EC76E080ED2
:10ADA400C86E020EC96E080ECA6ECB6AFB0E006F27
:10ADB400290E086F106B186B206B286B016B800ECB
:10ADC400096F116B196B216B296B03690B6913698B
:10ADD4001B69070E236F2B6904690C6914691C69CC
:10ADE4000F0E246F2C690201896B886B876B866B4D
:10ADF400190E746F130E726F230E196F1C0E0C6FE5
:10AE04001A0E096F200E136F090E716F370E0A6F39
:10AE14000A0E706F380E0B6F0401056B066B076B1F
:10AE24000D6B0E6B0F6B156B166B176B256B266B0F
:10AE3400276B1200C6C82AF6C7C82BF6C8C82CF65A
:10AE4400C9C82DF62A0E06011E6F060E1F6F040ECA
:10AE5400206FA0ECE2F01EC630F61FC631F60601E4
:10AE640031512E6F30C62FF6FA0E266F030E276F60
:10AE7400000E286F2AC629F63DECDEF0FB0E060113
:10AE8400266F030E276F000E286F2BC629F63DECA4
:10AE9400DEF0FC0E0601266F030E276F000E286FEE
:10AEA4002CC629F63DECDEF0FD0E0601266F030EDE
:10AEB400276F000E286F2DC629F63DECDEF0FE0E3E
:10AEC4000601266F030E276F000E286F2EC629F683
:10AED4003DECDEF0FF0E0601266F030E276F000E19
:10AEE400286F2FC629F63DECDEF012000601206F14
:10AEF40006012005D8A481EFD7F083EFD7F08DEFBA
:10AF0400D7F0000E1F6F000E1E6F09ECEBF084ECFF
:10AF1400EBF0D2EFD7F0020E2019D8A494EFD7F0BB
:10AF240096EFD7F0A0EFD7F0000E1F6F000E1E6F44
:10AF340003ECEBF082ECEBF0D2EFD7F0020E201929
:10AF4400D8A4A7EFD7F0A9EFD7F0ABEFD7F0D2EFA3
:10AF5400D7F0020E2019D8A4B2EFD7F0B4EFD7F08F
:10AF6400B6EFD7F0D2EFD7F0050E2019D8A4BDEF75
:10AF7400D7F0BFEFD7F0D2EFD7F0000E1F6F000E5F
:10AF84001E6F09ECEBF084ECEBF0000E06011F6F72
:10AF9400000E1E6F03ECEBF082ECEBF0D2EFD7F077
:02AFA400120099
:10AFA800FAC404F5FBC405F5B39E77A0DEEFD7F02D
:10AFB800E0EFD7F002EFD8F076A0E5EFD7F0E7EFB3
:10AFC800D7F002EFD8F07690070170517111721125
:10AFD800D8B4F1EFD7F0F3EFD7F029EFD8F002D8D3
:10AFE80000EFD8F00500FA6E7051FD6E7151FE6EDB
:10AFF8007251FF6EFA50120029EFD8F077A207EFCE
:10B00800D8F009EFD8F029EFD8F076A20EEFD8F0F3
:10B0180010EFD8F029EFD8F0769207016D516E1134
:10B028006F11D8B41AEFD8F01CEFD8F029EFD8F088
:10B0380002D829EFD8F00500FA6E6D51FD6E6E51F9
:10B04800FE6E6F51FF6EFA50120005C5FBF404C581
:10B05800FAF41100FAC408F5FBC409F5B59E86A0F8
:10B0680038EFD8F03AEFD8F05CEFD8F085A03FEF92
:10B07800D8F041EFD8F05CEFD8F085900701675120
:10B0880068116911D8B44BEFD8F04DEFD8F083EFC1
:10B09800D8F002D85AEFD8F00500FA6E6751FD6E65
:10B0A8006851FE6E6951FF6EFA50120083EFD8F0B6
:10B0B80086A261EFD8F063EFD8F083EFD8F085A2CD
:10B0C80068EFD8F06AEFD8F083EFD8F085920701DF
:10B0D800645165116611D8B474EFD8F076EFD8F0E2
:10B0E80083EFD8F002D883EFD8F00500FA6E6451E8
:10B0F800FD6E6551FE6E6651FF6EFA50120009C56D
:10B10800FBF408C5FAF411000601236B1FBF91EF89
:10B11800D8F08FEFD8F097EFD8F01E6D1F1FD8B07A
:10B128001F2B010E236F21BF9EEFD8F09CEFD8F0A4
:10B13800A2EFD8F0206D211FD8B0212B205121116A
:10B14800D8B4A9EFD8F0ABEFD8F0CFEFD8F0010E14
:10B15800226FB3EFD8F0D89020372137222B21AFB8
:10B16800B8EFD8F0BAEFD8F0AFEFD8F020511E5DA5
:10B1780021511F59D8A0C3EFD8F0C5EFD8F0C9EFB7
:10B18800D8F020511E5F21511F5BD8902133203306
:10B19800222FBAEFD8F02351D8B4D5EFD8F0D7EF93
:10B1A800D8F0DBEFD8F01E6D1F1FD8B01F2B1EC6BE
:10B1B8001EF61FC61FF61200000E06011E15266F8A
:10B1C800000E1F15276F800E2015286F7F0E211582
:10B1D800296F2651271128112911D8A4F6EFD8F084
:10B1E800F8EFD8F000EFD9F0000E1E6F000E1F6FB9
:10B1F800000E206F000E216F000E2215266F000E24
:10B208002315276F800E2415286F7F0E2515296FAB
:10B218002651271128112911D8A415EFD9F017EFB5
:10B22800D9F01FEFD9F0000E226F000E236F000E29
:10B23800246F000E256F22511E190FE123511F198B
:10B248000CE12451201909E125512119D8B42FEF17
:10B25800D9F031EFD9F034EFD9F0D89035EFD9F0F3
:10B26800D8801200166A1650080D890EF324D96E7C
:10B278000A0EF420DA6EDE50DE10D8B446EFD9F0AC
:10B2880048EFD9F082EFD9F01650080D890EF32453
:10B29800D96E0A0EF420DA6EDE06000EDD5A16505C
:10B2A800080D890EF324D96E0A0EF420DA6EDE50EA
:10B2B800DE10D8A462EFD9F064EFD9F082EFD9F0AC
:10B2C8001650080D880EF324D96E0A0EF420DA6E93
:10B2D800010EDF6E1650080D8B0EF324D96E0A0E80
:10B2E800F420DA6E1650080D890EF324E16E0A0E6A
:10B2F800F420E26EDEC4E6F4DDC4E5F4162A090E95
:10B30800166489EFD9F08BEFD9F037EFD9F0120036
:10B31800000E050160151E6E000E61151F6E800E71
:10B328006215206E7F0E6315216E1E501F102010AF
:10B338002110D8A4A2EFD9F0A4EFD9F0ACEFD9F03E
:10B34800000E606F000E616F000E626F000E636F7B
:10B35800000E64151E6E000E65151F6E800E6615B4
:10B36800206E7F0E6715216E1E501F1020102110B1
:10B37800D8A4C1EFD9F0C3EFD9F0CBEFD9F0000EC4
:10B38800646F000E656F000E666F000E676F645184
:10B3980060190FE1655161190CE16651621909E103
:10B3A80067516319D8B4DBEFD9F0DDEFD9F0E0EFDE
:10B3B800D9F0D890E1EFD9F0D8801200A290240EED
:10B3C8000801366F880E376F010E386FA2925C0E37
:10B3D800396FCC0E3A6F010E3B6F0201A26BA46B62
:10B3E800A56BA66BA76BA86BA96BAA6BB00EAB6F0E
:10B3F800800EAC6F080EAD6F820EAE6F060EAF6F8B
:10B408002E0EB06FB16B800EB26FB36B480E060193
:10B418001E6FD70E1F6F010E206F42ECE9F0440E2D
:10B4280006011E6FD70E1F6F010E206F30ECE9F07A
:10B43800400E06011E6FD70E1F6F010E206F1EEC07
:10B44800E9F0000E0801426F000E416F4F6A4E6A24
:10B45800200E4D6E0601F06B0501E46B0701B76B1A
:10B46800A2801200000E486E000E476E000E080102
:10B478009C6F000E9B6F000E936F000E946F000E72
:10B48800956F000E966F000E976F000E986F000E66
:10B49800996F000E9A6F000E0701A76F000EA66F36
:10B4A800010E78ECD7F0090E0601226F1E0E216FEF
:10B4B800E40EE82EFED7212FFCD7222FFAD7000062
:10B4C800010E86ECE8F0090E0601226F1E0E216FB0
:10B4D800E40EE82EFED7212FFCD7222FFAD7000042
:10B4E800010E72ECE8F0000E0701266F000E276FC0
:10B4F800000E286F000E296FF2ECE1F01200A69002
:10B50800080E0801306F8E0E316F010E326FA69251
:10B51800940E336FCC0E346F010E356F0201B86B89
:10B52800BA6BBC6BB00EBE6F800EBF6FC06B820E65
:10B53800C16F060EC26F2E0EC36FC46B800EC56F2F
:10B54800C66B4A0E06011E6FD70E1F6F010E206FC5
:10B558000CECE9F0460E06011E6FD70E1F6F010EA8
:10B56800206FFAECE8F0420E06011E6FD70E1F6F2F
:10B57800010E206FE8ECE8F0000E0801406F000EA5
:10B588003F6F4C6A4B6A100E4A6E0601EF6B496AB0
:10B598000501E36BA680120002019BA5D6EFDAF045
:10B5A800D8EFDAF0E3EFDAF09AA5DDEFDAF0DFEFC3
:10B5B800DAF0E3EFDAF0AEECE8F01AEFDBF09BAF8D
:10B5C800E8EFDAF0EAEFDAF006EFDBF09AAFEFEF48
:10B5D800DAF0F1EFDAF006EFDBF00601ED51D8B45E
:10B5E800F8EFDAF0FAEFDAF002EFDBF0ED6B0201D8
:10B5F8009A919A9F35ECE8F01AEFDBF0D5ECE8F079
:10B60800DFEFDAF09BA30BEFDBF00DEFDBF01AEFC7
:10B61800DBF09AA312EFDBF014EFDBF01AEFDBF0AC
:10B6280063ECEBF002019A931AEFDBF01100C3967A
:10B63800D00E0601916FC90EE82EFED7912FFCD7C8
:10B6480000D0DC0E06011E6F070E1F6F09ECCFF04D
:10B658001EC6DAF61FC6DBF620C6DCF621C6DDF606
:10B668000601DD51DC11DB1109E1110EDA5DD8A00C
:10B6780040EFDBF042EFDBF063EFDBF0010EF16F40
:10B68800920E3F6F060E406FDAC641F6DBC642F6F1
:10B69800DCC643F6DDC644F654ECE0F03FC6D6F609
:10B6A80040C6D7F641C6D8F642C6D9F6920E06016C
:10B6B800846F060E856FD6C686F6A6EC96F0120045
:10B6C80073ECEAF01EC62EF61FC62FF620C630F61B
:10B6D80021C631F6060122512E5D23512F592451DE
:10B6E800305925513159D8A07CEFDBF07EEFDBF0E3
:10B6F8008CEFDBF022512E5D226F23512F59236FDF
:10B7080024513059246F25513159256FACEFDBF0A6
:10B71800221D266F231D276F241D286F251D296FC5
:10B728002E5126252A6F2F5127212B6F3051282182
:10B738002C6F315129212D6F010E2A25226F000E01
:10B748002B21236F000E2C21246F000E2D21256F35
:10B7580012007CECEAF01EC52AF51FC52BF520C5A2
:10B768002CF521C52DF5050160512A5C61512B5836
:10B7780062512C5863512D58D8A0C5EFDBF0C7EFA4
:10B78800DBF0D5EFDBF060512A5C606F61512B581C
:10B79800616F62512C58626F63512D58636FF5EFDA
:10B7A800DBF0601D226E611D236E621D246E631D19
:10B7B800256E2A502224266E2B502320276E2C50CB
:10B7C8002420286E2D502520296E010E2624606F16
:10B7D800000E2720616F000E2820626F000E2920BE
:10B7E800636F1200D68A000ED6BE010E0601216FC5
:10B7F800D69E550E0401596FAA0E596F59915F6B69
:10B808005E6B080E5D6F550E596FAA0E596F598100
:10B81800060121B102D0D69E01D0D68E03016587DC
:10B828006589658F668166836A816A836A87AF9056
:10B83800D680320E06011E6FD70E1F6F010E206FC5
:10B84800CCECEAF0B490D682340E06011E6FD70E07
:10B858001F6F010E206FC5ECEAF0B890D684360E43
:10B8680006011E6FD70E1F6F010E206FBEECEAF0A7
:10B87800120006012251231124112511D8B447EFD3
:10B88800DCF049EFDCF079EFDCF0010E266F53EFC6
:10B89800DCF0D8902237233724372537262B25AFDD
:10B8A80058EFDCF05AEFDCF04DEFDCF022511E5D72
:10B8B80023511F592451205925512159D8A067EFE8
:10B8C800DCF069EFDCF071EFDCF022511E5F2351F0
:10B8D8001F5B2451205B2551215BD89025332433ED
:10B8E80023332233262F5AEFDCF01EC61EF61FC65E
:10B8F8001FF620C620F621C621F6120006010451C3
:10B90800051106110711D8B48CEFDCF08EEFDCF0CE
:10B91800BEEFDCF0010E086F98EFDCF0D89004372A
:10B92800053706370737082B07AF9DEFDCF09FEF89
:10B93800DCF092EFDCF00451005D0551015906512D
:10B94800025907510359D8A0ACEFDCF0AEEFDCF098
:10B95800B6EFDCF00451005F0551015B0651025B54
:10B968000751035BD8900733063305330433082F98
:10B978009FEFDCF000C600F601C601F602C602F62B
:10B9880003C603F61200000E466E000E456E000E4A
:10B998000801756F000E746F000E6C6F000E6D6FEE
:10B9A800000E6E6F000E6F6F000E706F000E716FDD
:10B9B800000E726F000E736F000E0701A56F000E68
:10B9C800A46F020E78ECD7F0090E0601226F1E0E46
:10B9D800216FE40EE82EFED7212FFCD7222FFAD7AD
:10B9E8000000020E86ECE8F0090E0601226F1E0E1A
:10B9F800216FE40EE82EFED7212FFCD7222FFAD78D
:10BA08000000020E72ECE8F012000601326F060127
:10BA180032390F0B2E6F32510F0B2F6F1E390F0B50
:10BA2800306F1E510F0B316F30510A0DF3C420F6E1
:10BA3800F4C421F62F51640DF3C422F6F4C423F69E
:10BA48002E51246F256BE80E2403F3C426F6F4C4A4
:10BA580027F62503F3502727030E2403F35027273F
:10BA680022512625286F23512721296F2051282567
:10BA78002A6F215129212B6F31512A252C6F000E55
:10BA88002B212D6F2CC61EF62DC61FF61200000E98
:10BA980006013B6F000E3C6F000E3D6F000E3E6FBF
:10BAA80073EFDDF033C627F634C628F63B5135254B
:10BAB800296F3C5136212A6F0FECD3F0030AD8A422
:10BAC80068EFDDF06AEFDDF06CEFDDF082EFDDF0BE
:10BAD800010E06013B27000E3C233D233E23375130
:10BAE8003B5D38513C5939513D593A513E59D8A0DE
:10BAF80080EFDDF082EFDDF056EFDDF03BC633F688
:10BB08003CC634F63DC635F63EC636F6120006018A
:10BB180024692569B2EFDDF01EC6D9F41FC6DAF430
:10BB2800DF502419236F1E4B1F2BFD0E2325F66EA5
:10BB3800F76AF70EF722F86A000EF8220800F550A7
:10BB48002519246FFD0E2325F66EF76AF60EF722E7
:10BB5800F86A000EF8220800F5C425F62007202907
:10BB6800D8A4B9EFDDF0BBEFDDF090EFDDF02551A3
:10BB780024C621F6226B21C622F6216B21111E6FE5
:10BB880022511F6F12000701FD6BFD51080D880E31
:10BB9800F324D96E0A0EF420DA6EDF50D8B4D7EF4A
:10BBA800DDF0D9EFDDF0F7EFDDF0FD51080D880E7F
:10BBB800F324D96E0A0EF420DA6EDF6AFD51080DFF
:10BBC8008D0EF324D96E0A0EF420DA6E02D8F7EF40
:10BBD800DDF00500FA6EDE50FD6EDE50FE6EDE50C2
:10BBE800FF6EFA5012000701FD2B090EFD65FFEFED
:10BBF800DDF001EFDEF0C9EFDDF01200000E060106
:10BC0800236F000E226F20512111D8B40EEFDEF001
:10BC180010EFDEF038EFDEF0010E246F18EFDEF0E3
:10BC2800D89020372137242B21AF1DEFDEF01FEFEE
:10BC3800DEF014EFDEF0D8902237233720511E5D56
:10BC480021511F59D8A02BEFDEF02DEFDEF032EF97
:10BC5800DEF020511E5F21511F5B2281D8902133D5
:10BC68002033242F1FEFDEF022C61EF623C61FF650
:10BC780012000601285109E1040E275DD8A047EFFC
:10BC8800DEF049EFDEF04BEFDEF077EFDEF0AA0EE4
:10BC98001F6F550E1E6F0FECEBF0000E06012625E8
:10BCA8001E6F000E27211F6F380E2821206F29C60E
:10BCB80021F6E4ECE0F0D1ECE9F00009D8A467EF54
:10BCC800DEF069EFDEF05FEFDEF072ECE9F0E80637
:10BCD800D8A471EFDEF073EFDEF075EFDEF054EC10
:10BCE800EBF051ECEBF01200060137BF80EFDEF00D
:10BCF8007EEFDEF084EFDEF0000E376F000E366F59
:10BD0800000E3A6F000E396F97EFDEF0000E236FCA
:10BD1800200E226F32C624F633C625F631ECD5F054
:10BD28000601394B3A2B3651395D3A51800A386F42
:10BD38003751800A3859D8A0A4EFDEF0A6EFDEF01C
:10BD48008AEFDEF034C62BF635C62CF632C62DF651
:10BD580033C62EF6DEECE3F012000601246BC38630
:10BD6800D00E0601236FC90EE82EFED7232FFCD76D
:10BD780000D0D4EFDEF0C6ECE9F00009D8B4C7EF84
:10BD8800DEF0C9EFDEF0D4EFDEF020C6D9F421C62C
:10BD9800DAF4DF5069ECE3F00601242B204B212B69
:10BDA80006012251245DD8A0DCEFDEF0DEEFDEF0E4
:10BDB800BFEFDEF0D00E0601236FC90EE82EFED7C6
:10BDC800232FFCD700D0C39612007E6A020E7F6E26
:10BDD800806A7F0E816E0C0E826E836A846A856A21
:10BDE800866A886A896A8A6A8B6A8C6AB59CB59EF3
:10BDF80085908592A59EA59C2A0E06011E6FD70EDA
:10BE08001F6F010E206F9BECEAF0280E06011E6FD3
:10BE1800D70E1F6F010E206F94ECEAF02C0E06016E
:10BE28001E6FD70E1F6F010E206FA2ECEAF0800E76
:10BE3800876E12006F6A020E706E716A7F0E726EE4
:10BE48000C0E736E746A756A766A776A796A7A6AAA
:10BE58007B6A7C6A7D6AB39CB39E76907692A39E39
:10BE6800A39C240E06011E6FD70E1F6F010E206FB4
:10BE7800B0ECEAF0220E06011E6FD70E1F6F010EFE
:10BE8800206FA9ECEAF0260E06011E6FD70E1F6F71
:10BE9800010E206FB7ECEAF0800E786E1200246E67
:10BEA8006AEFDFF020C51EF521C51FF52EECEBF07B
:10BEB8008EECEBF087EFDFF020C51EF521C51FF5EE
:10BEC80029ECEBF08CECEBF087EFDFF02450226EDE
:10BED800236A2350000AD8B474EFDFF087EFDFF04D
:10BEE8002250010AD8B456EFDFF0030AD8B460EF45
:10BEF800DFF0010AD8B487EFDFF0070AD8B487EF7C
:10BF0800DFF087EFDFF01200000E0601256F000E4C
:10BF1800246FB0EFDFF0B0ECE9F00009D8B497EF88
:10BF2800DFF099EFDFF08FEFDFF0060124512025D5
:10BF3800D96E25512121DA6EDF5042ECE3F0BBECDB
:10BF4800E9F00009D8B4ABEFDFF0ADEFDFF0A3EF15
:10BF5800DFF00601244B252B2251245D235125595E
:10BF6800D8A0B9EFDFF0BBEFDFF08FEFDFF0120002
:10BF7800060127512811D8B4C4EFDFF0C6EFDFF06F
:10BF8800EAEFDFF0010E296FCEEFDFF0D890273708
:10BF98002837292B28AFD3EFDFF0D5EFDFF0CAEF32
:10BFA800DFF02751255D28512659D8A0DEEFDFF0B4
:10BFB800E0EFDFF0E4EFDFF02751255F2851265B43
:10BFC800D89028332733292FD5EFDFF025C625F65B
:10BFD80026C626F612000301F39FD96BDA6BDB6BDA
:10BFE800DC6BDF6BE06BE56BE76BEC6BEE6BEF6BC1
:10BFF800D86BF06BF16BF26BF46B180EF56F100EDB
:10C00800F66FF76B030EF86F1F0EFA6F020EF96FDB
:10C01800000E0701766F000E776F000E786F000E26
:10C02800736F000E746F000E756FB86BAF949F94AA
:10C03800B090A090840E0301F36F1200003200321A
:10C048000036B601002C012C0172CB01006400649B
:10C05800001AD50100E803E80396D60100E803E8D2
:10C0680003CAD20100960096005664010064006479
:10C078000096CF0100C800C8006CC101000A000A80
:10C0880000C6A80100E803E803D8990109000000E8
:0FC0980000000000000009000000000000000090
:10C0A800A290DC0E0601336F070E346F3FC635F6DB
:10C0B80040C636F641C637F642C638F643C639F6A4
:10C0C80044C63AF64BECDDF033C645F634C646F6C0
:10C0D80035C647F636C648F6DC0E06011E6F070E53
:10C0E8001F6F09ECCFF006011E510701B76FA28040
:10C0F80045C63FF646C640F647C641F648C642F62C
:10C1080012000701804B812BC80E80198111D8A419
:10C1180090EFE0F092EFE0F096EFE0F0000E816F24
:10C12800000E806F010E3627000E3723382339237F
:10C1380079517A117B11D8A4A4EFE0F0A6EFE0F0D2
:10C14800A8EFE0F0B5EFE0F002D8B5EFE0F00500B9
:10C15800FA6E7951FD6E7A51FE6E7B51FF6EFA5080
:10C16800120012000601F905D8A4BDEFE0F0BFEFF8
:10C17800E0F0E3EFE0F00701F405D8A4C6EFE0F043
:10C18800C8EFE0F0E3EFE0F0F46BA60E0601206FD5
:10C19800080E216F000E236F090E226F88ECDFF066
:10C1A800A60E06011E6F080E1F6F000E216F000EEF
:10C1B800206F000E236F090E226FD7ECE5F01200F6
:10C1C800000ED6BE010E0601256F20C645F01EC61C
:10C1D80022F61FC623F620C624F623C622F624C656
:10C1E80023F6246B22510001446F1EC643F021C67A
:10C1F80046F04151F80B0309416FD69E000151C525
:10C2080042F05050426F4081060125B102D0D69EBF
:10C2180001D0D68EF80E000141171200040E02015B
:10C22800946F800E956F080E966F030E9C6F9A6B35
:10C238009B6B976B8D6B510E896F510E886F37EC26
:10C24800EAF002019B919B95948F050EE82EFED78C
:10C2580000000000000000000000000000000201D3
:10C268009A919A959B85000E08013C6F000E3D6FD0
:10C27800000E3E6F12000601256B9CECE7F00009EA
:10C28800D8A449EFE1F04BEFE1F069EFE1F0010EDE
:10C298000601E26F1FC6E3F620C6E4F6ED6B21C681
:10C2A800E5F622C6E6F623C6E7F624C6E8F6000E4B
:10C2B800E96F000EEA6F000EEC6F000EEB6FEE6B8D
:10C2C8003CECE5F0010E0601256F06012551120030
:10C2D8000601256B9CECE7F00009D8A476EFE1F0A5
:10C2E80078EFE1F096EFE1F0010E0601E26F1FC66C
:10C2F800E3F620C6E4F6ED6B21C6E9F622C6EAF6B7
:10C3080023C6EBF624C6ECF6000EE56F000EE66FCA
:10C31800000EE86F000EE76FEE6B20ECE8F0010E00
:10C328000601256F0601255112000601206B400EFB
:10C338002025D96EDA6A0A0EDA22700E2025E16EFF
:10C34800E26A090EE222DFC4E7F4202B270E2065FB
:10C35800B0EFE1F0B2EFE1F09BEFE1F0120E08016F
:10C36800A66F80CAA7F881CAA8F848CAA9F84ACA15
:10C37800AAF84BCAABF84CCAACF84ECAADF84FCACB
:10C38800AEF81200060121BFCCEFE1F0CEEFE1F0EC
:10C39800D8EFE1F01EC61EF61FC61FF620C620F60F
:10C3A80021C621F6F1EFE1F01EC622F61FC623F6DC
:10C3B80020C624F621C625F6221F231F241F251F69
:10C3C800222B000E23232423252322C61EF623C650
:10C3D8001FF624C620F625C621F61200000E070116
:10C3E800326F000E336F000E346F000E356F000E83
:10C3F8002E6F000E2F6F000E306F000E316F000E83
:10C4080008012C6F000E2D6F000E2E6F000E2F6F7F
:10C41800000E07012A6F000E2B6F000E2C6F000E06
:10C428002D6FE80EEA6F030EEB6F000EEC6F000E37
:10C43800ED6F1200060120EE0CF01E51D9261F5197
:10C44800DA2220C6DEF421C6DDF420EE08F01E5103
:10C45800D9261F51DA2222C6DEF423C6DEF424C60A
:10C46800DEF425C6DEF41EC6D9F41FC6DAF4DE6A89
:10C47800DE6ADE6ADD6A20EE04F01E51D9261F51FD
:10C48800DA22DE6ADE6ADE6ADD6A1200CEC6D2F61B
:10C49800CFC6D3F65FEFE2F0CCC6BDF6CDC6BEF68A
:10C4A800D20E0601BF6F060EC06FD0C6C1F6D1C648
:10C4B800C2F6AFECB0F0D2C6F6F4D3C6F7F4000E6D
:10C4C800F86E0800F5500009D8A46DEFE2F06FEFA0
:10C4D800E2F050EFE2F0000E0601CD6F000ECC6FD7
:10C4E800120006012A6F2AC61EF606011F6B000EEF
:10C4F800216F0A0E206F97ECD5F01EC628F61FC6CE
:10C5080029F60601283B293BF00E291728510F0B65
:10C518002913F00E28172AC61EF61F6B000E216F6E
:10C528000A0E206F88ECD8F006011E512811266FDC
:10C538001F512911276F1200000E0601226F000EED
:10C54800236F000E246F000E256F266BBBEFE2F001
:10C5580026511E25D96E000E1F21DA6EDF50216F7D
:10C5680021512227000E232324232523262B205163
:10C57800265DD8A0C2EFE2F0C4EFE2F0ACEFE2F043
:10C5880022C61EF623C61FF6120020C626F621C6AE
:10C5980027F61EC624F61FC625F6E3EFE2F026C6E8
:10C5A800D9F427C6DAF4DF50286F264B272B24C688
:10C5B800D9F425C6DAF428C6DFF4244B252B060166
:10C5C8002207D8A02307222906E12329D8A4EFEFC0
:10C5D800E2F0F1EFE2F0D3EFE2F01200FAC41CF55A
:10C5E800FBC41DF5D5C519F5D6C51AF56EECE4F0F2
:10C5F8000801F151F211F311D8B405EFE3F007EF98
:10C60800E3F014EFE3F002D814EFE3F00500FA6E5C
:10C61800F151FD6EF251FE6EF351FF6EFA501200A9
:10C62800B1981DC5FBF41CC5FAF4110014C826F511
:10C6380015C827F516C828F517C829F51EC526F503
:10C648001FC527F520C528F521C529F526C522F5DA
:10C6580027C523F528C524F529C525F5200E3AEF69
:10C66800E3F0D8902532243223322232E82E35EFF7
:10C67800E3F022C51EF523C51FF5120006011F6F42
:10C68800A6B249EFE3F04BEFE3F04FEFE3F01FC63C
:10C69800B6F267EFE3F04A50D8B455EFE3F057EF3E
:10C6A800E3F067EFE3F0000E4C24D96EDA6A080E67
:10C6B800DA221FC6DFF44C280F0B06011E6F1EC6B8
:10C6C8004CF5A6924A06A682120006011F6FA2B276
:10C6D80070EFE3F072EFE3F076EFE3F01FC6A3F23A
:10C6E8008EEFE3F04D50D8B47CEFE3F07EEFE3F04B
:10C6F8008EEFE3F0200E4F24D96EDA6A0A0EDA22A2
:10C708001FC6DFF44F281F0B06011E6F1EC64FF50C
:10C71800A2924D06A282120003011E911F6B206B8C
:10C72800030E216F050E1D6FFE0E1C6F1D510601B5
:10C738001E6F03011C510501D56F1EC6D6F53C0EB0
:10C748000801F16FD70EF26F010EF36F000EEE6F56
:10C75800000EEF6F000EF06FB198A188B19A050E28
:10C7680003011E6F12007DECC9F0000E0601276F51
:10C77800000E266F400E286F0A0E296F460E2A6F8C
:10C788003CECCBF0400E0601346F0A0E356F03EC1B
:10C79800AFF0D00E06013A6FC90EE82EFED73A2F39
:10C7A800FCD700D0400E06011E6F0A0E1F6F99ECD1
:10C7B800E1F01200000E0601316F000E306FF1EF4C
:10C7C800E3F02FC622F6236B2DC624F62EC625F6D7
:10C7D80031ECD5F00601304B312B30512B25D96E79
:10C7E80031512C21DA6EDF502F6F2F51D8A4FFEF73
:10C7F800E3F001EFE4F0E5EFE3F01200000E0601CC
:10C808007A1B000E7B1B000E7C1B800E7D1B76C6E0
:10C8180066F677C667F678C668F679C669F67AC6A0
:10C828006AF67BC66BF67CC66CF67DC66DF676EC52
:10C838009CF066C676F667C677F668C678F669C667
:10C8480079F612000601265109E1040E255DD8A0EB
:10C8580030EFE4F032EFE4F035EFE4F0000E49EFAA
:10C86800E4F0000E2425276F000E2521286F380ECE
:10C878002621296F27C61EF628C61FF629C620F6C8
:10C8880084ECE7F006012A6F2A511200000E050118
:10C898006C1B000E6D1B000E6E1B800E6F1B68C597
:10C8A80060F569C561F56AC562F56BC563F56CC568
:10C8B80064F56DC565F56EC566F56FC567F5D2ECAF
:10C8C8009EF060C568F561C569F562C56AF563C51E
:10C8D8006BF5120003011EA574EFE4F076EFE4F0A7
:10C8E8008CEFE4F01EB17BEFE4F07EEFE4F0010E94
:10C8F8007FEFE4F0000E1B6E1A501D6F19C51CF374
:10C908001BB002D01E9102D003011E8190EFE4F00B
:0AC918001A501D6F19C51CF3120020
:10C92400FAC406F5FBC407F5B39C07016A516B1101
:10C934006C11D8B4A0EFE4F0A2EFE4F0AFEFE4F0B0
:10C9440002D8AFEFE4F00500FA6E6A51FD6E6B5148
:10C95400FE6E6C51FF6EFA50120007C5FBF406C55B
:10C96400FAF41100FAC40AF5FBC40BF5B59C0701EF
:10C97400615162116311D8B4C2EFE4F0C4EFE4F082
:10C98400D1EFE4F002D8D1EFE4F00500FA6E615182
:10C99400FD6E6251FE6E6351FF6EFA5012000BC5BC
:10C9A400FBF40AC5FAF41100FAC412F5FBC413F53A
:10C9B4000801F751F811F911D8B4E3EFE4F0E5EF09
:10C9C400E4F0F2EFE4F002D8F2EFE4F00500FA6EDE
:10C9D400F751FD6EF851FE6EF951FF6EFA501200D8
:10C9E400B19E13C5FBF412C5FAF41100FAC417F58D
:10C9F400FBC418F50801F451F511F611D8B405EF8C
:10CA0400E5F007EFE5F014EFE5F002D814EFE5F0F8
:10CA14000500FA6EF451FD6EF551FE6EF651FF6E8F
:10CA2400FA501200B19618C5FBF417C5FAF41100B8
:10CA3400FAC4D1F5FBC4D2F50801EB51EC11ED11A8
:10CA4400D8B427EFE5F029EFE5F036EFE5F002D8AA
:10CA540036EFE5F00500FA6EEB51FD6EEC51FE6E1B
:10CA6400ED51FF6EFA501200B996D2C5FBF4D1C550
:10CA7400FAF411000601E751E811D8B444EFE5F0E7
:10CA840046EFE5F054EFE5F0E7511AECEBF0060160
:10CA9400ED51D8B450EFE5F052EFE5F054EFE5F086
:10CAA40057ECEBF00601E351E3251FECEBF05AECF5
:10CAB400EBF012001EC622F61FC623F620C6F6F4BB
:10CAC40021C6F7F40601204B212B000EF86E22C676
:10CAD400D9F423C6DAF4224B232B0800F5C4DFF47F
:10CAE400DF50D8A478EFE5F07AEFE5F060EFE5F0F9
:10CAF400120041ECEAF0BCECD6F0EFECDFF0C2EC53
:10CB0400E8F090ECE3F00BECE8F0F6ECE7F037EC4F
:10CB1400EBF012ECE1F04EECEBF01EECDFF0E9ECA4
:10CB2400DEF0E2ECD9F083ECDAF0F6ECDBF01200A4
:10CB340069ECEBF024ECEBF085ECEAF047ECEBF07D
:10CB44000201949F69ECEAF002019B919B95948FFA
:10CB5400050EE82EFED700000000000000000000D3
:10CB64000000000002019A919A959B851200CFAEB5
:10CB7400BEEFE5F0C0EFE5F0C4EFE5F0D6ECB4F0BD
:10CB8400D6EFE5F0CFBEC9EFE5F0CBEFE5F0D6EF99
:10CB9400E5F0010E0601F96F640EF86FF8C6F5F6BC
:10CBA400640EF76FF7C6F4F612001EC624F61FC60D
:10CBB40025F6E5EFE5F024C6D9F425C6DAF420C657
:10CBC400DFF4244B252B06012207D8A023072229B2
:10CBD40006E12329D8A4F1EFE5F0F3EFE5F0DDEF6A
:10CBE400E5F0120006011E511F1120112111D8B4C5
:10CBF400FEEFE5F000EFE6F008EFE6F0000E1E1B96
:10CC0400000E1F1B000E201B800E211B1EC61EF6CD
:10CC14001FC61FF620C620F621C621F61200060103
:10CC2400226F22C6ECF30301F39DF381F3B11DEFF0
:10CC3400E6F01FEFE6F018EFE6F0EB510601216F86
:10CC4400206B0301EA51060120251E6F0301000E2B
:10CC5400060121211F6F1200200E4D6034EFE6F013
:10CC640036EFE6F048EFE6F0200E4E24D96EDA6A8D
:10CC74000A0EDA22DF500201A36F4E281F0B0601B1
:10CC8400186F18C64EF54D2A49EFE6F0A29212002D
:10CC9400100E4A6050EFE6F052EFE6F064EFE6F073
:10CCA400000E4B24D96EDA6A080EDA22DF50020134
:10CCB400B66F4B280F0B06011D6F1DC64BF54A2A94
:10CCC40065EFE6F0A69212000010000000001122A9
:10CCD400330000D24300404C445AA5C33C01000138
:10CCE40000010000FC000000000000000000100033
:10CCF4000000001122334552524F520000C0060179
:10CD0400216FC3862A0E0601206F8D0EE82EFED7F2
:10CD1400202FFCD700D0C6ECE9F00009D8B495EF79
:10CD2400E6F097EFE6F08DEFE6F00601215169ECAD
:10CD3400E3F01200060125BFA2EFE6F0A4EFE6F04F
:10CD4400AAEFE6F024C624F625C625F6B6EFE6F0EB
:10CD540024C626F625C627F6261F271F264B272B73
:10CD640026C624F627C625F612000601F751D8A4D4
:10CD7400BEEFE6F0C0EFE6F0D1EFE6F00701A25116
:10CD8400A311D8A4C8EFE6F0CAEFE6F0D1EFE6F0BD
:10CD9400C7ECDCF0000E07019F6F010E9E6F1200BE
:10CDA4000601F851D8A4D9EFE6F0DBEFE6F0ECEF9A
:10CDB400E6F00701A251A311D8A4E3EFE6F0E5EFF2
:10CDC400E6F0ECEFE6F036ECDAF0000E0701A16FC6
:10CDD400010EA06F12005DECEBF055ECEAF054ECA0
:10CDE400E9F05FECEAF04BECEAF09AECE8F0F8ECEE
:10CDF400D3F0B7ECE3F06C0E06011E6FB20E1F6F9A
:10CE0400010E206FE8ECEAF0120018C822F519C8E8
:10CE140023F51AC824F51BC825F51EC522F51FC520
:10CE240023F520C524F521C525F5259E22C51EF52B
:10CE340023C51FF524C520F525C521F512000701DA
:10CE44005E515F116011D8B42AEFE7F02CEFE7F0E0
:10CE540039EFE7F002D839EFE7F00500FA6E5E51DA
:10CE6400FD6E5F51FE6E6051FF6EFA5012001200AB
:10CE740007015B515C115D11D8B443EFE7F045EF56
:10CE8400E7F052EFE7F002D852EFE7F00500FA6E50
:10CE94005B51FD6E5C51FE6E5D51FF6EFA501200E7
:10CEA40012000701585159115A11D8B45CEFE7F038
:10CEB4005EEFE7F06BEFE7F002D86BEFE7F0050009
:10CEC400FA6E5851FD6E5951FE6E5A51FF6EFA506A
:10CED400120012007BECE5F0D68ED68CEDECE6F079
:10CEE400110E0701FF6F3C0EFE6FCB0EE82EFED72E
:10CEF400FE2FFCD7FF2FFAD7C7ECDDF07EEFE7F06B
:10CF040081EF00F020C645F01EC621F61FC622F6AA
:10CF140020C623F622C621F623C622F60601236B79
:10CF240021510001446F1EC643F0F80E41174081A1
:10CF340046511200010E06011E6FE251D8A4A5EF5E
:10CF4400E7F0A7EFE7F0B1EFE7F0020198AFADEF3C
:10CF5400E7F0AFEFE7F0B1EFE7F006011E6B060173
:10CF64001E511200226E22C5ECF30301F39DF381DE
:10CF7400F3B1BFEFE7F0C1EFE7F0BAEFE7F0EB5141
:10CF8400216E206AEA5120241E6E000E21201F6E9D
:10CF9400120027ECB6F0DA0E0601D46FFF0ED56F3F
:10CFA40022C7D6F623C7D7F624C8D8F625C8D9F69B
:10CFB40026C8DAF627C8DBF6E1ECE7F01200D60E55
:10CFC4000701F76F060EF86F000E0601CC6F000E16
:10CFD400CD6FD4C6CEF6D5C6CFF6F70ED06F070EFA
:10CFE400D16F4AECE2F01200010E0301326F316B93
:10CFF400336B1F0E2F6F2E6B3E0E0801EB6FD70E97
:10D00400EC6F010EED6FB996A986DF0E0301306F48
:10D014001200010E0301266F256B276B1F0E236F71
:10D02400226B3A0E0801F46FD70EF56F010EF66FFE
:10D03400B196A186DF0E0301246F12000601EB51A5
:10D04400EC11D8B428EFE8F02AEFE8F02DEFE8F07F
:10D05400EB511AECEBF0D8800601E3351FECEBF052
:10D064005AECEBF012000601EB51EC11D8B43DEF91
:10D07400E8F03FEFE8F042EFE8F0EB513FECEBF083
:10D08400D8800601E3353BECEBF060ECEBF01200EA
:10D0940006011E6F06011EA152EFE8F054EFE8F0FE
:10D0A40055EFE8F0C38A1EA35AEFE8F05CEFE8F00E
:10D0B4005DEFE8F0C082120006011E6F06011EA19A
:10D0C40066EFE8F068EFE8F069EFE8F0C2941EA3B9
:10D0D4006EEFE8F070EFE8F071EFE8F0C39C120037
:10D0E40006011E6F06011EA17AEFE8F07CEFE8F05E
:10D0F4007DEFE8F0C39A1EA382EFE8F084EFE8F036
:10D1040085EFE8F0C092120006011E6F06011EA111
:10D114008EEFE8F090EFE8F091EFE8F0C2841EA300
:10D1240096EFE8F098EFE8F099EFE8F0C38C12007E
:10D13400DC0E06011E6F070E1F6F000E206F0B0E14
:10D14400216F640E226F000E236F000E246F000EF9
:10D15400256F1EECE2F012000601E26B000EE46F94
:10D16400E369000EE56F000EE66F000EE96F000E36
:10D17400EA6F69ECEBF024ECEBF047ECEBF0120017
:10D184003D0E0301196F186B570E1B6F380E080103
:10D19400F76FD70EF86F010EF96FB19EA18E810E55
:10D1A40003011A6F120063ECEBF066ECEBF000097C
:10D1B400D8B4DFEFE8F0E1EFE8F0E7EFE8F0000ED5
:10D1C4003FECEBF0000E43ECEBF0120006011E51B5
:10D1D4001F112011D8B4F1EFE8F0F3EFE8F0F9EF04
:10D1E400E8F01EC640F71FC641F720C642F71200FA
:10D1F40006011E511F112011D8B403EFE9F005EF09
:10D20400E9F00BEFE9F01EC643F71FC644F720C64A
:10D2140045F7120006011E511F112011D8B415EF55
:10D22400E9F017EFE9F01DEFE9F01EC646F71FC657
:10D2340047F720C648F7120006011E511F1120119E
:10D24400D8B427EFE9F029EFE9F02FEFE9F01EC693
:10D254004FF71FC650F720C651F7120006011E51A2
:10D264001F112011D8B439EFE9F03BEFE9F041EF99
:10D27400E9F01EC652F71FC653F720C654F7120032
:10D2840006011E511F112011D8B44BEFE9F04DEFE8
:10D29400E9F053EFE9F01EC655F71FC656F720C64E
:10D2A40057F7120093ECC0F0AAECBAF0010E070194
:10D2B400156F2A0E06011E6F940E1F6F010E206F4C
:10D2C400DAECEAF0120007018C058D11D8A46DEF99
:10D2D400E9F06FEFE9F071EFE9F082ECB3F01200DE
:10D2E400000141AF78EFE9F07AEFE9F07DEFE9F082
:0AD2F400010E7EEFE9F0000E1200BB
:10D30000FAC40CF5FBC40DF5AF9021ECE7F00DC5A8
:10D31000FBF40CC5FAF41100FAC40EF5FBC40FF5CA
:10D32000B4903AECE7F00FC5FBF40EC5FAF4110027
:10D33000FAC410F5FBC411F5B89053ECE7F011C531
:10D34000FBF410C5FAF41100FAC416F6FBC417F684
:10D3500012ECC4F0B29017C6FBF416C6FAF4110032
:10D360004A50D8A4B6EFE9F0B9EFE9F0010EBAEFF0
:10D37000E9F0000E12000201C5BFC1EFE9F0C4EFF1
:10D38000E9F0010EC5EFE9F0000E12004D50D8A4EF
:10D39000CCEFE9F0CFEFE9F0010ED0EFE9F0000EAD
:10D3A0001200000140B1D7EFE9F0DAEFE9F0010E29
:10D3B000DBEFE9F0000E1200020195BBE2EFE9F0AD
:10D3C000E5EFE9F0010EE6EFE9F0000E12000201D0
:10D3D00098B7EDEFE9F0F0EFE9F0010EF1EFE9F0C9
:10D3E000000E1200020197BDF8EFE9F0FBEFE9F043
:10D3F000010EFCEFE9F0000E1200020197BB03EFF3
:10D40000EAF006EFEAF0010E07EFEAF0000E120074
:10D41000020198A70EEFEAF011EFEAF0010E12EF09
:06D42000EAF0000E12000C
:10D428006CECEBF0E9C6D9F4EAC6DAF4DF6E060173
:06D43800E94BEA2B110094
:10D44000E5C6D9F4E6C6DAF40601E54BE62BDF5073
:06D4500043ECEBF01100BB
:10D45800FAC41BF6FBC41CF604ECC7F01CC6FBF4AC
:10D468001BC6FAF41100A584A586A580A582020131
:10D478009B859B839B8F97811200600E0001AD6F87
:10D48800AF6BB36B080EB16FB06BAC6B12000A0ECA
:10D4980006011E6FC10E1F6F010E206FD3ECEAF05C
:10D4A8001200A80E06011E6F8C0E1F6F010E206F52
:10D4B800E1ECEAF01200BC0E06011E6F840E1F6F2D
:10D4C800010E206FEFECEAF01200A584A586A58076
:10D4D800A58202019B859B839B8F9781120036C78B
:10D4E8001EF637C71FF638C720F639C721F61200CF
:10D4F80036C71EF537C71FF538C720F539C721F5D8
:10D508001200A594A596A590A59202019B6B976B16
:10D518001200AEECC7F0D2ECE6F0B7ECE6F0120081
:10D528001EC664F71FC665F720C666F712001EC63A
:10D5380067F71FC668F720C669F712001EC661F7AD
:10D548001FC662F720C663F712001EC66DF71FC616
:10D558006EF720C66FF712001EC670F71FC671F768
:10D5680020C672F712001EC66AF71FC66BF720C6E0
:10D578006CF712001EC658F71FC659F720C65AF78F
:10D5880012001EC65BF71FC65CF720C65DF71200C7
:10D598001EC65EF71FC65FF720C660F712001EC6DC
:10D5A800F4F81FC6F5F820C6F6F812001EC6F1F802
:10D5B8001FC6F2F820C6F3F812001EC6F7F81FC6F9
:10D5C800F8F820C6F9F812001EC679F71FC67AF7D0
:10D5D80020C67BF712001EC6EBF81FC6ECF820C663
:10D5E800EDF81200E803000001000100010001024B
:01D5F8000131
:10D5FA00000E06011F6F010E1E6F12001EC689F46F
:10D60A0006011F518A6E12001EC67AF406011F51C6
:10D61A007B6E120006011F51506E1EC651F5120094
:10D62A000601F96BE5ECC8F0120006011E6F1EC672
:10D63A008DF2120006011E6F1EC68FF21200020141
:10D64A00979B979D979912001EC589F41F508A6E61
:10D65A0012001EC57AF41F507B6E120001010101EF
:10D66A0000204B45C30E0301D76F1200016E01C59E
:10D67A008FF21200026E02C58DF21200036E03C50C
:10D68A008CF212000201996B9985120082ECA9F0C2
:10D69A00120054ECEBF01200506A516A12000001B9
:10D6AA00419F12000201948D12000201948B120014
:10D6BA0086ECEBF012000201948B12000201949D99
:10D6CA00120002018D51120002019A6B120002012E
:04D6DA008B5112005E
:06D6E0002EECE6F0110043
:0BD6E8004AECE6F011000100806044F5
:10D6F400C3901200C3801200C39E1200C38E120096
:10D704008784120078841200C3961200AF9411002B
:10D71400B090110087841200788412000101120075
:0AD7240012001200120012001200A1
:10D73000110012001200120012001200120012005A
:0CD7400012001200120012001200120071
:020000040030CA
:080000008FFFEFFF9FFFFFFFE0
:01000900FFF7
:00000001FF
