:0430000081EF18F054
:10300800E43AE43AE43AE43A400CE43A400CE43A6C
:10301800163AE43ADE3AE43AE43AE43AE43AE43A8C
:10302800DF3A400C400C400CE43AE43AE43AE43A23
:10303800E43AE43AE43AC437C436E43AE43AB33713
:10304800493AD43AE43AE43A400C400CE43AE43AD7
:10305800E43AE43AE43A400CE43AE43A91377F310E
:103068001C3AE43AE43AE43AE43AE43AE43AE43A30
:10307800F539FC3922332131400CE43AA237AC311E
:10308800E43AE43AE43AE43AE43AE43AE43AE43A48
:10309800E43AE43AE43AE43A400CE43A400C400CAE
:1030A800223AE43AE43AE43AE43AE43AE43AE43AEA
:1030B800E43AE43AE43A1237E43AE43AE43AE43AED
:1030C800E43AE43AE43AE43AE43AE43AE43AE43A08
:1030D800E43AE43AE43AE43AE43AE43AE43AE43AF8
:1030E800400CE43AE43AE43A400C400C400C400C02
:1030F800E43AE43AE43AE43AFF00DAEF57F0000041
:10310800C0C101C30302C2C60607C705C5C404CCB3
:103118000C0DCD0FCFCE0E0ACACB0BC90908C8D8E3
:103128001819D91BDBDA1A1EDEDF1FDD1D1CDC14A3
:10313800D4D515D71716D6D21213D311D1D010F073
:103148003031F133F3F23236F6F737F53534F43CF3
:10315800FCFD3DFF3F3EFEFA3A3BFB39F9F83828C3
:10316800E8E929EB2B2AEAEE2E2FEF2DEDEC2CE4E3
:103178002425E527E7E62622E2E323E12120E0A053
:103188006061A163A3A26266A6A767A56564A46C33
:10319800ACAD6DAF6F6EAEAA6A6BAB69A9A8687863
:1031A800B8B979BB7B7ABABE7E7FBF7DBDBC7CB423
:1031B8007475B577B7B67672B2B373B17170B05033
:1031C8009091519353529296565797559594549C73
:1031D8005C5D9D5F9F9E5E5A9A9B5B995958988843
:1031E8004849894B8B8A4A4E8E8F4F8D4D4C8C4463
:1031F80084854587474686824243834181804000D3
:10320800C1814001C0804101C0804100C1814001AD
:10321800C0804100C1814000C1814001C08041019E
:10322800C0804100C1814000C1814001C08041008F
:10323800C1814001C0804101C0804100C18140017D
:10324800C0804100C1814000C1814001C08041006F
:10325800C1814001C0804101C0804100C18140005E
:10326800C1814001C0804101C0804100C18140014D
:10327800C0804100C1814000C1814001C08041013E
:10328800C0804100C1814000C1814001C08041002F
:10329800C1814001C0804101C0804100C18140001E
:1032A800C1814001C0804101C0804100C18140010D
:1032B800C0804100C1814000C1814001C0804100FF
:1032C800C1814001C0804101C0804100C1814001ED
:1032D800C0804100C1814000C1814001C0804101DE
:1032E800C0804100C1814000C1814001C0804100CF
:1032F800C1814001C0804101C0804100C1814000BE
:10330800C0C101C30302C2C60607C705C5C404CCB1
:103318000C0DCD0FCFCE0E0ACACB0BC90908C8D8E1
:103328001819D91BDBDA1A1EDEDF1FDD1D1CDC14A1
:10333800D4D515D71716D6D21213D311D1D010F071
:103348003031F133F3F23236F6F737F53534F43CF1
:10335800FCFD3DFF3F3EFEFA3A3BFB39F9F83828C1
:10336800E8E929EB2B2AEAEE2E2FEF2DEDEC2CE4E1
:103378002425E527E7E62622E2E323E12120E0A051
:103388006061A163A3A26266A6A767A56564A46C31
:10339800ACAD6DAF6F6EAEAA6A6BAB69A9A8687861
:1033A800B8B979BB7B7ABABE7E7FBF7DBDBC7CB421
:1033B8007475B577B7B67672B2B373B17170B05031
:1033C8009091519353529296565797559594549C71
:1033D8005C5D9D5F9F9E5E5A9A9B5B995958988841
:1033E8004849894B8B8A4A4E8E8F4F8D4D4C8C4461
:1033F80084854587474686824243834181804000D1
:10340800C1814001C0804101C0804100C1814001AB
:10341800C0804100C1814000C1814001C08041019C
:10342800C0804100C1814000C1814001C08041008D
:10343800C1814001C0804101C0804100C18140017B
:10344800C0804100C1814000C1814001C08041006D
:10345800C1814001C0804101C0804100C18140005C
:10346800C1814001C0804101C0804100C18140014B
:10347800C0804100C1814000C1814001C08041013C
:10348800C0804100C1814000C1814001C08041002D
:10349800C1814001C0804101C0804100C18140001C
:1034A800C1814001C0804101C0804100C18140010B
:1034B800C0804100C1814000C1814001C0804100FD
:1034C800C1814001C0804101C0804100C1814001EB
:1034D800C0804100C1814000C1814001C0804101DC
:1034E800C0804100C1814000C1814001C0804100CD
:1034F800C1814001C0804101C0804100C1814000BC
:10350800C0C101C30302C2C60607C705C5C404CCAF
:103518000C0DCD0FCFCE0E0ACACB0BC90908C8D8DF
:103528001819D91BDBDA1A1EDEDF1FDD1D1CDC149F
:10353800D4D515D71716D6D21213D311D1D010F06F
:103548003031F133F3F23236F6F737F53534F43CEF
:10355800FCFD3DFF3F3EFEFA3A3BFB39F9F83828BF
:10356800E8E929EB2B2AEAEE2E2FEF2DEDEC2CE4DF
:103578002425E527E7E62622E2E323E12120E0A04F
:103588006061A163A3A26266A6A767A56564A46C2F
:10359800ACAD6DAF6F6EAEAA6A6BAB69A9A868785F
:1035A800B8B979BB7B7ABABE7E7FBF7DBDBC7CB41F
:1035B8007475B577B7B67672B2B373B17170B0502F
:1035C8009091519353529296565797559594549C6F
:1035D8005C5D9D5F9F9E5E5A9A9B5B99595898883F
:1035E8004849894B8B8A4A4E8E8F4F8D4D4C8C445F
:1035F80084854587474686824243834181804000CF
:10360800C1814001C0804101C0804100C1814001A9
:10361800C0804100C1814000C1814001C08041019A
:10362800C0804100C1814000C1814001C08041008B
:10363800C1814001C0804101C0804100C181400179
:10364800C0804100C1814000C1814001C08041006B
:10365800C1814001C0804101C0804100C18140005A
:10366800C1814001C0804101C0804100C181400149
:10367800C0804100C1814000C1814001C08041013A
:10368800C0804100C1814000C1814001C08041002B
:10369800C1814001C0804101C0804100C18140001A
:1036A800C1814001C0804101C0804100C181400109
:1036B800C0804100C1814000C1814001C0804100FB
:1036C800C1814001C0804101C0804100C1814001E9
:1036D800C0804100C1814000C1814001C0804101DA
:1036E800C0804100C1814000C1814001C0804100CB
:1036F800C1814001C0804101C0804100C1814000BA
:10370800C0C101C30302C2C60607C705C5C404CCAD
:103718000C0DCD0FCFCE0E0ACACB0BC90908C8D8DD
:103728001819D91BDBDA1A1EDEDF1FDD1D1CDC149D
:10373800D4D515D71716D6D21213D311D1D010F06D
:103748003031F133F3F23236F6F737F53534F43CED
:10375800FCFD3DFF3F3EFEFA3A3BFB39F9F83828BD
:10376800E8E929EB2B2AEAEE2E2FEF2DEDEC2CE4DD
:103778002425E527E7E62622E2E323E12120E0A04D
:103788006061A163A3A26266A6A767A56564A46C2D
:10379800ACAD6DAF6F6EAEAA6A6BAB69A9A868785D
:1037A800B8B979BB7B7ABABE7E7FBF7DBDBC7CB41D
:1037B8007475B577B7B67672B2B373B17170B0502D
:1037C8009091519353529296565797559594549C6D
:1037D8005C5D9D5F9F9E5E5A9A9B5B99595898883D
:1037E8004849894B8B8A4A4E8E8F4F8D4D4C8C445D
:1037F80084854587474686824243834181804000CD
:10380800C1814001C0804101C0804100C1814001A7
:10381800C0804100C1814000C1814001C080410198
:10382800C0804100C1814000C1814001C080410089
:10383800C1814001C0804101C0804100C181400177
:10384800C0804100C1814000C1814001C080410069
:10385800C1814001C0804101C0804100C181400058
:10386800C1814001C0804101C0804100C181400147
:10387800C0804100C1814000C1814001C080410138
:10388800C0804100C1814000C1814001C080410029
:10389800C1814001C0804101C0804100C181400018
:1038A800C1814001C0804101C0804100C181400107
:1038B800C0804100C1814000C1814001C0804100F9
:1038C800C1814001C0804101C0804100C1814001E7
:1038D800C0804100C1814000C1814001C0804101D8
:1038E800C0804100C1814000C1814001C0804100C9
:1038F800C1814001C0804101C0804100C1814000B8
:10390800C0C101C30302C2C60607C705C5C404CCAB
:103918000C0DCD0FCFCE0E0ACACB0BC90908C8D8DB
:103928001819D91BDBDA1A1EDEDF1FDD1D1CDC149B
:10393800D4D515D71716D6D21213D311D1D010F06B
:103948003031F133F3F23236F6F737F53534F43CEB
:10395800FCFD3DFF3F3EFEFA3A3BFB39F9F83828BB
:10396800E8E929EB2B2AEAEE2E2FEF2DEDEC2CE4DB
:103978002425E527E7E62622E2E323E12120E0A04B
:103988006061A163A3A26266A6A767A56564A46C2B
:10399800ACAD6DAF6F6EAEAA6A6BAB69A9A868785B
:1039A800B8B979BB7B7ABABE7E7FBF7DBDBC7CB41B
:1039B8007475B577B7B67672B2B373B17170B0502B
:1039C8009091519353529296565797559594549C6B
:1039D8005C5D9D5F9F9E5E5A9A9B5B99595898883B
:1039E8004849894B8B8A4A4E8E8F4F8D4D4C8C445B
:1039F80084854587474686824243834181804000CB
:103A0800C1814001C0804101C0804100C1814001A5
:103A1800C0804100C1814000C1814001C080410196
:103A2800C0804100C1814000C1814001C080410087
:103A3800C1814001C0804101C0804100C181400175
:103A4800C0804100C1814000C1814001C080410067
:103A5800C1814001C0804101C0804100C181400056
:103A6800C1814001C0804101C0804100C181400145
:103A7800C0804100C1814000C1814001C080410136
:103A8800C0804100C1814000C1814001C080410027
:103A9800C1814001C0804101C0804100C181400016
:103AA800C1814001C0804101C0804100C181400105
:103AB800C0804100C1814000C1814001C0804100F7
:103AC800C1814001C0804101C0804100C1814001E5
:103AD800C0804100C1814000C1814001C0804101D6
:103AE800C0804100C1814000C1814001C0804100C7
:103AF800C1814001C0804101C0804100C1814000B6
:103B0800C0C101C30302C2C60607C705C5C404CCA9
:103B18000C0DCD0FCFCE0E0ACACB0BC90908C8D8D9
:103B28001819D91BDBDA1A1EDEDF1FDD1D1CDC1499
:103B3800D4D515D71716D6D21213D311D1D010F069
:103B48003031F133F3F23236F6F737F53534F43CE9
:103B5800FCFD3DFF3F3EFEFA3A3BFB39F9F83828B9
:103B6800E8E929EB2B2AEAEE2E2FEF2DEDEC2CE4D9
:103B78002425E527E7E62622E2E323E12120E0A049
:103B88006061A163A3A26266A6A767A56564A46C29
:103B9800ACAD6DAF6F6EAEAA6A6BAB69A9A8687859
:103BA800B8B979BB7B7ABABE7E7FBF7DBDBC7CB419
:103BB8007475B577B7B67672B2B373B17170B05029
:103BC8009091519353529296565797559594549C69
:103BD8005C5D9D5F9F9E5E5A9A9B5B995958988839
:103BE8004849894B8B8A4A4E8E8F4F8D4D4C8C4459
:103BF80084854587474686824243834181804000C9
:103C0800C1814001C0804101C0804100C1814001A3
:103C1800C0804100C1814000C1814001C080410194
:103C2800C0804100C1814000C1814001C080410085
:103C3800C1814001C0804101C0804100C181400173
:103C4800C0804100C1814000C1814001C080410065
:103C5800C1814001C0804101C0804100C181400054
:103C6800C1814001C0804101C0804100C181400143
:103C7800C0804100C1814000C1814001C080410134
:103C8800C0804100C1814000C1814001C080410025
:103C9800C1814001C0804101C0804100C181400014
:103CA800C1814001C0804101C0804100C181400103
:103CB800C0804100C1814000C1814001C0804100F5
:103CC800C1814001C0804101C0804100C1814001E3
:103CD800C0804100C1814000C1814001C0804101D4
:103CE800C0804100C1814000C1814001C0804100C5
:103CF800C1814001C0804101C0804100C1814012A2
:103D0800CA0000000034E300AEDB000000003EE81B
:103D1800000000000000000000000000000000009B
:103D2800000000000000000000000000000000008B
:103D3800000000000026E70000000002E700DEE6C1
:103D480000BAE6000000006ADA0000000018D80097
:103D580070D8000000000000000000005EE40000D1
:103D68000000000000269E783EEEE9913E13CECC7E
:103D78003EAAAA2A3FD1F717378071313F2D2D2D42
:103D88002D2D2D2D2D2D2D2D2D2D2D2D2D2D2D2D5B
:103D98002D2D2D2D2D2D2D2D2D2D2D2D2D2D2D2D4B
:103DA8002D0A0A004348317C493A252E32667C5652
:103DB8003A252E32667C503A252E32667C50574D75
:103DC8003A25647C0A0D004348327C493A252E3254
:103DD800667C563A252E32667C503A252E32667C11
:103DE80050574D3A25647C0A0D00B5B1C7B0D4CB05
:103DF800D0D03A202575D0A1CAB12575B7D6D6D36B
:103E08002575C3EB0A0053503A252E32667C4C6563
:103E180076313A25647C4C6576323A25647C0A0D05
:103E28000050726F73746174653A25647C0A0D00E2
:103E380050726F746570793A25647C0A0D00546578
:103E48006D703A252E32667C0A0D0056696E3A2549
:103E5800647C0A0D002530325800696E66006E6178
:053E68006E00200000C7
:103E6E000601526B2AC653F62BC654F62CC655F6CF
:103E7E002DC656F656BF48EF1FF046EF1FF05CEF0B
:103E8E001FF0010E526F53C664F554C665F555C644
:103E9E0066F556C667F564EC70F064C553F665C5F5
:103EAE0054F666C555F667C556F6000E0601586FF0
:103EBE00000E576FD7C646F6D8C647F65251D8B43D
:103ECE006BEF1FF06DEF1FF081EF1FF05251D8A472
:103EDE0073EF1FF075EF1FF07BEF1FF0000E386FC2
:103EEE002B0E376F7FEF1FF0000E386F2D0E376FD2
:103EFE0037C652F653C664F554C665F555C666F513
:103F0E0056C667F514EC5BF0050164056511D8A47F
:103F1E0093EF1FF095EF1FF0CCEF1FF006015251FB
:103F2E00D8B49CEF1FF09EEF1FF0A7EF1FF052C604
:103F3E0083F94607D8A04707000E586F010E576F3A
:103F4E00830E57250501646F090E060158210501E0
:103F5E00656F620E666F3E0E676FEAEC6FF00601DC
:103F6E00FD0E4627FF0E472328C678F529C679F59C
:103F7E00830E05017A6F090E7B6F46C67CF547C628
:103F8E007DF5B6EC64F096EF24F053C664F554C696
:103F9E0065F555C666F556C667F514EC5BF005017A
:103FAE0064516511D8A4DEEF1FF0E0EF1FF003EFB0
:103FBE0020F006015251D8B4E7EF1FF0E9EF1FF0E1
:103FCE00F2EF1FF052C683F94607D8A04707000E3E
:103FDE00586F010E576F830E57250501646F090E3A
:103FEE00060158210501656F660E666F3E0E676FFE
:103FFE00EAEC6FF0B6EF1FF0000E0601596F000EDF
:10400E005A6F800E5B6F3F0E5C6F000E416F000E9D
:10401E00406F53C664F554C665F555C666F556C66B
:10402E0067F5000E0501686F000E696F000E6A6F6E
:10403E00000E6B6F0AEC64F00501D8B029EF20F08A
:10404E002BEF20F025EF21F038EF20F042C659F685
:10405E0043C65AF644C65BF645C65CF60601404BAF
:10406E00412B59C6A7F55AC6A8F55BC6A9F55CC67D
:10407E00AAF5000E0501AB6F000EAC6F200EAD6FF2
:10408E00410EAE6F0AEC36F0A7C542F6A8C543F650
:10409E00A9C544F6AAC545F606014251535D050170
:1040AE00646F0601435154590501656F0601445171
:1040BE0055590501666F0601455156590501676F41
:1040CE00E0EC6BF0050167BF78EF20F067516611E9
:1040DE00651109E1020E645DD8A078EF20F07AEF49
:1040EE0020F02DEF20F042C60CF643C60DF644C666
:1040FE000EF645C60FF653C610F654C611F655C643
:10410E0012F656C613F66CEC54F00601D8A092EFD8
:10411E0020F094EF20F02DEF20F05951535D050162
:10412E00646F06015A5154590501656F06015B51C2
:10413E0055590501666F06015C5156590501676FA9
:10414E00E0EC6BF0050167BFBAEF20F06751661126
:10415E00651107E1020E645DD8B0B8EF20F0BAEF3A
:10416E0020F00BEF21F059C653F65AC654F65BC633
:10417E0055F65CC656F625EF21F059C6C0F55AC65F
:10418E00C1F55BC6C2F55CC6C3F5000E0501C46F72
:10419E00000EC56F200EC66F410EC76FF7EC3BF0D9
:1041AE00C0C559F6C1C55AF6C2C55BF6C3C55CF6A5
:1041BE0006014007D8A041075951535D0501646FB0
:1041CE0006015A5154590501656F06015B51555947
:1041DE000501666F06015C5156590501676FE0ECEB
:1041EE006BF0050167BF09EF21F06751661165118C
:1041FE0007E1020E645DD8B007EF21F009EF21F060
:10420E000BEF21F0BAEF20F053C60CF654C60DF6A4
:10421E0055C60EF656C60FF659C610F65AC611F604
:10422E005BC612F65CC613F66CEC54F00601D8A011
:10423E0023EF21F025EF21F0C4EF20F02EC63AF641
:10424E003AC63BF60601DABF2FEF21F031EF21F02F
:10425E0037EF21F0D9C633F6DAC634F63BEF21F04C
:10426E00000E346F060E336F33C63EF634C63FF67D
:10427E003E4B3F2B660E3B19D8A448EF21F04AEF78
:10428E0021F06AEF21F041BF51EF21F04FEF21F005
:10429E005DEF21F0000E596F000E5A6F800E5B6FAE
:1042AE003F0E5C6F000E416F000E406F670E3A19A5
:1042BE00D8B464EF21F066EF21F06AEF21F040519F
:1042CE003E2741513F23000E516F000E506F53C6D3
:1042DE0048F654C649F655C64AF656C64BF659C662
:1042EE0042F65AC643F65BC644F65CC645F6FCEF8C
:1042FE0021F048C6C0F549C6C1F54AC6C2F54BC63F
:10430E00C3F559C6C4F55AC6C5F55BC6C6F55CC637
:10431E00C7F5F7EC3BF0C0C5D9F5C1C5DAF5C2C596
:10432E00DBF5C3C5DCF592EC44F0D9C54CF6DAC525
:10433E004DF6DBC54EF6DCC54FF64CC624F64DC623
:10434E0025F64EC626F64FC627F668EC58F024C65C
:10435E003CF625C63DF648C600F649C601F64AC6E5
:10436E0002F64BC603F64CC6ABF54DC6ACF54EC6C3
:10437E00ADF54FC6AEF559C6A7F55AC6A8F55BC63C
:10438E00A9F55CC6AAF50AEC36F0A7C504F6A8C5D1
:10439E0005F6A9C506F6AAC507F693EC6EF000C69B
:1043AE0048F601C649F602C64AF603C64BF659C68A
:1043BE00C0F55AC6C1F55BC6C2F55CC6C3F5000EA4
:1043CE000501C46F000EC56F200EC66F410EC76F7C
:1043DE00F7EC3BF0C0C559F6C1C55AF6C2C55BF63F
:1043EE00C3C55CF60601504B512B3E51505D5151E9
:1043FE00800A2F6F3F51800A2F59D8A009EF22F063
:10440E000BEF22F080EF21F059C6A7F55AC6A8F59A
:10441E005BC6A9F55CC6AAF5000E0501AB6F000ED2
:10442E00AC6FA00EAD6F400EAE6F0AEC36F0A7C5A6
:10443E004CF6A8C54DF6A9C54EF6AAC54FF648C608
:10444E000CF649C60DF64AC60EF64BC60FF64CC60E
:10445E0010F64DC611F64EC612F64FC613F66CEC9C
:10446E0054F00601D8B03EEF22F040EF22F04AEFB2
:10447E0022F0000E4C6F000E4D6F000E4E6F000EB0
:10448E004F6F74EF22F048C664F549C665F54AC60B
:10449E0066F54BC667F54CC668F54DC669F54EC652
:1044AE006AF54FC66BF50AEC64F00501D8A062EF11
:1044BE0022F064EF22F074EF22F006013CB16AEFB5
:1044CE0022F06CEF22F074EF22F0000E4C6F000E13
:1044DE004D6F000E4E6F000E4F6F53C6D9F554C67A
:1044EE00DAF555C6DBF556C6DCF54CC6DDF54DC620
:1044FE00DEF54EC6DFF54FC6E0F5FCEC2CF0D9C567
:10450E0048F6DAC549F6DBC54AF6DCC54BF648C6B1
:10451E000CF649C60DF64AC60EF64BC60FF6000E41
:10452E000501AB6F000EAC6F200EAD6F410EAE6F7E
:10453E0042C6A7F543C6A8F544C6A9F545C6AAF5D1
:10454E000AEC36F0A7C510F6A8C511F6A9C512F6E5
:10455E00AAC513F66CEC54F00601D8A0B9EF22F000
:10456E00BBEF22F0E4EF22F0404B412B42C6A7F501
:10457E0043C6A8F544C6A9F545C6AAF5000E050121
:10458E00AB6F000EAC6F200EAD6F410EAE6F0AEC2E
:10459E0036F0A7C542F6A8C543F6A9C544F6AAC586
:1045AE0045F6660E06013B19D8A4E0EF22F0E2EFC5
:1045BE0022F0E4EF22F03E4B3F2B42C659F643C6A3
:1045CE005AF644C65BF645C65CF640C631F641C6A1
:1045DE0032F6396B000E366F000E356F000E516FCE
:1045EE00000E506FE1EF23F048C6C0F549C6C1F585
:1045FE004AC6C2F54BC6C3F559C6C4F55AC6C5F56B
:10460E005BC6C6F55CC6C7F5F7EC3BF0C0C5D9F581
:10461E00C1C5DAF5C2C5DBF5C3C5DCF592EC44F0D5
:10462E00D9C54CF6DAC54DF6DBC54EF6DCC54FF6F0
:10463E004CC624F64DC625F64EC626F64FC627F6B0
:10464E0068EC58F0060125BF38EF23F0255107E13D
:10465E000A0E245DD8B036EF23F038EF23F048EF82
:10466E0023F04CC624F64DC625F64EC626F64FC68A
:10467E0027F668EC58F024C63CF625C63DF64CEFFE
:10468E0023F0000E3D6F090E3C6F06013951D8A480
:10469E0053EF23F055EF23F07DEF23F032BF5CEFA5
:1046AE0023F05AEF23F07DEF23F0830E5725D96EBA
:1046BE00090E5821DA6E2E0EDF6E574B582B460719
:1046CE00D8A04707010E396F7DEF23F0830E5725D3
:1046DE00D96E090E5821DA6E300EDF6E574B582BFD
:1046EE004607D8A047073507D8A0360735513611EB
:1046FE00D8A484EF23F086EF23F06DEF23F0830E22
:10470E005725D96E090E5821DA6E3C51300FDF6EE7
:10471E00574B582B4607D8A0470748C600F649C640
:10472E0001F64AC602F64BC603F64CC6ABF54DC6AD
:10473E00ACF54EC6ADF54FC6AEF559C6A7F55AC681
:10474E00A8F55BC6A9F55CC6AAF50AEC36F0A7C5B6
:10475E0004F6A8C505F6A9C506F6AAC507F693EC94
:10476E006EF000C648F601C649F602C64AF603C602
:10477E004BF659C6C0F55AC6C1F55BC6C2F55CC646
:10478E00C3F5000E0501C46F000EC56F200EC66F77
:10479E00410EC76FF7EC3BF0C0C559F6C1C55AF6CE
:1047AE00C2C55BF6C3C55CF606013107D8A0320759
:1047BE00504B512B3E51505D5151800A2F6F3F513E
:1047CE00800A2F59D8B0EEEF23F0F0EF23F0FEEF72
:1047DE0023F058BFFCEF23F0585109E14B0E575D03
:1047EE00D8A0FCEF23F0FEEF23F0FBEF22F0000E3B
:1047FE00516F4F0E506F830E5025D96E090E5121F9
:10480E00DA6EDF6A830E2F6F090E306F57512F5FEE
:10481E005851305B50512F250501646F06015151DF
:10482E0030210501656F830E666F090E676F57C6DF
:10483E0068F558C669F5E3EC6CF006015751505D0A
:10484E00576F58515159586F5251D8A431EF24F027
:10485E0034EF24F0010E35EF24F0000E506F516B43
:10486E00E1A33CEF24F03EEF24F06CEF24F04EEF8A
:10487E0024F05707D8A05807830E5725D96E090E76
:10488E005821DA6E300EDF6E4607D8A04707465124
:10489E00505D5151800A2F6F4751800A2F59D8B061
:1048AE005BEF24F05DEF24F06CEF24F05751505D78
:1048BE005151800A2F6F5851800A2F59D8A06AEF94
:1048CE0024F06CEF24F040EF24F05251D8B472EF84
:1048DE0024F074EF24F07FEF24F05707D8A0580788
:1048EE00830E5725D96E090E5821DA6E52C6DFF4A3
:1048FE005051465F5151475B28C678F529C679F568
:10490E00830E572505017A6F090E06015821050100
:10491E007B6F46C67CF547C67DF5B6EC64F012009B
:10492E002AC600F62BC601F62CC602F62DC603F6D5
:10493E002EC604F62FC605F630C606F631C607F6A5
:10494E0093EC6EF000C656F601C657F602C658F640
:10495E0003C659F656C608F657C609F658C60AF6DD
:10496E0059C60BF665EC71F008C65AF609C65BF629
:10497E000AC65CF60BC65DF656C608F657C609F6AD
:10498E0058C60AF659C60BF665EC71F008C60CF659
:10499E0009C60DF60AC60EF60BC60FF6000E060178
:1049AE00106F000E116F800E126F3F0E136F6CECB6
:1049BE0054F00601D8B0E6EF24F0E8EF24F0F0EF63
:1049CE0024F0000E566F000E576F000E586F000E3B
:1049DE00596F20EE05F02851D9262951DA22DEC46E
:1049EE0052F6DEC453F6DEC454F6DEC455F6000E9F
:1049FE000C6F000E0D6F480E0E6F420E0F6F5AC6E3
:104A0E0010F65BC611F65CC612F65DC613F66CECBC
:104A1E0054F00601D8B016EF25F018EF25F035EF5B
:104A2E0025F052C6A7F553C6A8F554C6A9F555C626
:104A3E00AAF5CD0E0501AB6FCC0EAC6FCC0EAD6FE3
:104A4E003D0EAE6F0AEC36F0A7C552F6A8C553F66A
:104A5E00A9C554F6AAC555F6A1EF25F0000E0C6FA8
:104A6E00000E0D6FA00E0E6F410E0F6F5AC610F690
:104A7E005BC611F65CC612F65DC613F66CEC54F00E
:104A8E000601D8B04DEF25F04FEF25F06CEF25F075
:104A9E0052C6A7F553C6A8F554C6A9F555C6AAF52C
:104AAE009A0E0501AB6F990EAC6F990EAD6F3E0E5F
:104ABE00AE6F0AEC36F0A7C552F6A8C553F6A9C5D7
:104ACE0054F6AAC555F6A1EF25F05AC60CF65BC6EC
:104ADE000DF65CC60EF65DC60FF6000E106F000EDC
:104AEE00116FA00E126F400E136F6CEC54F0060196
:104AFE00D8B084EF25F086EF25F0A1EF25F052C651
:104B0E00A7F553C6A8F554C6A9F555C6AAF5000EC5
:104B1E000501AB6F000EAC6F000EAD6F400EAE6FA9
:104B2E000AEC36F0A7C552F6A8C553F6A9C554F639
:104B3E00AAC555F6060120EE01F02851D9262951B5
:104B4E00DA22DEC4A7F5DEC4A8F5DEC4A9F5DEC4FC
:104B5E00AAF556C6ABF557C6ACF558C6ADF559C64F
:104B6E00AEF50AEC36F0A7C532F6A8C533F6A9C5E0
:104B7E0034F6AAC535F65AC60CF65BC60DF65CC6FB
:104B8E000EF65DC60FF6000E0601106F000E116FC9
:104B9E00480E126F420E136F6CEC54F00601D8B033
:104BAE00DBEF25F0DDEF25F0BCEF27F056C65EF605
:104BBE0057C65FF658C660F659C661F6000E0C6F02
:104BCE00000E0D6FF00E0E6F410E0F6F5AC610F6DF
:104BDE005BC611F65CC612F65DC613F66CEC54F0AD
:104BEE000601D8B0FDEF25F0FFEF25F045EF26F0DA
:104BFE00000E0C6F000E0D6F200E0E6F420E0F6F1B
:104C0E005EC610F65FC611F660C612F661C613F6E2
:104C1E006CEC54F00601D8B017EF26F019EF26F021
:104C2E0021EF26F0000E5E6F000E5F6F200E606F9C
:104C3E00420E616F5EC60CF65FC60DF660C60EF6CE
:104C4E0061C60FF6000E106F000E116F200E126F60
:104C5E00C20E136F6CEC54F00601D8B039EF26F08B
:104C6E003BEF26F018EF27F0000E5E6F000E5F6F21
:104C7E00200E606FC20E616F18EF27F0000E0C6FE2
:104C8E00000E0D6F200E0E6F410E0F6F5AC610F6EE
:104C9E005BC611F65CC612F65DC613F66CEC54F0EC
:104CAE000601D8B05DEF26F05FEF26F0D4EF26F0C8
:104CBE005AC6A7F55BC6A8F55CC6A9F55DC6AAF5EA
:104CCE00CD0E0501AB6FCC0EAC6F4C0EAD6F3F0E23
:104CDE00AE6F0AEC36F0A7C54AF6A8C54BF6A9C5C5
:104CEE004CF6AAC54DF64AC60CF64BC60DF64CC68A
:104CFE000EF64DC60FF65EC610F65FC611F660C60E
:104D0E0012F661C613F66CEC54F00601D8B092EFB1
:104D1E0026F094EF26F09CEF26F04AC65EF64BC6C0
:104D2E005FF64CC660F64DC661F65EC60CF65FC603
:104D3E000DF660C60EF661C60FF64AC664F54BC692
:104D4E0065F54CC666F54DC667F564EC70F064C546
:104D5E0010F665C511F666C512F667C513F66CEC4E
:104D6E0054F00601D8B0BEEF26F0C0EF26F018EFD3
:104D7E0027F04AC664F54BC665F54CC666F54DC6BA
:104D8E0067F564EC70F064C55EF665C55FF666C5E2
:104D9E0060F667C561F618EF27F0000E0C6F000E77
:104DAE000D6FA00E0E6F400E0F6F5EC610F65FC633
:104DBE0011F660C612F661C613F66CEC54F00601DD
:104DCE00D8B0ECEF26F0EEEF26F0F6EF26F0000E60
:104DDE005E6F000E5F6FA00E606F400E616F5EC65D
:104DEE000CF65FC60DF660C60EF661C60FF6000E27
:104DFE00106F000E116FA00E126FC00E136F6CECC1
:104E0E0054F00601D8B00EEF27F010EF27F018EF90
:104E1E0027F0000E5E6F000E5F6FA00E606FC00E6B
:104E2E00616F5EC6A7F55FC6A8F560C6A9F561C637
:104E3E00AAF5060120EE05F02851D9262951DA22CD
:104E4E00DEC4C4F5DEC4C5F5DEC4C6F5DEC4C7F5E2
:104E5E0052C6C0F553C6C1F554C6C2F555C6C3F504
:104E6E00F7EC3BF0C0C5ABF5C1C5ACF5C2C5ADF5B1
:104E7E00C3C5AEF50AEC36F0A7C55EF6A8C55FF65B
:104E8E00A9C560F6AAC561F6060120EE1DF02851EF
:104E9E00D9262951DA22DEC4D9F5DEC4DAF5DEC40C
:104EAE00DBF5DEC4DCF55EC6DDF55FC6DEF560C69D
:104EBE00DFF561C6E0F5FCEC2CF0060120EE1DF0EE
:104ECE002851D9262951DA220501D9C5DEF4DAC5D1
:104EDE00DEF4DBC5DEF4DCC5DEF4060120EE11F0F7
:104EEE002851D9262951DA22DEC41CF6DEC41DF65D
:104EFE00DEC41EF6DEC41FF620EE1DF02851D926A4
:104F0E002951DA22DEC414F6DEC415F6DEC416F616
:104F1E00DEC417F620EE0DF02851D9262951DA22DB
:104F2E00DEC418F6DEC419F6DEC41AF6DEC41BF6AD
:104F3E0001EC55F014C620F615C621F616C622F65B
:104F4E0017C623F695EC55F0060120EE1DF02851FC
:104F5E00D9262951DA221CC6DEF41DC6DEF41EC681
:104F6E00DEF41FC6DEF4CAEF27F020EE1DF0285146
:104F7E00D9262951DA22000EDE6E000EDE6E000EEC
:104F8E00DE6E000EDD6E20EE1DF02851D926295161
:104F9E00DA22DEC4A7F5DEC4A8F5DEC4A9F5DEC4A8
:104FAE00AAF552C6ABF553C6ACF554C6ADF555C60B
:104FBE00AEF50AEC36F0A7C536F6A8C537F6A9C584
:104FCE0038F6AAC539F6060120EE21F02851D92669
:104FDE002951DA22DEC404F6DEC405F6DEC406F676
:104FEE00DEC407F656C600F657C601F658C602F6D8
:104FFE0059C603F693EC6EF000C6A7F501C6A8F5E8
:10500E0002C6A9F503C6AAF5060120EE09F028513D
:10501E00D9262951DA22DEC4ABF5DEC4ACF5DEC4E6
:10502E00ADF5DEC4AEF50AEC36F0A7C546F6A8C55A
:10503E0047F6A9C548F6AAC549F6330E0501AB6F6A
:10504E00330EAC6F330EAD6F3F0EAE6F46C6A7F587
:10505E0047C6A8F548C6A9F549C6AAF50AEC36F022
:10506E00A7C5D9F5A8C5DAF5A9C5DBF5AAC5DCF53E
:10507E009A0E0501AB6F990EAC6F990EAD6F3E0E89
:10508E00AE6F22C7A7F523C7A8F524C7A9F525C774
:10509E00AAF50AEC36F0A7C5DDF5A8C5DEF5A9C55B
:1050AE00DFF5AAC5E0F5FCEC2CF0D9C546F6DAC55D
:1050BE0047F6DBC548F6DCC549F646C622F747C6B5
:1050CE0023F748C624F749C625F7060120EE21F03E
:1050DE002851D9262951DA2256C6DEF457C6DEF4F7
:1050EE0058C6DEF459C6DEF436C6DDF537C6DEF533
:1050FE0038C6DFF539C6E0F532C6D9F533C6DAF56E
:10510E0034C6DBF535C6DCF5FCEC2CF0D9C53AF629
:10511E00DAC53BF6DBC53CF6DCC53DF63AC6D9F53D
:10512E003BC6DAF53CC6DBF53DC6DCF546C6DDF51D
:10513E0047C6DEF548C6DFF549C6E0F5FCEC2CF0B7
:10514E00D9C54EF6DAC54FF6DBC550F6DCC551F6BD
:10515E0028C6D9F429C6DAF4DE04D8A4B9EF28F0AB
:10516E00BBEF28F03CEF29F0060151BFC3EF28F04A
:10517E00C1EF28F0CDEF28F0000E3E6F000E3F6F0E
:10518E00000E406FBF0E416FD5EF28F0000E3E6F40
:10519E00000E3F6F000E406F3F0E416F4EC6DDF5A5
:1051AE004FC6DEF550C6DFF551C6E0F53EC6D9F561
:1051BE003FC6DAF540C6DBF541C6DCF5FCEC2CF05B
:1051CE00D9C524F6DAC525F6DBC526F6DCC527F6E5
:1051DE0068EC58F006012451DD272551DE23000E20
:1051EE00186F000E196F200E1A6F450E1B6FDDC65D
:1051FE0099F5DEC69AF50501000E9ABFFF0E9B6F5C
:10520E009C6F010E5BEC4BF099C514F69AC515F622
:10521E009BC516F69CC517F601EC55F014C620F684
:10522E0015C621F616C622F617C623F6000E06017F
:10523E001C6F000E1D6F000E1E6F000E1F6F95EC83
:10524E0055F01CC624F61DC625F61EC626F61FC62C
:10525E0027F668EC58F024C6DDF625C6DEF6DDC668
:10526E0028F6DEC629F6C8EF29F028C6D9F429C6D5
:10527E00DAF4020EDE18D8A447EF29F049EF29F030
:10528E00C8EF29F0060151BF51EF29F04FEF29F079
:10529E005BEF29F0000E426F000E436F000E446F5D
:1052AE00BF0E456F63EF29F0000E426F000E436F85
:1052BE00000E446F3F0E456F4EC6DDF54FC6DEF550
:1052CE0050C6DFF551C6E0F542C6D9F543C6DAF54C
:1052DE0044C6DBF545C6DCF5FCEC2CF0D9C524F64E
:1052EE00DAC525F6DBC526F6DCC527F668EC58F0E0
:1052FE0006012451DB272551DC23000E186F000E0A
:10530E00196F200E1A6F450E1B6FDBC699F5DCC6A2
:10531E009AF50501000E9ABFFF0E9B6F9C6F010E52
:10532E005BEC4BF099C514F69AC515F69BC516F6AF
:10533E009CC517F601EC55F014C620F615C621F6DD
:10534E0016C622F617C623F6000E06011C6F000EB7
:10535E001D6F000E1E6F000E1F6F95EC55F01CC6D4
:10536E0024F61DC625F61EC626F61FC627F668ECC1
:10537E0058F024C6DBF625C6DCF6DBC628F6DCC6FE
:10538E0029F6120012C742F613C743F614C744F6A5
:10539E0015C745F608C642F609C643F60AC644F6D0
:1053AE000BC645F6000E0601296F000E286F4551FB
:1053BE0009E1800E445DD8A0E7EF29F0E9EF29F06E
:1053CE00F0EF29F045AFEEEF29F0F0EF29F057EFAF
:1053DE002AF0D89042350501E96F060143350501E3
:1053EE00EA6F060144350501EB6F060145350501EF
:1053FE00EC6FE951EA11EB11EC11D8A409EF2AF088
:10540E000BEF2AF01EEF2AF0000E0601426F000E7F
:10541E00436F800E446FFF0E456F42C608F643C6BB
:10542E0009F644C60AF645C60BF6FBEF2CF006014C
:10543E0045AF24EF2AF026EF2AF036EF2AF0000EC1
:10544E000701986F210E976FFF0E0601426FFF0E38
:10545E00436FFF0E446F7F0E456F14EF2AF0E70E79
:10546E002827FF0E292342C6A7F543C6A8F544C632
:10547E00A9F545C6AAF5000E0501AB6F000EAC6F7F
:10548E00000EAD6F4C0EAE6F0AEC36F0A7C542F6AD
:10549E00A8C543F6A9C544F6AAC545F684EF2AF079
:1054AE00800E445D7F0E4559D8A060EF2AF062EF62
:1054BE002AF06CEF2AF008C608F609C609F60AC6E5
:1054CE000AF60BC60BF6FBEF2CF0800E441909E121
:1054DE003F0E451942114311D8A478EF2AF07AEF06
:1054EE002AF084EF2AF0000E086F000E096F000EEE
:1054FE000A6F000E0B6FFBEF2CF00D0E060142270C
:10550E00FB0E43234A0E4423000E452342C6E9F503
:10551E0043C6EAF544C6EBF545C6ECF5180E9EEF0C
:10552E002AF00501D890EC33EB33EA33E933E82E59
:10553E0098EF2AF0810EE925ED6FFF0EEA21EE6F4E
:10554E00ED51060128270501EE5106012923FF0E14
:10555E0042150501E96FFF0E060143150501EA6FBD
:10556E007F0E060144150501EB6F000E0601451571
:10557E000501EC6FF30EE9250601426F040E0501DD
:10558E00EA210601436F350E0501EB210601446F3A
:10559E003F0E0501EC210601456F42C600F643C6DB
:1055AE0001F644C602F645C603F6000E046F000E61
:1055BE00056F800E066F3F0E076F93EC6EF000C600
:1055CE0042F601C643F602C644F603C645F642C687
:1055DE00C0F543C6C1F544C6C2F545C6C3F5000EB7
:1055EE000501DD6F000EDE6F000EDF6F400EE06F07
:1055FE0042C6D9F543C6DAF544C6DBF545C6DCF539
:10560E00FCEC2CF0D9C5C4F5DAC5C5F5DBC5C6F57D
:10561E00DCC5C7F5F7EC3BF0C0C532F6C1C533F6B5
:10562E00C2C534F6C3C535F632C6A7F533C6A8F5DE
:10563E0034C6A9F535C6AAF532C6ABF533C6ACF5F8
:10564E0034C6ADF535C6AEF50AEC36F0A7C536F65E
:10565E00A8C537F6A9C538F6AAC539F636C6A7F5D0
:10566E0037C6A8F538C6A9F539C6AAF536C6ABF5BC
:10567E0037C6ACF538C6ADF539C6AEF50AEC36F020
:10568E00A7C53AF6A8C53BF6A9C53CF6AAC53DF690
:10569E00130E0501DD6FCE0EDE6FCC0EDF6F3E0EEC
:1056AE00E06F260EAB6F9E0EAC6F780EAD6F3E0E9A
:1056BE00AE6F3AC6A7F53BC6A8F53CC6A9F53DC6E2
:1056CE00AAF50AEC36F0A7C5D9F5A8C5DAF5A9C52D
:1056DE00DBF5AAC5DCF5FCEC2CF0D9C53EF6DAC537
:1056EE003FF6DBC540F6DCC541F63EC6A7F53FC624
:1056FE00A8F540C6A9F541C6AAF53AC6ABF53BC614
:10570E00ACF53CC6ADF53DC6AEF50AEC36F0A7C518
:10571E0010F6A8C511F6A9C512F6AAC513F6AA0E5B
:10572E000501DD6FAA0EDE6F2A0EDF6F3F0EE06FF2
:10573E00EE0EAB6FE90EAC6F910EAD6F3E0EAE6F0F
:10574E003AC6A7F53BC6A8F53CC6A9F53DC6AAF5CF
:10575E000AEC36F0A7C5D9F5A8C5DAF5A9C5DBF56B
:10576E00AAC5DCF5FCEC2CF0D9C53EF6DAC53FF641
:10577E00DBC540F6DCC541F63EC6A7F53FC6A8F52B
:10578E0040C6A9F541C6AAF536C6ABF537C6ACF587
:10579E0038C6ADF539C6AEF50AEC36F0A7C514F627
:1057AE00A8C515F6A9C516F6AAC517F614C6D9F5D5
:1057BE0015C6DAF516C6DBF517C6DCF510C6DDF52F
:1057CE0011C6DEF512C6DFF513C6E0F5FCEC2CF0C3
:1057DE00D9C50CF6DAC50DF6DBC50EF6DCC50FF62F
:1057EE00000E0501AB6F000EAC6F000EAD6F3F0EDD
:1057FE00AE6F42C6A7F543C6A8F544C6A9F545C681
:10580E00AAF50AEC36F0A7C53EF6A8C53FF6A9C51F
:10581E0040F6AAC541F63EC6A7F53FC6A8F540C656
:10582E00A9F541C6AAF542C6ABF543C6ACF544C6CA
:10583E00ADF545C6AEF50AEC36F0A7C52AF6A8C5F5
:10584E002BF6A9C52CF6AAC52DF628C699F529C69C
:10585E009AF50501000E9ABFFF0E9B6F9C6F010E0D
:10586E005BEC4BF099C52EF69AC52FF69BC530F61C
:10587E009CC531F632C6ABF533C6ACF534C6ADF5C4
:10588E0035C6AEF50CC6DDF50DC6DEF50EC6DFF57A
:10589E000FC6E0F52AC6D9F52BC6DAF52CC6DBF510
:1058AE002DC6DCF5FCEC2CF0D9C5A7F5DAC5A8F5AC
:1058BE00DBC5A9F5DCC5AAF50AEC36F0A7C518F6C6
:1058CE00A8C519F6A9C51AF6AAC51BF6D10E05016B
:1058DE00AB6FF70EAC6F170EAD6F370EAE6F2EC6E9
:1058EE00A7F52FC6A8F530C6A9F531C6AAF50AEC5C
:1058FE0036F0A7C5DDF5A8C5DEF5A9C5DFF5AAC545
:10590E00E0F518C6D9F519C6DAF51AC6DBF51BC6C9
:10591E00DCF5FCEC2CF0D9C51CF6DAC51DF6DBC5A2
:10592E001EF6DCC51FF62AC604F62BC605F62CC6D7
:10593E0006F62DC607F61CC600F61DC601F61EC6D7
:10594E0002F61FC603F693EC6EF000C620F601C6F3
:10595E0021F602C622F603C623F642C6DDF543C67D
:10596E00DEF544C6DFF545C6E0F520C6D9F521C6FD
:10597E00DAF522C6DBF523C6DCF5FCEC2CF0D9C536
:10598E0024F6DAC525F6DBC526F6DCC527F624C6D1
:10599E00D9F525C6DAF526C6DBF527C6DCF5800E69
:1059AE000501AB6F710EAC6F310EAD6F3F0EAE6F6A
:1059BE002EC6A7F52FC6A8F530C6A9F531C6AAF58D
:1059CE000AEC36F0A7C5DDF5A8C5DEF5A9C5DFF5ED
:1059DE00AAC5E0F5FCEC2CF0D9C508F6DAC509F637
:1059EE00DBC50AF6DCC50BF612000501DC51800B97
:1059FE00E56FDC51DC25E76FDBAF08EF2DF00AEF2A
:105A0E002DF00BEF2DF0E781E751D8B411EF2DF00B
:105A1E0013EF2DF027EF2DF0E729D8A419EF2DF075
:105A2E001BEF2DF023EF2DF0000ED96F000EDA6F65
:105A3E00000EDB6F000EDC6FDB8FDC6B2FEF2DF0BB
:105A4E00000ED96F000EDA6F000EDB6F000EDC6FEA
:105A5E00E051800BE66FE551E619D8B439EF2DF021
:105A6E003BEF2DF03CEF2DF0E58DE051E025E66F9C
:105A7E00DFAF44EF2DF046EF2DF047EF2DF0E6812E
:105A8E00E651D8B44DEF2DF04FEF2DF063EF2DF022
:105A9E00E629D8A455EF2DF057EF2DF05FEF2DF03E
:105AAE00000EDD6F000EDE6F000EDF6F000EE06F7A
:105ABE00DF8FE06B6BEF2DF0000EDD6F000EDE6FF3
:105ACE00000EDF6F000EE06FE751E65DD8B072EFAB
:105ADE002DF074EF2DF09BEF2DF0E5AD79EF2DF05D
:105AEE007BEF2DF07DEF2DF0800EE51BE7C5E8F581
:105AFE00E6C5E7F5E8C5E6F5D9C5E8F5DDC5D9F59E
:105B0E00E8C5DDF5DAC5E8F5DEC5DAF5E8C5DEF59A
:105B1E00DBC5E8F5DFC5DBF5E8C5DFF5DCC5E8F587
:105B2E00E0C5DCF5E8C5E0F5E86BE751E6C5E1F563
:105B3E00E26BE15F000EE25BE2BFAFEF2DF0E251F0
:105B4E0009E11A0EE15DD8A0AFEF2DF0B1EF2DF007
:105B5E00E8EF2DF0D951DA11DB11DC11D8A4BAEF30
:105B6E002DF0BDEF2DF0010EBEEF2DF0000EE86F03
:105B7E00000ED96F000EDA6F000EDB6F000EDC6FB9
:105B8E00E6C5E7F5F1EF2DF0E8A1D0EF2DF0D2EF5D
:105B9E002DF0D8EF2DF0D890E8310109E86FDAEF4B
:105BAE002DF0D890E833D9A1DFEF2DF0E1EF2DF0F5
:105BBE00E2EF2DF0E88FDC35DC33DB33DA33D9332B
:105BCE00E72BE651E75DD8A0EFEF2DF0F1EF2DF0CA
:105BDE00CBEF2DF0E5BDF6EF2DF0F8EF2DF038EF11
:105BEE002EF0E751D8A4FEEF2DF000EF2EF00AEFC5
:105BFE002EF0000ED96F000EDA6F000EDB6F000E66
:105C0E00DC6F57EF2FF0DD51D927DE51DA23DF514C
:105C1E00DB23E051DC23DCA117EF2EF019EF2EF081
:105C2E00C5EF2EF0E8A11EEF2EF020EF2EF026EF9E
:105C3E002EF0D890E8310109E86F28EF2EF0D890B9
:105C4E00E833D9A12DEF2EF02FEF2EF030EF2EF0FE
:105C5E00E88FDC35DC33DB33DA33D933E72BC5EFB2
:105C6E002EF0DD51D95DDE51DA59DF51DB59DC51B1
:105C7E00800AE16FE051800AE159D8B049EF2EF069
:105C8E004BEF2EF076EF2EF0D951DD5DE16FDA514C
:105C9E00DE59E26FDB51DF59E36FDC51E059E46FFF
:105CAE00FF0EE125D96FFF0EE221DA6FFF0EE32121
:105CBE00DB6FFF0EE421DC6F800EE51BE86DE85113
:105CCE00D8A46CEF2EF06EEF2EF07EEF2EF0010EBC
:105CDE00D927000EDA23DB23DC237EEF2EF0DD51F5
:105CEE00D95FDE51DA5BDF51DB5BE051DC5BD95112
:105CFE00DA11DB11DC11D8A487EF2EF089EF2EF02C
:105D0E00BEEF2EF0E851D8A48FEF2EF091EF2EF0CB
:105D1E00BEEF2EF0000ED96F000EDA6F000EDB6FA5
:105D2E00000EDC6F57EF2FF0D890D937DA37DB370C
:105D3E00DC37E8AFA5EF2EF0A7EF2EF0A8EF2EF090
:105D4E00D981E8A1ADEF2EF0AFEF2EF0B3EF2EF02C
:105D5E00D880E837B5EF2EF0D890E837E751D8B4B1
:105D6E00BBEF2EF0BDEF2EF0BEEF2EF0E707DBAF50
:105D7E00C3EF2EF0C5EF2EF09BEF2EF0E66BE8AFE3
:105D8E00CBEF2EF0CDEF2EF0E5EF2EF0E8C5E1F5DE
:105D9E007F0EE117D8B4D6EF2EF0D8EF2EF0DCEF51
:105DAE002EF0010EE66FE5EF2EF0D9A1E1EF2EF009
:105DBE00E3EF2EF0E5EF2EF0D8EF2EF0E651D8B44B
:105DCE00EBEF2EF0EDEF2EF018EF2FF0010ED9279E
:105DDE00000EDA23DB23DC23DCA1F8EF2EF0FAEF42
:105DEE002EF018EF2FF0D9C5E1F5DAC5E2F5DBC5D7
:105DFE00E3F5DCC5E4F5E435E433E333E233E133D4
:105E0E00E1C5D9F5E2C5DAF5E3C5DBF5E4C5DCF5A8
:105E1E00E729D8B415EF2FF017EF2FF018EF2FF06A
:105E2E00E72BE729D8B41EEF2FF020EF2FF028EF45
:105E3E002FF0E751D8A426EF2FF028EF2FF039EFEF
:105E4E002FF0000ED96F000EDA6F000EDB6F000E12
:105E5E00DC6FE751D8A436EF2FF038EF2FF039EF83
:105E6E002FF0E56BE7A13EEF2FF040EF2FF043EF61
:105E7E002FF0DB8F44EF2FF0DB9FD890E731DC6FF4
:105E8E00E5AF4CEF2FF04EEF2FF04FEF2FF0DC8FF2
:105E9E00D9C5D9F5DAC5DAF5DBC5DBF5DCC5DCF538
:105EAE0012000601396F1C0E06013919D8A462EFD3
:105EBE002FF064EF2FF086EF30F0010EEA656AEFF7
:105ECE002FF06CEF2FF086EF30F0000E0501C46F4F
:105EDE00000EC56F7A0EC66F440EC76F1C0EABEC6C
:105EEE0047F005016CC599F56DC59AF59B6B9C6BDA
:105EFE00000E5BEC4BF099C5C0F59AC5C1F59BC57C
:105F0E00C2F59CC5C3F5F7EC3BF0C0C5A7F5C1C5FE
:105F1E00A8F5C2C5A9F5C3C5AAF5000E0501AB6F5C
:105F2E00000EAC6F110EAD6F430EAE6F0AEC36F075
:105F3E00A7C53EF6A8C53FF6A9C540F6AAC541F6C7
:105F4E00160EA3EC40F014C63AF615C63BF616C66E
:105F5E003CF617C63DF63EC6ABF53FC6ACF540C6A1
:105F6E00ADF541C6AEF53AC6A7F53BC6A8F53CC69B
:105F7E00A9F53DC6AAF50AEC36F0A7C5C0F5A8C529
:105F8E00C1F5A9C5C2F5AAC5C3F5000E0501C46FBA
:105F9E00000EC56F7A0EC66F440EC76FF7EC3BF05E
:105FAE00C0C531F6C1C532F6C2C533F6C3C534F627
:105FBE00000E06010C6F000E0D6FF00E0E6F410EEF
:105FCE000F6F3EC610F63FC611F640C612F641C61A
:105FDE0013F66CEC54F00601D8A0F8EF2FF0FAEFA0
:105FEE002FF003EF30F0010EE86F000E0501F26F97
:105FFE00020EF16FA8EF31F03EC60CF63FC60DF65D
:10600E0040C60EF641C60FF6000E106F800E116FD1
:10601E00090E126F440E136F6CEC54F00601D8B0DB
:10602E001BEF30F01DEF30F053EF30F0CD0E0501C9
:10603E00AB6FCC0EAC6F8C0EAD6F3F0EAE6FDFC67E
:10604E0099F5E0C69AF59B6B9C6B000E5BEC4BF0E2
:10605E0099C5A7F59AC5A8F59BC5A9F59CC5AAF53E
:10606E000AEC36F0A7C50CF6A8C50DF6A9C50EF6B6
:10607E00AAC50FF631C610F632C611F633C612F6A1
:10608E0034C613F66CEC54F00601D8B051EF30F074
:10609E0053EF30F05CEF30F0020EE86F000E0501AA
:1060AE00F26F030EF16FA8EF31F0000E0C6F000EC1
:1060BE000D6F160E0E6F430E0F6F3EC610F63FC6D7
:1060CE0011F640C612F641C613F66CEC54F00601FA
:1060DE00D8A074EF30F076EF30F07FEF30F0030E93
:1060EE00E86F000E0501F26F010EF16FA8EF31F0AF
:1060FE00000E0501F26F000EF16FA8EF31F0110ED8
:10610E003919D8A48DEF30F08FEF30F07FEF30F0EB
:10611E00010EE96595EF30F097EF30F07FEF30F03C
:10612E00000E0501C46F000EC56F7A0EC66F440EC9
:10613E00C76F110EABEC47F005016CC599F56DC537
:10614E009AF59B6B9C6B000E5BEC4BF099C5C0F502
:10615E009AC5C1F59BC5C2F59CC5C3F5F7EC3BF0DE
:10616E00C0C5A7F5C1C5A8F5C2C5A9F5C3C5AAF591
:10617E00000E0501AB6F000EAC6F110EAD6F430E2E
:10618E00AE6F0AEC36F0A7C542F6A8C543F6A9C510
:10619E0044F6AAC545F6040EA3EC40F014C63AF632
:1061AE0015C63BF616C63CF617C63DF642C6ABF50F
:1061BE0043C6ACF544C6ADF545C6AEF53AC6A7F531
:1061CE003BC6A8F53CC6A9F53DC6AAF50AEC36F0C5
:1061DE00A7C5C0F5A8C5C1F5A9C5C2F5AAC5C3F521
:1061EE00000E0501C46F000EC56F7A0EC66F440E09
:1061FE00C76FF7EC3BF0C0C535F6C1C536F6C2C564
:10620E0037F6C3C538F6000E06010C6F000E0D6F83
:10621E00A00E0E6F410E0F6F42C610F643C611F65A
:10622E0044C612F645C613F66CEC54F00601D8A01F
:10623E0023EF31F025EF31F02EEF31F0040EE86F41
:10624E00000E0501F26F020EF16FA8EF31F042C69B
:10625E000CF643C60DF644C60EF645C60FF6000EF6
:10626E00106F000E116F960E126F430E136F6CECC3
:10627E0054F00601D8B046EF31F048EF31F07EEF22
:10628E0031F0CD0E0501AB6FCC0EAC6F8C0EAD6F39
:10629E003F0EAE6F45C599F546C59AF59B6B9C6B47
:1062AE00000E5BEC4BF099C5A7F59AC5A8F59BC5FA
:1062BE00A9F59CC5AAF50AEC36F0A7C50CF6A8C53B
:1062CE000DF6A9C50EF6AAC50FF635C610F636C6DA
:1062DE0011F637C612F638C613F66CEC54F00601FA
:1062EE00D8B07CEF31F07EEF31F087EF31F0050E54
:1062FE00E86F000E0501F26F030EF16FA8EF31F09B
:10630E00000E0C6F000E0D6F480E0E6F420E0F6FCB
:10631E0042C610F643C611F644C612F645C613F62B
:10632E006CEC54F00601D8A09FEF31F0A1EF31F0E4
:10633E007FEF30F0060EE86F000E0501F26F010ED2
:10634E00F16F120006014C6FCFEC74F064C54EF67F
:10635E0065C54FF666C550F667C551F6060120EEC7
:10636E0003F04651D9264751DA22DF50D8B4C2EF96
:10637E0031F0C4EF31F001EF32F020EE09F046516A
:10638E00D9264751DA22DEC468F5DEC469F5DEC4CB
:10639E006AF5DEC46BF525EC67F068C552F669C583
:1063AE0053F66AC554F66BC555F606015551541190
:1063BE000BE1880E525D130E5359D8A0E9EF31F060
:1063CE00EBEF31F0D9EF33F020EE03F04651D92642
:1063DE004751DA22DF6A48C6D9F449C6DAF4DF6AD1
:1063EE004AC6D9F44BC6DAF4010EDF6ED9EF33F09C
:1063FE00D9EF33F020EE04F04651D9264751DA2278
:10640E00DF50D8B40DEF32F00FEF32F017EF32F05D
:10641E0048C6D9F449C6DAF4010EDF6ED9EF33F06F
:10642E004C5158EC2FF00501F15106014D6F4D0501
:10643E00D8A424EF32F026EF32F0B4EF32F046C695
:10644E00D9F447C6DAF4DF50D8A430EF32F032EF89
:10645E0032F048EF32F020EE05F04651D926475182
:10646E00DA224EC6DEF44FC6DEF450C6DEF451C656
:10647E00DEF446C6D9F447C6DAF4010EDF6ED9EF64
:10648E0033F020EE05F04651D9264751DA22DEC40C
:10649E0068F5DEC469F5DEC46AF5DEC46BF525EC7D
:1064AE0067F068C552F669C553F66AC554F66BC5F2
:1064BE0055F60601555154110BE1E90E525D030ECE
:1064CE005359D8A06DEF32F06FEF32F0D9EF33F0B1
:1064DE0048C6D9F449C6DAF4010EDF6E4AC6D9F4BD
:1064EE004BC6DAF4DF6A20EE03F04651D926475147
:1064FE00DA22010EDF6E20EE09F04651D926475101
:10650E00DA224EC6DEF44FC6DEF450C6DEF451C6B5
:10651E00DEF446C6D9F447C6DAF4DF6A20EE0DF093
:10652E004651D9264751DA22DF2A20EE0DF0465188
:10653E00D9264751DA22130EDF64A8EF32F0AAEF04
:10654E0032F0FFEF31F020EE04F04651D9264751DC
:10655E00DA22010EDF6ED9EF33F0020E4D19D8A4F8
:10656E00BBEF32F0BDEF32F050EF33F020EE01F022
:10657E004651D9264751DA22DF50D8A4C9EF32F05E
:10658E00CBEF32F0E3EF32F020EE05F04651D92694
:10659E004751DA224EC6DEF44FC6DEF450C6DEF4A4
:1065AE0051C6DEF420EE01F04651D9264751DA22CB
:1065BE00010EDF6ED9EF33F020EE05F04651D926ED
:1065CE004751DA22DEC468F5DEC469F5DEC46AF529
:1065DE00DEC46BF525EC67F068C552F669C553F657
:1065EE006AC554F66BC555F6060155515411531133
:1065FE0009E1C90E525DD8A007EF33F009EF33F071
:10660E00D9EF33F048C6D9F449C6DAF4020EDF6E7C
:10661E004AC6D9F44BC6DAF4DF6A20EE03F04651CF
:10662E00D9264751DA22010EDF6E20EE09F04651CF
:10663E00D9264751DA224EC6DEF44FC6DEF450C6D6
:10664E00DEF451C6DEF420EE01F04651D926475154
:10665E00DA22DF6A20EE0DF04651D9264751DA22B2
:10666E00DF2A20EE0DF04651D9264751DA22130EBD
:10667E00DF6444EF33F046EF33F0FFEF31F020EEFE
:10668E0004F04651D9264751DA22010EDF6ED9EFBA
:10669E0033F0030E4D19D8A457EF33F059EF33F002
:1066AE00C1EF33F020EE02F04651D9264751DA22DF
:1066BE00DF50D8A465EF33F067EF33F07FEF33F0A0
:1066CE0020EE05F04651D9264751DA224EC6DEF4A9
:1066DE004FC6DEF450C6DEF451C6DEF420EE02F0F4
:1066EE004651D9264751DA22010EDF6ED9EF33F02B
:1066FE0020EE05F04651D9264751DA22DEC468F560
:10670E00DEC469F5DEC46AF5DEC46BF525EC67F010
:10671E0068C552F669C553F66AC554F66BC555F68B
:10672E00060155515411531109E1C90E525DD8A0FD
:10673E00A3EF33F0A5EF33F0D9EF33F048C6D9F419
:10674E0049C6DAF4030EDF6E4AC6D9F44BC6DAF444
:10675E00DF6A20EE02F04651D9264751DA22DF6A6F
:10676E0020EE04F04651D9264751DA22010EDF6E93
:10677E00D9EF33F048C6D9F449C6DAF4DF6A46C613
:10678E00D9F447C6DAF4DF6A20EE01F04651D92675
:10679E004751DA22DF6A20EE02F04651D9264751E0
:1067AE00DA22DF6A12005FC6D9F460C6DAF4DEC4FC
:1067BE00F6F4DDC4F7F4000EF86E0800F550250A65
:1067CE00D8A4ECEF33F0EEEF33F0F2EF35F05FC616
:1067DE00D9F460C6DAF4DE2A000EDD22000E0601C0
:1067EE00D86F000ED76FD7C6E1F6D969DA69656B37
:1067FE0021EF34F0E1835FC6D9F460C6DAF4DE2A05
:10680E00000EDD2221EF34F0010E656F21EF34F022
:10681E005FC6D9F460C6DAF4DEC4F6F4DDC4F7F46C
:10682E00000EF86E0800F550300AD8B401EF34F0BF
:10683E000BEF34F06551D8B427EF34F029EF34F074
:10684E000FEF34F05FC664F560C665F561C666F598
:10685E0062C667F5C7EC5EF064C5D7F665C5D8F6B7
:10686E000601D8BF3FEF34F03DEF34F044EF34F083
:10687E00E181D76DD81FD8B0D82B5FC6D9F460C6CA
:10688E00DAF4DEC4F6F4DDC4F7F4000EF86E080098
:10689E00F5502E0AD8A456EF34F058EF34F06DEFC1
:1068AE0034F05FC6D9F460C6DAF4DE2A000EDD22BB
:1068BE005FC664F560C665F561C666F562C667F5C6
:1068CE00C7EC5EF064C5D9F665C5DAF65FC6D9F4D5
:1068DE0060C6DAF4DEC46BF6DDC46CF66BC6F6F495
:1068EE006CC6F7F4000EF86E0800F550640AD8B4C2
:1068FE0083EF34F085EF34F095EF34F06BC6F6F499
:10690E006CC6F7F4000EF86E0800F550690AD8A4AC
:10691E0093EF34F095EF34F0C4EF34F061C6D9F450
:10692E0062C6DAF4DFC463F6020EDE26DFC464F656
:10693E00000EDD2263C6D9F464C6DAF4DEC467F64F
:10694E00DDC468F6010E06016B25636F000E6C2127
:10695E00646F5FC6D9F460C6DAF463C6DEF464C64B
:10696E00DDF45DC681F55EC682F567C683F568C641
:10697E0084F59AEC49F009EF36F06BC6F6F46CC666
:10698E00F7F4000EF86E0800F550580AD8B4D2EF9E
:10699E0034F0D4EF34F0E4EF34F06BC6F6F46CC69A
:1069AE00F7F4000EF86E0800F550750AD8A4E2EF61
:1069BE0034F0E4EF34F033EF35F061C6D9F462C64B
:1069CE00DAF4DFC463F6020EDE26DFC464F6000ED0
:1069DE00DD2263C6D9F464C6DAF4DEC467F6DDC41C
:1069EE0068F6010E06016B25636F000E6C21646F55
:1069FE005FC6D9F460C6DAF463C6DEF464C6DDF4AD
:106A0E0021EF35F05DC681F55EC682F567C683F56A
:106A1E0068C684F5A1EC52F009EF36F05DC681F53B
:106A2E005EC682F567C683F568C684F55FEC51F0E5
:106A3E0009EF36F06BC6F6F46CC6F7F4000EF86E7E
:106A4E000800F550580AD8B415EF35F02D0AD8B411
:106A5E0009EF35F033EF35F05FC6D9F460C6DAF4DE
:106A6E00DEC46BF6DDC46CF66BC6F6F46CC6F7F4DA
:106A7E00000EF86E0800F5C466F651EF35F06B4B5C
:106A8E006C2B61EF35F06C0E666F61EF35F0666B57
:106A9E0061EF35F0060166514C0AD8B446EF35F079
:106AAE002A0AD8B44AEF35F00A0AD8B446EF35F0C0
:106ABE004EEF35F06BC6F6F46CC6F7F4000EF86EBA
:106ACE000800F550660AD8A46FEF35F071EF35F077
:106ADE00E9EF35F0A7EF35F061C6D9F462C6DAF406
:106AEE00DFC463F6040EDE26DFC464F6000EDD227C
:106AFE0063C6D9F464C6DAF4DEC467F6DEC468F69B
:106B0E00DEC469F6DEC46AF6B2EF35F061C6D9F4BA
:106B1E0062C6DAF4DFC463F6040EDE26DFC464F662
:106B2E00000EDD2263C6D9F464C6DAF4DEC467F65D
:106B3E00DEC468F6DEC469F6DEC46AF6B2EF35F07E
:106B4E0066514C0AD8B48DEF35F0200AD8B473EFE5
:106B5E0035F0B2EF35F0010E6B25636F000E6C2130
:106B6E00646F5FC6D9F460C6DAF463C6DEF464C639
:106B7E00DDF4DBEF35F05DC628F65EC629F667C696
:106B8E002AF668C62BF669C62CF66AC62DF66BC6B3
:106B9E00F6F46CC6F7F4000EF86E0800F5C42EF687
:106BAE0037EC1FF009EF36F06BC6F6F46CC6F7F44F
:106BBE00000EF86E0800F550660AD8B4C2EF35F034
:106BCE00E9EF35F05FC6D9F460C6DAF4DE2A000EBE
:106BDE00DD2209EF36F05FC6D9F460C6DAF4DEC402
:106BEE00F6F4DDC4F7F4000EF86E0800F55005015A
:106BFE00686F696B5DC66AF55EC66BF52EEC5FF06D
:106C0E00E9EF35F012000501AA51800BB36FAA51BE
:106C1E00AA25B96FA9AF16EF36F018EF36F019EFB7
:106C2E0036F0B981B951D8B41FEF36F021EF36F0F6
:106C3E0034EF36F0B929D8A427EF36F029EF36F025
:106C4E0031EF36F0000EA76F000EA86F000EA96F81
:106C5E00000EAA6FA98F3CEF36F0000EA76F000E44
:106C6E00A86F000EA96F000EAA6FAE51800BB31B5A
:106C7E00AE51AE25B46FADAF47EF36F049EF36F0FB
:106C8E004AEF36F0B481B451D8B450EF36F052EF2B
:106C9E0036F065EF36F0B429D8A458EF36F05AEF37
:106CAE0036F062EF36F0000EAB6F000EAC6F000EDA
:106CBE00AD6F000EAE6FAD8F6DEF36F0000EAB6F99
:106CCE00000EAC6F000EAD6F000EAE6FB451D8B4A7
:106CDE0073EF36F075EF36F07DEF36F0B951D8A47C
:106CEE007BEF36F07DEF36F087EF36F0000EA76FB4
:106CFE00000EA86F000EA96F000EAA6F1DEF38F0E0
:106D0E00AD51A703F3C4BEF5F4C4BFF5BE51B56FC4
:106D1E00B66BB76BB86BBF51BA6FBB6BBC6BBD6B51
:106D2E00AC51A803F3C4BEF5F4C4BFF5BE51B527EC
:106D3E00000EB623B723B823BF51BA27000EBB23CC
:106D4E00BC23BD23AB51A903F3C4BEF5F4C4BFF5F8
:106D5E00BE51B527000EB623B723B823BF51BA27AD
:106D6E00000EBB23BC23BD23B7C5B8F5B6C5B7F51A
:106D7E00B5C5B6F5B56BAB51A803F3C4BEF5F4C4F7
:106D8E00BFF5BE51B527BF51B623000EB723000E77
:106D9E00B823AC51A703F3C4BEF5F4C4BFF5BE517E
:106DAE00B527BF51B623000EB723000EB823B7C5C3
:106DBE00B8F5B6C5B7F5B5C5B6F5B56BAB51A70306
:106DCE00F3C4BEF5F4C4BFF5BE51B527BF51B6230B
:106DDE00000EB723000EB823AD51A803F3C4BEF5C1
:106DEE00F4C4BFF5BE51BA27BF51BB23000EBC235E
:106DFE00000EBD23AC51A903F3C4BEF5F4C4BFF518
:106E0E00BE51BA27BF51BB23000EBC23000EBD23BB
:106E1E00AD51A903F3C4BEF5F4C4BFF5BE51AF6FB7
:106E2E00BF51B06FB16BB26BB1C5B2F5B0C5B1F5B4
:106E3E00AFC5B0F5AF6BAF51BA27B051BB23B1514F
:106E4E00BC23B251BD23B5C5AFF5B6C5B0F5B7C5B8
:106E5E00B1F5B8C5B2F5190E3AEF37F0D890B23396
:106E6E00B133B033AF33E82E35EF37F0AF51BA2729
:106E7E00B051BB23B151BC23B251BD23B7C5B8F538
:106E8E00B6C5B7F5B5C5B6F5B56BB451B9C5AFF561
:106E9E00B06BAF27000EB023820EAF25BE6FFF0E74
:106EAE00B021BF6F70EF37F0D890BA37BB37BC3711
:106EBE00BD37B8AF65EF37F067EF37F068EF37F0F3
:106ECE00BA81D890B537B637B737B837BE07D8A01E
:106EDE00BF07BCAF75EF37F077EF37F05BEF37F0EA
:106EEE00B46BB8AF7DEF37F07FEF37F0A3EF37F02D
:106EFE00FF0EB515AF6FFF0EB615B06FFF0EB715BF
:106F0E00B16F7F0EB815B26FAF51B011B111B21192
:106F1E00D8B494EF37F096EF37F09AEF37F0010EC2
:106F2E00B46FA3EF37F0BAA19FEF37F0A1EF37F0B0
:106F3E00A3EF37F096EF37F0B451D8B4A9EF37F08E
:106F4E00ABEF37F0CFEF37F0010EBA27000EBB23B1
:106F5E00BC23BD23BDA1B6EF37F0B8EF37F0CFEFAE
:106F6E0037F0BAC5AFF5BBC5B0F5BCC5B1F5BDC5FB
:106F7E00B2F5B235B233B133B033AF33AFC5BAF5C4
:106F8E00B0C5BBF5B1C5BCF5B2C5BDF5BE4BBF2B8B
:106F9E00BFBFDAEF37F0BF5108E1BE29D8A0DAEF54
:106FAE0037F0DCEF37F0E6EF37F0000EBA6F000E79
:106FBE00BB6F800EBC6F7F0EBD6F13EF38F0BFBF7F
:106FCE00F3EF37F0BF5106E1BE05D8B0F1EF37F061
:106FDE00F3EF37F0FEEF37F0000EBA6F000EBB6F17
:106FEE00000EBC6F000EBD6FB36B13EF38F0BEC555
:106FFE00B9F5FF0EBA17FF0EBB177F0EBC17000EAA
:10700E00BD17B9A10DEF38F00FEF38F010EF38F0D3
:10701E00BC8FD890B931BD6FB351BD13BAC5A7F5AA
:10702E00BBC5A8F5BCC5A9F5BDC5AAF512002EC7EE
:10703E0068F52FC769F530C76AF531C76BF525ECD2
:10704E0067F068C5F3F569C5F4F56AC5F5F56BC566
:10705E00F6F5030E81EC70F064C5F1F565C5F2F539
:10706E00F1C546F6F2C547F63AEC3FF046C6F7F5DF
:10707E0047C6F8F548C6F9F549C6FAF5F7C55AF701
:10708E00F8C55BF7F9C55CF7FAC55DF72AC704F6D4
:10709E002BC705F62CC706F62DC707F6F7C500F663
:1070AE00F8C501F6F9C502F6FAC503F693EC6EF0D3
:1070BE0000C608F601C609F602C60AF603C60BF6A6
:1070CE0065EC71F008C60CF609C60DF60AC60EF68A
:1070DE000BC60FF6000E0601106F000E116F800E1C
:1070EE00126F3F0E136F6CEC54F00601D8B082EFA6
:1070FE0038F084EF38F08FEF38F0050EE4618AEF48
:10710E0038F08CEF38F090EF38F0E42B90EF38F049
:10711E00E46BF7C52AF7F8C52BF7F9C52CF7FAC5B6
:10712E002DF708EF3AF0E76B040EE465A1EF38F0A7
:10713E00A3EF38F017EF3AF0F7C50CF6F8C50DF6D9
:10714E00F9C50EF6FAC50FF6000E0501DD6F000E3D
:10715E00DE6FA00EDF6F400EE06FECC6D9F5EDC608
:10716E00DAF5EEC6DBF5EFC6DCF5FCEC2CF0D9C596
:10717E0010F6DAC511F6DBC512F6DCC513F66CECAB
:10718E0054F00601D8A0CEEF38F0D0EF38F01BEF58
:10719E0039F0F7C50CF6F8C50DF6F9C50EF6FAC5B9
:1071AE000FF6000E0501DD6F000EDE6F200EDF6F95
:1071BE00410EE06FECC6D9F5EDC6DAF5EEC6DBF59D
:1071CE00EFC6DCF5FCEC2CF0D9C510F6DAC511F6DD
:1071DE00DBC512F6DCC513F66CEC54F00601D8B024
:1071EE00FBEF38F0FDEF38F01BEF39F00501F651EB
:1071FE00F5110BE1E80EF35D030EF459D8A00AEF7A
:10720E0039F00CEF39F017EF3AF0010E0601E56F89
:10721E00CFEC74F064C52EF765C52FF766C530F751
:10722E0067C531F717EF3AF0F7C50CF6F8C50DF64E
:10723E00F9C50EF6FAC50FF6000E0501DD6F000E4C
:10724E00DE6F200EDF6F410EE06FECC6D9F5EDC696
:10725E00DAF5EEC6DBF5EFC6DCF5FCEC2CF0D9C5A5
:10726E0010F6DAC511F6DBC512F6DCC513F66CECBA
:10727E0054F00601D8A046EF39F048EF39F00FEF81
:10728E0039F00501F651F5110BE1E80EF35D030E31
:10729E00F459D8A055EF39F057EF39F05CEF39F0CB
:1072AE00020E0601E56F0FEF39F017EF3AF0010EFF
:1072BE00E76F040EE46566EF39F068EF39F017EF0B
:1072CE003AF0ECC60CF6EDC60DF6EEC60EF6EFC6AF
:1072DE000FF6F7C510F6F8C511F6F9C512F6FAC590
:1072EE0013F66CEC54F00601D8A080EF39F082EF63
:1072FE0039F095EF39F00501F651F5110BE1E80E75
:10730E00F35D030EF459D8A08FEF39F091EF39F0F9
:10731E0017EF3AF00601E56B0FEF39F0F7C50CF6F3
:10732E00F8C50DF6F9C50EF6FAC50FF6000E0501F5
:10733E00DD6F000EDE6F200EDF6F410EE06FECC6CC
:10734E00D9F5EDC6DAF5EEC6DBF5EFC6DCF5FCECED
:10735E002CF0D9C510F6DAC511F6DBC512F6DCC570
:10736E0013F66CEC54F00601D8A0C0EF39F0C2EF62
:10737E0039F00FEF39F00501F651F5110BE1E80E7A
:10738E00F35D030EF459D8A0CFEF39F0D1EF39F0F9
:10739E005CEF39F057EF39F0020EE76F040EE4653B
:1073AE00DBEF39F0DDEF39F017EF3AF0ECC60CF603
:1073BE00EDC60DF6EEC60EF6EFC60FF6F7C510F6D5
:1073CE00F8C511F6F9C512F6FAC513F66CEC54F0C1
:1073DE000601D8A0F5EF39F0F7EF39F017EF3AF0D4
:1073EE000501F651F5110BE1D00EF35D070EF459C0
:1073FE00D8A004EF3AF006EF3AF017EF3AF091EF1B
:10740E0039F0E551000AD8B49AEF38F0010AD8B431
:10741E005EEF39F0030AD8B4D3EF39F017EF3AF034
:10742E001200060114511511D8A420EF3AF022EFE4
:10743E003AF02CEF3AF0000E146F000E156F000E9E
:10744E00166F000E176FF6EF3BF0CFEC74F064C5BD
:10745E0026F665C527F666C528F667C529F6060120
:10746E0020EE08F01451D9261551DA22DEC464F547
:10747E00DEC465F5DEC466F5DEC467F516C668F5CE
:10748E0017C669F518C66AF519C66BF50AEC64F0ED
:10749E000501D8B055EF3AF057EF3AF0E6EF3AF073
:1074AE00060120EE08F01451D9261551DA2216C61F
:1074BE00DEF417C6DEF418C6DEF419C6DEF414C602
:1074CE00D9F415C6DAF4DEC40CF6DEC40DF6DEC44D
:1074DE000EF6DEC40FF616C610F617C611F618C64F
:1074EE0012F619C613F66CEC54F00601D8B082EF02
:1074FE003AF084EF3AF0B4EF3AF014C6D9F415C668
:10750E00DAF410EE04F01451E1261551E222DEC435
:10751E00E6F4DEC4E6F4DEC4E6F4DEC4E6F420EE01
:10752E000CF01451D9261551DA2226C6DEF427C6E0
:10753E00DEF428C6DEF429C6DEF420EE10F0145177
:10754E00D9261551DA221AC6DEF41BC6DEF41CC685
:10755E00DEF41DC6DEF4E6EF3AF020EE04F0145130
:10756E00D9261551DA2216C6DEF417C6DEF418C671
:10757E00DEF419C6DEF414C6D9F415C6DAF416C64E
:10758E00DEF417C6DEF418C6DEF419C6DEF420EEFD
:10759E000CF01451D9261551DA2226C6DEF427C670
:1075AE00DEF428C6DEF429C6DEF420EE10F0145107
:1075BE00D9261551DA22DE6ADE6ADE6ADD6A060136
:1075CE0020EE10F01451D9261551DA22DE50DE10BD
:1075DE00DE10DE10D8A4F6EF3AF0F8EF3AF006EF30
:1075EE003BF014C6D9F415C6DAF4DEC414F6DEC4C4
:1075FE0015F6DEC416F6DEC417F6F6EF3BF020EEF7
:10760E000CF01451D9261551DA22DEC468F5DEC409
:10761E0069F5DEC46AF5DEC46BF525EC67F068C566
:10762E002AF669C52BF66AC52CF66BC52DF6060132
:10763E0020EE10F01451D9261551DA22DE502A5DB3
:10764E00DE502B59DE502C59DE502D59D8A032EF7A
:10765E003BF034EF3BF054EF3BF020EE08F01451CA
:10766E00D9261551DA2214C6E1F415C6E2F4DEC4A9
:10767E00E6F4DEC4E6F4DEC4E6F4DEC4E6F414C6D4
:10768E00D9F415C6DAF4DEC414F6DEC415F6DEC47B
:10769E0016F6DEC417F6F6EF3BF02AC699F52BC6A2
:1076AE009AF52CC69BF52DC69CF5000E5BEC4BF0A7
:1076BE0099C5C0F59AC5C1F59BC5C2F59CC5C3F564
:1076CE00060120EE10F01451D9261551DA22DEC42F
:1076DE0099F5DEC49AF5DEC49BF5DEC49CF5000E6A
:1076EE005BEC4BF099C5C4F59AC5C5F59BC5C6F5BF
:1076FE009CC5C7F5F7EC3BF0C0C51EF6C1C51FF61D
:10770E00C2C520F6C3C521F61EC6ABF51FC6ACF525
:10771E0020C6ADF521C6AEF5060120EE04F01451DB
:10772E00D9261551DA22DEC404F6DEC405F6DEC40F
:10773E0006F6DEC407F620EE08F01451D9261551D0
:10774E00DA22DEC400F6DEC401F6DEC402F6DEC4C2
:10775E0003F693EC6EF000C6A7F501C6A8F502C6B7
:10776E00A9F503C6AAF50AEC36F0A7C522F6A8C5F8
:10777E0023F6A9C524F6AAC525F622C6D9F523C631
:10778E00DAF524C6DBF525C6DCF5060120EE04F09D
:10779E001451D9261551DA22DEC4DDF5DEC4DEF52C
:1077AE00DEC4DFF5DEC4E0F5FCEC2CF014C6D9F433
:1077BE0015C6DAF40501D9C5DEF4DAC5DEF4DBC58B
:1077CE00DEF4DCC5DEF414C6D9F415C6DAF4DEC474
:1077DE0014F6DEC415F6DEC416F6DEC417F6120075
:1077EE000501C351800BD06FC351C325D76FC2AFF4
:1077FE0003EF3CF005EF3CF006EF3CF0D781D7519C
:10780E00D8B40CEF3CF00EEF3CF022EF3CF0D72951
:10781E00D8A414EF3CF016EF3CF01EEF3CF0000E37
:10782E00C06F000EC16F000EC26F000EC36FC28F0D
:10783E00C36B2AEF3CF0000EC06F000EC16F000E3E
:10784E00C26F000EC36FC751800BD01BC751C72527
:10785E00D86FC6AF35EF3CF037EF3CF038EF3CF069
:10786E00D881D851D8B43EEF3CF040EF3CF054EF05
:10787E003CF0D829D8A446EF3CF048EF3CF050EF4E
:10788E003CF0000EC46F000EC56F000EC66F000EEA
:10789E00C76FC68FC76B5CEF3CF0000EC46F000E57
:1078AE00C56F000EC66F000EC76FC451C511C6114D
:1078BE00C711D8A465EF3CF067EF3CF07FEF3CF0CA
:1078CE00000EC06F000EC16F000EC26F000EC36FB0
:1078DE00800EC2137F0EC313D051C313C0C5C0F5A3
:1078EE00C1C5C1F5C2C5C2F5C3C5C3F5BFEF3DF0F5
:1078FE00D751D8A485EF3CF087EF3CF091EF3CF0E8
:10790E00000EC06F000EC16F000EC26F000EC36F6F
:10791E00BFEF3DF0D851D7C5C8F5C96BC85F000E93
:10792E00C95B7F0EC825D16F000EC921D26FC0C5AD
:10793E00CCF5C1C5CDF5C2C5CEF5C3C5CFF5000E8C
:10794E00C06F000EC16F000EC26F000EC36F000E2F
:10795E00D36F000ED46F000ED56F000ED66FD86B9E
:10796E00F1EF3CF0D851D8B4BFEF3CF0C1EF3CF092
:10797E00D8EF3CF0D890CC37CD37CE37CF37D89024
:10798E00C037C137C237C337D6AFD0EF3CF0D2EFD6
:10799E003CF0D3EF3CF0C081D890D337D437D537F5
:1079AE00D637C451CC5DC551CD59C651CE59C751EC
:1079BE00CF59D8A0E5EF3CF0E7EF3CF0F0EF3CF00C
:1079CE00D68DC451CC5FC551CD5BC651CE5BC75170
:1079DE00CF5BD82B190ED865F7EF3CF0F9EF3CF0E2
:1079EE00B9EF3CF0CC51CD11CE11CF11D8B402EF7E
:1079FE003DF004EF3DF01CEF3DF0D3811CEF3DF068
:107A0E00D890C037C137C237C337D6AF11EF3DF06C
:107A1E0013EF3DF014EF3DF0C081D890D337D4373B
:107A2E00D537D637D107D8A0D207C2AF21EF3DF058
:107A3E0023EF3DF007EF3DF0D86BD6AF29EF3DF0C9
:107A4E002BEF3DF04FEF3DF0FF0ED315C86FFF0E3D
:107A5E00D415C96FFF0ED515CA6F7F0ED615CB6F15
:107A6E00C851C911CA11CB11D8B440EF3DF042EF45
:107A7E003DF046EF3DF0010ED86F4FEF3DF0C0A147
:107A8E004BEF3DF04DEF3DF04FEF3DF042EF3DF04F
:107A9E00D851D8B455EF3DF057EF3DF07BEF3DF0A8
:107AAE00010EC027000EC123C223C323C3A162EF60
:107ABE003DF064EF3DF07BEF3DF0C0C5C8F5C1C5AC
:107ACE00C9F5C2C5CAF5C3C5CBF5CB35CB33CA3361
:107ADE00C933C833C8C5C0F5C9C5C1F5CAC5C2F5D5
:107AEE00CBC5C3F5D14BD22BD2BF86EF3DF0D251D1
:107AFE0008E1D129D8A086EF3DF088EF3DF093EF55
:107B0E003DF0000ED26FD169000EC06F000EC16F36
:107B1E00000EC26F000EC36FD2BFA0EF3DF0D25168
:107B2E0006E1D105D8B09EEF3DF0A0EF3DF0ADEFF0
:107B3E003DF0000ED26F000ED16F000EC06F000E22
:107B4E00C16F000EC26F000EC36FD06BD1C5D7F5DB
:107B5E00D7A1B4EF3DF0B6EF3DF0B9EF3DF0C28FD7
:107B6E00BAEF3DF0C29FD890D731C36F73EF3CF0A0
:107B7E00120026C768F527C769F528C76AF529C711
:107B8E006BF525EC67F068C5C5F669C5C6F66AC51E
:107B9E00C7F66BC5C8F60601C851C711C61109E173
:107BAE000B0EC55DD8A0DEEF3DF0E0EF3DF0ECEF43
:107BBE003DF0E351D8B4E6EF3DF0E8EF3DF0ECEFE9
:107BCE003DF0010EE26FABEC75F00601E205D8B4A4
:107BDE00F3EF3DF0F5EF3DF0F7EF3DF039EF3FF00D
:107BEE001F0E0501646F090E656F480E666F0B0E52
:107BFE00676FE3C668F5696BE3EC6CF00601E35161
:107C0E00FE0FCF6F1F0E0501646F090E656FCFC695
:107C1E0066F5F5EC68F064C5C9F665C5CAF6200EC2
:107C2E000601CF25D96EDA6A090EDA22DF50C16F4E
:107C3E001F0ECF25D96EDA6A090EDA22DF50C26F17
:107C4E00C251C46FC36BC151C325CB6F000EC4218B
:107C5E00CC6FCB51C91909E1CC51CA19D8B43AEF3E
:107C6E003EF03CEF3EF040EF3EF04AEC6EF039EF66
:107C7E003FF025C9CDF6E351F70FCE6FCD51CE199A
:107C8E00D8B44CEF3EF04EEF3EF050EF3EF03CEFEE
:107C9E003EF0100E09012019D8A458EF3EF05AEF0D
:107CAE003EF06AEF3EF00E0E2219D8A461EF3EF0C0
:107CBE0063EF3EF06AEF3EF01F0E0501646F090E92
:107CCE00656FF5EC58F0AA0E09011F19D8A472EFD2
:107CDE003EF074EF3EF03CEF3EF05A0E2019D8A461
:107CEE007BEF3EF07DEF3EF03CEF3EF01EEF3FF0BF
:107CFE002105D8A485EF3EF087EF3EF08EEF3EF0E3
:107D0E001F0E0601876F090E886F06EC52F0020EE9
:107D1E0009012119D8A496EF3EF098EF3EF03CEF02
:107D2E003EF01F0E0601876F090E886F7CEC4AF03D
:107D3E003CEF3EF0020E2119D8A4A8EF3EF0AAEFB8
:107D4E003EF03CEF3EF01F0E0601876F090E886F66
:107D5E0013EC5CF03CEF3EF0020E2119D8A4BAEF02
:107D6E003EF0BCEF3EF03CEF3EF01F0E0601876F7B
:107D7E00090E886FD1EC4DF03CEF3EF02105D8A4F2
:107D8E00CBEF3EF0CDEF3EF0D4EF3EF01F0E0601EE
:107D9E00876F090E886F3CEC53F0020E0901211912
:107DAE00D8A4DCEF3EF0DEEF3EF03CEF3EF01F0ECF
:107DBE0006019C6F090E9D6F61EC43F03CEF3EF0A7
:107DCE002105D8A4EDEF3EF0EFEF3EF0F6EF3EF0DA
:107DDE001F0E0601876F090E886F94EC5BF0020E82
:107DEE0009012119D8A4FEEF3EF000EF3FF03CEF61
:107DFE003EF01F0E06019C6F090E9D6F29EC56F08A
:107E0E003CEF3EF02105D8A40FEF3FF011EF3FF00D
:107E1E003CEF3EF01F0E0601876F090E886F7EEC59
:107E2E0059F03CEF3EF06BEC75F03CEF3EF022511A
:107E3E00010AD8B47FEF3EF0030AD8B4C5EF3EF086
:107E4E000A0AD8B4E7EF3EF01E0AD8B409EF3FF0A5
:107E5E00010AD8B4A1EF3EF0400AD8B4B3EF3EF019
:107E6E001AEF3FF01200000E06014A6F000E4B6F24
:107E7E00A00E4C6F400E4D6F6F0E4E6F120E4F6F69
:107E8E00830E506F400E516F000E526F400E536FA7
:107E9E001C0E546F460E556F000E566F500E576FD8
:107EAE00C30E586F470E596F000E5A6F000E5B6F60
:107EBE007A0E5C6F450E5D6F330E5E6F130E5F6F45
:107ECE00950E606F430E616F000E0501DD6F000EA3
:107EDE00DE6F800EDF6FBF0EE06F4EC6ABF54FC686
:107EEE00ACF550C6ADF551C6AEF546C699F547C6CA
:107EFE009AF5000E9ABFFF0E9B6F9C6F010E5BEC06
:107F0E004BF099C5A7F59AC5A8F59BC5A9F59CC5D3
:107F1E00AAF50AEC36F0A7C5C4F5A8C5C5F5A9C5DE
:107F2E00C6F5AAC5C7F54AC6ABF54BC6ACF54CC6E9
:107F3E00ADF54DC6AEF5FF0E0501996F0F0E9A6F9A
:107F4E00000E9B6F000E9C6F000E5BEC4BF099C504
:107F5E00A7F59AC5A8F59BC5A9F59CC5AAF50AEC87
:107F6E0036F0A7C5C0F5A8C5C1F5A9C5C2F5AAC505
:107F7E00C3F5F7EC3BF0C0C5D9F5C1C5DAF5C2C5FE
:107F8E00DBF5C3C5DCF5FCEC2CF0D9C56AF6DAC519
:107F9E006BF6DBC56CF6DCC56DF66AC6A7F56BC66F
:107FAE00A8F56CC6A9F56DC6AAF552C6ABF553C6B3
:107FBE00ACF554C6ADF555C6AEF50AEC36F0A7C510
:107FCE0062F6A8C563F6A9C564F6AAC565F656C6D7
:107FDE00C4F557C6C5F558C6C6F559C6C7F562C627
:107FEE00C0F563C6C1F564C6C2F565C6C3F5F7EC48
:107FFE003BF0C0C56EF6C1C56FF6C2C570F6C3C5FF
:10800E0071F66EC608F66FC609F670C60AF671C628
:10801E000BF6C9EC29F008C672F609C673F60AC645
:10802E0074F60BC675F672C6ABF573C6ACF574C6B0
:10803E00ADF575C6AEF55AC6C4F55BC6C5F55CC6DC
:10804E00C6F55DC6C7F5000E0501C06F000EC16F07
:10805E00800EC26F3F0EC36FF7EC3BF0C0C5A7F5A5
:10806E00C1C5A8F5C2C5A9F5C3C5AAF50AEC36F077
:10807E00A7C5DDF5A8C5DEF5A9C5DFF5AAC5E0F5EE
:10808E005EC6C4F55FC6C5F560C6C6F561C6C7F562
:10809E00000E0501C06F000EC16F800EC26F3F0E45
:1080AE00C36FF7EC3BF0C0C5D9F5C1C5DAF5C2C553
:1080BE00DBF5C3C5DCF5FCEC2CF0D9C576F6DAC5DC
:1080CE0077F6DBC578F6DCC579F6000E0501C06FD4
:1080DE00000EC16F800EC26F3F0EC36F76C6C4F521
:1080EE0077C6C5F578C6C6F579C6C7F5F7EC3BF089
:1080FE00C0C566F6C1C567F6C2C568F6C3C569F6E2
:10810E0066C6D9F567C6DAF568C6DBF569C6DCF56D
:10811E00330E0501DD6F930EDE6F880EDF6FC30E1B
:10812E00E06FFCEC2CF0D9C546F6DAC547F6DBC598
:10813E0048F6DCC549F6120006012C6F160E060134
:10814E002C19D8A4ADEF40F0AFEF40F04BEF41F05B
:10815E00160EABEC47F06CC528F66DC529F6000E71
:10816E000501C46FF00EC56F7F0EC66F450EC76F4B
:10817E0028C699F529C69AF5000E9ABFFF0E9B6F79
:10818E009C6F010E5BEC4BF099C5C0F59AC5C1F51D
:10819E009BC5C2F59CC5C3F5F7EC3BF0C0C5A7F572
:1081AE00C1C5A8F5C2C5A9F5C3C5AAF53D0E050101
:1081BE00AB6F0A0EAC6F830EAD6F400EAE6F0AEC56
:1081CE0036F0A7C518F6A8C519F6A9C51AF6AAC598
:1081DE001BF6100E06011C6F9C0E1D6FCA0E1E6F35
:1081EE003D0E1F6F1CC6ABF51DC6ACF51EC6ADF51C
:1081FE001FC6AEF518C6A7F519C6A8F51AC6A9F575
:10820E001BC6AAF50AEC36F0A7C5C0F5A8C5C1F580
:10821E00A9C5C2F5AAC5C3F5CD0E0501C46FCC0E16
:10822E00C56FCC0EC66F3D0EC76FF7EC3BF0C0C5E9
:10823E002DF6C1C52EF6C2C52FF6C3C530F62DC616
:10824E000CF62EC60DF62FC60EF630C60FF6660EBF
:10825E000601106F660E116F660E126F400E136FD1
:10826E006CEC54F00601D8A03FEF41F041EF41F025
:10827E00EEEF41F0660E2D6F660E2E6F660E2F6FAF
:10828E00400E306FEEEF41F0040E2C19D8A452EFD1
:10829E0041F054EF41F0EEEF41F0040EABEC47F03D
:1082AE006CC52AF66DC52BF6000E0501C46FF00ED7
:1082BE00C56F7F0EC66F450EC76F2AC699F52BC6C2
:1082CE009AF5000E9ABFFF0E9B6F9C6F010E5BEC32
:1082DE004BF099C5C0F59AC5C1F59BC5C2F59CC5B5
:1082EE00C3F5F7EC3BF0C0C5A7F5C1C5A8F5C2C5EF
:1082FE00A9F5C3C5AAF56F0E0501AB6F120EAC6FD3
:10830E00830EAD6F400EAE6F0AEC36F0A7C520F6A9
:10831E00A8C521F6A9C522F6AAC523F62A0E06017E
:10832E00246FFC0E256F8B0E266F3D0E276F24C615
:10833E00ABF525C6ACF526C6ADF527C6AEF520C6FF
:10834E00A7F521C6A8F522C6A9F523C6AAF50AECFB
:10835E0036F0A7C5C0F5A8C5C1F5A9C5C2F5AAC511
:10836E00C3F5CD0E0501C46FCC0EC56F4C0EC66F96
:10837E003E0EC76FF7EC3BF0C0C52DF6C1C52EF60D
:10838E00C2C52FF6C3C530F62DC60CF62EC60DF699
:10839E002FC60EF630C60FF6000E0601106F000E39
:1083AE00116F000E126F400E136F6CEC54F006013D
:1083BE00D8A0E4EF41F0E6EF41F0EEEF41F0000E11
:1083CE002D6F000E2E6F000E2F6F400E306F2DC6CC
:1083DE00A7F52EC6A8F52FC6A9F530C6AAF5000E2C
:1083EE000501AB6F000EAC6F7A0EAD6F440EAE6F23
:1083FE000AEC36F0A7C514F6A8C515F6A9C516F6EB
:10840E00AAC517F612003AC768F53BC769F53CC70F
:10841E006AF53DC76BF525EC67F068C59BF569C538
:10842E009CF56AC59DF56BC59EF52C0EABEC47F021
:10843E006CC59FF56DC5A0F55D50D8B429EF42F01F
:10844E002BEF42F038EF42F0CFEC74F064C53AF700
:10845E0065C53BF766C53CF767C53DF7010E506E27
:10846E005D6A5150D8A43EEF42F040EF42F046EF25
:10847E0043F005019E519D110BE1880E9B5D130E7D
:10848E009C59D8A04DEF42F04FEF42F046EF43F02B
:10849E00010E516E46EF43F05050D8A459EF42F002
:1084AE005BEF42F085EF42F09E519D110BE1B80E4D
:1084BE009B5D0B0E9C59D8A067EF42F069EF42F01E
:1084CE006CEF42F05E6A010E506E350E9F5D080E27
:1084DE00A059D8A075EF42F077EF42F060EF43F06D
:1084EE00010E526ECFEC74F064C53AF765C53BF7DA
:1084FE0066C53CF767C53DF760EF43F05150D8A411
:10850E008BEF42F08DEF42F0A5EF42F0730E9F5DC0
:10851E00060EA059D8A096EF42F098EF42F0A5EFC4
:10852E0042F0010E526ECFEC74F064C53AF765C599
:10853E003BF766C53CF767C53DF7506A5104D8A4B2
:10854E00ABEF42F0ADEF42F060EF43F0350E0501B8
:10855E009F5D080EA059D8A0B7EF42F0B9EF42F0D8
:10856E0060EF43F0010E526ECFEC74F064C53AF733
:10857E0065C53BF766C53CF767C53DF7506A60EFCA
:10858E0043F0576A010E5E6E5104D8A4D1EF42F04B
:10859E00D3EF42F0FBEF42F0A40E9F5D060EA05902
:1085AE00D8B0DCEF42F0DEEF42F0E1EF42F0526A7B
:1085BE00BBEF42F0D70E9F5D060EA059D8A0EAEF92
:1085CE0042F0ECEF42F060EF43F03A0E9F5D070E83
:1085DE00A059D8B0F5EF42F0F7EF42F060EF43F05C
:1085EE00020E526E79EF42F05150D8A401EF43F0D3
:1085FE0003EF43F060EF43F0A40E9F5D060EA0590B
:10860E00D8B00CEF43F00EEF43F012EF43F0010E33
:10861E00516EDEEF42F0D70E9F5D060EA059D8A028
:10862E001BEF43F01DEF43F060EF43F03A0E9F5DFA
:10863E00070EA059D8B026EF43F028EF43F060EFB5
:10864E0043F0F7EF42F0010E576E350E9F5D080EA8
:10865E00A059D8A035EF43F037EF43F039EF43F090
:10866E0077EF42F0A40E9F5D060EA059D8B042EFF0
:10867E0043F044EF43F060EF43F0DEEF42F0525030
:10868E000501996F9A6B9A51000AD8B451EF43F0D5
:10869E0060EF43F09951000AD8B453EF42F0010A4B
:1086AE00D8B4C8EF42F0030AD8B42AEF43F060EF13
:1086BE0043F01200000E0601B56F000EB66F000EED
:1086CE00B76F000EB86F21EEA0F2100EDE6AE8064C
:1086DE00FDE2A00E0501646F060E656F9CC666F581
:1086EE009DC667F5000E696F110E686FE3EC6CF0B6
:1086FE000601BF6BBF519E6F9F6B070E9E27000E2C
:10870E009F23A00E9E25D96E060E9F21DA6EB50E02
:10871E00BF25E16EE26A060EE222DFC4E7F4150E13
:10872E0006019E6FC60EE82EFED79E2FFCD70000C8
:10873E000601BF2B030EBF65A7EF43F0A9EF43F071
:10874E0081EF43F0B6C664F5B55139EC68F064C5F7
:10875E00B9F665C5BAF6B8C664F50601B75139EC77
:10876E0068F064C5BBF665C5BCF6580E0601B95D6A
:10877E00020EBA59D8A0C6EF43F0C8EF43F0D3EFBC
:10878E0043F0470EB95D050EBA59D8A0D1EF43F0AC
:10879E00D3EF43F0D8EF43F0020E5CEC60F091EFB4
:1087AE0044F0BC5109E13C0EBB5DD8A0E1EF43F0B3
:1087BE00E3EF43F0EEEF43F0BC5109E1970EBB5DE2
:1087CE00D8A0ECEF43F0EEEF43F0F3EF43F0020EE0
:1087DE005CEC60F091EF44F0B50E0501C06F060E33
:1087EE00C16F020EC26F020EFFEC71F0B70E0501E3
:1087FE00C06F060EC16F020EC26F060EFFEC71F057
:10880E00D00E06019E6FC90EE82EFED79E2FFCD706
:10881E0000D0550E0601A06F020E0501796F020EF3
:10882E00BBEC70F079C5B1F67AC5B2F6A70E0501AC
:10883E00646F060E656FB1C666F5B2C667F5000EBB
:10884E00696F020E686FE3EC6CF0020E0501796F32
:10885E00060EBBEC70F079C5B3F67AC5B4F6A90E68
:10886E000501646F060E656FB3C666F5B4C667F58F
:10887E00000E696F020E686FE3EC6CF0A00E05013E
:10888E00646F060E656F0F0E666FF5EC68F064C5CB
:10889E00BDF665C5BEF6BDC6B0F60601BE51AF6FDC
:1088AE00C06B5D0E756F3E0E766FA00EC025D96E35
:1088BE00DA6A060EDA22DF509E6F9E51776F786B62
:1088CE0088EC72F0100E0601C06170EF44F072EF8A
:1088DE0044F078EF44F06A0E756F3E0E766F88ECBA
:1088EE0072F00601C02B100EC06580EF44F082EFCF
:1088FE0044F058EF44F0A00E0501646F060E656F4C
:10890E00000E676F000E666F000E696F110E686FB6
:10891E0047EC70F012000EC7E9F50FC7EAF510C765
:10892E00EBF511C7ECF5D9C5E9F5DAC5EAF5DBC506
:10893E00EBF5DCC5ECF5810E0501DD6FFF0EDE6F8C
:10894E00E9C5DFF5EAC5E0F5EBC5E1F5ECC5E2F505
:10895E00180EB7EF44F0D890E233E133E033DF3353
:10896E00E82EB2EF44F0DF51DD25E76F000EDE2179
:10897E00E86FE8BFCCEF44F0E85109E1170EE75D70
:10898E00D8A0CCEF44F0CEEF44F0D8EF44F0D9C5E8
:10899E00D9F5DAC5DAF5DBC5DBF5DCC5DCF59CEF20
:1089AE0045F0E8BFDDEF44F0DFEF44F050EF45F067
:1089BE00E7C5DDF5FF0EDE6FFF0EDF6F7F0EE06F9A
:1089CE00000EE16FDD67EEEF44F0F6EF44F0E135B7
:1089DE00E133E033DF33DE33DD2FE9EF44F0DEC584
:1089EE00E3F5DFC5E4F5E0C5E5F5E1C5E6F505011E
:1089FE00E351E915DD6FE451EA15DE6FE551EB1534
:108A0E00DF6FE651EC15E06FDD51DE11DF11E01185
:108A1E00D8A414EF45F016EF45F018EF45F0CEEF61
:108A2E0044F0E9C5DDF5EAC5DEF5EBC5DFF5ECC5CD
:108A3E00E0F5200E28EF45F0D890E033DF33DE333B
:108A4E00DD33E82E23EF45F0DD51DE11DF11E011AD
:108A5E00D8B434EF45F036EF45F03EEF45F0E35134
:108A6E00E927E451EA23E551EB23E651EC23E31D1C
:108A7E00DD6FE41DDE6FE51DDF6FE61DE06FDD517E
:108A8E00E917DE51EA17DF51EB17E051EC1794EFBF
:108A9E0045F0E9C5DDF5EAC5DEF5EBC5DFF5ECC55C
:108AAE00E0F5200E60EF45F0D890E033DF33DE3393
:108ABE00DD33E82E5BEF45F0DD51DE11DF11E01105
:108ACE00D8A46CEF45F06EEF45F078EF45F0000E50
:108ADE00E96F000EEA6F000EEB6F000EEC6F94EF75
:108AEE0045F0D890E935DD6FEA35DE6FEB35DF6F97
:108AFE00EC35E06FDD51DE11DF11E011D8B48AEFF5
:108B0E0045F08CEF45F094EF45F0000EE96F000E46
:108B1E00EA6F800EEB6FBF0EEC6FE9C5D9F5EAC5B3
:108B2E00DAF5EBC5DBF5ECC5DCF5120046C768F5EA
:108B3E0047C769F548C76AF549C76BF525EC67F075
:108B4E0068C562F669C563F66AC564F66BC565F6F7
:108B5E0095EF46F0020E9CEC72F0CFEC74F064C50B
:108B6E0046F765C547F766C548F767C549F7020E6C
:108B7E000601F46FA5EF46F065516411631109E12A
:108B8E00C90E625DD8A0CEEF45F0D0EF45F0A5EF4F
:108B9E0046F0020EB0EC72F0030E0601F46FA5EF74
:108BAE0046F0010EE66F000E0501C46F000EC56F94
:108BBE007A0EC66F440EC76F110EABEC47F005016F
:108BCE006CC599F56DC59AF59B6B9C6B000E5BECB5
:108BDE004BF099C5C0F59AC5C1F59BC5C2F59CC5AC
:108BEE00C3F5F7EC3BF0C0C5A7F5C1C5A8F5C2C5E6
:108BFE00A9F5C3C5AAF5000E0501AB6F000EAC6F4B
:108C0E00110EAD6F430EAE6F0AEC36F0A7C5BFF76F
:108C1E00A8C5C0F7A9C5C1F7AAC5C2F7040EA3EC33
:108C2E0040F014C666F615C667F616C668F617C681
:108C3E0069F6BFC7ABF5C0C7ACF5C1C7ADF5C2C7C6
:108C4E00AEF566C6A7F567C6A8F568C6A9F569C6E6
:108C5E00AAF50AEC36F0A7C5C0F5A8C5C1F5A9C599
:108C6E00C2F5AAC5C3F5000E0501C46F000EC56F8F
:108C7E007A0EC66F440EC76FF7EC3BF0C0C5BBF75C
:108C8E00C1C5BCF7C2C5BDF7C3C5BEF7FCC599F5D6
:108C9E00FDC59AF505019B6B9C6B000E5BEC4BF0D2
:108CAE0099C56AF69AC56BF69BC56CF69CC56DF6B2
:108CBE006AC62EF66BC62FF66CC630F66DC631F64A
:108CCE00AAEC6FF02EC6B7F72FC6B8F730C6B9F7B5
:108CDE0031C6BAF7400E0601286F080E296FB7C7C6
:108CEE002AF6B8C72BF6B9C72CF6BAC72DF6BBC7EE
:108CFE002EF6BCC72FF6BDC730F6BEC731F697ECC1
:108D0E0024F028C6C3F729C6C4F7C3C766F5C4C77F
:108D1E0067F5020EE1EC69F0A5EF46F00601F4519D
:108D2E00010AD8B4B1EF45F0030AD8B4C3EF45F049
:108D3E00010AD8B4D8EF45F0A5EF46F01200DFC611
:108D4E008AF5E0C68BF5070194510601DF5D05013A
:108D5E00646F0601E0510501656F000E070194BFB7
:108D6E00FF0E0501655B666B665B676B675B0601F5
:108D7E00EA510501686F696B6A6B6B6B18EC6AF0F0
:108D8E0064C570F565C571F566C572F567C573F591
:108D9E00640E0501746F000E756F000E766F000E77
:108DAE00776F8EEC5AF070C58CF571C58DF572C566
:108DBE008EF573C58FF505018FBFEAEF46F0E8EF2C
:108DCE0046F0F2EF46F0000E8C6F000E8D6F000E27
:108DDE008E6F000E8F6F8CC543F58DC544F595C70C
:108DEE0080F5816B80BF81078051455C826F815118
:108DFE004658836F82C564F583C565F5666B676BF0
:108E0E000601E9510501686F696B6A6B6B6B18ECB3
:108E1E006AF064C570F565C571F566C572F567C50E
:108E2E0073F5640E0501746F000E756F000E766F8C
:108E3E00000E776F8EEC5AF070C58CF571C58DF5FE
:108E4E0072C58EF573C58FF505018FBF33EF47F0F1
:108E5E0031EF47F03BEF47F0000E8C6F000E8D6F39
:108E6E00000E8E6F000E8F6F8CC5FCF58DC5FDF557
:108E7E00FC514324886FFD514420896F88518A5DCF
:108E8E0089518B59D8B04EEF47F050EF47F06EEF47
:108E9E0047F04350885D806F44508959816F94C765
:108EAE0082F5836B82BF830782518A5D846F835103
:108EBE008B59856F8051845D8C6F815185598D6F73
:108ECE008E6BD8A08E078E518F6F74EF47F043C50F
:108EDE008CF544C58DF58E6B8F6B8FBF7BEF47F096
:108EEE0079EF47F083EF47F0000E8C6F000E8D6F19
:108EFE00000E8E6F000E8F6F8A51806F8B51816FB7
:108F0E00826B836B8C51805D8D5181598E5182594C
:108F1E008351800A846F8F51800A8459D8B09AEF9A
:108F2E0047F09CEF47F0A2EF47F08AC58CF58BC552
:108F3E008DF58E6B8F6B8CC586F58DC587F586C5C9
:108F4E007EF587C57FF5120005018C6F000E0501B9
:108F5E00946F000E936F8C5181EC70F0D8900501D8
:108F6E009335D96E9435DA6E740ED926050EDA2243
:108F7E0064C5DEF465C5DDF4934B942B94BFD1EF3D
:108F8E0047F0945109E10C0E935DD8A0D1EF47F054
:108F9E00D3EF47F0B2EF47F0000E926F000E916FD5
:108FAE00000E966F000E956F000E986F000E976F65
:108FBE0048EF48F0D8909735D96E9835DA6E740E22
:108FCE00D926050EDA2297C570F598C571F5D89099
:108FDE0070377137020E7027000E7123740E7025D4
:108FEE00E16E050E7121E26EDE50E65CDE50E65853
:108FFE00D8B004EF48F006EF48F046EF48F0D890AE
:10900E009735D96E9835DA6E740ED926050EDA229A
:10901E00DEC48DF5DDC48EF597C56EF598C56FF57A
:10902E00D8906E376F37020E6E27000E6F23740EB8
:10903E006E25D96E050E6F21DA6ED8909735E16EDA
:10904E009835E26E740EE126050EE222DEC4E6F4D9
:10905E00DDC4E5F497C56EF598C56FF5D8906E37FB
:10906E006F37020E6E27000E6F23740E6E25D96EAB
:10907E00050E6F21DA6E8DC5DEF48EC5DDF4974BCD
:10908E00982B0B0E6E6F000E6F6F95516E5F965193
:10909E006F5B6E51975D9851800A706F6F51800AA9
:1090AE007059D8A05DEF48F05FEF48F0E1EF47F060
:1090BE00954B962B96BF6DEF48F0965109E10B0E2E
:1090CE00955DD8A06DEF48F06FEF48F0DBEF47F0FD
:1090DE00000E966F020E956FD8909535D96E963517
:1090EE00DA6E740ED926050EDA22DE509127DD5087
:1090FE009223954B962B96BF8EEF48F0965109E131
:10910E000A0E955DD8A08EEF48F090EF48F073EF01
:10911E0048F091C564F592C565F5000E676F080EAF
:10912E00666FBEEC60F064C58FF565C590F58FC5B2
:10913E006CF590C56DF512004AC768F54BC769F519
:10914E004CC76AF54DC76BF525EC67F068C562F63E
:10915E0069C563F66AC564F66BC565F689EF49F0B5
:10916E00010E9CEC72F0CFEC74F064C54AF765C545
:10917E004BF766C54CF767C54DF7020E0601F56F46
:10918E0099EF49F065516411631109E1C90E625DF1
:10919E00D8A0D4EF48F0D6EF48F099EF49F0010E81
:1091AE00B0EC72F0030E0601F56F99EF49F0010E67
:1091BE00E66F000E0501C46F000EC56F7A0EC66F06
:1091CE00440EC76F1C0EABEC47F005016CC599F54C
:1091DE006DC59AF59B6B9C6B000E5BEC4BF099C5C5
:1091EE00C0F59AC5C1F59BC5C2F59CC5C3F5F7EC94
:1091FE003BF0C0C5A7F5C1C5A8F5C2C5A9F5C3C545
:10920E00AAF5000E0501AB6F000EAC6F110EAD6F1F
:10921E00430EAE6F0AEC36F0A7C5CDF7A8C5CEF754
:10922E00A9C5CFF7AAC5D0F7160EA3EC40F014C609
:10923E0066F615C667F616C668F617C669F6CDC782
:10924E00ABF5CEC7ACF5CFC7ADF5D0C7AEF566C69C
:10925E00A7F567C6A8F568C6A9F569C6AAF50AEC0A
:10926E0036F0A7C5C0F5A8C5C1F5A9C5C2F5AAC5F2
:10927E00C3F5000E0501C46F000EC56F7A0EC66FE2
:10928E00440EC76FF7EC3BF0C0C5C9F7C1C5CAF7AE
:10929E00C2C5CBF7C3C5CCF74EC72EF64FC72FF6B8
:1092AE0050C730F651C731F6CAEC6FF02EC6C5F76F
:1092BE002FC6C6F730C6C7F731C6C8F7670E060108
:1092CE00286F080E296FC5C72AF6C6C72BF6C7C763
:1092DE002CF6C8C72DF6C9C72EF6CAC72FF6CBC7B0
:1092EE0030F6CCC731F697EC24F028C6D1F729C654
:1092FE00D2F7D1C766F5D2C767F5010EE1EC69F07A
:10930E0099EF49F00601F551010AD8B4B7EF48F0CC
:10931E00030AD8B4C9EF48F0010AD8B4DEEF48F01A
:10932E0099EF49F01200050184BFA0EF49F0A3EFB9
:10933E0049F0010EA4EF49F0000E8B6F0601DABF63
:10934E00ABEF49F0ADEF49F0AEEF49F0E193DABF84
:10935E00B5EF49F0B3EF49F0BCEF49F0000E05014F
:10936E00886F010E876FC0EF49F0D9C687F5DAC650
:10937E0088F5D7C689F5D8C68AF505018B51D8B4BC
:10938E00CBEF49F0CDEF49F0E4EF49F08907D8A0D3
:10939E008A078B51D8A4D6EF49F0D8EF49F0DEEF0B
:1093AE0049F0000E866F2B0E856FE2EF49F0000E2E
:1093BE00866F2D0E856F85C58BF5000E8D6F4F0E4A
:1093CE008C6F0901D26B1EEF4AF005018C07D8A0F5
:1093DE008D07830E8C25D96E090E8D21DA6E83C50D
:1093EE0064F584C565F5000E676F0A0E666FB2EC04
:1093FE0063F064C56AF565C56BF54AEC71F005015D
:10940E006A51300FDF6E8707D8A088078907D8A06A
:10941E008A0783C564F584C565F5000E676F0A0E6D
:10942E00666FBEEC60F064C583F565C584F5050115
:10943E008DBF2AEF4AF08D5108E18C05D8A02AEF96
:10944E004AF02CEF4AF057EF4AF083518411D8A41A
:10945E0033EF4AF035EF4AF0ECEF49F088BF42EFB8
:10946E004AF0885106E18705D8B040EF4AF042EF46
:10947E004AF0ECEF49F08ABF4DEF4AF08A5108E10D
:10948E008905D8A04DEF4AF04FEF4AF057EF4AF05A
:10949E000601E1B355EF4AF057EF4AF0ECEF49F011
:1094AE0005018B51D8B45EEF4AF060EF4AF06BEFD6
:1094BE004AF08C07D8A08D07830E8C25D96E090E25
:1094CE008D21DA6E8BC5DFF481C578F582C579F50D
:1094DE00830E8C257A6F090E8D217B6F89C57CF5E5
:1094EE008AC57DF5B6EC64F01200000E06019C6F85
:1094FE00000E9D6F000E9E6F000E9F6F21EE8BF281
:10950E00100EDE6AE806FDE28B0E0501646F060E94
:10951E00656F87C666F588C667F5000E696F110E12
:10952E00686FE3EC6CF00601A66BA651896F8A6B2F
:10953E00070E8927000E8A238B0E8925D96E060EFB
:10954E008A21DA6E9C0EA625E16EE26A060EE222F2
:10955E00DFC4E7F4150E0601896FC60EE82EFED79E
:10956E00892FFCD700000601A62B030EA665C2EFBD
:10957E004AF0C4EF4AF09CEF4AF09C0E0501C06F12
:10958E00060EC16F040EC26F540EFFEC71F0D00EBA
:10959E000601896FC90EE82EFED7892FFCD700D0A1
:1095AE00550E06018B6F040E0501796F540EBBEC40
:1095BE0070F079C5A0F67AC5A1F6920E0501646F1A
:1095CE00060E656FA0C666F5A1C667F5000E696F3B
:1095DE00040E686FE3EC6CF0030E0501796F5C0E00
:1095EE00BBEC70F079C5A2F67AC5A3F6060120EEA3
:1095FE0001F0A251D926A351DA22DF50966F20EE48
:10960E0002F0A251D926A351DA22DF50976F8B0EAA
:10961E000501646F060E656F0F0E666FF5EC68F050
:10962E0064C5A4F665C5A5F6A4C69BF60601A551AC
:10963E009A6FA76B5D0E756F3E0E766F8B0EA7251C
:10964E00D96EDA6A060EDA22DF50896F8951776F8A
:10965E00786B88EC72F0100E0601A76139EF4BF0B3
:10966E003BEF4BF041EF4BF06A0E756F3E0E766F8F
:10967E0088EC72F00601A72B100EA76549EF4BF090
:10968E004BEF4BF021EF4BF08B0E0501646F060E86
:10969E00656F000E676F000E666F000E696F110E1C
:1096AE00686F47EC70F012000501A16F0501A15122
:1096BE00D8B464EF4BF066EF4BF088EF4BF09CBFE5
:1096CE006DEF4BF06BEF4BF088EF4BF099C59DF5BE
:1096DE009AC59EF59BC59FF59CC5A0F59D1F9E1F27
:1096EE009F1FA01F9D2B000E9E239F23A0239DC571
:1096FE00A3F59EC5A4F59FC5A5F5A0C5A6F590EF4B
:10970E004BF099C5A3F59AC5A4F59BC5A5F59CC5C7
:10971E00A6F599519A119B119C11D8A499EF4BF073
:10972E009BEF4BF0A5EF4BF0000E996F000E9A6F6A
:10973E00000E9B6F000E9C6F36EF4CF0960EA26FD4
:10974E00AFEF4BF0A22BD890A633A533A433A3339F
:10975E00000EA3159D6F000EA4159E6F000EA5158D
:10976E009F6FFE0EA615A06F9D519E119F11A01109
:10977E00D8A4C4EF4BF0C6EF4BF0A9EF4BF0D4EFEB
:10978E004BF0A22B010EA327000EA423A523A62384
:10979E00D890A633A533A433A333000EA3159D6F23
:1097AE00000EA4159E6F000EA5159F6FFF0EA61539
:1097BE00A06F9D519E119F11A011D8A4E9EF4BF0FF
:1097CE00EBEF4BF0C8EF4BF0F3EF4BF0A207D89056
:1097DE00A337A437A537A637A5BFF8EF4BF0FAEF9E
:1097EE004BF002EF4CF0020EA26100EF4CF002EFD4
:1097FE004CF0EDEF4BF0A2B107EF4CF009EF4CF04F
:10980E000AEF4CF0A59FD890A233A2C59DF59E6B92
:10981E009F6BA06B9DC5A0F59F6B9E6B9D6B9D5125
:10982E00A3139E51A4139F51A513A051A613A1518A
:10983E00D8B424EF4CF026EF4CF02EEF4CF09CBF3A
:10984E002DEF4CF02BEF4CF02EEF4CF0A68FA3C566
:10985E0099F5A4C59AF5A5C59BF5A6C59CF512006C
:10986E00050171517211D8A43FEF4CF041EF4CF04D
:10987E0043EF4CF006EF4DF0300E6A6F000E6B6F3B
:10988E00000E6C6FB7EC6EF0FF0AD8A451EF4CF0DF
:10989E0053EF4CF05EEF4CF0300E05016C6F000E86
:1098AE006D6F000E6E6F000E6F6F6EEC67F0310E07
:1098BE0005016A6F000E6B6F000E6C6FB7EC6EF0E9
:1098CE00FF0AD8A46DEF4CF06FEF4CF07AEF4CF02E
:1098DE00310E05016C6F000E6D6F000E6E6F000E77
:1098EE006F6F6EEC67F0320E05016A6F000E6B6FD4
:1098FE00000E6C6FB7EC6EF0FF0AD8A489EF4CF037
:10990E008BEF4CF096EF4CF0320E05016C6F000EA3
:10991E006D6F000E6E6F000E6F6F6EEC67F0300E97
:10992E0005016A6F000E6B6F000E6C6FB7EC6EF078
:10993E000501736F7351756F746B310E6A6F000E84
:10994E006B6F000E6C6FB7EC6EF00501766F765193
:10995E007413000E751371C5D9F472C5DAF474C59B
:10996E00DEF475C5DDF4320E6A6F000E6B6F000EFD
:10997E006C6FB7EC6EF00501736F746B20EE02F036
:10998E007151D9267251DA2273C5DEF474C5DDF435
:10999E0020EE02F07151D9267251DA22010EDB50FF
:1099AE0009E1020EDE5CD8A0DFEF4CF0E1EF4CF0E7
:1099BE00FEEF4CF020EE02F07151D9267251DA22F0
:1099CE00DEC473F5DDC474F51E0E7303F3C475F5B2
:1099DE00F4C476F57403F350762720EE02F071513D
:1099EE00D9267251DA2275C5DEF476C5DDF420EE85
:1099FE0004F07151D9267251DA22DE6ADD6A120044
:109A0E00530E0601756F3E0E766F2C0EABEC47F0C3
:109A1E006CC577F66DC578F688EC72F0AC0E060163
:109A2E00756F3D0E766F160EA3EC40F014C677F6EA
:109A3E0015C678F616C679F617C67AF6CDC77BF632
:109A4E00CEC77CF6CFC77DF6D0C77EF6C9C77FF6E8
:109A5E00CAC780F6CBC781F6CCC782F6D1C783F6CC
:109A6E00D2C784F688EC72F0CF0E0601756F3D0EEC
:109A7E00766F040EA3EC40F014C677F615C678F692
:109A8E0016C679F617C67AF6BFC77BF6C0C77CF640
:109A9E00C1C77DF6C2C77EF6BBC77FF6BCC780F6D0
:109AAE00BDC781F6BEC782F6C3C783F6C4C784F6A8
:109ABE0088EC72F00E0E0601756F3E0E766F4EC775
:109ACE0077F64FC778F650C779F651C77AF6EAC6D9
:109ADE007BF67C6BE9C67DF67E6B88EC72F0460EEB
:109AEE000601756F3E0E766F5AC777F65BC778F62E
:109AFE005CC779F65DC77AF688EC72F0380E06010F
:109B0E00756F3E0E766FE8C677F6786B88EC72F05E
:109B1E00290E0601756F3E0E766F20EC61F0050181
:109B2E00FB6FFB510601776F786B88EC72F04B0E72
:109B3E000601756F3E0E766FECC677F6EDC678F6BB
:109B4E00EEC679F6EFC67AF688EC72F07BEC68F02A
:109B5E0021EE87F2050EEBC4DBF4E806FCE2F20E12
:109B6E000601756F3D0E766F87C677F688C678F656
:109B7E0089C679F68AC67AF68BC67BF68CC67CF6D3
:109B8E0088EC72F0850E0601756F3D0E766F88ECCF
:109B9E0072F0120021EE89F2100EDE6AE806FDE286
:109BAE00890E0501646F060E656F87C666F588C659
:109BBE0067F5000E696F110E686FE3EC6CF006012D
:109BCE009005D8A4EDEF4DF0EFEF4DF0FCEF4DF01A
:109BDE00010E05016C6F000E6D6F000E6E6F91C65B
:109BEE006FF56EEC67F010EF4EF0020E9019D8A4E0
:109BFE0003EF4EF005EF4EF010EF4EF0010E0501A3
:109C0E00716F000E726F000E736F91C674F5A5EC36
:109C1E0073F006019205D8A417EF4EF019EF4EF02F
:109C2E0026EF4EF0030E05016C6F000E6D6F000EE9
:109C3E006E6F93C66FF56EEC67F03AEF4EF0020E54
:109C4E009219D8A42DEF4EF02FEF4EF03AEF4EF0C2
:109C5E00030E0501716F000E726F000E736F91C6C9
:109C6E0074F5A5EC73F047EC72F0550E0601896F92
:109C7E00890E0501646F060E656F0F0E666FF5ECAB
:109C8E0068F064C59AF665C59BF69AC699F6060104
:109C9E009B51986F9C6B5D0E756F3E0E766F890EA5
:109CAE009C25D96EDA6A060EDA22DF500501FB6FAB
:109CBE00FB510601776F786B88EC72F0100E06017F
:109CCE009C616CEF4EF06EEF4EF074EF4EF06A0E3C
:109CDE00756F3E0E766F88EC72F006019C2B100E9F
:109CEE009C657CEF4EF07EEF4EF052EF4EF0890EFB
:109CFE000501646F060E656F000E666F000E676FCE
:109D0E00000E696F110E686FE3EC6CF01200495093
:109D1E00020D000EF324D96E080EF420DA6EDE6A00
:109D2E00DD6A0201B2A79EEF4EF0A0EF4EF0C2EF39
:109D3E004EF04950020D000EF324D96E080EF42099
:109D4E00DA6E0801DF820701705171117211D8B4F9
:109D5E00B3EF4EF0B5EF4EF0C2EF4EF002D8C2EFB9
:109D6E004EF00500FA6E7051FD6E7151FE6E72511D
:109D7E00FF6EFA5012000201B2A3C8EF4EF0CAEF06
:109D8E004EF0ECEF4EF04950020D000EF324D96E5A
:109D9E00080EF420DA6E0801DF8407016D516E1192
:109DAE006F11D8B4DDEF4EF0DFEF4EF0ECEF4EF06A
:109DBE0002D8ECEF4EF00500FA6E6D51FD6E6E514D
:109DCE00FE6E6F51FF6EFA5012000201B2ADF2EF4D
:109DDE004EF0F4EF4EF016EF4FF04950020D000E1C
:109DEE00F324D96E080EF420DA6E0801DF80070125
:109DFE006A516B116C11D8B407EF4FF009EF4FF0A9
:109E0E0016EF4FF002D816EF4FF00500FA6E6A51BA
:109E1E00FD6E6B51FE6E6C51FF6EFA501200A1C2B8
:109E2E0025F549281F0B266E48502618D8A422EF78
:109E3E004FF024EF4FF026EF4FF031EF4FF0000EC2
:109E4E004924D96EDA6A0A0EDA2225C5DFF426C550
:109E5E0049F5472A07015E515F116011D8B43AEFF8
:109E6E004FF03CEF4FF049EF4FF002D849EF4FF073
:109E7E000500FA6E5E51FD6E5F51FE6E6051FF6E13
:109E8E00FA50120012000501C051C111D8A452EFB0
:109E9E004FF054EF4FF056EF4FF004EF50F020EE2E
:109EAE0004F0C051D926C151DA22DE2A000EDD227D
:109EBE0020EE04F0C051D926C151DA22080EDE5C24
:109ECE00070EDE58D8A06EEF4FF070EF4FF004EF94
:109EDE0050F020EE04F0C051D926C151DA22DE6ACC
:109EEE00DD6A20EE02F0C051D926C151DA22DE2AF7
:109EFE00000EDD2220EE02F0C051D926C151DA2229
:109F0E00010EDB5009E1020EDE5CD8A091EF4FF09E
:109F1E0093EF4FF0E4EF4FF020EE02F0C051D92650
:109F2E00C151DA22DE6ADD6AC0C5D9F4C1C5DAF4E0
:109F3E00DE2A000EDD22C0C5D9F4C1C5DAF4DEC4B6
:109F4E00C2F5DDC4C3F5C3C5C2F5C36BC251C46F40
:109F5E00C0C5D9F4C1C5DAF4DF50C56F300E6C6FD1
:109F6E00000E6D6F000E6E6FC4C56FF56EEC67F070
:109F7E00310E05016C6F000E6D6F000E6E6FC5C554
:109F8E006FF56EEC67F0000E05016D6F600E6C6F75
:109F9E00C40E6E6F050E6F6F010E706F03EC5DF0E9
:109FAE00000E05016D6F610E6C6FC50E6E6F050EA6
:109FBE006F6F010E706F03EC5DF0050120EE02F085
:109FCE00C051D926C151DA22DF50C66F320E6C6FE6
:109FDE00000E6D6F000E6E6FC6C56FF56EEC67F0FE
:109FEE00000E05016D6F620E6C6FC60E6E6F050E64
:109FFE006F6F010E706F03EC5DF01200F80E05012D
:10A00E006A6F030E6B6F000E6C6FB7EC6EF005018E
:10A01E00796FF90E6A6F030E6B6F000E6C6FB7ECF3
:10A02E006EF005017A6FFA0E6A6F030E6B6F000EFB
:10A03E006C6FB7EC6EF005017B6FFB0E6A6F030E53
:10A04E006B6F000E6C6FB7EC6EF005017C6FFC0E43
:10A05E006A6F030E6B6F000E6C6FB7EC6EF005013E
:10A06E007D6FFD0E6A6F030E6B6F000E6C6FB7EC9B
:10A07E006EF005017E6F060E7919D8A449EF50F0E7
:10A08E004BEF50F077EF50F0050E7A19D8A452EF3F
:10A09E0050F054EF50F077EF50F0040E7B19D8A427
:10A0AE005BEF50F05DEF50F077EF50F0030E7C1940
:10A0BE00D8A464EF50F066EF50F077EF50F0020E38
:10A0CE007D19D8A46DEF50F06FEF50F077EF50F090
:10A0DE007E05D8B475EF50F077EF50F07AEF50F070
:10A0EE00000EB3EF50F0FE0E6A6F030E6B6F000E94
:10A0FE006C6FB7EC6EF00501776FFF0E6A6F030E93
:10A10E006B6F000E6C6FB7EC6EF00501786F7851C7
:10A11E0077C571F5726B71C572F5716B7111736FD5
:10A12E007251746F790E646F050E656F060E666F51
:10A13E00BAEC6CF064C575F565C576F5050175511B
:10A14E00731907E176517419D8A4B0EF50F0B2EF3D
:10A15E0050F077EF50F0010E120042C768F543C77A
:10A16E0069F544C76AF545C76BF525EC67F068C518
:10A17E0070F669C571F66AC572F66BC573F6020E96
:10A18E000601EA61CDEF50F0CFEF50F0D7EF50F06F
:10A19E00010EE965D5EF50F0D7EF50F049EF51F0D1
:10A1AE00F105D8A4DDEF50F0DFEF50F049EF51F09C
:10A1BE00CFEC74F064C542F765C543F766C544F746
:10A1CE0067C545F7010E0601F06FF16B49EF51F0CF
:10A1DE00B1EC75F00601735172110BE1210E705D39
:10A1EE00030E7159D8A0FEEF50F000EF51F05EEF64
:10A1FE0051F0020EF06FCFEC74F064C542F765C5F6
:10A20E0043F766C544F767C545F75EEF51F0010E9B
:10A21E00EA6514EF51F016EF51F027EF51F020ECF4
:10A22E0061F0020AD8B41EEF51F020EF51F027EF83
:10A23E0051F0010E0601F36FA3EC48F02AEF51F036
:10A24E00010EEBEC6AF0010E0601E96531EF51F0FB
:10A25E0033EF51F044EF51F020EC61F0030AD8B423
:10A26E003BEF51F03DEF51F044EF51F0010E06017E
:10A27E00F26F9DEC45F05EEF51F0020EEBEC6AF0E2
:10A28E005EEF51F0F0516E6F6F6B6F51000AD8B4E4
:10A29E0053EF51F05EEF51F06E51010AD8B4EFEF6B
:10A2AE0050F0030AD8B40EEF51F05EEF51F01200E9
:10A2BE000601DABF65EF51F067EF51F068EF51F02C
:10A2CE00E193DABF6FEF51F06DEF51F076EF51F091
:10A2DE00000E0501896F010E886F7AEF51F0D9C615
:10A2EE0088F5DAC689F5D7C68AF5D8C68BF5000E7D
:10A2FE0005018E6F4F0E8D6F0901D26BBAEF51F0C3
:10A30E0005018D07D8A08E0783510F0B8C6F0A0E97
:10A31E008C6194EF51F096EF51F09AEF51F0300EB0
:10A32E008C279CEF51F0370E8C27830E8D25D96E1E
:10A33E00090E8E21DA6E8CC5DFF48807D8A0890746
:10A34E008A07D8A08B0783C585F584C586F5040ECC
:10A35E00876FD89086338533872FB0EF51F085C540
:10A36E0083F586C584F505018EBFC7EF51F08E517A
:10A37E0009E1020E8D5DD8A0C7EF51F0C9EF51F083
:10A38E00F4EF51F083518411D8A4D0EF51F0D2EFF5
:10A39E0051F087EF51F089BFDFEF51F0895106E19F
:10A3AE008805D8B0DDEF51F0DFEF51F087EF51F0B7
:10A3BE008BBFEAEF51F08B5108E18A05D8A0EAEF86
:10A3CE0051F0ECEF51F0F4EF51F00601E1B3F2EF82
:10A3DE0051F0F4EF51F087EF51F081C578F582C559
:10A3EE0079F5830E05018D257A6F090E8E217B6F0F
:10A3FE008AC57CF58BC57DF5B6EC64F0120021EEB6
:10A40E0089F2100EDE6AE806FDE2890E0501646F20
:10A41E00060E656F87C666F588C667F5000E696F0E
:10A42E00110E686FE3EC6CF0550E0601896F040E89
:10A43E000501796F540EBBEC70F079C59AF67AC5AA
:10A44E009BF6900E0501646F060E656F9AC666F553
:10A45E009BC667F5000E696F040E686FE3EC6CF037
:10A46E00030E0501796F5C0EBBEC70F079C59CF69E
:10A47E007AC59DF6060120EE01F09C51D9269D511C
:10A48E00DA22DF50946F20EE02F09C51D9269D51B6
:10A49E00DA22DF50956F890E0501646F060E656F27
:10A4AE000F0E666FF5EC68F064C59EF665C59FF6F7
:10A4BE009EC699F606019F51986FA06B5D0E756F43
:10A4CE003E0E766F890EA025D96EDA6A060EDA2256
:10A4DE00DF500501FB6FFB510601776F786B88EC3F
:10A4EE0072F0100E0601A0617FEF52F081EF52F074
:10A4FE0087EF52F06A0E756F3E0E766F88EC72F033
:10A50E000601A02B100EA0658FEF52F091EF52F0C6
:10A51E0065EF52F0890E0501646F060E656F000E31
:10A52E00676F000E666F000E696F110E686F47EC55
:10A53E0070F012000601DABFA7EF52F0A9EF52F049
:10A54E00AAEF52F0E193DABFB1EF52F0AFEF52F053
:10A55E00B8EF52F0000E0501866F010E856FBCEF4D
:10A56E0052F0D9C685F5DAC686F5D7C687F5D8C6B0
:10A57E0088F5000E05018A6F4F0E896F0901D26BA7
:10A58E00F5EF52F005018907D8A08A07830E8925B9
:10A59E00D96E090E8A21DA6E83C564F584C565F518
:10A5AE00000E676F0A0E666FB8EC6AF00501645113
:10A5BE00300FDF6E8507D8A086078707D8A08807DB
:10A5CE0083C564F584C565F5000E676F0A0E666F68
:10A5DE006CEC69F064C583F565C584F50501895198
:10A5EE008A11D8B4FDEF52F0FFEF52F02AEF53F07C
:10A5FE0083518411D8A406EF53F008EF53F0C9EF3E
:10A60E0052F086BF15EF53F0865106E18505D8B09E
:10A61E0013EF53F015EF53F0C9EF52F088BF20EF50
:10A62E0053F0885108E18705D8A020EF53F022EFB0
:10A63E0053F02AEF53F00601E1B328EF53F02AEF5F
:10A64E0053F0C9EF52F081C578F582C579F5830EC6
:10A65E00050189257A6F090E8A217B6F87C57CF5E6
:10A66E0088C57DF5B6EC64F0120021EE89F2100E6D
:10A67E00DE6AE806FDE2890E0501646F060E656F5F
:10A68E0087C666F588C667F5000E696F110E686F8E
:10A69E00E3EC6CF0550E0601896F020E0501796F21
:10A6AE00020EBBEC70F079C59AF67AC59BF6900E49
:10A6BE000501646F060E656F9AC666F59BC667F553
:10A6CE00000E696F020E686FE3EC6CF0020E05016E
:10A6DE00796F060EBBEC70F079C59CF67AC59DF6C7
:10A6EE00920E0501646F060E656F9CC666F59DC6DB
:10A6FE0067F5000E696F020E686FE3EC6CF0890E61
:10A70E000501646F060E656F0F0E666FF5EC68F04F
:10A71E0064C59EF665C59FF69EC699F606019F51C5
:10A72E00986FA06B5D0E756F3E0E766F890EA0252D
:10A73E00D96EDA6A060EDA22DF500501FB6FFB5185
:10A74E000601776F786B88EC72F0100E0601A0612F
:10A75E00B3EF53F0B5EF53F0BBEF53F06A0E756FD6
:10A76E003E0E766F88EC72F00601A02B100EA065DF
:10A77E00C3EF53F0C5EF53F099EF53F0890E050177
:10A78E00646F060E656F000E676F000E666F000E2B
:10A79E00696F110E686F47EC70F01200000E050124
:10A7AE00666F570E656FF80E676F070E686F000EB7
:10A7BE006A6F020E696F0CEC6CF00009D8B4EAEF08
:10A7CE0053F0ECEF53F0D5EF53F0000E0501666F2A
:10A7DE00570E656F5C0E676F050E686F000E6A6F21
:10A7EE00010E696F38EC6CF00009D8B401EF54F02B
:10A7FE0003EF54F0ECEF53F0680E05016C6FE40EAE
:10A80E00E82EFED76C2FFCD700005CC54FF5680E06
:10A81E0005016C6FE40EE82EFED76C2FFCD70000FE
:10A82E00C00E4F18D8A41EEF54F020EF54F022EFB4
:10A83E0054F062EF54F0000E0501666F570E656F0F
:10A84E00E40E676F090E686F000E6A6F130E696F64
:10A85E000CEC6CF00009D8B437EF54F039EF54F02B
:10A86E0022EF54F0680E05016C6FE40EE82EFED751
:10A87E006C2FFCD70000000E0501666F570E656F3A
:10A88E00F80E676F070E686F000E6A6F030E696F22
:10A89E0038EC6CF00009D8B457EF54F059EF54F07F
:10A8AE0042EF54F02A0E05016C6F8D0EE82EFED786
:10A8BE006C2FFCD700D0D00E05016C6FC90EE82EA0
:10A8CE00FED76C2FFCD700D01200000E06010C151F
:10A8DE000501ED6F000E06010D150501EE6F800EE0
:10A8EE0006010E150501EF6F7F0E06010F1505010E
:10A8FE00F06FED51EE11EF11F011D8A489EF54F075
:10A90E008BEF54F094EF54F0000E06010C6F000E16
:10A91E000D6F000E0E6F000E0F6F000E060110155C
:10A92E000501ED6F000E060111150501EE6F800E8B
:10A93E00060112150501EF6F7F0E060113150501B5
:10A94E00F06FED51EE11EF11F011D8A4B1EF54F0FC
:10A95E00B3EF54F0BCEF54F0000E0601106F000E72
:10A96E00116F000E126F000E136F06010FAFC2EFC4
:10A97E0054F0C4EF54F0CDEF54F00C6D0D1FD8B061
:10A98E000D2B0E1FD8B00E2B800E0F5713AFD2EF1C
:10A99E0054F0D4EF54F0DDEF54F0106D111FD8B019
:10A9AE00112B121FD8B0122B800E1357000E0C1B3A
:10A9BE00000E0D1B000E0E1B800E0F1B000E101B2B
:10A9CE00000E111B000E121B800E131B10510C5D7E
:10A9DE0011510D5912510E5913510F59D8B0FAEF9A
:10A9EE0054F0FCEF54F0FFEF54F0D89000EF55F018
:10A9FE00D880120014C664F515C665F516C666F540
:10AA0E0017C667F514EC5BF0050164516511D8A407
:10AA1E0013EF55F015EF55F01FEF55F018C614F65D
:10AA2E0019C615F61AC616F61BC617F694EF55F08C
:10AA3E0018C664F519C665F51AC666F51BC667F520
:10AA4E0014EC5BF0050164516511D8A431EF55F09B
:10AA5E0033EF55F03DEF55F014C614F615C615F646
:10AA6E0016C616F617C617F694EF55F014C664F50B
:10AA7E0015C665F516C666F517C667F50CEC6DF0CE
:10AA8E0064C5F1F565C5F2F518C664F519C665F528
:10AA9E001AC666F51BC667F50CEC6DF00501645120
:10AAAE00F11909E16551F219D8B460EF55F062EF72
:10AABE0055F078EF55F014C664F515C665F516C653
:10AACE0066F517C667F50CEC6DF00501645165115E
:10AADE00D8A474EF55F076EF55F033EF55F015EF2F
:10AAEE0055F014C60CF615C60DF616C60EF617C69C
:10AAFE000FF618C610F619C611F61AC612F61BC6B0
:10AB0E0013F66CEC54F00601D8A090EF55F092EFCE
:10AB1E0055F033EF55F015EF55F012001CC664F5E5
:10AB2E001DC665F51EC666F51FC667F514EC5BF00F
:10AB3E00050164516511D8A4A7EF55F0A9EF55F0A2
:10AB4E00B3EF55F020C61CF621C61DF622C61EF622
:10AB5E0023C61FF628EF56F020C664F521C665F50C
:10AB6E0022C666F523C667F514EC5BF00501645149
:10AB7E006511D8A4C5EF55F0C7EF55F0D1EF55F0DC
:10AB8E001CC61CF61DC61DF61EC61EF61FC61FF6DB
:10AB9E0028EF56F01CC664F51DC665F51EC666F593
:10ABAE001FC667F50CEC6DF064C5F3F565C5F4F5DD
:10ABBE0020C664F521C665F522C666F523C667F57F
:10ABCE000CEC6DF005016451F31909E16551F419AE
:10ABDE00D8B4F4EF55F0F6EF55F00CEF56F01CC666
:10ABEE0064F51DC665F51EC666F51FC667F50CEC49
:10ABFE006DF0050164516511D8A408EF56F00AEF07
:10AC0E0056F0A9EF55F0C7EF55F01CC60CF61DC651
:10AC1E000DF61EC60EF61FC60FF620C610F621C67E
:10AC2E0011F622C612F623C613F66CEC54F006018A
:10AC3E00D8A024EF56F026EF56F0A9EF55F0C7EF47
:10AC4E0055F0120021EE9FF2100EDE6AE806FDE2CC
:10AC5E009F0E0501646F060E656F9CC666F59DC658
:10AC6E0067F5000E696F110E686FE3EC6CF0650E00
:10AC7E000601A66145EF56F047EF56F04FEF56F03E
:10AC8E00320EA6614DEF56F04FEF56F054EF56F0E0
:10AC9E00020E5CEC60F0B9EF56F02E0E05016C6FF3
:10ACAE00000E6D6F000E6E6FA6C66FF56EEC67F040
:10ACBE00550E06019F6F2E0E05016A6F000E6B6F0B
:10ACCE00000E6C6FB7EC6EF00601A66F9F0E0501BD
:10ACDE00646F060E656F0F0E666FF5EC68F064C557
:10ACEE00B0F665C5B1F6B0C6AFF60601B151AE6F9E
:10ACFE00B26B5D0E756F3E0E766F9F0EB225D96EDE
:10AD0E00DA6A060EDA22DF509E6F9E51776F786BED
:10AD1E0088EC72F0100E0601B26198EF56F09AEFC1
:10AD2E0056F0A0EF56F06A0E756F3E0E766F88ECF9
:10AD3E0072F00601B22B100EB265A8EF56F0AAEF14
:10AD4E0056F080EF56F09F0E0501646F060E656F8C
:10AD5E00000E676F000E666F000E696F110E686F42
:10AD6E0047EC70F0120064C5D9F465C5DAF466C517
:10AD7E00DFF4050120EE01F06451D9266551DA2287
:10AD8E0067C5DEF468C5DEF469C5DEF46AC5DEF4B7
:10AD9E0020EE05F06451D9266551DA226BC5DEF43A
:10ADAE006CC5DEF46DC5DEF46EC5DEF420EE09F082
:10ADBE006451D9266551DA226FC5DEF470C5DEF412
:10ADCE0071C5DEF472C5DEF420EE15F06451D9269D
:10ADDE006551DA2273C5DEF474C5DEF475C5DEF492
:10ADEE0076C5DEF420EE19F06451D9266551DA22CB
:10ADFE0077C5DEF478C5DEF479C5DEF47AC5DEF407
:10AE0E0020EE0DF06451D9266551DA22000EDE6E69
:10AE1E00000EDE6E480EDE6E440EDD6E20EE11F07C
:10AE2E006451D9266551DA22000EDE6E000EDE6EFA
:10AE3E00480EDE6EC40EDD6E20EE1DF06451D92676
:10AE4E006551DA22000EDE6E000EDE6E000EDE6E34
:10AE5E00000EDD6E20EE21F06451D9266551DA2206
:10AE6E00000EDE6E000EDE6E000EDE6E000EDD6E6D
:10AE7E0020EE25F06451D9266551DA227BC5DEF429
:10AE8E007CC5DDF41200C80E0501756F000E766FDD
:10AE9E00000E776F000E786F6D51736F6CC574F581
:10AEAE0075EF57F005017551761177117811D8A409
:10AEBE0063EF57F065EF57F067EF57F0D9EF57F0A4
:10AECE007507000E765B775B785B150E0501716F6B
:10AEDE00C60EE82EFED7712FFCD70000000E05011E
:10AEEE00666F530E656F730E676F050E686F000EFB
:10AEFE006A6F020E696F0CEC6CF00009D8B48AEF21
:10AF0E0057F08CEF57F059EF57F0C80E0501756FDB
:10AF1E00000E766F000E776F000E786FB3EF57F05E
:10AF2E0005017551761177117811D8A4A1EF57F05C
:10AF3E00A3EF57F0A5EF57F0D9EF57F07507000EB6
:10AF4E00765B775B785B150E0501716FC60EE82E8A
:10AF5E00FED7712FFCD70000000E0501666F530E51
:10AF6E00656F6EC567F56FC568F5020E7025696F62
:10AF7E006A6B000E6A2338EC6CF00009D8B4CAEF85
:10AF8E0057F0CCEF57F097EF57F0090E0501726F9F
:10AF9E001E0E716FE40EE82EFED7712FFCD7722FA6
:10AFAE00FAD700001200960EF66EE60EF76E000E41
:10AFBE00F86E02EED3F110EE24F00900F5C4EEF4B3
:10AFCE00E550E150FAE1240EF66EE20EF76E000E39
:10AFDE00F86E02EEBEF010EE38F00900F5C4EEF495
:10AFEE00E550E150FAE1E20EF66EE90EF76E000E54
:10AFFE00F86E01EEF0F310EE0EF00900F5C4EEF46B
:10B00E00E550E150FAE1AE0EF66EEA0EF76E000E66
:10B01E00F86E01EEECF210EE0AF00900F5C4EEF453
:10B02E00E550E150FAE1800EF66EEB0EF76E000E73
:10B03E00F86E0900F5C45DF50900F5C45EF503EE82
:10B04E0000F0640EEE6AE806FDE102EE00F3AC0ECF
:10B05E00EE6AE806FDE102EE00F210EEFFF0EE6A97
:10B06E00E550E150FCE1E250FAE102EE00F1D30EC0
:10B07E00EE6AE806FDE102EE00F0BE0EEE6AE806AC
:10B08E00FDE101EE00F3E10EEE6AE806FDE101EEF0
:10B09E00D1F21B0EEE6AE806FDE10501FE6BFD6BBB
:10B0AE00FC6B01EE30F12D0EEE6AE806FDE10401B7
:10B0BE00080E5D6F300E5E6F000E5F6F000113EFB6
:10B0CE0074F00601263527350501FA6FFA51D8A41A
:10B0DE0073EF58F075EF58F080EF58F0000E060140
:10B0EE00246F000E256F000E266F000E276FF4EFF3
:10B0FE0058F024C6F5F525C6F6F526C6F7F527C68B
:10B10E00F8F5200E90EF58F0D890F833F733F63369
:10B11E00F533E82E8BEF58F0F551F96F0601268FB7
:10B12E00FF0E2417FF0E2517FF0E2617000E2717EA
:10B13E00960E0501FA5FFABFA9EF58F0A7EF58F087
:10B14E00C1EF58F0FA51800A970FD8B0B1EF58F00E
:10B15E00B3EF58F0B5EF58F075EF58F00601D890F0
:10B16E0027332633253324330501FA3FB5EF58F044
:10B17E00DBEF58F01F0EFA65C7EF58F0C9EF58F025
:10B18E00D3EF58F075EF58F00601D89024372537D5
:10B19E00263727370501FA07FA51D8A4D9EF58F008
:10B1AE00DBEF58F0CBEF58F0F951D8B4E1EF58F08F
:10B1BE00E3EF58F0ECEF58F00601271F261F251F6E
:10B1CE00246D000E25232623272324C624F625C608
:10B1DE0025F626C626F627C627F61200050120EE0E
:10B1EE0008F06451D9266551DA22DF50D8B402EF47
:10B1FE0059F004EF59F030EF59F020EE08F0645199
:10B20E00D9266551DA22150EDF6010EF59F012EFD4
:10B21E0059F01AEF59F020EE08F06451D926655115
:10B22E00DA22140EDF6E20EE08F06451D926655135
:10B23E00DA22630EDF6426EF59F028EF59F030EF73
:10B24E0059F020EE08F06451D9266551DA22640EC9
:10B25E00DF6E20EE08F06451D9266551DA22DF50F8
:10B26E000601EA6F050120EE0AF06451D9266551F8
:10B27E00DA22DF50D8B446EF59F048EF59F074EFA8
:10B28E0059F020EE0AF06451D9266551DA221F0ECC
:10B29E00DF6054EF59F056EF59F05EEF59F020EEA3
:10B2AE000AF06451D9266551DA221E0EDF6E20EEA9
:10B2BE000AF06451D9266551DA22630EDF646AEF13
:10B2CE0059F06CEF59F074EF59F020EE0AF064511A
:10B2DE00D9266551DA22640EDF6E20EE0AF0645133
:10B2EE00D9266551DA22DF500601E96F120021EEF0
:10B2FE0089F2100EDE6AE806FDE2890E0501646F22
:10B30E00060E656F87C666F588C667F5000E696F0F
:10B31E00110E686FE3EC6CF0550E0601896F300E5E
:10B32E0005016A6F000E6B6F000E6C6FB7EC6EF05E
:10B33E000601906F310E05016A6F000E6B6F000EE5
:10B34E006C6FB7EC6EF00601916F320E05016A6FED
:10B35E00000E6B6F000E6C6FB7EC6EF00601926F05
:10B36E00890E0501646F060E656F0F0E666FF5ECA4
:10B37E0068F064C59AF665C59BF69AC699F60601FD
:10B38E009B51986F9C6B5D0E756F3E0E766F890E9E
:10B39E009C25D96EDA6A060EDA22DF500501FB6FA4
:10B3AE00FB510601776F786B88EC72F0100E060178
:10B3BE009C61E4EF59F0E6EF59F0ECEF59F06A0EAC
:10B3CE00756F3E0E766F88EC72F006019C2B100E98
:10B3DE009C65F4EF59F0F6EF59F0CAEF59F0890E6B
:10B3EE000501646F060E656F000E676F000E666FC7
:10B3FE00000E696F110E686F47EC70F012000501B8
:10B40E00646F05016405D8A40FEF5AF011EF5AF0DE
:10B41E002DEF5AF0000E08018D6F000E8C6F000E8E
:10B42E00846F000E856F000E866F000E876F000E04
:10B43E00886F000E896F000E8A6F000E8B6F000EE4
:10B44E000601DE6F000EDD6F8DEF5AF0020E6419ED
:10B45E00D8A434EF5AF036EF5AF052EF5AF0000EED
:10B46E000801666F000E656F000E5D6F000E5E6F59
:10B47E00000E5F6F000E606F000E616F000E626F48
:10B48E00000E636F000E646F000E0601DC6F000E7F
:10B49E00DB6F8DEF5AF0030E6419D8A459EF5AF0F2
:10B4AE005BEF5AF08DEF5AF0000E08018D6F000E13
:10B4BE008C6F000E846F000E856F000E866F000E6F
:10B4CE00876F000E886F000E896F000E8A6F000E58
:10B4DE008B6F000E666F000E656F000E5D6F000EB7
:10B4EE005E6F000E5F6F000E606F000E616F000EDC
:10B4FE00626F000E636F000E646F000E0601DE6F4A
:10B50E00000EDD6F000EDC6F000EDB6F120005010A
:10B51E00796B77BF97EF5AF095EF5AF0A1EF5AF08B
:10B52E00771F761F751F746D000E75237623772394
:10B53E00010E796F73BFA8EF5AF0A6EF5AF0B2EF73
:10B54E005AF0731F721F711F706D000E71237223DC
:10B55E007323010E791B000E7A6F000E7B6F000EA7
:10B56E007C6F000E7D6F7451751176117711D8B402
:10B57E00C3EF5AF0C5EF5AF0FBEF5AF0010E786F99
:10B58E00CFEF5AF0D8907437753776377737782BE8
:10B59E0077AFD4EF5AF0D6EF5AF0C9EF5AF0D890F1
:10B5AE007A377B377C377D377451705D75517159A1
:10B5BE007651725977517359D8A0E8EF5AF0EAEFE5
:10B5CE005AF0F3EF5AF07451705F7551715B76510A
:10B5DE00725B7751735B7A81D8907733763375339C
:10B5EE007433782FD6EF5AF07951D8B401EF5BF05F
:10B5FE0003EF5BF00BEF5BF07D1F7C1F7B1F7A6D03
:10B60E00000E7B237C237D237AC570F57BC571F5F7
:10B61E007CC572F57DC573F512001AC76EF51BC792
:10B62E006FF51CC770F51DC771F564C56EF565C560
:10B63E006FF566C570F567C571F56EC568F56FC5B2
:10B64E0069F570C56AF571C56BF5180E35EF5BF0CF
:10B65E000501D8906B336A3369336833E82E2FEFC8
:10B66E005BF068516C6F6D6B6C516D11D8A442EF2D
:10B67E005BF044EF5BF064EF5BF0D8906E35686F73
:10B68E006F35696F70356A6F71356B6F68516911FF
:10B69E006A116B11D8A456EF5BF058EF5BF05EEFBA
:10B6AE005BF0000E656F020E646F93EF5BF0000EA1
:10B6BE00656F030E646F93EF5BF06C296D11D8A468
:10B6CE006BEF5BF06DEF5BF08FEF5BF06EC568F5C7
:10B6DE006FC569F570C56AF571C56BF5090ED89021
:10B6EE00683769376A376B37E82E76EF5BF068514B
:10B6FE0069116A116B11D8B487EF5BF08AEF5BF0BA
:10B70E00010E8BEF5BF0000E646F656B93EF5BF0D9
:10B71E00000E656F040E646F120021EE89F2100E9A
:10B72E00DE6AE806FDE2890E0501646F060E656F9E
:10B73E0087C666F588C667F5000E696F110E686FCD
:10B74E00E3EC6CF0550E0601896F2E0E05016A6F43
:10B75E00000E6B6F000E6C6FB7EC6EF00601906F03
:10B76E005AC724F65BC725F65CC726F65DC727F6D3
:10B77E0068EC58F006012451926F890E0501646F32
:10B78E00060E656F0F0E666FF5EC68F064C59AF6DF
:10B79E0065C59BF69AC699F606019B51986F9C6BF0
:10B7AE005D0E756F3E0E766F890E9C25D96EDA6A28
:10B7BE00060EDA22DF500501FB6FFB510601776F93
:10B7CE00786B88EC72F0100E06019C61F1EF5BF065
:10B7DE00F3EF5BF0F9EF5BF06A0E756F3E0E766F6E
:10B7EE0088EC72F006019C2B100E9C6501EF5CF04C
:10B7FE0003EF5CF0D7EF5BF0890E0501646F060E68
:10B80E00656F000E676F000E666F000E696F110E8A
:10B81E00686F47EC70F0120077EC5DF0090E0601D0
:10B82E008A6F1E0E896FE40EE82EFED7892FFCD785
:10B83E008A2FFAD7000005EC50F0E806D8A42AEFBC
:10B84E005CF02CEF5CF08EEF5CF0010E0601EB6FFE
:10B85E0087C6D9F488C6DAF4550EDF6E87C664F54E
:10B86E0088C665F50F0E0501666FF5EC68F064C5C8
:10B87E008BF665C58CF6060120EE10F08751D926A1
:10B88E008851DA228BC6DFF420EE0FF08751D926CD
:10B89E008851DA228C51DF6E8D6B5D0E756F3E0E08
:10B8AE00766F8D518725D96E000E8821DA6EDF50A6
:10B8BE00896F8951776F786B88EC72F0100E0601E4
:10B8CE008D616CEF5CF06EEF5CF074EF5CF06A0E05
:10B8DE00756F3E0E766F88EC72F006018D2B100E92
:10B8EE008D657CEF5CF07EEF5CF054EF5CF087C60C
:10B8FE0064F588C665F5000E0501676F000E666F6C
:10B90E00000E696F110E686F47EC70F0FF001200A9
:10B91E0020EC61F0546E5450D8B498EF5CF09AEF6E
:10B92E005CF0B4EF5CF053505418D8B4A1EF5CF057
:10B93E00A3EF5CF0B7EF5CF05404D8A4A9EF5CF071
:10B94E00ABEF5CF0B0EF5CF0030EEBEC6AF002EFE5
:10B95E005DF054C553F5B7EF5CF0536A0601E86B22
:10B96E00A6EC46F005017EC599F57FC59AF59B6B51
:10B97E009C6B000E5BEC4BF099C54EF79AC54FF7DA
:10B98E009BC550F79CC551F75704D8B4D1EF5CF066
:10B99E00D3EF5CF0DCEF5CF00601E705D8A4DAEF3C
:10B9AE005CF0DCEF5CF0F4EF5CF0D8900601E03177
:10B9BE00756FDF31746F74C699F575C69AF505010A
:10B9CE009B6B9C6B000E5BEC4BF099C54EF79AC5CA
:10B9DE004FF79BC550F79CC551F7A7EC69F0E806E9
:10B9EE00D8B4FCEF5CF0FEEF5CF000EF5DF002EF20
:10B9FE005DF0B4EC50F01200C80E0501BB6F000EE6
:10BA0E00BC6F000EBD6F000EBE6F6D51736F6CC5B7
:10BA1E0074F5BF6B29EF5DF0BF516E25D96E000E28
:10BA2E006F21DA6EBF51716F726B020E7127000EAD
:10BA3E007223730E7125E16E050E7221E26EDFC464
:10BA4E00E7F4BF2B7051BF5DD8A030EF5DF032EF41
:10BA5E005DF013EF5DF050EF5DF00501BB51BC11D1
:10BA6E00BD11BE11D8A43EEF5DF040EF5DF042EF88
:10BA7E005DF076EF5DF0BB07000EBC5BBD5BBE5BA1
:10BA8E00150E0501716FC60EE82EFED7712FFCD76D
:10BA9E000000000E0501666F530E656F730E676F23
:10BAAE00050E686F020E7025696F6A6B000E6A23B1
:10BABE000CEC6CF00009D8B467EF5DF069EF5DF047
:10BACE0034EF5DF0090E0501726F1E0E716FE40EFC
:10BADE00E82EFED7712FFCD7722FFAD70000120076
:10BAEE0021EEF0F311EE71F1050EDBC4E3F4E8067E
:10BAFE00FCE2710E0501646F050E656F060E666F32
:10BB0E00BAEC6CF064C579F565C57AF505017A5124
:10BB1E00776F79C578F5F80E6C6F030E6D6F000EAA
:10BB2E006E6F71C56FF56EEC67F0F90E05016C6FF7
:10BB3E00030E6D6F000E6E6F72C56FF56EEC67F0D3
:10BB4E00FA0E05016C6F030E6D6F000E6E6F73C5EE
:10BB5E006FF56EEC67F0FB0E05016C6F030E6D6FEB
:10BB6E00000E6E6F74C56FF56EEC67F0FC0E05017E
:10BB7E006C6F030E6D6F000E6E6F75C56FF56EEC0C
:10BB8E0067F0FD0E05016C6F030E6D6F000E6E6F8C
:10BB9E0076C56FF56EEC67F0FE0E05016C6F030E49
:10BBAE006D6F000E6E6F77C56FF56EEC67F0FF0E62
:10BBBE0005016C6F030E6D6F000E6E6F78C56FF51D
:10BBCE006EEC67F01200050120EE03F07951D926D4
:10BBDE007A51DA22DF50646F20EE02F07951D926C5
:10BBEE007A51DA22DF5039EC68F064C57BF565C511
:10BBFE007CF5460E05017B5D050E7C59D8A00AEF3B
:10BC0E005EF00CEF5EF010EF5EF0050E7C6F460EF0
:10BC1E007B6F580E7B5D020E7C59D8B019EF5EF02B
:10BC2E001BEF5EF01FEF5EF0020E7C6F580E7B6F07
:10BC3E007BC5DFF67CC5E0F620EE07F07951D926FC
:10BC4E007A51DA22DF50646F20EE06F07951D92650
:10BC5E007A51DA22DF5039EC68F064C57DF565C59E
:10BC6E007EF505017E5109E1960E7D5DD8A042EF6D
:10BC7E005EF044EF5EF048EF5EF0000E7E6F960EC3
:10BC8E007D6F7E5107E13C0E7D5DD8B051EF5EF0C9
:10BC9E0053EF5EF057EF5EF0000E7E6F3C0E7D6F41
:10BCAE007DC545F57EC546F51200670E0501646F2C
:10BCBE00080E656F010E666F0A0E676FD70E686FFE
:10BCCE00A30E696F3D0E6A6F6F0E6B6F120E6C6F67
:10BCDE00030E6D6F3B0E6E6F9A0E6F6F990E706F37
:10BCEE00190E716F3E0E726F000E736F000E746F31
:10BCFE00200E756F450E766F000E776F000E786F03
:10BD0E00000E796F000E7A6F000E7C6F000E7B6F47
:10BD1E00BAEC56F0400E0501646F080E656F020E08
:10BD2E00666F9A0E676F990E686F990E696F3E0E69
:10BD3E006A6F170E6B6FB70E6C6FD10E6D6F380E7C
:10BD4E006E6F170E6F6FB70E706FD10E716F380E5C
:10BD5E00726F000E736F000E746F200E756F450EAE
:10BD6E00766F000E776F000E786F000E796F000EF3
:10BD7E007A6F000E7C6F000E7B6FBAEC56F01200DD
:10BD8E00000E05016C6F000E6B6F64C5D9F465C5AE
:10BD9E00DAF4DEC4F6F4DDC4F7F4000EF86E080033
:10BDAE00F5502A0AD8A4DEEF5EF0E0EF5EF013EF56
:10BDBE005FF064C5D9F465C5DAF4DE2A000EDD2223
:10BDCE0066C5D9F467C5DAF4DFC468F5020EDE265F
:10BDDE00DFC469F5000EDD2268C5D9F469C5DAF451
:10BDEE00DEC46BF5DDC46CF529EF5FF00A0E6B0354
:10BDFE00F3C468F5F4C469F56C03F35069276A510E
:10BE0E0068256B6F000E69216C6F64C5D9F465C52A
:10BE1E00DAF4DE2A000EDD2264C5D9F465C5DAF443
:10BE2E00DEC4F6F4DDC4F7F4000EF86E0800F5502B
:10BE3E00D00F6A6F090E6A6527EF5FF029EF5FF08A
:10BE4E00FDEF5EF06BC564F56CC565F5120005017E
:10BE5E006A516B11D8B436EF5FF038EF5FF041EFF7
:10BE6E005FF06A516B11D8A43FEF5FF041EF5FF0C6
:10BE7E0046EF5FF06851B0EC6DF093EF5FF020EE9F
:10BE8E0009F06A51D9266B51DA22DE50DE10D8B491
:10BE9E0053EF5FF055EF5FF070EF5FF020EE09F0BB
:10BEAE006A51D9266B51DA2210EE02F06A51E12660
:10BEBE006B51E222DE50E65CE650800A706FDE5077
:10BECE00800A7059D8B06EEF5FF070EF5FF093EFAD
:10BEDE005FF020EE02F06A51D9266B51DA22DEC4F1
:10BEEE006CF5DDC46DF56AC5D9F46BC5DAF4DEC444
:10BEFE006EF5DDC46FF56C516E25D96E6D516F21E7
:10BF0E00DA6E68C5DFF420EE02F06A51D9266B5165
:10BF1E00DA22DE2A000EDD22120032C768F533C7A0
:10BF2E0069F534C76AF535C76BF525EC67F068C55A
:10BF3E0078F569C579F56AC57AF56BC57BF5E7EFD6
:10BF4E005FF0020EA2EC62F0020ED8EC72F0020E5E
:10BF5E0081EC61F0020E06EC5AF0020EDBEC6EF094
:10BF6E00CFEC74F064C532F765C533F766C534F7A8
:10BF7E0067C535F7020E0601F26FF7EF5FF00501A8
:10BF8E007B517A110BE12D0E785D010E7959D8A0F7
:10BF9E00D3EF5FF0D5EF5FF0F7EF5FF0020EC4EC7A
:10BFAE0072F0CFEC74F064C532F765C533F766C531
:10BFBE0034F767C535F7030E0601F26FF7EF5FF042
:10BFCE000601F251010AD8B4A8EF5FF0030AD8B403
:10BFDE00C6EF5FF0010AD8B4F7EF5FF0F7EF5FF04E
:10BFEE00120036C768F537C769F538C76AF539C71D
:10BFFE006BF525EC67F068C578F569C579F56AC506
:10C00E007AF56BC57BF54BEF60F0010EA2EC62F09A
:10C01E00010ED8EC72F0010E81EC61F0010E06EC0F
:10C02E005AF0010EDBEC6EF0CFEC74F064C536F70F
:10C03E0065C537F766C538F767C539F7020E0601CD
:10C04E00F36F5BEF60F005017B517A110BE12D0E62
:10C05E00785D010E7959D8A037EF60F039EF60F0B6
:10C06E005BEF60F0010EC4EC72F0CFEC74F064C5BF
:10C07E0036F765C537F766C538F767C539F7030E66
:10C08E000601F36F5BEF60F00601F351010AD8B4BD
:10C09E000CEF60F0030AD8B42AEF60F0010AD8B4AE
:10C0AE005BEF60F05BEF60F012000601986F22EE1E
:10C0BE00D3F111EE87F2100EDBC4E3F4E806FCE2D6
:10C0CE0098C68EF6870E0501646F060E656F0F0E0D
:10C0DE00666FF5EC68F064C599F665C59AF60601CB
:10C0EE009A51966F99C697F69B6B5D0E756F3E0EC5
:10C0FE00766F870E9B25D96EDA6A060EDA22DF502E
:10C10E000501FB6FFB510601776F786B88EC72F0BF
:10C11E00100E06019B6196EF60F098EF60F09EEFB7
:10C12E0060F06A0E756F3E0E766F88EC72F0060147
:10C13E009B2B100E9B65A6EF60F0A8EF60F07CEFD6
:10C14E0060F00C0E756F3E0E766F88EC72F0870EF7
:10C15E000501646F060E656F000E676F000E666F49
:10C16E00000E696F110E686F47EC70F0120005013A
:10C17E00696B67BFC7EF60F0C5EF60F0CDEF60F0A1
:10C18E00666D671FD8B0672B010E696F65BFD4EF60
:10C19E0060F0D2EF60F0DAEF60F0646D651FD8B03A
:10C1AE00652B010E691B000E6B6F000E6A6F6651D8
:10C1BE006711D8B4E5EF60F0E7EF60F00FEF61F0D4
:10C1CE00010E686FEFEF60F0D89066376737682B17
:10C1DE0067AFF4EF60F0F6EF60F0EBEF60F0D89041
:10C1EE006A376B376651645D67516559D8A002EFA7
:10C1FE0061F004EF61F009EF61F06651645F675121
:10C20E00655B6A81D89067336633682FF6EF60F00E
:10C21E006951D8B415EF61F017EF61F01BEF61F0C3
:10C22E006A6D6B1FD8B06B2B6AC564F56BC565F56F
:10C23E0012005E04D8B426EF61F028EF61F02BEF08
:10C24E0061F0010E80EF61F00601EB05D8A432EF2C
:10C25E0061F034EF61F036EF61F028EF61F0020E1D
:10C26E00E719D8A43DEF61F03FEF61F041EF61F0C7
:10C27E0028EF61F0EA51D8A447EF61F049EF61F081
:10C28E0053EF61F0E951D8A44FEF61F051EF61F037
:10C29E0053EF61F028EF61F05A505B10D8B45AEFAB
:10C2AE0061F05CEF61F067EF61F058505910D8B44F
:10C2BE0063EF61F065EF61F067EF61F028EF61F019
:10C2CE005A505B10D8B46EEF61F070EF61F073EFFF
:10C2DE0061F0020E80EF61F058505910D8B47AEF29
:10C2EE0061F07CEF61F07FEF61F0030E80EF61F0A3
:10C2FE00000E12000501666F05016605D8A48AEFCF
:10C30E0061F08CEF61F0A0EF61F0C50E646F070E67
:10C31E00656FB8EC68F0000E07014E6F000E4F6FA0
:10C32E00000E506F000E516F010E0601F56FE1EF1A
:10C33E0061F0020E6619D8A4A7EF61F0A9EF61F0C3
:10C34E00B9EF61F0B70E646F070E656FB8EC68F069
:10C35E00000E0501FD6F000EFC6F010E0601F46F5D
:10C36E00E1EF61F0030E6619D8A4C0EF61F0C2EFE1
:10C37E0061F0E1EF61F0C50E646F070E656FB8EC0A
:10C38E0068F0B70E0501646F070E656FB8EC68F0C4
:10C39E00010E0601F16FE66B000E07014E6F000EE7
:10C3AE004F6F000E506F000E516F010E0601F56FAC
:10C3BE00B4EF61F01200BE6AB00EBF6EC06AC16A01
:10C3CE00C26A400EC36E0401026B300E0A6F126B0E
:10C3DE001A6B226B2A6BDF0EC66E8F0EC76E6F0E38
:10C3EE00C86ED00EC96E0F0ECA6E9E0ECB6EDF0ECD
:10C3FE00006F0F0E086F4F0E106FD10E186F070ED5
:10C40E00206F9E0E286F016B800E096F116B196BDA
:10C41E00216B296B03690B6913691B69070E236F67
:10C42E002B6904690C6914691C690F0E246F2C6941
:10C43E000201896B886B876B866B150E726F1C0EF3
:10C44E00196F1A0E1B6F200E156F0C0E716F370EB3
:10C45E000D6F0D0E706F380E0E6F0401056B066BAF
:10C46E00076B0D6B0E6B0F6B156B166B176B256BCE
:10C47E00266B276B1200D8C42DF57CEC74F00009E6
:10C48E00D8B44CEF62F04EEF62F056EF62F0030E4E
:10C49E003C6E0201979B28EC70F09EEF62F087ECE9
:10C4AE0074F00009D8B45EEF62F060EF62F072EFE4
:10C4BE0062F05BEC74F00009D8B468EF62F06AEFDA
:10C4CE0062F072EF62F0010E3C6E0201979925EC5C
:10C4DE0073F09EEF62F066EC74F00009D8B47AEF58
:10C4EE0062F07CEF62F08CEF62F05BEC74F00009AE
:10C4FE00D8B484EF62F086EF62F08CEF62F0020E39
:10C50E003C6E020197996EEF62F071EC74F00009C7
:10C51E00D8B494EF62F096EF62F09CEF62F0030EE7
:10C52E003C6E0201979D9EEF62F0020197993C507E
:10C53E002DC5D8F411000501666F05016605D8A456
:10C54E00ABEF62F0ADEF62F0B7EF62F0000E656F29
:10C55E00000E646F4BEC75F0B5EC75F0FCEF62F00D
:10C56E00020E6619D8A4BEEF62F0C0EF62F0CAEFF9
:10C57E0062F0000E656F000E646F45EC75F0B3EC63
:10C58E0075F0FCEF62F0020E6619D8A4D1EF62F0DE
:10C59E00D3EF62F0D5EF62F0FCEF62F0020E661997
:10C5AE00D8A4DCEF62F0DEEF62F0E0EF62F0FCEFB9
:10C5BE0062F0050E6619D8A4E7EF62F0E9EF62F0BB
:10C5CE00FCEF62F0000E656F000E646F4BEC75F0C1
:10C5DE00B5EC75F0000E0501656F000E646F45EC4D
:0CC5EE0075F0B3EC75F0FCEF62F0120089
:10C5FC00FAC401F5FBC402F5B39E77A008EF63F013
:10C60C000AEF63F02CEF63F076A00FEF63F011EFFD
:10C61C0063F02CEF63F076900601D151D211D31157
:10C62C00D8B41BEF63F01DEF63F053EF63F002D847
:10C63C002AEF63F00500FA6ED151FD6ED251FE6EF9
:10C64C00D351FF6EFA50120053EF63F077A231EF23
:10C65C0063F033EF63F053EF63F076A238EF63F0DF
:10C66C003AEF63F053EF63F076920701885189112A
:10C67C008A11D8B444EF63F046EF63F053EF63F0E4
:10C68C0002D853EF63F00500FA6E8851FD6E8951A4
:10C69C00FE6E8A51FF6EFA50120002C5FBF401C502
:10C6AC00FAF41100FAC405F5FBC406F5B59E86A094
:10C6BC0062EF63F064EF63F086EF63F085A069EFDF
:10C6CC0063F06BEF63F086EF63F0859007018251A6
:10C6DC0083118411D8B475EF63F077EF63F0ADEF8D
:10C6EC0063F002D884EF63F00500FA6E8251FD6EA0
:10C6FC008351FE6E8451FF6EFA501200ADEF63F061
:10C70C0086A28BEF63F08DEF63F0ADEF63F085A243
:10C71C0092EF63F094EF63F0ADEF63F08592070155
:10C72C007F5180118111D8B49EEF63F0A0EF63F0BC
:10C73C00ADEF63F002D8ADEF63F00500FA6E7F51F8
:10C74C00FD6E8051FE6E8151FF6EFA50120006C5CF
:10C75C00FBF405C5FAF411000501696B65BFBBEF6D
:10C76C0063F0B9EF63F0C1EF63F0646D651FD8B08F
:10C77C00652B010E696F67BFC8EF63F0C6EF63F0FE
:10C78C00CCEF63F0666D671FD8B0672B66516711ED
:10C79C00D8B4D3EF63F0D5EF63F0F9EF63F0010E8B
:10C7AC00686FDDEF63F0D89066376737682B67AF3B
:10C7BC00E2EF63F0E4EF63F0D9EF63F06651645D90
:10C7CC0067516559D8A0EDEF63F0EFEF63F0F3EF2D
:10C7DC0063F06651645F6751655BD890673366336D
:10C7EC00682FE4EF63F06951D8B4FFEF63F001EF09
:10C7FC0064F005EF64F0646D651FD8B0652B64C5FB
:10C80C0064F565C565F51200000E050164156C6FC5
:10C81C00000E65156D6F800E66156E6F7F0E6715B9
:10C82C006F6F6C516D116E116F11D8A420EF64F005
:10C83C0022EF64F02AEF64F0000E646F000E656F57
:10C84C00000E666F000E676F000E68156C6F000EA1
:10C85C0069156D6F800E6A156E6F7F0E6B156F6F9D
:10C86C006C516D116E116F11D8A43FEF64F041EF54
:10C87C0064F049EF64F0000E686F000E696F000EF3
:10C88C006A6F000E6B6F685164190FE1695165197D
:10C89C000CE16A51661909E16B516719D8B459EF6B
:10C8AC0064F05BEF64F05EEF64F0D8905FEF64F0DF
:10C8BC00D8801200116A1150080DBF0EF324D96EE6
:10C8CC00080EF420DA6EDE50DE10D8B470EF64F08F
:10C8DC0072EF64F0ACEF64F01150080DBF0EF3244E
:10C8EC00D96E080EF420DA6EDE06000EDD5A1150F9
:10C8FC00080DBF0EF324D96E080EF420DA6EDE504C
:10C90C00DE10D8A48CEF64F08EEF64F0ACEF64F022
:10C91C001150080DBE0EF324D96E080EF420DA6EF9
:10C92C00010EDF6E1150080DC10EF324D96E080EE6
:10C93C00F420DA6E1150080DBF0EF324E16E080ED0
:10C94C00F420E26EDEC4E6F4DDC4E5F4112A060E32
:10C95C001164B3EF64F0B5EF64F061EF64F01200B2
:10C96C000601E1A1BCEF64F0BEEF64F0C8EF64F027
:10C97C007AC571F57BC572F578C573F579C574F513
:10C98C006FEC6EF005017DBFD0EF64F0CEEF64F07C
:10C99C00D4EF64F0000E7D6F000E7C6F000E806F84
:10C9AC00000E7F6FE7EF64F0000E696F200E686F6A
:10C9BC0078C56AF579C56BF52EEC5FF005017F4BF8
:10C9CC00802B7C517F5D8051800A7E6F7D51800A67
:10C9DC007E59D8A0F4EF64F0F6EF64F0DAEF64F06F
:10C9EC000601E1B1FCEF64F0FEEF64F008EF65F0D6
:10C9FC007AC571F57BC572F578C573F579C574F593
:10CA0C006FEC6EF01200A2901C0E0701616F9D0E70
:10CA1C00626F000E636FA292EA0E676FE10E686F91
:10CA2C00000E696F0201A26BA46BA56BA66BA76BC2
:10CA3C00A86BA96BAA6BB00EAB6F800EAC6F080E17
:10CA4C00AD6F820EAE6F060EAF6F2E0EB06FB16B68
:10CA5C00800EB26FB36BA20E0501646FEB0E656FA7
:10CA6C00000E666F81EC73F0A00E0501646FEB0E87
:10CA7C00656F000E666F6FEC73F09E0E0501646FB0
:10CA8C00EB0E656F000E666F5DEC73F0000E070128
:10CA9C009A6F000E996F4B6A4A6A200E0501FE6F61
:10CAAC00496A486A476AA28012007EC586F57FC52E
:10CABC0087F580C588F581C589F56CEF65F082072F
:10CACC00D8A08307864B872B884B892B0501825175
:10CADC008311D8B474EF65F076EF65F087EF65F0ED
:10CAEC0088C5D9F489C5DAF486C5E1F487C5E2F4C2
:10CAFC00DE50E618D8B485EF65F087EF65F065EF8A
:10CB0C0065F082518311D8A48EEF65F090EF65F03B
:10CB1C0096EF65F0000E7F6F000E7E6FA8EF65F04C
:10CB2C0086C5D9F487C5DAF4DF50846F88C5D9F48B
:10CB3C0089C5DAF4DF50856F8551845D7E6F7F6B1C
:10CB4C00D8A07F071200050164516511D8A4B1EF7C
:10CB5C0065F0B3EF65F0B5EF65F0F5EF65F064C522
:10CB6C00D9F465C5DAF4000EDE6E000EDE6E000E32
:10CB7C00DE6E000EDD6E20EE04F06451D926655198
:10CB8C00DA22000EDE6E000EDE6E000EDE6E000E81
:10CB9C00DD6E20EE08F06451D9266551DA22000EC4
:10CBAC00DE6E000EDE6E000EDE6E000EDD6E20EE12
:10CBBC000CF06451D9266551DA22DE6ADE6ADE6A2F
:10CBCC00DD6A20EE10F06451D9266551DA22E80EA8
:10CBDC00DE6E030EDE6E000EDE6E000EDD6E1200DB
:10CBEC00050164516511D8A4FEEF65F000EF66F005
:10CBFC0002EF66F042EF66F064C5D9F465C5DAF46D
:10CC0C0066C5DEF467C5DEF468C5DEF469C5DEF41E
:10CC1C0020EE04F06451D9266551DA2266C5DEF4A3
:10CC2C0067C5DEF468C5DEF469C5DEF420EE08F0F5
:10CC3C006451D9266551DA2266C5DEF467C5DEF487
:10CC4C0068C5DEF469C5DEF420EE0CF06451D9261B
:10CC5C006551DA22DE6ADE6ADE6ADD6A20EE10F0E9
:10CC6C006451D9266551DA226AC5DEF46BC5DEF44F
:0ACC7C006CC5DEF46DC5DEF4120095
:10CC8800D8C42BF502019BA54CEF66F04EEF66F079
:10CC980059EF66F09AA553EF66F055EF66F059EF35
:10CCA80066F038EC73F08EEF66F09BAF5EEF66F0DF
:10CCB80060EF66F07AEF66F09AAF65EF66F067EFBF
:10CCC80066F07AEF66F03B50D8B46DEF66F06FEF20
:10CCD80066F076EF66F03B6A9A919A9F12EC73F0D1
:10CCE8008EEF66F025EC73F055EF66F09BA37FEFAF
:10CCF80066F081EF66F08EEF66F09AA386EF66F035
:10CD080088EF66F08EEF66F09BEC75F002019A935F
:10CD18008EEF66F02BC5D8F41100D68A000ED6BE69
:10CD2800010E0501676FD69E550E0401596FAA0EB4
:10CD3800596F59915F6B300E5E6F080E5D6F550E1F
:10CD4800596FAA0E596F5981050167B102D0D69E55
:10CD580001D0D68E030165876589658F66816683F4
:10CD680069916993699569976D97AF90D680920E8E
:10CD78000501646FEB0E656F000E666F30EC75F0A1
:10CD8800B490D682940E0501646FEB0E656F000EA9
:10CD9800666F29EC75F0B890D684960E0501646F1D
:10CDA800EB0E656F000E666F22EC75F0120064C51D
:10CDB800D9F465C5DAF4DF500601EA6FEA51D8B450
:10CDC800E8EF66F0EAEF66F0FEEF66F0150EEA614E
:10CDD800F0EF66F0F2EF66F0F4EF66F0140EEA6F2B
:10CDE800630EEA65FAEF66F0FCEF66F0FEEF66F0B8
:10CDF800640EEA6F050120EE04F06451D9266551EE
:10CE0800DA22DF500601E96FE951D8B40EEF67F076
:10CE180010EF67F024EF67F01F0EE96116EF67F077
:10CE280018EF67F01AEF67F01E0EE96F630EE965F9
:10CE380020EF67F022EF67F024EF67F0640EE96FE8
:10CE48001200CFEC74F064C574F565C575F566C558
:10CE580076F567C577F505016851745D69517559AF
:10CE68006A5176596B517759D8A03DEF67F03FEF7B
:10CE780067F04DEF67F06851745D686F69517559D7
:10CE8800696F6A5176596A6F6B5177596B6F6DEF9D
:10CE980067F0681D6C6F691D6D6F6A1D6E6F6B1D85
:10CEA8006F6F74516C25706F75516D21716F76516C
:10CEB8006E21726F77516F21736F010E7025686F45
:10CEC800000E7121696F000E72216A6F000E7321C6
:10CED8006B6F120005016E5109E1040E6D5DD8A05B
:10CEE80078EF67F07AEF67F07CEF67F0B1EF67F003
:10CEF800AA0E656F550E646F51EC75F0000E0501B2
:10CF08006C25646F000E6D21656F380E6E21666F9B
:10CF18006FC567F5B2EC6BF0680E0501706FE40E33
:10CF2800E82EFED7702FFCD7000050EC74F00009F3
:10CF3800D8A4A1EF67F0A3EF67F099EF67F006ECCC
:10CF480074F0E806D8A4ABEF67F0ADEF67F0AFEF89
:10CF580067F08FEC75F08CEC75F012000701A14BAF
:10CF6800A22BF40EA11906E1A205D8A4BEEF67F022
:10CF7800C0EF67F0D5EF67F0C1B2C5EF67F0C8EF53
:10CF880067F0010EC9EF67F0000EFF0A126E124635
:10CF9800C1501218FD0B1218C16E000EA26F000EC0
:10CFA800A16F010E3D26000E3E223F2240220601BF
:10CFB800D451D511D611D8A4E4EF67F0E6EF67F0A5
:10CFC800E8EF67F0F5EF67F002D8F5EF67F00500D6
:10CFD800FA6ED451FD6ED551FE6ED651FF6EFA50E1
:10CFE800120012002E0E05016A6F000E6B6F000E04
:10CFF8006C6FB7EC6EF0FF0AD8A405EF68F007EF86
:10D0080068F01DEF68F02E0E05016C6F000E6D6F55
:10D01800000E6E6F460E6F6F6EEC67F0000E060125
:10D02800EC6F000EED6F8C0EEE6F420EEF6F38EF67
:10D0380068F02E0E05016A6F000E6B6F000E6C6FA4
:10D04800B7EC6EF00501A76FA751996F9A6B9B6BB0
:10D058009C6B000E5BEC4BF099C5ECF69AC5EDF6AF
:10D068009BC5EEF69CC5EFF612000501786F050129
:10D0780078390F0B746F78510F0B756F64390F0B7C
:10D08800766F64510F0B776F76510A0DF3C466F50E
:10D09800F4C467F57551640DF3C468F5F4C469F513
:10D0A80074516A6F6B6BE80E6A03F3C46CF5F4C4D1
:10D0B8006DF56B03F3506D27030E6A03F3506D276C
:10D0C80068516C256E6F69516D216F6F66516E25C1
:10D0D800706F67516F21716F77517025726F000EF5
:10D0E8007121736F72C564F573C565F51200300E52
:10D0F80005016A6F000E6B6F000E6C6FB7EC6EF077
:10D108000501776F7751796F786B310E6A6F000E72
:10D118006B6F000E6C6FB7EC6EF005017A6F7A5189
:10D1280078110701086F050179510701096F320E5F
:10D1380005016A6F000E6B6F000E6C6FB7EC6EF036
:10D148000501776F775107010A6F0B6BDFC70CF783
:10D15800E0C70DF721EE08F301EE71F1050EDBC40F
:10D16800EBF4E806FCE21200050164516511D8A44D
:10D17800C0EF68F0C2EF68F0C4EF68F0F4EF68F051
:10D1880064C5D9F465C5DAF4000EDE6E000EDE6EF5
:10D19800000EDE6E000EDD6E20EE04F06451D9261E
:10D1A8006551DA22000EDE6E000EDE6E000EDE6EB7
:10D1B800000EDD6E20EE08F06451D9266551DA22A2
:10D1C800000EDE6E000EDE6E000EDE6E000EDD6EF0
:10D1D80020EE0CF06451D9266551DA22DE6ADD6A48
:10D1E800120005016A696B691CEF69F064C5D9F41E
:10D1F80065C5DAF4DF506A19696F644B652B070E51
:10D208006925F66EF76A340EF722F86A000EF822DE
:10D218000800F5506B196A6F070E6925F66EF76AF4
:10D22800330EF722F86A000EF8220800F5C46BF5F1
:10D2380066076629D8A423EF69F025EF69F0FAEFAD
:10D2480068F06B516AC567F5686B67C568F5676B09
:10D258006711646F6851656F12000601D06BD05179
:10D26800080DBE0EF324D96E080EF420DA6EDF50D6
:10D27800D8B441EF69F043EF69F061EF69F0D0513C
:10D28800080DBE0EF324D96E080EF420DA6EDF6A9C
:10D29800D051080DC30EF324D96E080EF420DA6EAF
:10D2A80002D861EF69F00500FA6EDE50FD6EDE50BF
:10D2B800FE6EDE50FF6EFA5012000601D02B060EED
:10D2C800D06569EF69F06BEF69F033EF69F0120030
:10D2D800000E0501696F000E686F66516711D8B4BA
:10D2E80078EF69F07AEF69F0A2EF69F0010E6A6FE2
:10D2F80082EF69F0D890663767376A2B67AF87EF98
:10D3080069F089EF69F07EEF69F0D890683769377E
:10D318006651645D67516559D8A095EF69F097EF3C
:10D3280069F09CEF69F06651645F6751655B6881DD
:10D33800D890673366336A2F89EF69F068C564F55A
:10D3480069C565F512005550D8A4ADEF69F0AFEF87
:10D3580069F0BEEF69F0CFEC74F064C53EF765C5BF
:10D368003FF766C540F767C541F7010E556E000ED9
:10D37800E0EF69F03EC768F53FC769F540C76AF551
:10D3880041C76BF525EC67F068C578F569C579F58F
:10D398006AC57AF56BC57BF505017B517A110BE1FE
:10D3A800E90E785D030E7959D8A0DDEF69F0DFEF5B
:10D3B80069F0BBEF69F0010E120005016A6FF9EF21
:10D3C80069F066C564F567C565F54BEC75F0B5ECB5
:10D3D80075F017EF6AF066C564F567C565F545EC45
:10D3E80075F0B3EC75F017EF6AF005016A51686FD4
:10D3F800696B6951000AD8B404EF6AF017EF6AF054
:10D408006851010AD8B4E5EF69F0030AD8B4EFEF20
:10D4180069F0010AD8B417EF6AF0070AD8B417EF11
:10D428006AF017EF6AF01200000E05016C6F000E2B
:10D438006D6F000E6E6F000E6F6F64A126EF6AF0BD
:10D4480028EF6AF030EF6AF068516C2769516D2354
:10D458006A516E236B516F23D890683769376A37E2
:10D468006B37D8906733663365336433645165111D
:10D4780066116711D8A443EF6AF045EF6AF021EF0F
:10D488006AF06CC564F56DC565F56EC566F56FC562
:10D4980067F512007E6A020E7F6E806A7F0E816ECB
:10D4A8000C0E826E836A846A856A866A886A896ACB
:10D4B8008A6A8B6A8C6AB59CB59E85908592A59E72
:10D4C800A59C8C0E0501646FEB0E656F000E666FF0
:10D4D800FFEC74F08A0E0501646FEB0E656F000EA9
:10D4E800666FF8EC74F08E0E0501646FEB0E656FD5
:10D4F800000E666F06EC75F0800E876E12006F6A7C
:10D50800020E706E716A7F0E726E0C0E736E746A04
:10D51800756A766A776A796A7A6A7B6A7C6A7D6AEA
:10D52800B39CB39E76907692A39EA39C860E05012B
:10D53800646FEB0E656F000E666F14EC75F0840E69
:10D548000501646FEB0E656F000E666F0DEC75F0EC
:10D55800880E0501646FEB0E656F000E666F1BEC9D
:10D5680075F0800E786E1200050166516711D8B407
:10D57800C0EF6AF0C2EF6AF0E6EF6AF0010E686F7A
:10D58800CAEF6AF0D89066376737682B67AFCFEF76
:10D598006AF0D1EF6AF0C6EF6AF06651645D6751D0
:10D5A8006559D8A0DAEF6AF0DCEF6AF0E0EF6AF0CC
:10D5B8006651645F6751655BD89067336633682F3F
:10D5C800D1EF6AF064C564F565C565F5120005011B
:10D5D8007E6F03EF6BF0F8EC5FF01DEF6BF094ECEF
:10D5E8005FF01DEF6BF0B9EC75F0030E81EC61F0A4
:10D5F800050EA2EC62F0F8EC5FF0F3EF6AF00501BB
:10D608007E517C6F7D6B7D51000AD8B40EEF6BF0B4
:10D618001DEF6BF07C51010AD8B4EFEF6AF0030AF2
:10D62800D8B4F3EF6AF0010AD8B4F7EF6AF01DEF47
:10D638006BF012000301F39FD96BDA6BDB6BDC6BC9
:10D64800DF6BE06BE56BE76BEC6BEE6BEF6BD86B4E
:10D65800F06BF16BF26BF46B180EF56F100EF66F42
:10D66800F76B030EF86F1F0EFA6F020EF96F000EBC
:10D678000701916F000E926F000E936F000E8E6F70
:10D68800000E8F6F000E906F4E6AAF949F94B0900B
:10D69800A090840E0301F36F1200D8EC74F01CC53F
:10D6A80026F71DC527F71EC528F71FC529F7640EDD
:10D6B8000601E36162EF6BF064EF6BF073EF6BF000
:10D6C8009AEC71F0246E480E0601E325D96EDA6AE9
:10D6D8000B0EDA2224C5DFF4E32B82EF6BF0E36B49
:10D6E800480E1C6E0B0E1D6E000E1F6E000E1E6E79
:10D6F800000E216E640E206E2EEC71F01200A30E47
:10D708000501646F070E656F000E666F000E676F88
:10D71800000E686F000E696FB80E6A6F0B0E6B6FA4
:10D72800000E6C6F000E6D6FF6EC65F08E0E050145
:10D73800646F080E656F000E666F000E676F000E4F
:10D74800686F000E696FC80E6A6F000E6B6F000E6F
:10D758006C6F000E6D6FF6EC65F01200000ED6BE11
:10D76800010E05016B6F66C545F064C568F565C5B2
:10D7780069F566C56AF569C568F56AC569F56A6BCC
:10D7880068510001446F64C543F067C546F04151D4
:10D79800F80B0309416FD69E00014DC542F04C506D
:10D7A800426F408105016BB102D0D69E01D0D68E62
:10D7B800F80E000141171200050167BFE6EF6BF094
:10D7C800E8EF6BF0F2EF6BF064C564F565C565F5DD
:10D7D80066C566F567C567F50BEF6CF064C568F557
:10D7E80065C569F566C56AF567C56BF5681F691F84
:10D7F8006A1F6B1F682B000E69236A236B2368C599
:10D8080064F569C565F56AC566F56BC567F5120007
:10D8180005016B6B2FEC72F00009D8A416EF6CF0C1
:10D8280018EF6CF035EF6CF0010E306E65C531F510
:10D8380066C532F53B6A67C533F568C534F569C511
:10D8480035F56AC536F5000E376E000E386E000ED7
:10D858003A6E000E396E3C6AD8EC70F0010E050184
:10D868006B6F05016B51120005016B6B2FEC72F0A9
:10D878000009D8A442EF6CF044EF6CF061EF6CF053
:10D88800010E306E65C531F566C532F53B6A67C570
:10D8980037F568C538F569C539F56AC53AF5000E32
:10D8A800336E000E346E000E366E000E356E3C6A16
:10D8B800FFEC72F0010E05016B6F05016B51120050
:10D8C8006FC673F670C674F679EF6CF06DC65DF6C8
:10D8D8006EC65EF6730E06015F6F060E606F71C648
:10D8E80061F672C662F6DAEC33F073C6F6F474C603
:10D8F800F7F4000EF86E0800F5500009D8A487EF79
:10D908006CF089EF6CF06AEF6CF0000E06016E6F38
:10D91800000E6D6F1200D5EC53F0000E05016D6F0F
:10D92800000E6C6FB70E6E6F0A0E6F6F460E706F3B
:10D938004AEC57F0D00E0501A86FC90EE82EFED7A5
:10D94800A82FFCD700D0B70E0501796F0A0E7A6FA1
:10D95800EAEC5DF0B70E0501646F0A0E656FDBEC4B
:10D9680066F047EC72F0F6EC67F01200000E050165
:10D97800686F000E696F000E6A6F000E6B6F6C6B3C
:10D98800D5EF6CF06C516425D96E000E6521DA6E06
:10D99800DF50676F67516827000E69236A236B237E
:10D9A8006C2B66516C5DD8A0DCEF6CF0DEEF6CF090
:10D9B800C6EF6CF068C564F569C565F5120066C503
:10D9C8006CF567C56DF564C56AF565C56BF5FDEF62
:10D9D8006CF06CC5D9F46DC5DAF4DF506E6F6C4B22
:10D9E8006D2B6AC5D9F46BC5DAF46EC5DFF46A4BE2
:10D9F8006B2B05016807D8A06907682906E1692922
:10DA0800D8A409EF6DF00BEF6DF0EDEF6CF012009C
:10DA180016C76CF517C76DF518C76EF519C76FF5FA
:10DA280064C56CF565C56DF566C56EF567C56FF5BA
:10DA38006CC568F56DC569F56EC56AF56FC56BF59A
:10DA4800200E2DEF6DF00501D8906B336A336933E2
:10DA58006833E82E27EF6DF068C564F569C565F58C
:10DA68001200040E0201946F800E956F080E966FD7
:10DA7800030E9C6F9A6B9B6B976B8D6B9DEC74F090
:10DA880002019B919B95948F050EE82EFED700000E
:10DA980000000000000000000000000002019A9150
:10DAA8009A959B85000E07018B6F000E8C6F000EF8
:10DAB8008D6F1200030E0501796F5C0EBBEC70F0E0
:10DAC80079C57EF57AC57FF5FB0E0501806F070ED7
:10DAD800816F000E836F030E826F5BEC65F00501AA
:10DAE8007E517F11D8B47BEF6DF07DEF6DF086EF3E
:10DAF8006DF0FB0EC06F070EC16F030EC26F5C0E98
:06DB0800FFEC71F01200B9
:10DB1000FAC41AF5FBC41BF541C517F542C518F543
:10DB2000FEEC6EF00701E751E811E911D8B49BEF64
:10DB30006DF09DEF6DF0AAEF6DF002D8AAEF6DF0D9
:10DB40000500FA6EE751FD6EE851FE6EE951FF6E79
:10DB5000FA501200B1981BC5FBF41AC5FAF4110073
:10DB60000501676FAFEC75F0680E0501666FE40E96
:10DB7000E82EFED7662FFCD700001FEC74F00009DA
:10DB8000D8B4C5EF6DF0C7EF6DF0BDEF6DF00501D6
:10DB90006751D7EC6DF02A0E0501666F8D0EE82EE9
:10DBA000FED7662FFCD700D0B7EC75F01200050148
:10DBB000656FA2B2DEEF6DF0E0EF6DF0E4EF6DF0B7
:10DBC00065C5A3F2FCEF6DF00501FE51D8B4EBEF93
:10DBD0006DF0EDEF6DF0FCEF6DF0200E4B24D96E83
:10DBE000DA6A0A0EDA2265C5DFF44B281F0B646F70
:10DBF00064C54BF5A292FE07A282120003011E919A
:10DC00001F6B206B030E216F050E1D6FFE0E1C6F28
:10DC10001D510501646F03011C51416E64C542F53D
:10DC20009C0E0701E76FEB0EE86F000EE96F000E28
:10DC3000E46F000EE56F000EE66FB198A188B19A0F
:10DC4000050E03011E6F1200D8C461F5FAC462F517
:10DC5000FBC463F50701E151E211E311D8B433EFDE
:10DC60006EF035EF6EF042EF6EF002D842EF6EF0DC
:10DC70000500FA6EE151FD6EE251FE6EE351FF6E5A
:10DC8000FA501200B99663C5FBF462C5FAF461C597
:10DC9000D8F411000601E36B1F0E0501646F090E35
:10DCA000656F000E676F000E666F000E696F640E81
:10DCB000686F47EC70F0480E0501646F0B0E656FDE
:10DCC000000E676F000E666F000E696F640E686F5E
:10DCD00047EC70F00601E26BADEC75F01200000E3F
:10DCE0000501776F000E766F82EF6EF075C568F5EF
:10DCF000696B73C56AF574C56BF52EEC5FF00501B1
:10DD0000764B772B76517125D96E77517221DA6E69
:10DD1000DF50756F7551D8A490EF6EF092EF6EF0F2
:10DD200076EF6EF01200000E0601041B000E051BBC
:10DD3000000E061B800E071B00C6D9F501C6DAF5DA
:10DD400002C6DBF503C6DCF504C6DDF505C6DEF567
:10DD500006C6DFF507C6E0F5FCEC2CF0D9C500F6E9
:10DD6000DAC501F6DBC502F6DCC503F612000501D3
:10DD70006C5109E1040E6B5DD8A0C1EF6EF0C3EFEA
:10DD80006EF0C6EF6EF0000EDAEF6EF0000E6A2550
:10DD90006D6F000E6B216E6F380E6C216F6F6DC54D
:10DDA00064F56EC565F56FC566F517EC72F0050193
:10DDB000706F705112000501666F05016605D8A4E9
:10DDC000E4EF6EF0E6EF6EF0EEEF6EF0A30E646F30
:10DDD000070E656FA9EC65F0FDEF6EF0020E661997
:10DDE000D8A4F5EF6EF0F7EF6EF0FDEF6EF08E0E4B
:10DDF000646F080E656FA9EC65F0120003011EA5A3
:10DE000004EF6FF006EF6FF01CEF6FF01EB10BEF39
:10DE10006FF00EEF6FF0010E0FEF6FF0000E196E46
:10DE200018501D6F17C51CF319B002D01E9102D0F7
:10DE300003011E8120EF6FF018501D6F17C51CF3F2
:02DE40001200CE
:10DE4400FAC403F5FBC404F5B39C0701855186119C
:10DE54008711D8B430EF6FF032EF6FF03FEF6FF00F
:10DE640002D83FEF6FF00500FA6E8551FD6E8651C2
:10DE7400FE6E8751FF6EFA50120004C5FBF403C511
:10DE8400FAF41100FAC407F5FBC408F5B59C0701C0
:10DE94007C517D117E11D8B452EF6FF054EF6FF0C6
:10DEA40061EF6FF002D861EF6FF00500FA6E7C51FC
:10DEB400FD6E7D51FE6E7E51FF6EFA50120008C554
:10DEC400FBF407C5FAF41100FAC413F5FBC414F506
:10DED4000701ED51EE11EF11D8B473EF6FF075EF48
:10DEE4006FF082EF6FF002D882EF6FF00500FA6EE8
:10DEF400ED51FD6EEE51FE6EEF51FF6EFA501200C1
:10DF0400B19E14C5FBF413C5FAF41100FAC415F557
:10DF1400FBC416F50701EA51EB11EC11D8B495EFE7
:10DF24006FF097EF6FF0A4EF6FF002D8A4EF6FF0EB
:10DF34000500FA6EEA51FD6EEB51FE6EEC51FF6E78
:10DF4400FA501200B19616C5FBF415C5FAF4110087
:10DF54008E0E0601146F080E156F2EC616F62FC608
:10DF640017F630C618F631C619F6C80E1A6F000E29
:10DF74001B6F000E1C6F000E1D6F18EC3AF014C6D8
:10DF84002EF615C62FF616C630F617C631F6120051
:10DF9400A30E0601146F070E156F2EC616F62FC6B4
:10DFA40017F630C618F631C619F6B80E1A6F0B0EEE
:10DFB4001B6F000E1C6F000E1D6F18EC3AF014C698
:10DFC4002EF615C62FF616C630F617C631F6120011
:10DFD40064C568F565C569F566C5F6F467C5F7F403
:10DFE4000501664B672B000EF86E68C5D9F469C548
:10DFF400DAF4684B692B0800F5C4DFF4DF50D8A4C9
:10E0040006EF70F008EF70F0EEEF6FF01200D8EC4E
:10E0140073F0BBEC74F0B1EC74F05CEC5EF083EC88
:10E024006BF08FEC6CF0C00E0501646FC80E656F69
:10E03400000E666F3EEC75F0DB0E0501716F070E86
:10E04400726F37EC4CF05EEC6DF01200A1EC75F0E1
:10E0540066EC75F0E9EC74F07FEC75F00201949FC6
:10E06400C5EC74F002019B919B95948F050EE82EEC
:10E07400FED70000000000000000000000000000C7
:10E0840002019A919A959B85120064C56AF565C54B
:10E094006BF555EF70F06AC5D9F46BC5DAF466C553
:10E0A400DFF46A4B6B2B05016807D8A06907682960
:10E0B40006E16929D8A461EF70F063EF70F04DEFC9
:10E0C40070F0120005016451651166116711D8B42E
:10E0D4006EEF70F070EF70F078EF70F0000E641B6C
:10E0E400000E651B000E661B800E671B64C564F57D
:10E0F40065C565F566C566F567C567F51200050172
:10E10400686F68C5ECF30301F39DF381F3B18DEF00
:10E1140070F08FEF70F088EF70F0EB510501676FCE
:10E12400666B0301EA5105016625646F0301000E65
:10E1340005016721656F1200A7EC74F0E2EC61F051
:10E144001EEC6BF0ECEC72F0FEEC6DF073EC72F024
:10E154005EEC72F06FEC75F035EC6DF089EC75F0F7
:10E1640083EC6AF04EEC6AF009EC65F091EC66F031
:10E17400120005017D6F7DC56CF505016D6BD30E35
:10E184006E6F070E6F6F79C570F54AEC57F0680E25
:10E1940005017C6FE40EE82EFED77C2FFCD700002F
:10E1A400D30E0501796F070E7A6F120035503610C1
:10E1B400D8B4DFEF70F0E1EF70F0EEEF70F03550AF
:10E1C4005CEC75F03B50D8B4EAEF70F0ECEF70F013
:10E1D400EEEF70F092EC75F03150312461EC75F093
:10E1E40095EC75F01200200E0501FE61FCEF70F055
:10E1F400FEEF70F010EF71F0200E4A24D96EDA6A47
:10E204000A0EDA22DF500201A36F4A281F0B296E7F
:10E2140029C54AF50501FE2B11EF71F0A2921200F7
:10E22400000A000A001EB900001400140000E300F4
:10E2340000320032000CEB00005000500006EB00EE
:10E244000064006400807B0000E803E803C2E90086
:10E2540000881388130E9A001CC522F51DC523F5EA
:10E264003CEF71F022C5D9F423C5DAF41EC5DFF4FE
:10E27400224A232A2006D8A02106202806E12128A4
:10E28400D8A447EF71F049EF71F034EF71F0120048
:10E2940005016BBF50EF71F052EF71F058EF71F060
:10E2A4006AC56AF56BC56BF564EF71F06AC56CF508
:10E2B4006BC56DF56C1F6D1F6C4B6D2B6CC56AF5D2
:10E2C4006DC56BF512001EC7E9F51FC7EAF520C737
:10E2D400EBF521C7ECF508C6E9F509C6EAF50AC667
:10E2E400EBF50BC6ECF50501EC9FE9C508F6EAC5AC
:10E2F40009F6EBC50AF6ECC50BF612005E04D8B4B9
:10E3040086EF71F088EF71F08AEF71F099EF71F098
:10E314000601E605D8B491EF71F093EF71F095EF33
:10E3240071F099EF71F0C7EC73F0B6EC73F0120072
:10E33400000E4824D96EDA6A0A0EDA22DF501D6E06
:10E3440048281F0B1C6E1CC548F5A2904750D8B432
:10E35400AEEF71F0B0EF71F0B1EF71F04706A2804B
:10E364001D501200070179517A117B11D8B4BDEF09
:10E3740071F0BFEF71F0CCEF71F002D8CCEF71F017
:10E384000500FA6E7951FD6E7A51FE6E7B51FF6E77
:10E39400FA50120012000701765177117811D8B49F
:10E3A400D6EF71F0D8EF71F0E5EF71F002D8E5EF38
:10E3B40071F00500FA6E7651FD6E7751FE6E78515C
:10E3C400FF6EFA5012001200070173517411751197
:10E3D400D8B4EFEF71F0F1EF71F0FEEF71F002D805
:10E3E400FEEF71F00500FA6E7351FD6E7451FE6E0E
:10E3F4007551FF6EFA50120012000501C46FC4C5B6
:10E404006CF505016D6BC0C56EF5C1C56FF5C2C570
:10E4140070F503EC5DF0D00E0501C36FC90EE82E54
:10E42400FED7C32FFCD700D0120066C545F064C5E3
:10E4340067F565C568F566C569F568C567F569C5B5
:10E4440068F50501696B67510001446F64C543F0C9
:10E45400F80E4117408146511200010E0501646F08
:10E464003050D8A438EF72F03AEF72F044EF72F003
:10E47400020198AF40EF72F042EF72F044EF72F095
:10E484000501646B050164511200010E05016A6FF8
:10E49400000E6B6F000E6C6FB7EC6EF00701946F9B
:10E4A400030E05016A6F000E6B6F000E6C6FB7EC04
:10E4B4006EF00701956F1200010E0301326F316B8C
:10E4C400336B1F0E2F6F2E6B820E0701E16FEB0E65
:10E4D400E26F000EE36FB996A986DF0E0301306F79
:10E4E4001200010E0301266F256B276B1F0E236F8D
:10E4F400226B9A0E0701EA6FEB0EEB6F000EEC6FC6
:10E50400B196A186DF0E0301246F1200770E060177
:10E51400856F060E866F000E6D6F000E6E6F75C6EA
:10E524006FF676C670F6850E716F060E726F64EC28
:10E534006CF012000501646F050164A1A4EF72F090
:10E54400A6EF72F0A7EF72F0C08E64A3ACEF72F086
:10E55400AEEF72F0AFEF72F0BE8A12000501646F85
:10E56400050164A1B8EF72F0BAEF72F0BBEF72F07C
:10E57400C18A64A3C0EF72F0C2EF72F0C3EF72F00D
:10E58400C38012000501646F050164A1CCEF72F031
:10E59400CEEF72F0CFEF72F0C09E64A3D4EF72F0AE
:10E5A400D6EF72F0D7EF72F0BE9A12000501646FD5
:10E5B400050164A1E0EF72F0E2EF72F0E3EF72F0B4
:10E5C400C19A64A3E8EF72F0EAEF72F0EBEF72F035
:10E5D400C39012003D0E0301196F186B570E1B6F89
:10E5E400980E0701ED6FEB0EEE6F000EEF6FB19E0C
:10E5F400A18E810E03011A6F120039503A10D8B45B
:10E6040006EF73F008EF73F00BEF73F039505CEC26
:10E6140075F0D880313461EC75F095EC75F012002A
:10E6240039503A10D8B419EF73F01BEF73F01EEFA2
:10E6340073F0395077EC75F0D880313473EC75F0A1
:10E6440098EC75F012009BEC75F09EEC75F00009E7
:10E65400D8B42FEF73F031EF73F037EF73F0000E8F
:10E6640077EC75F0000E7BEC75F01200306A000E4A
:10E67400326E3168000E336E000E346E000E376E4B
:10E68400000E386EA1EC75F066EC75F07FEC75F059
:10E694001200AA5A01FF0004080000000000000054
:10E6A4000000000900000000000000000009000054
:10E6B4000000000000000501645165116611D8B422
:10E6C40066EF73F068EF73F06EEF73F064C56AF78A
:10E6D40065C56BF766C56CF71200050164516511D9
:10E6E4006611D8B478EF73F07AEF73F080EF73F0BB
:10E6F40064C56DF765C56EF766C56FF71200050151
:10E70400645165116611D8B48AEF73F08CEF73F01D
:10E7140092EF73F064C570F765C571F766C572F75B
:10E7240012000501645165116611D8B49CEF73F0B1
:10E734009EEF73F0A4EF73F064C55EF765C55FF7F1
:10E7440066C560F71200050174510008766F76C53E
:10E7540075F571C56CF572C56DF573C56EF575C546
:10E764006FF56EEC67F01200A20E0601466F080EFC
:10E77400476F580E486F050E496FF40E4A6F060E28
:10E784004B6F110EA9EC31F01200B00E0601466F6A
:10E79400080E476F5A0E486F050E496FF50E4A6F03
:10E7A400060E4B6F1C0EA9EC31F01200B7EC75F09D
:10E7B400B9EC75F0010ED8EC72F0020ED8EC72F0E0
:0EE7C400010EC4EC72F0020EC4EC72F01200F2
:10E7D400D8C42EF5A4EC75F037C5D9F438C5DAF4ED
:10E7E400DF6E374A382A2EC5D8F41100D8C460F534
:10E7F40033C5D9F434C5DAF4334A342ADF507BEC18
:10E8040075F060C5D8F41100000141AF0CEF74F04D
:10E814000EEF74F011EF74F0010E12EF74F0000EAD
:10E8240012009EEC70F0D68ED68C09EC70F031ECB0
:10E8340069F019EF74F081EF18F00501FE51D8A4C6
:10E8440026EF74F029EF74F0010E2AEF74F0000E35
:02E854001200B0
:10E85800FAC409F5FBC40AF5AF90B4EC71F00AC527
:10E86800FBF409C5FAF41100FAC40BF5FBC40CF566
:10E87800B490CDEC71F00CC5FBF40BC5FAF41100A3
:10E88800FAC40DF5FBC40EF5B890E6EC71F00EC5B0
:10E89800FBF40DC5FAF41100000140B156EF74F015
:10E8A80059EF74F0010E5AEF74F0000E12000201D5
:10E8B80095BB61EF74F064EF74F0010E65EF74F0CE
:10E8C800000E1200020198B76CEF74F06FEF74F04D
:10E8D800010E70EF74F0000E1200020197BD77EF81
:10E8E80074F07AEF74F0010E7BEF74F0000E1200F2
:10E8F800020197BB82EF74F085EF74F0010E86EF8A
:10E9080074F0000E1200020198A78DEF74F090EFDA
:10E9180074F0010E91EF74F0000E1200FAC427F59E
:10E92800FBC428F58EEC4EF028C5FBF427C5FAF495
:10E938001100A584A586A580A58202019B859B83DD
:10E948009B8F97811200600E0001AD6FAF6BB36BA8
:10E95800080EB16FB06BAC6B1200A20E0501646FAC
:10E96800D60E656F000E666F93EC73F01200640E9E
:10E978000501646FCF0E656F000E666F37EC75F09A
:10E988001200A584A586A580A58202019B859B838C
:10E998009B8F978112003DC564F53EC565F53FC55F
:10E9A80066F540C567F512003DC51CF53EC51DF569
:10E9B8003FC51EF540C51FF51200DB0E0501C06FEF
:10E9C800070EC16F4AEC4FF01200A594A596A590CA
:10E9D800A59202019B6B976B1200060504030201C6
:10E9E80001000000C000001264C57FF765C580F70C
:10E9F80066C581F7120064C582F765C583F766C5E9
:10EA080084F7120064C57CF765C57DF766C57EF797
:10EA1800120064C588F765C589F766C58AF71200CC
:10EA280064C5D1F665C5D2F666C5D3F6120064C5CD
:10EA380085F765C586F766C587F7120064C573F75D
:10EA480065C574F766C575F7120064C576F765C5C0
:10EA580077F766C578F7120064C579F765C57AF760
:10EA680066C57BF7120064C5EDF765C5EEF766C5A8
:10EA7800EFF7120064C5D4F665C5D5F666C5D6F6B7
:10EA8800120064C589F4050165518A6E120064C5D7
:10EA98007AF4050165517B6E1200050165514C6ED3
:10EAA80064C54DF5120000008C420301010101010B
:10EAB8000501646F64C58DF212000501646F64C5B9
:10EAC8008FF212000201979B979D97991200010EF1
:10EAD8005CEC60F01200C30E0301D76F12002A6EBF
:10EAE8002AC58FF212002C6E2CC58DF212002F6EE3
:10EAF8002FC58CF212000201996B998512001EEC49
:10EB080038F012000AEC42F012008FEC75F0120097
:10EB18004C6A4D6A12000001419F12000201948D57
:10EB280012000201948B12000201948B1200020160
:10EB3800949D120002018D51120002019A6B12007D
:06EB480002018B511200D6
:10EB5000F5EC70F01100A2901200A2801200C186A4
:10EB60001200C38A12008784120078841200C196B2
:06EB70001200C39A12001E
:10EB7800AF941100B09011000101120012001200B0
:10EB880012001200120012001100120012001200EE
:0CEB980012001200120012001200120005
:020000040030CA
:080000008FFFEFFF9FFFFFFFE0
:01000900FFF7
:00000001FF
