:0430000081EF18F054
:103008008634863486348634400C8634400C8634C4
:10301800B8338634803486348634863486348634AD
:103028008134400C400C400C863486348634863417
:1030380086348634863495318430863486348431B7
:10304800F133733486348634400C400C863486342D
:10305800863486348634400C863486346231912B2B
:10306800BE33863486348634863486348634863451
:10307800A333AA338C2DD62A400C86347331BE2B49
:103088008634863486348634863486348634863468
:103098008634863486348634400C8634400C400CA2
:1030A800C43386348634863486348634863486340B
:1030B800863486348634D2308634863486348634F0
:1030C8008634863486348634863486348634863428
:1030D8008634863486348634863486348634863418
:1030E800400C863486348634400C400C400C400C2E
:1030F8008634863486348634FF0021EF51F0000090
:10310800C0C101C30302C2C60607C705C5C404CCB3
:103118000C0DCD0FCFCE0E0ACACB0BC90908C8D8E3
:103128001819D91BDBDA1A1EDEDF1FDD1D1CDC14A3
:10313800D4D515D71716D6D21213D311D1D010F073
:103148003031F133F3F23236F6F737F53534F43CF3
:10315800FCFD3DFF3F3EFEFA3A3BFB39F9F83828C3
:10316800E8E929EB2B2AEAEE2E2FEF2DEDEC2CE4E3
:103178002425E527E7E62622E2E323E12120E0A053
:103188006061A163A3A26266A6A767A56564A46C33
:10319800ACAD6DAF6F6EAEAA6A6BAB69A9A8687863
:1031A800B8B979BB7B7ABABE7E7FBF7DBDBC7CB423
:1031B8007475B577B7B67672B2B373B17170B05033
:1031C8009091519353529296565797559594549C73
:1031D8005C5D9D5F9F9E5E5A9A9B5B995958988843
:1031E8004849894B8B8A4A4E8E8F4F8D4D4C8C4463
:1031F80084854587474686824243834181804000D3
:10320800C1814001C0804101C0804100C1814001AD
:10321800C0804100C1814000C1814001C08041019E
:10322800C0804100C1814000C1814001C08041008F
:10323800C1814001C0804101C0804100C18140017D
:10324800C0804100C1814000C1814001C08041006F
:10325800C1814001C0804101C0804100C18140005E
:10326800C1814001C0804101C0804100C18140014D
:10327800C0804100C1814000C1814001C08041013E
:10328800C0804100C1814000C1814001C08041002F
:10329800C1814001C0804101C0804100C18140001E
:1032A800C1814001C0804101C0804100C18140010D
:1032B800C0804100C1814000C1814001C0804100FF
:1032C800C1814001C0804101C0804100C1814001ED
:1032D800C0804100C1814000C1814001C0804101DE
:1032E800C0804100C1814000C1814001C0804100CF
:1032F800C1814001C0804101C0804100C1814000BE
:10330800C0C101C30302C2C60607C705C5C404CCB1
:103318000C0DCD0FCFCE0E0ACACB0BC90908C8D8E1
:103328001819D91BDBDA1A1EDEDF1FDD1D1CDC14A1
:10333800D4D515D71716D6D21213D311D1D010F071
:103348003031F133F3F23236F6F737F53534F43CF1
:10335800FCFD3DFF3F3EFEFA3A3BFB39F9F83828C1
:10336800E8E929EB2B2AEAEE2E2FEF2DEDEC2CE4E1
:103378002425E527E7E62622E2E323E12120E0A051
:103388006061A163A3A26266A6A767A56564A46C31
:10339800ACAD6DAF6F6EAEAA6A6BAB69A9A8687861
:1033A800B8B979BB7B7ABABE7E7FBF7DBDBC7CB421
:1033B8007475B577B7B67672B2B373B17170B05031
:1033C8009091519353529296565797559594549C71
:1033D8005C5D9D5F9F9E5E5A9A9B5B995958988841
:1033E8004849894B8B8A4A4E8E8F4F8D4D4C8C4461
:1033F80084854587474686824243834181804000D1
:10340800C1814001C0804101C0804100C1814001AB
:10341800C0804100C1814000C1814001C08041019C
:10342800C0804100C1814000C1814001C08041008D
:10343800C1814001C0804101C0804100C18140017B
:10344800C0804100C1814000C1814001C08041006D
:10345800C1814001C0804101C0804100C18140005C
:10346800C1814001C0804101C0804100C18140014B
:10347800C0804100C1814000C1814001C08041013C
:10348800C0804100C1814000C1814001C08041002D
:10349800C1814001C0804101C0804100C18140001C
:1034A800C1814001C0804101C0804100C18140010B
:1034B800C0804100C1814000C1814001C0804100FD
:1034C800C1814001C0804101C0804100C1814001EB
:1034D800C0804100C1814000C1814001C0804101DC
:1034E800C0804100C1814000C1814001C0804100CD
:1034F800C1814001C0804101C0804100C1814000BC
:10350800C0C101C30302C2C60607C705C5C404CCAF
:103518000C0DCD0FCFCE0E0ACACB0BC90908C8D8DF
:103528001819D91BDBDA1A1EDEDF1FDD1D1CDC149F
:10353800D4D515D71716D6D21213D311D1D010F06F
:103548003031F133F3F23236F6F737F53534F43CEF
:10355800FCFD3DFF3F3EFEFA3A3BFB39F9F83828BF
:10356800E8E929EB2B2AEAEE2E2FEF2DEDEC2CE4DF
:103578002425E527E7E62622E2E323E12120E0A04F
:103588006061A163A3A26266A6A767A56564A46C2F
:10359800ACAD6DAF6F6EAEAA6A6BAB69A9A868785F
:1035A800B8B979BB7B7ABABE7E7FBF7DBDBC7CB41F
:1035B8007475B577B7B67672B2B373B17170B0502F
:1035C8009091519353529296565797559594549C6F
:1035D8005C5D9D5F9F9E5E5A9A9B5B99595898883F
:1035E8004849894B8B8A4A4E8E8F4F8D4D4C8C445F
:1035F80084854587474686824243834181804000CF
:10360800C1814001C0804101C0804100C1814001A9
:10361800C0804100C1814000C1814001C08041019A
:10362800C0804100C1814000C1814001C08041008B
:10363800C1814001C0804101C0804100C181400179
:10364800C0804100C1814000C1814001C08041006B
:10365800C1814001C0804101C0804100C18140005A
:10366800C1814001C0804101C0804100C181400149
:10367800C0804100C1814000C1814001C08041013A
:10368800C0804100C1814000C1814001C08041002B
:10369800C1814001C0804101C0804100C18140001A
:1036A800C1814001C0804101C0804100C181400109
:1036B800C0804100C1814000C1814001C0804100FB
:1036C800C1814001C0804101C0804100C1814001E9
:1036D800C0804100C1814000C1814001C0804101DA
:1036E800C0804100C1814000C1814001C0804100CB
:1036F800C1814001C0804101C0804100C1814000BA
:10370800C0C101C30302C2C60607C705C5C404CCAD
:103718000C0DCD0FCFCE0E0ACACB0BC90908C8D8DD
:103728001819D91BDBDA1A1EDEDF1FDD1D1CDC149D
:10373800D4D515D71716D6D21213D311D1D010F06D
:103748003031F133F3F23236F6F737F53534F43CED
:10375800FCFD3DFF3F3EFEFA3A3BFB39F9F83828BD
:10376800E8E929EB2B2AEAEE2E2FEF2DEDEC2CE4DD
:103778002425E527E7E62622E2E323E12120E0A04D
:103788006061A163A3A26266A6A767A56564A46C2D
:10379800ACAD6DAF6F6EAEAA6A6BAB69A9A868785D
:1037A800B8B979BB7B7ABABE7E7FBF7DBDBC7CB41D
:1037B8007475B577B7B67672B2B373B17170B0502D
:1037C8009091519353529296565797559594549C6D
:1037D8005C5D9D5F9F9E5E5A9A9B5B99595898883D
:1037E8004849894B8B8A4A4E8E8F4F8D4D4C8C445D
:1037F80084854587474686824243834181804000CD
:10380800C1814001C0804101C0804100C1814001A7
:10381800C0804100C1814000C1814001C080410198
:10382800C0804100C1814000C1814001C080410089
:10383800C1814001C0804101C0804100C181400177
:10384800C0804100C1814000C1814001C080410069
:10385800C1814001C0804101C0804100C181400058
:10386800C1814001C0804101C0804100C181400147
:10387800C0804100C1814000C1814001C080410138
:10388800C0804100C1814000C1814001C080410029
:10389800C1814001C0804101C0804100C181400018
:1038A800C1814001C0804101C0804100C181400107
:1038B800C0804100C1814000C1814001C0804100F9
:1038C800C1814001C0804101C0804100C1814001E7
:1038D800C0804100C1814000C1814001C0804101D8
:1038E800C0804100C1814000C1814001C0804100C9
:1038F800C1814001C0804101C0804100C1814000B8
:10390800C0C101C30302C2C60607C705C5C404CCAB
:103918000C0DCD0FCFCE0E0ACACB0BC90908C8D8DB
:103928001819D91BDBDA1A1EDEDF1FDD1D1CDC149B
:10393800D4D515D71716D6D21213D311D1D010F06B
:103948003031F133F3F23236F6F737F53534F43CEB
:10395800FCFD3DFF3F3EFEFA3A3BFB39F9F83828BB
:10396800E8E929EB2B2AEAEE2E2FEF2DEDEC2CE4DB
:103978002425E527E7E62622E2E323E12120E0A04B
:103988006061A163A3A26266A6A767A56564A46C2B
:10399800ACAD6DAF6F6EAEAA6A6BAB69A9A868785B
:1039A800B8B979BB7B7ABABE7E7FBF7DBDBC7CB41B
:1039B8007475B577B7B67672B2B373B17170B0502B
:1039C8009091519353529296565797559594549C6B
:1039D8005C5D9D5F9F9E5E5A9A9B5B99595898883B
:1039E8004849894B8B8A4A4E8E8F4F8D4D4C8C445B
:1039F80084854587474686824243834181804000CB
:103A0800C1814001C0804101C0804100C1814001A5
:103A1800C0804100C1814000C1814001C080410196
:103A2800C0804100C1814000C1814001C080410087
:103A3800C1814001C0804101C0804100C181400175
:103A4800C0804100C1814000C1814001C080410067
:103A5800C1814001C0804101C0804100C181400056
:103A6800C1814001C0804101C0804100C181400145
:103A7800C0804100C1814000C1814001C080410136
:103A8800C0804100C1814000C1814001C080410027
:103A9800C1814001C0804101C0804100C181400016
:103AA800C1814001C0804101C0804100C181400105
:103AB800C0804100C1814000C1814001C0804100F7
:103AC800C1814001C0804101C0804100C1814001E5
:103AD800C0804100C1814000C1814001C0804101D6
:103AE800C0804100C1814000C1814001C0804100C7
:103AF800C1814001C0804101C0804100C1814000B6
:103B0800C0C101C30302C2C60607C705C5C404CCA9
:103B18000C0DCD0FCFCE0E0ACACB0BC90908C8D8D9
:103B28001819D91BDBDA1A1EDEDF1FDD1D1CDC1499
:103B3800D4D515D71716D6D21213D311D1D010F069
:103B48003031F133F3F23236F6F737F53534F43CE9
:103B5800FCFD3DFF3F3EFEFA3A3BFB39F9F83828B9
:103B6800E8E929EB2B2AEAEE2E2FEF2DEDEC2CE4D9
:103B78002425E527E7E62622E2E323E12120E0A049
:103B88006061A163A3A26266A6A767A56564A46C29
:103B9800ACAD6DAF6F6EAEAA6A6BAB69A9A8687859
:103BA800B8B979BB7B7ABABE7E7FBF7DBDBC7CB419
:103BB8007475B577B7B67672B2B373B17170B05029
:103BC8009091519353529296565797559594549C69
:103BD8005C5D9D5F9F9E5E5A9A9B5B995958988839
:103BE8004849894B8B8A4A4E8E8F4F8D4D4C8C4459
:103BF80084854587474686824243834181804000C9
:103C0800C1814001C0804101C0804100C1814001A3
:103C1800C0804100C1814000C1814001C080410194
:103C2800C0804100C1814000C1814001C080410085
:103C3800C1814001C0804101C0804100C181400173
:103C4800C0804100C1814000C1814001C080410065
:103C5800C1814001C0804101C0804100C181400054
:103C6800C1814001C0804101C0804100C181400143
:103C7800C0804100C1814000C1814001C080410134
:103C8800C0804100C1814000C1814001C080410025
:103C9800C1814001C0804101C0804100C181400014
:103CA800C1814001C0804101C0804100C181400103
:103CB800C0804100C1814000C1814001C0804100F5
:103CC800C1814001C0804101C0804100C1814001E3
:103CD800C0804100C1814000C1814001C0804101D4
:103CE800C0804100C1814000C1814001C0804100C5
:103CF800C1814001C0804101C0804100C18140BEF6
:103D0800B30000000042CA00AEC20000000028CF85
:103D1800000000000000000000000000000000009B
:103D2800000000000000000000000000000000008B
:103D3800000000000044CE0000000020CE00FCCDB2
:103D480000D8CD000000001AC10000000020BE000D
:103D580078BE00000000000000000000CECB00008C
:103D680000000000004348317C493A252E32667C29
:103D7800563A252E32667C503A252E32667C5057AC
:103D88004D3A25647C0A0D20004348327C493A2587
:103D98002E32667C563A252E32667C503A252E32D3
:103DA800667C50574D3A25647C0A0D200053503AE2
:103DB800252E32667C55524745313A25647C55524A
:103DC8004745323A25647C200A0D200054656D7001
:103DD8003A252E32667C0A0D200056696E3A256413
:103DE8007C200A0D20007069643A25647C0A0D2045
:103DF8000050726F3A25647C0A0D200025647C25EA
:103E0800640A0D2000563A25640A0D002530325800
:103E180000696E66006E616E00000601446B1EC686
:103E280045F61FC646F620C647F621C648F648BFDF
:103E380022EF1FF020EF1FF036EF1FF0010E446F46
:103E480045C663F546C664F547C665F548C666F5D2
:103E580026EC64F063C545F664C546F665C547F6C5
:103E680066C548F6000E06014A6F000E496FC3C6C4
:103E780038F6C4C639F64451D8B445EF1FF047EFB9
:103E88001FF05BEF1FF04451D8A44DEF1FF04FEF28
:103E98001FF055EF1FF0000E2A6F2B0E296F59EFF8
:103EA8001FF0000E2A6F2D0E296F29C644F645C64D
:103EB80063F546C664F547C665F548C666F525EC5C
:103EC80050F0050163056411D8A46DEF1FF06FEF82
:103ED8001FF0A6EF1FF006014451D8B476EF1FF08B
:103EE80078EF1FF081EF1FF044C673F93807D8A0A8
:103EF8003907000E4A6F010E496F730E49250501F7
:103F0800636F090E06014A210501646F190E656F7A
:103F18003E0E666FAEEC63F00601FD0E3827FF0E0D
:103F280039231CC677F51DC678F5730E0501796F20
:103F3800090E7A6F38C67BF539C67CF58CEC59F0DA
:103F480086EF24F045C663F546C664F547C665F5B1
:103F580048C666F525EC50F0050163516411D8A4F4
:103F6800B8EF1FF0BAEF1FF0DDEF1FF00601445164
:103F7800D8B4C1EF1FF0C3EF1FF0CCEF1FF044C659
:103F880073F93807D8A03907000E4A6F010E496F38
:103F9800730E49250501636F090E06014A210501C3
:103FA800646F1D0E656F3E0E666FAEEC63F090EFAA
:103FB8001FF0000E06014B6F000E4C6F800E4D6F08
:103FC8003F0E4E6F000E336F000E326F45C663F51D
:103FD80046C664F547C665F548C666F5000E050190
:103FE800676F000E686F000E696F000E6A6FE0EC75
:103FF80058F00501D8B003EF20F005EF20F0FFEFEF
:1040080020F012EF20F034C64BF635C64CF636C613
:104018004DF637C64EF60601324B332B4BC6BFF56D
:104028004CC6C0F54DC6C1F54EC6C2F5000E050119
:10403800C36F000EC46F200EC56F410EC66F02EC31
:104048002EF0BFC534F6C0C535F6C1C536F6C2C5B3
:1040580037F606013451455D0501636F0601355198
:1040680046590501646F0601365147590501656FC8
:104078000601375148590501666FB8EC5EF0050135
:1040880066BF52EF20F066516511641109E1020E16
:10409800635DD8A052EF20F054EF20F007EF20F036
:1040A80034C600F635C601F636C602F637C603F63C
:1040B80045C604F646C605F647C606F648C607F6D8
:1040C80006EC4AF00601D8A06CEF20F06EEF20F065
:1040D80007EF20F04B51455D0501636F06014C5118
:1040E80046590501646F06014D5147590501656F31
:1040F80006014E5148590501666FB8EC5EF005019E
:1041080066BF94EF20F066516511641107E1020E55
:10411800635DD8B092EF20F094EF20F0E5EF20F047
:104128004BC645F64CC646F64DC647F64EC648F64B
:10413800FFEF20F04BC6A6F54CC6A7F54DC6A8F56F
:104148004EC6A9F5000E0501AA6F000EAB6F200E32
:10415800AC6F410EAD6FDAEC35F0A6C54BF6A7C5CE
:104168004CF6A8C54DF6A9C54EF606013207D8A0EB
:1041780033074B51455D0501636F06014C514659A4
:104188000501646F06014D5147590501656F060128
:104198004E5148590501666FB8EC5EF0050166BFDF
:1041A800E3EF20F066516511641107E1020E635DCB
:1041B800D8B0E1EF20F0E3EF20F0E5EF20F094EF46
:1041C80020F045C600F646C601F647C602F648C6C0
:1041D80003F64BC604F64CC605F64DC606F64EC6A3
:1041E80007F606EC4AF00601D8A0FDEF20F0FFEF35
:1041F80020F09EEF20F022C62CF62CC62DF60601E4
:10420800C6BF09EF21F00BEF21F011EF21F0C5C671
:1042180025F6C6C626F615EF21F0000E266F060E07
:10422800256F25C630F626C631F6304B312B660E83
:104238002D19D8A422EF21F024EF21F044EF21F02A
:1042480033BF2BEF21F029EF21F037EF21F0000EDB
:104258004B6F000E4C6F800E4D6F3F0E4E6F000E71
:10426800336F000E326F670E2C19D8B43EEF21F071
:1042780040EF21F044EF21F0325130273351312300
:10428800000E436F000E426F45C63AF646C63BF62F
:1042980047C63CF648C63DF64BC634F64CC635F61E
:1042A8004DC636F64EC637F6D6EF21F03AC6A6F515
:1042B8003BC6A7F53CC6A8F53DC6A9F54BC6AAF569
:1042C8004CC6ABF54DC6ACF54EC6ADF5DAEC35F0DF
:1042D800A6C5BFF5A7C5C0F5A8C5C1F5A9C5C2F54E
:1042E800A6EC40F0BFC53EF6C0C53FF6C1C540F6D6
:1042F800C2C541F63EC618F63FC619F640C61AF6BC
:1043080041C61BF676EC4DF018C62EF619C62FF6E8
:104318003AC6D8F53BC6D9F53CC6DAF53DC6DBF555
:104328003EC6C3F53FC6C4F540C6C5F541C6C6F589
:104338004BC6BFF54CC6C0F54DC6C1F54EC6C2F555
:1043480002EC2EF0BFC5DCF5C0C5DDF5C1C5DEF554
:10435800C2C5DFF513EC62F0D8C53AF6D9C53BF60D
:10436800DAC53CF6DBC53DF64BC6A6F54CC6A7F547
:104378004DC6A8F54EC6A9F5000E0501AA6F000E98
:10438800AB6F200EAC6F410EAD6FDAEC35F0A6C501
:104398004BF6A7C54CF6A8C54DF6A9C54EF60601BD
:1043A800424B432B3051425D4351800A0501F66F61
:1043B80006013151800A0501F659D8A0E6EF21F02F
:1043C800E8EF21F05AEF21F04BC6BFF54CC6C0F517
:1043D8004DC6C1F54EC6C2F5000EC36F000EC46FC0
:1043E800A00EC56F400EC66F02EC2EF0BFC53EF69C
:1043F800C0C53FF6C1C540F6C2C541F63AC600F68B
:104408003BC601F63CC602F63DC603F63EC604F6B8
:104418003FC605F640C606F641C607F606EC4AF062
:104428000601D8B01AEF22F01CEF22F026EF22F096
:10443800000E3E6F000E3F6F000E406F000E416F82
:1044480050EF22F03AC663F53BC664F53CC665F505
:104458003DC666F53EC667F53FC668F540C669F5D0
:1044680041C66AF5E0EC58F00501D8A03EEF22F00D
:1044780040EF22F050EF22F006012EB146EF22F075
:1044880048EF22F050EF22F0000E3E6F000E3F6F13
:10449800000E406F000E416F45C663F546C664F5D1
:1044A80047C665F548C666F53EC667F53FC668F572
:1044B80040C669F541C66AF58DEC29F063C53AF640
:1044C80064C53BF665C53CF666C53DF63AC600F6DA
:1044D8003BC601F63CC602F63DC603F6000E0501D2
:1044E800C36F000EC46F200EC56F410EC66F34C671
:1044F800BFF535C6C0F536C6C1F537C6C2F502ECFC
:104508002EF0BFC504F6C0C505F6C1C506F6C2C57E
:1045180007F606EC4AF00601D8A095EF22F097EFCF
:1045280022F0C0EF22F0324B332B34C6BFF535C62C
:10453800C0F536C6C1F537C6C2F5000E0501C36F12
:10454800000EC46F200EC56F410EC66F02EC2EF030
:10455800BFC534F6C0C535F6C1C536F6C2C537F68F
:10456800660E06012D19D8A4BCEF22F0BEEF22F08A
:10457800C0EF22F0304B312B34C64BF635C64CF623
:1045880036C64DF637C64EF632C623F633C624F67F
:104598002B6B000E286F000E276F000E436F000E66
:1045A800426FBDEF23F03AC6A6F53BC6A7F53CC659
:1045B800A8F53DC6A9F54BC6AAF54CC6ABF54DC640
:1045C800ACF54EC6ADF5DAEC35F0A6C5BFF5A7C516
:1045D800C0F5A8C5C1F5A9C5C2F5A6EC40F0BFC590
:1045E8003EF6C0C53FF6C1C540F6C2C541F63EC657
:1045F80018F63FC619F640C61AF641C61BF676EC01
:104608004DF0060119BF14EF23F0195107E10A0E06
:10461800185DD8B012EF23F014EF23F024EF23F045
:104628003EC618F63FC619F640C61AF641C61BF62E
:1046380076EC4DF018C62EF619C62FF628EF23F0A3
:10464800000E2F6F090E2E6F06012B51D8A42FEFE5
:1046580023F031EF23F059EF23F024BF38EF23F094
:1046680036EF23F059EF23F0730E4925D96E090E62
:104678004A21DA6E2E0EDF6E494B4A2B3807D8A036
:104688003907010E2B6F59EF23F0730E4925D96EA8
:10469800090E4A21DA6E300EDF6E494B4A2B380775
:1046A800D8A039072707D8A0280727512811D8A448
:1046B80060EF23F062EF23F049EF23F0730E4925F2
:1046C800D96E090E4A21DA6E2E51300FDF6E494B32
:1046D8004A2B3807D8A039073AC6D8F53BC6D9F5CA
:1046E8003CC6DAF53DC6DBF53EC6C3F53FC6C4F5A4
:1046F80040C6C5F541C6C6F54BC6BFF54CC6C0F5A4
:104708004DC6C1F54EC6C2F502EC2EF0BFC5DCF5AC
:10471800C0C5DDF5C1C5DEF5C2C5DFF513EC62F035
:10472800D8C53AF6D9C53BF6DAC53CF6DBC53DF641
:104738004BC6A6F54CC6A7F54DC6A8F54EC6A9F5B5
:10474800000E0501AA6F000EAB6F200EAC6F410E74
:10475800AD6FDAEC35F0A6C54BF6A7C54CF6A8C583
:104768004DF6A9C54EF606012307D8A02407424BEB
:10477800432B3051425D4351800A0501F66F060113
:104788003151800A0501F659D8B0CDEF23F0CFEFAB
:1047980023F0DEEF23F006014ABFDCEF23F04A5195
:1047A80009E14B0E495DD8A0DCEF23F0DEEF23F0E2
:1047B800D7EF22F0000E0601436F4F0E426F730EC3
:1047C8004225D96E090E4321DA6EDF6A730E0501A0
:1047D800F66F090EF76F060149510501F65F0601EC
:1047E8004A510501F75B060142510501F625636F41
:1047F800060143510501F721646F730E656F090EB9
:10480800666F49C667F54AC668F5E9EC5FF00601C8
:104818004951425D496F4A5143594A6F4451D8A49E
:1048280018EF24F01BEF24F0010E1CEF24F0000E0B
:10483800426F436BD9A323EF24F025EF24F05BEFFD
:1048480024F036EF24F006014907D8A04A07730E72
:104858004925D96E090E4A21DA6E300EDF6E380707
:10486800D8A039073851425D4351800A0501F66FD7
:1048780006013951800A0501F659D8B046EF24F0EF
:1048880048EF24F05BEF24F006014951425D4351A3
:10489800800A0501F66F06014A51800A0501F6599A
:1048A800D8A059EF24F05BEF24F027EF24F006019D
:1048B8004451D8B462EF24F064EF24F06FEF24F091
:1048C8004907D8A04A07730E4925D96E090E4A210F
:1048D800DA6E44C6DFF44251385F4351395B1CC677
:1048E80077F51DC678F5730E49250501796F090E10
:1048F80006014A2105017A6F38C67BF539C67CF571
:104908008CEC59F012001EC6D8F51FC6D9F520C682
:10491800DAF521C6DBF522C6DCF523C6DDF524C6AB
:10492800DEF525C6DFF513EC62F0D8C546F6D9C525
:1049380047F6DAC548F6DBC549F646C6E0F547C688
:10494800E1F548C6E2F549C6E3F5D1EC64F0E0C507
:104958004EF6E1C54FF6E2C550F6E3C551F606013D
:1049680020EE05F01C51D9261D51DA22DEC44AF684
:10497800DEC44BF6DEC44CF6DEC44DF6000E006F06
:10498800000E016F480E026F420E036F4EC604F60A
:104998004FC605F650C606F651C607F606EC4AF0AD
:1049A8000601D8B0DAEF24F0DCEF24F0F9EF24F0B8
:1049B8004AC6BFF54BC6C0F54CC6C1F54DC6C2F5D3
:1049C800CD0E0501C36FCC0EC46FCC0EC56F3D0E66
:1049D800C66F02EC2EF0BFC54AF6C0C54BF6C1C57E
:1049E8004CF6C2C54DF665EF25F0000E006F000EBF
:1049F800016FA00E026F410E036F4EC604F64FC63C
:104A080005F650C606F651C607F606EC4AF006014A
:104A1800D8B011EF25F013EF25F030EF25F04AC696
:104A2800BFF54BC6C0F54CC6C1F54DC6C2F59A0ECA
:104A38000501C36F990EC46F990EC56F3E0EC66F00
:104A480002EC2EF0BFC54AF6C0C54BF6C1C54CF600
:104A5800C2C54DF665EF25F04EC600F64FC601F605
:104A680050C602F651C603F6000E046F000E056F1D
:104A7800A00E066F400E076F06EC4AF00601D8B08C
:104A880048EF25F04AEF25F065EF25F04AC6BFF557
:104A98004BC6C0F54CC6C1F54DC6C2F5000E0501A2
:104AA800C36F000EC46F000EC56F400EC66F02ECD8
:104AB8002EF0BFC54AF6C0C54BF6C1C54CF6C2C5F7
:104AC8004DF6060120EE01F01C51D9261D51DA22BF
:104AD800DEC4BFF5DEC4C0F5DEC4C1F5DEC4C2F570
:104AE80046C6C3F547C6C4F548C6C5F549C6C6F5A2
:104AF80002EC2EF0BFC526F6C0C527F6C1C528F6BC
:104B0800C2C529F64EC600F64FC601F650C602F6D3
:104B180051C603F6000E0601046F000E056F480E1D
:104B2800066F420E076F06EC4AF00601D8B09FEFF9
:104B380025F0A1EF25F080EF27F046C652F647C6CC
:104B480053F648C654F649C655F6000E006F000ED7
:104B5800016FF00E026F410E036F4EC604F64FC68A
:104B680005F650C606F651C607F606EC4AF00601E9
:104B7800D8B0C1EF25F0C3EF25F009EF26F0000EFD
:104B8800006F000E016F200E026F420E036F52C6B7
:104B980004F653C605F654C606F655C607F606ECDF
:104BA8004AF00601D8B0DBEF25F0DDEF25F0E5EFA0
:104BB80025F0000E526F000E536F200E546F420EF8
:104BC800556F52C600F653C601F654C602F655C6CE
:104BD80003F6000E046F000E056F200E066FC20E5E
:104BE800076F06EC4AF00601D8B0FDEF25F0FFEF9D
:104BF80025F0DCEF26F0000E526F000E536F200EEA
:104C0800546FC20E556FDCEF26F0000E006F000ED9
:104C1800016F200E026F410E036F4EC604F64FC699
:104C280005F650C606F651C607F606EC4AF0060128
:104C3800D8B021EF26F023EF26F098EF26F04EC6E5
:104C4800BFF54FC6C0F550C6C1F551C6C2F5CD0E69
:104C58000501C36FCC0EC46F4C0EC56F3F0EC66FF7
:104C680002EC2EF0BFC53EF6C0C53FF6C1C540F602
:104C7800C2C541F63EC600F63FC601F640C602F67A
:104C880041C603F652C604F653C605F654C606F6E0
:104C980055C607F606EC4AF00601D8B056EF26F0DE
:104CA80058EF26F060EF26F03EC652F63FC653F6A0
:104CB80040C654F641C655F652C600F653C601F62C
:104CC80054C602F655C603F63EC663F53FC664F5FC
:104CD80040C665F541C666F526EC64F063C504F682
:104CE80064C505F665C506F666C507F606EC4AF01E
:104CF8000601D8B082EF26F084EF26F0DCEF26F02C
:104D08003EC663F53FC664F540C665F541C666F51F
:104D180026EC64F063C552F664C553F665C554F6CF
:104D280066C555F6DCEF26F0000E006F000E016F29
:104D3800A00E026F400E036F52C604F653C605F666
:104D480054C606F655C607F606EC4AF00601D8B072
:104D5800B0EF26F0B2EF26F0BAEF26F0000E526F51
:104D6800000E536FA00E546F400E556F52C600F6DA
:104D780053C601F654C602F655C603F6000E046F74
:104D8800000E056FA00E066FC00E076F06EC4AF006
:104D98000601D8B0D2EF26F0D4EF26F0DCEF26F0EB
:104DA800000E526F000E536FA00E546FC00E556F59
:104DB80052C6BFF553C6C0F554C6C1F555C6C2F5AF
:104DC800060120EE05F01C51D9261D51DA22DEC459
:104DD800AAF5DEC4ABF5DEC4ACF5DEC4ADF54AC653
:104DE800A6F54BC6A7F54CC6A8F54DC6A9F5DAEC4D
:104DF80035F0A6C5C3F5A7C5C4F5A8C5C5F5A9C5A9
:104E0800C6F502EC2EF0BFC552F6C0C553F6C1C5B3
:104E180054F6C2C555F6060120EE1DF01C51D926E0
:104E28001D51DA22DEC463F5DEC464F5DEC465F51F
:104E3800DEC466F552C667F553C668F554C669F50B
:104E480055C66AF58DEC29F0060120EE1DF01C51BF
:104E5800D9261D51DA22050163C5DEF464C5DEF4E6
:104E680065C5DEF466C5DEF4060120EE11F01C51BE
:104E7800D9261D51DA22DEC410F6DEC411F6DEC4CE
:104E880012F6DEC413F620EE1DF01C51D9261D5172
:104E9800DA22DEC408F6DEC409F6DEC40AF6DEC489
:104EA8000BF620EE0DF01C51D9261D51DA22DEC476
:104EB8000CF6DEC40DF6DEC40EF6DEC40FF69BEC6F
:104EC8004AF008C614F609C615F60AC616F60BC641
:104ED80017F62FEC4BF0060120EE1DF01C51D926D9
:104EE8001D51DA2210C6DEF411C6DEF412C6DEF455
:104EF80013C6DEF48EEF27F020EE1DF01C51D926E4
:104F08001D51DA22000EDE6E000EDE6E000EDE6E21
:104F1800000EDD6E20EE1DF01C51D9261D51DA223F
:104F2800DEC4BFF5DEC4C0F5DEC4C1F5DEC4C2F51B
:104F38004AC6C3F54BC6C4F54CC6C5F54DC6C6F53D
:104F480002EC2EF0BFC52AF6C0C52BF6C1C52CF65B
:104F5800C2C52DF6060120EE21F01C51D9261D519F
:104F6800DA22DEC4DCF5DEC4DDF5DEC4DEF5DEC43F
:104F7800DFF546C6D8F547C6D9F548C6DAF549C6B5
:104F8800DBF513EC62F0D8C5BFF5D9C5C0F5DAC5B5
:104F9800C1F5DBC5C2F5060120EE09F01C51D92682
:104FA8001D51DA22DEC4C3F5DEC4C4F5DEC4C5F57E
:104FB800DEC4C6F502EC2EF0BFC53AF6C0C53BF616
:104FC800C1C53CF6C2C53DF6330E0501C36F330EAD
:104FD800C46F330EC56F3F0EC66F3AC6BFF53BC6EA
:104FE800C0F53CC6C1F53DC6C2F502EC2EF0BFC502
:104FF80063F5C0C564F5C1C565F5C2C566F59A0E09
:105008000501C36F990EC46F990EC56F3E0EC66F2A
:1050180010C7BFF511C7C0F512C7C1F513C7C2F550
:1050280002EC2EF0BFC567F5C0C568F5C1C569F5C6
:10503800C2C56AF58DEC29F063C53AF664C53BF63E
:1050480065C53CF666C53DF63AC610F73BC611F78E
:105058003CC612F73DC613F7060120EE21F01C519D
:10506800D9261D51DA2246C6DEF447C6DEF448C604
:10507800DEF449C6DEF42AC667F52BC668F52CC6E9
:1050880069F52DC66AF526C663F527C664F528C6F0
:1050980065F529C666F58DEC29F063C52EF664C55D
:1050A8002FF665C530F666C531F62EC663F52FC6F0
:1050B80064F530C665F531C666F53AC667F53BC690
:1050C80068F53CC669F53DC66AF58DEC29F063C5FF
:1050D80042F664C543F665C544F666C545F61CC682
:1050E800D9F41DC6DAF4DE04D8A47DEF28F07FEFEA
:1050F80028F000EF29F0060145BF87EF28F085EF7B
:1051080028F091EF28F0000E326F000E336F000E7A
:10511800346FBF0E356F99EF28F0000E326F000E16
:10512800336F000E346F3F0E356F42C667F543C6C6
:1051380068F544C669F545C66AF532C663F533C6EF
:1051480064F534C665F535C666F58DEC29F063C59A
:1051580018F664C519F665C51AF666C51BF676EC29
:105168004DF006011851C9271951CA23000E0C6FBA
:10517800000E0D6F480E0E6F450E0F6FC9C698F5DD
:10518800CAC699F50501000E99BFFF0E9A6F9B6F6D
:10519800010E8BEC43F098C508F699C509F69AC537
:1051A8000AF69BC50BF69BEC4AF008C614F609C62E
:1051B80015F60AC616F60BC617F6000E0601106F8E
:1051C800000E116F000E126F000E136F2FEC4BF0D4
:1051D80010C618F611C619F612C61AF613C61BF62B
:1051E80076EC4DF018C6C9F619C6CAF6C9C61CF63B
:1051F800CAC61DF68CEF29F01CC6D9F41DC6DAF410
:10520800020EDE18D8A40BEF29F00DEF29F08CEF71
:1052180029F0060145BF15EF29F013EF29F01FEF1C
:1052280029F0000E366F000E376F000E386FBF0E74
:10523800396F27EF29F0000E366F000E376F000E1A
:10524800386F3F0E396F42C667F543C668F544C6E6
:1052580069F545C66AF536C663F537C664F538C6D6
:1052680065F539C666F58DEC29F063C518F664C591
:1052780019F665C51AF666C51BF676EC4DF00601FB
:105288001851C7271951C823000E0C6F000E0D6F57
:10529800480E0E6F450E0F6FC7C698F5C8C699F52C
:1052A8000501000E99BFFF0E9A6F9B6F010E8BECE4
:1052B80043F098C508F699C509F69AC50AF69BC53C
:1052C8000BF69BEC4AF008C614F609C615F60AC692
:1052D80016F60BC617F6000E0601106F000E116FBA
:1052E800000E126F000E136F2FEC4BF010C618F65D
:1052F80011C619F612C61AF613C61BF676EC4DF04F
:1053080018C6C7F619C6C8F6C7C61CF6C8C61DF61D
:10531800120005016651800B6F6F66516625716F2B
:1053280065AF99EF29F09BEF29F09CEF29F0718187
:105338007151D8B4A2EF29F0A4EF29F0B8EF29F001
:105348007129D8A4AAEF29F0ACEF29F0B4EF29F01D
:10535800000E636F000E646F000E656F000E666FBF
:10536800658F666BC0EF29F0000E636F000E646FE7
:10537800000E656F000E666F6A51800B706F6F517B
:105388007019D8B4CAEF29F0CCEF29F0CDEF29F085
:105398006F8D6A516A25706F69AFD5EF29F0D7EF25
:1053A80029F0D8EF29F070817051D8B4DEEF29F0D8
:1053B800E0EF29F0F4EF29F07029D8A4E6EF29F0FE
:1053C800E8EF29F0F0EF29F0000E676F000E686F24
:1053D800000E696F000E6A6F698F6A6BFCEF29F027
:1053E800000E676F000E686F000E696F000E6A6F1F
:1053F8007151705DD8B003EF2AF005EF2AF02CEF59
:105408002AF06FAD0AEF2AF00CEF2AF00EEF2AF01F
:10541800800E6F1B71C572F570C571F572C570F598
:1054280063C572F567C563F572C567F564C572F53E
:1054380068C564F572C568F565C572F569C565F531
:1054480072C569F566C572F56AC566F572C56AF50D
:10545800726B715170C56BF56C6B6B5F000E6C5B9A
:105468006CBF40EF2AF06C5109E11A0E6B5DD8A0B1
:1054780040EF2AF042EF2AF079EF2AF063516411E5
:1054880065116611D8A44BEF2AF04EEF2AF0010EF1
:105498004FEF2AF0000E726F000E636F000E646FFC
:1054A800000E656F000E666F70C571F582EF2AF009
:1054B80072A161EF2AF063EF2AF069EF2AF0D89021
:1054C80072310109726F6BEF2AF0D890723363A1C1
:1054D80070EF2AF072EF2AF073EF2AF0728F6635B8
:1054E8006633653364336333712B7051715DD8A0B3
:1054F80080EF2AF082EF2AF05CEF2AF06FBD87EF89
:105508002AF089EF2AF0C9EF2AF07151D8A48FEF59
:105518002AF091EF2AF09BEF2AF0000E636F000E3D
:10552800646F000E656F000E666FE8EF2BF0675131
:10553800632768516423695165236A51662366A10C
:10554800A8EF2AF0AAEF2AF056EF2BF072A1AFEFDE
:105558002AF0B1EF2AF0B7EF2AF0D890723101099A
:10556800726FB9EF2AF0D890723363A1BEEF2AF0B8
:10557800C0EF2AF0C1EF2AF0728F663566336533C3
:1055880064336333712B56EF2BF06751635D6851B9
:105598006459695165596651800A6B6F6A51800A6E
:1055A8006B59D8B0DAEF2AF0DCEF2AF007EF2BF0CE
:1055B8006351675D6B6F645168596C6F65516959C8
:1055C8006D6F66516A596E6FFF0E6B25636FFF0E24
:1055D8006C21646FFF0E6D21656FFF0E6E21666F83
:1055E800800E6F1B726D7251D8A4FDEF2AF0FFEF89
:1055F8002AF00FEF2BF0010E6327000E64236523BA
:1056080066230FEF2BF06751635F6851645B695144
:10561800655B6A51665B6351641165116611D8A4B4
:1056280018EF2BF01AEF2BF04FEF2BF07251D8A494
:1056380020EF2BF022EF2BF04FEF2BF0000E636FD3
:10564800000E646F000E656F000E666FE8EF2BF0BA
:10565800D890633764376537663772AF36EF2BF00B
:1056680038EF2BF039EF2BF0638172A13EEF2BF06E
:1056780040EF2BF044EF2BF0D880723746EF2BF039
:10568800D89072377151D8B44CEF2BF04EEF2BF005
:105698004FEF2BF0710765AF54EF2BF056EF2BF05F
:1056A8002CEF2BF0706B72AF5CEF2BF05EEF2BF0F2
:1056B80076EF2BF072C56BF57F0E6B17D8B467EFDA
:1056C8002BF069EF2BF06DEF2BF0010E706F76EF7A
:1056D8002BF063A172EF2BF074EF2BF076EF2BF029
:1056E80069EF2BF07051D8B47CEF2BF07EEF2BF0E4
:1056F800A9EF2BF0010E6327000E642365236623B0
:1057080066A189EF2BF08BEF2BF0A9EF2BF063C587
:105718006BF564C56CF565C56DF566C56EF56E35DA
:105728006E336D336C336B336BC563F56CC564F5E1
:105738006DC565F56EC566F57129D8B4A6EF2BF071
:10574800A8EF2BF0A9EF2BF0712B7129D8B4AFEF8C
:105758002BF0B1EF2BF0B9EF2BF07151D8A4B7EFC4
:105768002BF0B9EF2BF0CAEF2BF0000E636F000E91
:10577800646F000E656F000E666F7151D8A4C7EF95
:105788002BF0C9EF2BF0CAEF2BF06F6B71A1CFEFA5
:105798002BF0D1EF2BF0D4EF2BF0658FD5EF2BF05A
:1057A800659FD8907131666F6FAFDDEF2BF0DFEF3B
:1057B8002BF0E0EF2BF0668F63C563F564C564F5E5
:1057C80065C565F566C566F5120051C6D9F452C6B9
:1057D800DAF4DEC4F6F4DDC4F7F4000EF86E08005F
:1057E800F550250AD8A4FBEF2BF0FDEF2BF0EAEFDC
:1057F8002DF051C6D9F452C6DAF4DE2A000EDD22A5
:10580800000E0601C46F000EC36FC3C6D9F6C56982
:10581800C669556B30EF2CF0D98351C6D9F452C6FE
:10582800DAF4DE2A000EDD2230EF2CF0010E556F7F
:1058380030EF2CF051C6D9F452C6DAF4DEC4F6F4CF
:10584800DDC4F7F4000EF86E0800F550300AD8B43D
:1058580010EF2CF01AEF2CF05551D8B436EF2CF08D
:1058680038EF2CF01EEF2CF051C663F552C664F5E4
:1058780053C665F554C666F558EC53F063C5C3F6D0
:1058880064C5C4F60601C4BF4EEF2CF04CEF2CF0F3
:1058980053EF2CF0D981C36DC41FD8B0C42B51C6A7
:1058A800D9F452C6DAF4DEC4F6F4DDC4F7F4000E17
:1058B800F86E0800F5502E0AD8A465EF2CF067EFB3
:1058C8002CF07CEF2CF051C6D9F452C6DAF4DE2A5B
:1058D800000EDD2251C663F552C664F553C665F560
:1058E80054C666F558EC53F063C5C5F664C5C6F6EC
:1058F80051C6D9F452C6DAF4DEC45BF6DDC45CF6F0
:105908005BC6F6F45CC6F7F4000EF86E0800F550B6
:10591800640AD8B492EF2CF094EF2CF0A4EF2CF09A
:105928005BC6F6F45CC6F7F4000EF86E0800F55096
:10593800690AD8A4A2EF2CF0A4EF2CF0D6EF2CF033
:1059480053C6D9F454C6DAF4DFC4F8F5020EDE26DD
:10595800DFC4F9F5000EDD22F8C5D9F4F9C5DAF48B
:10596800DEC457F6DDC458F6010E06015B250501B5
:10597800F86F000E06015C210501F96F51C6D9F4D4
:1059880052C6DAF4F8C5DEF4F9C5DDF44FC680F581
:1059980050C681F557C682F558C683F5A9EC42F082
:1059A80001EF2EF05BC6F6F45CC6F7F4000EF86E55
:1059B8000800F550580AD8A4E4EF2CF0E6EF2CF0D4
:1059C80028EF2DF053C6D9F454C6DAF4DFC4F8F53D
:1059D800020EDE26DFC4F9F5000EDD22F8C5D9F483
:1059E800F9C5DAF4DEC457F6DDC458F6010E06012F
:1059F8005B250501F86F000E06015C210501F96FB2
:105A080051C6D9F452C6DAF4F8C5DEF4F9C5DDF4A6
:105A18001AEF2DF04FC680F550C681F557C682F5AE
:105A280058C683F532EC48F001EF2EF05BC6F6F469
:105A38005CC6F7F4000EF86E0800F550580AD8B4A2
:105A48000EEF2DF028EF2DF051C6D9F452C6DAF436
:105A5800DEC45BF6DDC45CF65BC6F6F45CC6F7F440
:105A6800000EF86E0800F5C456F646EF2DF05B4BB5
:105A78005C2B56EF2DF06C0E566F56EF2DF0566BD3
:105A880056EF2DF0060156514C0AD8B43BEF2DF0D5
:105A98002A0AD8B43FEF2DF00A0AD8B43BEF2DF00C
:105AA80043EF2DF05BC6F6F45CC6F7F4000EF86E13
:105AB8000800F550660AD8A464EF2DF066EF2DF0C3
:105AC800E1EF2DF09CEF2DF053C6D9F454C6DAF46B
:105AD800DFC4F8F5040EDE26DFC4F9F5000EDD227A
:105AE800F8C5D9F4F9C5DAF4DEC457F6DEC458F6B9
:105AF800DEC459F6DEC45AF6A7EF2DF053C6D9F422
:105B080054C6DAF4DFC4F8F5040EDE26DFC4F9F56E
:105B1800000EDD22F8C5D9F4F9C5DAF4DEC457F66B
:105B2800DEC458F6DEC459F6DEC45AF6A7EF2DF0E7
:105B380056514C0AD8B482EF2DF0200AD8B468EF39
:105B48002DF0A7EF2DF0010E5B250501F86F000E73
:105B580006015C210501F96F51C6D9F452C6DAF481
:105B6800F8C5DEF4F9C5DDF4D3EF2DF04FC61CF609
:105B780050C61DF657C61EF658C61FF659C620F65B
:105B88005AC621F65BC6F6F45CC6F7F4000EF86E4A
:105B98000800F5C422F611EC1FF001EF2EF05BC6E9
:105BA800F6F45CC6F7F4000EF86E0800F550660AC5
:105BB800D8B4BAEF2DF0E1EF2DF051C6D9F452C6A2
:105BC800DAF4DE2A000EDD2201EF2EF051C6D9F4F8
:105BD80052C6DAF4DEC4F6F4DDC4F7F4000EF86E4B
:105BE8000800F5500501676F686B4FC669F550C628
:105BF8006AF5BFEC53F0E1EF2DF012000501C25138
:105C0800800BCB6FC251C225D16FC1AF0EEF2EF002
:105C180010EF2EF011EF2EF0D181D151D8B417EF3B
:105C28002EF019EF2EF02CEF2EF0D129D8A41FEF6B
:105C38002EF021EF2EF029EF2EF0000EBF6F000E90
:105C4800C06F000EC16F000EC26FC18F34EF2EF00F
:105C5800000EBF6F000EC06F000EC16F000EC26F46
:105C6800C651800BCB1BC651C625CC6FC5AF3FEFC5
:105C78002EF041EF2EF042EF2EF0CC81CC51D8B46B
:105C880048EF2EF04AEF2EF05DEF2EF0CC29D8A485
:105C980050EF2EF052EF2EF05AEF2EF0000EC36F99
:105CA800000EC46F000EC56F000EC66FC58F65EF7E
:105CB8002EF0000EC36F000EC46F000EC56F000EED
:105CC800C66FCC51D8B46BEF2EF06DEF2EF075EF98
:105CD8002EF0D151D8A473EF2EF075EF2EF07FEF90
:105CE8002EF0000EBF6F000EC06F000EC16F000EC9
:105CF800C26F15EF30F0C551BF03F3C4D6F5F4C435
:105D0800D7F5D651CD6FCE6BCF6BD06BD751D26F45
:105D1800D36BD46BD56BC451C003F3C4D6F5F4C4AC
:105D2800D7F5D651CD27000ECE23CF23D023D75178
:105D3800D227000ED323D423D523C351C103F3C4E0
:105D4800D6F5F4C4D7F5D651CD27000ECE23CF23F0
:105D5800D023D751D227000ED323D423D523CFC5A0
:105D6800D0F5CEC5CFF5CDC5CEF5CD6BC351C003AB
:105D7800F3C4D6F5F4C4D7F5D651CD27D751CE23E1
:105D8800000ECF23000ED023C451BF03F3C4D6F5B1
:105D9800F4C4D7F5D651CD27D751CE23000ECF2343
:105DA800000ED023CFC5D0F5CEC5CFF5CDC5CEF5E5
:105DB800CD6BC351BF03F3C4D6F5F4C4D7F5D651A0
:105DC800CD27D751CE23000ECF23000ED023C551A7
:105DD800C003F3C4D6F5F4C4D7F5D651D227D751AA
:105DE800D323000ED423000ED523C451C103F3C41A
:105DF800D6F5F4C4D7F5D651D227D751D323000E00
:105E0800D423000ED523C551C103F3C4D6F5F4C479
:105E1800D7F5D651C76FD751C86FC96BCA6BC9C5FB
:105E2800CAF5C8C5C9F5C7C5C8F5C76BC751D227D4
:105E3800C851D323C951D423CA51D523CDC5C7F5D9
:105E4800CEC5C8F5CFC5C9F5D0C5CAF5190E32EF0C
:105E58002FF0D890CA33C933C833C733E82E2DEF93
:105E68002FF0C751D227C851D323C951D423CA51BF
:105E7800D523CFC5D0F5CEC5CFF5CDC5CEF5CD6BE5
:105E8800CC51D1C5C7F5C86BC727000EC823820EF1
:105E9800C725D66FFF0EC821D76F68EF2FF0D890AF
:105EA800D237D337D437D537D0AF5DEF2FF05FEF88
:105EB8002FF060EF2FF0D281D890CD37CE37CF3783
:105EC800D037D607D8A0D707D4AF6DEF2FF06FEF34
:105ED8002FF053EF2FF0CC6BD0AF75EF2FF077EF9B
:105EE8002FF09BEF2FF0FF0ECD15C76FFF0ECE15CD
:105EF800C86FFF0ECF15C96F7F0ED015CA6FC75177
:105F0800C811C911CA11D8B48CEF2FF08EEF2FF039
:105F180092EF2FF0010ECC6F9BEF2FF0D2A197EFED
:105F28002FF099EF2FF09BEF2FF08EEF2FF0CC5141
:105F3800D8B4A1EF2FF0A3EF2FF0C7EF2FF0010E89
:105F4800D227000ED323D423D523D5A1AEEF2FF02B
:105F5800B0EF2FF0C7EF2FF0D2C5C7F5D3C5C8F5FE
:105F6800D4C5C9F5D5C5CAF5CA35CA33C933C83386
:105F7800C733C7C5D2F5C8C5D3F5C9C5D4F5CAC591
:105F8800D5F5D64BD72BD7BFD2EF2FF0D75108E195
:105F9800D629D8A0D2EF2FF0D4EF2FF0DEEF2FF0D4
:105FA800000ED26F000ED36F800ED46F7F0ED56FA8
:105FB8000BEF30F0D7BFEBEF2FF0D75106E1D60546
:105FC800D8B0E9EF2FF0EBEF2FF0F6EF2FF0000E3F
:105FD800D26F000ED36F000ED46F000ED56FCB6B4F
:105FE8000BEF30F0D6C5D1F5FF0ED217FF0ED31741
:105FF8007F0ED417000ED517D1A105EF30F007EFAB
:1060080030F008EF30F0D48FD890D131D56FCB5124
:10601800D513D2C5BFF5D3C5C0F5D4C5C1F5D5C50F
:10602800C2F512000501F76F1C0E0501F719D8A477
:1060380020EF30F022EF30F045EF31F0010E06018D
:10604800F06529EF30F02BEF30F045EF31F0000E1E
:106058000501AA6F000EAB6F7A0EAC6F440EAD6FE0
:106068001C0EB1EC41F005016BC598F56CC599F5AE
:106078009A6B9B6B000E8BEC43F098C5A6F599C5FF
:10608800A7F59AC5A8F59BC5A9F5DAEC35F0A6C51C
:10609800BFF5A7C5C0F5A8C5C1F5A9C5C2F5000ECD
:1060A8000501C36F000EC46F110EC56F430EC66F96
:1060B80002EC2EF0BFC5A8F6C0C5A9F6C1C5AAF660
:1060C800C2C5ABF6160E7AEC3EF0D8C5F8F5D9C5C0
:1060D800F9F5DAC5FAF5DBC5FBF5A8C6C3F5A9C617
:1060E800C4F5AAC6C5F5ABC6C6F5F8C5BFF5F9C56A
:1060F800C0F5FAC5C1F5FBC5C2F502EC2EF0BFC567
:10610800A6F5C0C5A7F5C1C5A8F5C2C5A9F5000E75
:106118000501AA6F000EAB6F7A0EAC6F440EAD6F1F
:10612800DAEC35F0A6C538F7A7C539F7A8C53AF7A8
:10613800A9C53BF7A8C600F6A9C601F6AAC602F685
:10614800ABC603F6000E0601046F800E056F090E3C
:10615800066F440E076F06EC4AF00601D8B0B7EF99
:1061680030F0B9EF30F0D3EF30F0000E006F000ED2
:10617800016F160E026F430E036FA8C604F6A9C678
:1061880005F6AAC606F6ABC607F606EC4AF00601FF
:10619800D8A0D1EF30F0D3EF30F0DCEF30F0010EC3
:1061A800ED6F000E0501F66F010EF56F10EF32F07E
:1061B800000E006F000E016FF00E026F410E036FAC
:1061C800A8C604F6A9C605F6AAC606F6ABC607F61B
:1061D80006EC4AF00601D8A0F4EF30F0F6EF30F004
:1061E800FFEF30F0020EED6F000E0501F66F020EA4
:1061F800F56F10EF32F0CD0E0501C36FCC0EC46FF2
:106208008C0EC56F3F0EC66FD7C698F5D8C699F5E0
:106218009A6B9B6B000E8BEC43F098C5BFF599C544
:10622800C0F59AC5C1F59BC5C2F502EC2EF0BFC5F5
:1062380000F6C0C501F6C1C502F6C2C503F638C7E7
:1062480004F639C705F63AC706F63BC707F606EC63
:106258004AF00601D8B033EF31F035EF31F03EEFB8
:1062680031F0030EED6F000E0501F66F020EF56FAB
:1062780010EF32F0000E0501F66F000EF56F10EF0B
:1062880032F0110E0501F719D8A44DEF31F04FEF98
:1062980031F03EEF31F0010E0601EF6556EF31F0B7
:1062A80058EF31F03EEF31F0000E0501AA6F000EF5
:1062B800AB6F7A0EAC6F440EAD6F110EB1EC41F0BE
:1062C80005016BC598F56CC599F59A6B9B6B000E2B
:1062D8008BEC43F098C5A6F599C5A7F59AC5A8F51E
:1062E8009BC5A9F5DAEC35F0A6C5BFF5A7C5C0F57D
:1062F800A8C5C1F5A9C5C2F5000E0501C36F000EFA
:10630800C46F110EC56F430EC66F02EC2EF0BFC5E9
:10631800A4F6C0C5A5F6C1C5A6F6C2C5A7F6040E63
:106328007AEC3EF0D8C5F8F5D9C5F9F5DAC5FAF52D
:10633800DBC5FBF5A4C6C3F5A5C6C4F5A6C6C5F559
:10634800A7C6C6F5F8C5BFF5F9C5C0F5FAC5C1F5C4
:10635800FBC5C2F502EC2EF0BFC5A6F5C0C5A7F572
:10636800C1C5A8F5C2C5A9F5000E0501AA6F000EA2
:10637800AB6F7A0EAC6F440EAD6FDAEC35F0A6C594
:1063880034F7A7C535F7A8C536F7A9C537F7A4C6A2
:1063980000F6A5C601F6A6C602F6A7C603F6000EC5
:1063A8000601046F000E056F960E066F430E076F09
:1063B80006EC4AF00601D8A0E4EF31F0E6EF31F040
:1063C800EFEF31F0040EED6F000E0501F66F010ED0
:1063D800F56F10EF32F0000E006F000E016FA00E87
:1063E800026F410E036FA4C604F6A5C605F6A6C63D
:1063F80006F6A7C607F606EC4AF00601D8A007EF8E
:1064080032F009EF32F03EEF31F0050EED6F000E7D
:106418000501F66F020EF56F1200030E09EC64F029
:1064280063C5ECF564C5EDF5000E0501AA6FF00E25
:10643800AB6F7F0EAC6F450EAD6FECC598F5EDC533
:1064480099F5000E99BFFF0E9A6F9B6F010E8BECAA
:1064580043F098C5A6F599C5A7F59AC5A8F59BC5B3
:10646800A9F5DAEC35F0A6C5BFF5A7C5C0F5A8C5EE
:10647800C1F5A9C5C2F56F0E0501C36F120EC46F31
:10648800830EC56F400EC66F02EC2EF0BFC5F6F541
:10649800C0C5F7F5C1C5F8F5C2C5F9F5F6C528F7C1
:1064A800F7C529F7F8C52AF7F9C52BF71FEC68F0E7
:1064B80063C5F2F564C5F3F565C5F4F566C5F5F58C
:1064C80024C767F525C768F526C769F527C76AF59C
:1064D800AFEC5BF067C5EEF568C5EFF569C5F0F59B
:1064E8006AC5F1F520C7DCF521C7DDF522C7DEF561
:1064F80023C7DFF5F6C5D8F5F7C5D9F5F8C5DAF538
:10650800F9C5DBF513EC62F0D8C5E0F5D9C5E1F5BE
:10651800DAC5E2F5DBC5E3F5D1EC64F0E0C500F6D9
:10652800E1C501F6E2C502F6E3C503F6CD0E0601A4
:10653800046FCC0E056F4C0E066F3D0E076F06EC10
:106548004AF00601D8B0ABEF32F0ADEF32F0B8EF59
:1065580032F0050EE061B3EF32F0B5EF32F0B9EF8B
:1065680032F0E02BB9EF32F0E06BF6C520F7F7C553
:1065780021F7F8C522F7F9C523F7EBEF33F0EE6BF7
:10658800040EE065CAEF32F0CCEF32F0FAEF33F0E8
:10659800F6C500F6F7C501F6F8C502F6F9C503F623
:1065A800660E046F660E056FE60E066F3F0E076FE8
:1065B80006EC4AF00601D8A0E4EF32F0E6EF32F03C
:1065C8001CEF33F0F6C500F6F7C501F6F8C502F67C
:1065D800F9C503F6CD0E046FCC0E056F0C0E066FD1
:1065E800400E076F06EC4AF00601D8B0FEEF32F015
:1065F80000EF33F01CEF33F00501F151F0110BE11E
:10660800E80EEE5D030EEF59D8A00DEF33F00FEF53
:1066180033F0FAEF33F0010E0601E16FF2C524F70B
:10662800F3C525F7F4C526F7F5C527F7FAEF33F0D4
:10663800F6C500F6F7C501F6F8C502F6F9C503F682
:106648009A0E046F990E056F190E066F400E076FAC
:1066580006EC4AF00601D8A034EF33F036EF33F0F9
:1066680012EF33F00501F151F0110BE1E80EEE5D88
:10667800030EEF59D8A043EF33F045EF33F04AEF5C
:1066880033F0020E0601E16F12EF33F0FAEF33F048
:10669800010EEE6F040EE06554EF33F056EF33F061
:1066A800FAEF33F0660E006F660E016FA60E026FEA
:1066B8003F0E036FF6C504F6F7C505F6F8C506F6EE
:1066C800F9C507F606EC4AF00601D8A06EEF33F0DC
:1066D80070EF33F08BEF33F00501F151F0110BE15E
:1066E800E80EEE5D030EEF59D8A07DEF33F07FEF93
:1066F80033F0FAEF33F00601E16BF2C524F7F3C586
:1067080025F7F4C526F7F5C527F7FAEF33F0F6C5F0
:1067180000F6F7C501F6F8C502F6F9C503F69A0EB4
:10672800046F990E056F190E066F400E076F06EC81
:106738004AF00601D8A0A3EF33F0A5EF33F012EF2B
:1067480033F00501F151F0110BE1E80EEE5D030E97
:10675800EF59D8A0B2EF33F0B4EF33F04AEF33F08B
:1067680045EF33F0020EEE6F040EE065BEEF33F036
:10677800C0EF33F0FAEF33F0660E006F660E016F6C
:10678800A60E026F3F0E036FF6C504F6F7C505F6B1
:10679800F8C506F6F9C507F606EC4AF00601D8A0D2
:1067A800D8EF33F0DAEF33F0FAEF33F00501F151B7
:1067B800F0110BE1D00EEE5D070EEF59D8A0E7EF10
:1067C80033F0E9EF33F0FAEF33F07FEF33F0E151D4
:1067D800000AD8B4C3EF32F0010AD8B44CEF33F052
:1067E800030AD8B4B6EF33F0FAEF33F0120006011B
:1067F80008510911D8A403EF34F005EF34F00FEF76
:1068080034F0000E086F000E096F000E0A6F000EBC
:106818000B6FD9EF35F01FEC68F063C51AF664C545
:106828001BF665C51CF666C51DF6060120EE08F0C8
:106838000851D9260951DA22DEC463F5DEC464F5AD
:10684800DEC465F5DEC466F50AC667F50BC668F5ED
:106858000CC669F50DC66AF5E0EC58F00501D8B02C
:1068680038EF34F03AEF34F0C9EF34F0060120EE97
:1068780008F00851D9260951DA220AC6DEF40BC6F7
:10688800DEF40CC6DEF40DC6DEF408C6D9F409C67B
:10689800DAF4DEC400F6DEC401F6DEC402F6DEC4B5
:1068A80003F60AC604F60BC605F60CC606F60DC6B0
:1068B80007F606EC4AF00601D8B065EF34F067EF4A
:1068C80034F097EF34F008C6D9F409C6DAF410EEBC
:1068D80004F00851E1260951E222DEC4E6F4DEC4E0
:1068E800E6F4DEC4E6F4DEC4E6F420EE0CF008516B
:1068F800D9260951DA221AC6DEF41BC6DEF41CC6F4
:10690800DEF41DC6DEF420EE10F00851D926095138
:10691800DA220EC6DEF40FC6DEF410C6DEF411C6A7
:10692800DEF4C9EF34F020EE04F00851D9260951FD
:10693800DA220AC6DEF40BC6DEF40CC6DEF40DC697
:10694800DEF408C6D9F409C6DAF40AC6DEF40BC6C2
:10695800DEF40CC6DEF40DC6DEF420EE0CF00851B1
:10696800D9260951DA221AC6DEF41BC6DEF41CC683
:10697800DEF41DC6DEF420EE10F00851D9260951C8
:10698800DA22DE6ADE6ADE6ADD6A060120EE10F0CF
:106998000851D9260951DA22DE50DE10DE10DE1049
:1069A800D8A4D9EF34F0DBEF34F0E9EF34F008C6BF
:1069B800D9F409C6DAF4DEC408F6DEC409F6DEC482
:1069C8000AF6DEC40BF6D9EF35F020EE0CF00851CC
:1069D800D9260951DA22DEC467F5DEC468F5DEC4BB
:1069E80069F5DEC46AF5AFEC5BF067C51EF668C5ED
:1069F8001FF669C520F66AC521F6060120EE10F0DB
:106A08000851D9260951DA22DE501E5DDE501F5981
:106A1800DE502059DE502159D8A015EF35F017EF78
:106A280035F037EF35F020EE08F00851D926095136
:106A3800DA2208C6E1F409C6E2F4DEC4E6F4DEC4EC
:106A4800E6F4DEC4E6F4DEC4E6F408C6D9F409C602
:106A5800DAF4DEC408F6DEC409F6DEC40AF6DEC4DB
:106A68000BF6D9EF35F01EC698F51FC699F520C666
:106A78009AF521C69BF5000E8BEC43F098C5A6F558
:106A880099C5A7F59AC5A8F59BC5A9F5060120EEF5
:106A980010F00851D9260951DA22DEC498F5DEC46F
:106AA80099F5DEC49AF5DEC49BF5000E8BEC43F035
:106AB80098C5AAF599C5ABF59AC5ACF59BC5ADF5D2
:106AC800DAEC35F0A6C512F6A7C513F6A8C514F674
:106AD800A9C515F612C6C3F513C6C4F514C6C5F57F
:106AE80015C6C6F5060120EE04F00851D92609514D
:106AF800DA22DEC4DCF5DEC4DDF5DEC4DEF5DEC494
:106B0800DFF520EE08F00851D9260951DA22DEC453
:106B1800D8F5DEC4D9F5DEC4DAF5DEC4DBF513EC4E
:106B280062F0D8C5BFF5D9C5C0F5DAC5C1F5DBC572
:106B3800C2F502EC2EF0BFC516F6C0C517F6C1C5E2
:106B480018F6C2C519F616C663F517C664F518C651
:106B580065F519C666F5060120EE04F00851D92638
:106B68000951DA22DEC467F5DEC468F5DEC469F5CA
:106B7800DEC46AF58DEC29F008C6D9F409C6DAF442
:106B8800050163C5DEF464C5DEF465C5DEF466C5DB
:106B9800DEF408C6D9F409C6DAF4DEC408F6DEC4A1
:106BA80009F6DEC40AF6DEC40BF612000501A95187
:106BB800800BB66FA951A925BD6FA8AFE6EF35F0D8
:106BC800E8EF35F0E9EF35F0BD81BD51D8B4EFEF0E
:106BD80035F0F1EF35F005EF36F0BD29D8A4F7EF21
:106BE80035F0F9EF35F001EF36F0000EA66F000E24
:106BF800A76F000EA86F000EA96FA88FA96B0DEFE5
:106C080036F0000EA66F000EA76F000EA86F000EDC
:106C1800A96FAD51800BB61BAD51AD25BE6FACAFA2
:106C280018EF36F01AEF36F01BEF36F0BE81BE5182
:106C3800D8B421EF36F023EF36F037EF36F0BE291F
:106C4800D8A429EF36F02BEF36F033EF36F0000EEC
:106C5800AA6F000EAB6F000EAC6F000EAD6FAC8F5D
:106C6800AD6B3FEF36F0000EAA6F000EAB6F000E53
:106C7800AC6F000EAD6FAA51AB11AC11AD11D8A419
:106C880048EF36F04AEF36F062EF36F0000EA66FA6
:106C9800000EA76F000EA86F000EA96F800EA81334
:106CA8007F0EA913B651A913A6C5A6F5A7C5A7F5C2
:106CB800A8C5A8F5A9C5A9F5A2EF37F0BD51D8A474
:106CC80068EF36F06AEF36F074EF36F0000EA66F14
:106CD800000EA76F000EA86F000EA96FA2EF37F085
:106CE800BE51BDC5AEF5AF6BAE5F000EAF5B7F0E9C
:106CF800AE25B76F000EAF21B86FA6C5B2F5A7C510
:106D0800B3F5A8C5B4F5A9C5B5F5000EA66F000E74
:106D1800A76F000EA86F000EA96F000EB96F000EC6
:106D2800BA6F000EBB6F000EBC6FBE6BD4EF36F0AF
:106D3800BE51D8B4A2EF36F0A4EF36F0BBEF36F070
:106D4800D890B237B337B437B537D890A637A73706
:106D5800A837A937BCAFB3EF36F0B5EF36F0B6EFCA
:106D680036F0A681D890B937BA37BB37BC37AA51A5
:106D7800B25DAB51B359AC51B459AD51B559D8A066
:106D8800C8EF36F0CAEF36F0D3EF36F0BC8DAA5113
:106D9800B25FAB51B35BAC51B45BAD51B55BBE2BCD
:106DA800190EBE65DAEF36F0DCEF36F09CEF36F000
:106DB800B251B311B411B511D8B4E5EF36F0E7EF1D
:106DC80036F0FFEF36F0B981FFEF36F0D890A637EE
:106DD800A737A837A937BCAFF4EF36F0F6EF36F08F
:106DE800F7EF36F0A681D890B937BA37BB37BC373A
:106DF800B707D8A0B807A8AF04EF37F006EF37F009
:106E0800EAEF36F0BE6BBCAF0CEF37F00EEF37F0A1
:106E180032EF37F0FF0EB915AE6FFF0EBA15AF6F30
:106E2800FF0EBB15B06F7F0EBC15B16FAE51AF1121
:106E3800B011B111D8B423EF37F025EF37F029EFAF
:106E480037F0010EBE6F32EF37F0A6A12EEF37F004
:106E580030EF37F032EF37F025EF37F0BE51D8B4C6
:106E680038EF37F03AEF37F05EEF37F0010EA6272C
:106E7800000EA723A823A923A9A145EF37F047EFC0
:106E880037F05EEF37F0A6C5AEF5A7C5AFF5A8C5D4
:106E9800B0F5A9C5B1F5B135B133B033AF33AE33C1
:106EA800AEC5A6F5AFC5A7F5B0C5A8F5B1C5A9F596
:106EB800B74BB82BB8BF69EF37F0B85108E1B7291D
:106EC800D8A069EF37F06BEF37F076EF37F0000EA8
:106ED800B86FB769000EA66F000EA76F000EA86FF7
:106EE800000EA96FB8BF83EF37F0B85106E1B705B8
:106EF800D8B081EF37F083EF37F090EF37F0000E1E
:106F0800B86F000EB76F000EA66F000EA76F000EC9
:106F1800A86F000EA96FB66BB7C5BDF5BDA197EFF9
:106F280037F099EF37F09CEF37F0A88F9DEF37F0E7
:106F3800A89FD890BD31A96F56EF36F01200D7C67A
:106F48008BF5D8C68CF5C0C67FF50501806B7FBF71
:106F580080077FC581F580C582F5000E82BFFF0ED0
:106F6800836F846FD7C663F5D8C664F5656B666BA7
:106F78000601F0510501676F686B696B6A6B23EC5A
:106F88005DF063C56FF564C570F565C571F566C5D7
:106F980072F5640E0501736F000E746F000E756F45
:106FA800000E766F9FEC4FF0050181516F5D8D6F7C
:106FB800825170598E6F835171598F6F84517259F4
:106FC800906F90BFF5EF37F090518F118E1107E158
:106FD800140E8D5DD8B0F3EF37F0F5EF37F0FDEF15
:106FE80037F0140E8D6F000E8E6F000E8F6F000E2F
:106FF800906F0601D75105017F6F0601D851050131
:10700800806F816B826B8D517F5D8E5180598F515E
:1070180081598251800A836F9051800A8359D8B070
:1070280018EF38F01AEF38F020EF38F0D7C68DF5A2
:10703800D8C68EF58F6B906B8DC53FF58EC540F524
:10704800C1C67FF5806B7FBF80077FC581F580C58E
:1070580082F5000E82BFFF0E836F846F41C563F512
:1070680042C564F5656B666B0601EF510501676FF4
:10707800686B696B6A6B23EC5DF063C56FF564C57B
:1070880070F565C571F566C572F5640E0501736F17
:10709800000E746F000E756F000E766F9FEC4FF048
:1070A800050181516F5D8D6F825170598E6F8351CB
:1070B80071598F6F84517259906F90BF71EF38F08A
:1070C80090518F118E1107E1140E8D5DD8B06FEFBE
:1070D80038F071EF38F079EF38F0140E8D6F000E3C
:1070E8008E6F000E8F6F000E906F41507F6F425071
:1070F800806F816B826B8D517F5D8E5180598F516E
:1071080081598251800A836F9051800A8359D8B07F
:1071180090EF38F092EF38F098EF38F041C58DF5E0
:1071280042C58EF58F6B906B8DC5D5F68EC5D6F69C
:107138000601D5513F24D36FD6514020D46FD35187
:1071480005018B5D0601D45105018C59D8B0AFEF0C
:1071580038F0B1EF38F0E2EF38F0C2C67FF5806B57
:107168007FBF80077FC581F580C582F5000E82BF8D
:10717800FF0E836F846F3F500601D35D0501856F55
:1071880040500601D4590501866F85518B5D876F84
:1071980086518C59886F896BD8A0890789518A6F65
:1071A8008151875D8D6F825188598E6F83518959BE
:1071B8008F6F84518A59906FE8EF38F03FC58DF58D
:1071C80040C58EF58F6B906B90BFF8EF38F09051FB
:1071D8008F118E1107E1140E8D5DD8B0F6EF38F0DF
:1071E800F8EF38F000EF39F0140E8D6F000E8E6F47
:1071F800000E8F6F000E906F8B517F6F8C51806FD8
:10720800816B826B8D517F5D8E5180598F51815971
:107218008251800A836F9051800A8359D8B017EF42
:1072280039F019EF39F01FEF39F08BC58DF58CC5A2
:107238008EF58F6B906B8DC5B2F78EC5B3F7B2C75D
:107248007DF5B3C77EF512000501FE05D8B42FEF12
:1072580039F031EF39F03AEF39F0030EFE19D8A4BE
:1072680038EF39F03AEF39F0E0EF39F0000EAA6F55
:10727800000EAB6F7A0EAC6F440EAD6F1C0EB1EC06
:1072880041F005016BC598F56CC599F59A6B9B6B38
:10729800000E8BEC43F098C5A6F599C5A7F59AC5DD
:1072A800A8F59BC5A9F5DAEC35F0A6C5BFF5A7C5C5
:1072B800C0F5A8C5C1F5A9C5C2F5000E0501C36F83
:1072C800000EC46F110EC56F430EC66F02EC2EF090
:1072D800BFC560F7C0C561F7C1C562F7C2C563F72E
:1072E800160E7AEC3EF0D8C55AF6D9C55BF6DAC563
:1072F8005CF6DBC55DF660C7C3F561C7C4F562C758
:10730800C5F563C7C6F55AC6BFF55BC6C0F55CC60A
:10731800C1F55DC6C2F502EC2EF0BFC5A6F5C0C525
:10732800A7F5C1C5A8F5C2C5A9F5000E0501AA6F44
:10733800000EAB6F7A0EAC6F440EAD6FDAEC35F021
:10734800A6C568F7A7C569F7A8C56AF7A9C56BF701
:10735800ACC622F6ADC623F6AEC624F6AFC625F6F1
:107368008EEC63F022C65CF723C65DF724C65EF791
:1073780025C65FF7B40E06011C6F070E1D6F5CC7AC
:107388001EF65DC71FF65EC720F65FC721F668C701
:1073980022F669C723F66AC724F66BC725F687EC79
:1073A80024F01CC6CDF61DC6CEF6CDC665F5CEC6F4
:1073B80066F5010EECEC5CF0020E0501FE19D8B47E
:1073C800E8EF39F0EAEF39F0F3EF39F0030EFE1980
:1073D800D8A4F1EF39F0F3EF39F0ABEF3AF0000E43
:1073E800AA6F000EAB6F7A0EAC6F440EAD6F110E24
:1073F800B1EC41F005016BC598F56CC599F59A6B30
:107408009B6B000E8BEC43F098C5A6F599C5A7F5C4
:107418009AC5A8F59BC5A9F5DAEC35F0A6C5BFF560
:10742800A7C5C0F5A8C5C1F5A9C5C2F5000E0501D7
:10743800C36F000EC46F110EC56F430EC66F02EC0A
:107448002EF0BFC558F7C0C559F7C1C55AF7C2C510
:107458005BF7040E7AEC3EF0D8C55AF6D9C55BF650
:10746800DAC55CF6DBC55DF658C7C3F559C7C4F580
:107478005AC7C5F55BC7C6F55AC6BFF55BC6C0F5A2
:107488005CC6C1F55DC6C2F502EC2EF0BFC5A6F517
:10749800C0C5A7F5C1C5A8F5C2C5A9F5000E050167
:1074A800AA6F000EAB6F7A0EAC6F440EAD6FDAECBC
:1074B80035F0A6C564F7A7C565F7A8C566F7A9C5D9
:1074C80067F7D5C698F5D6C699F505019A6B9B6BF3
:1074D800000E8BEC43F098C556F699C557F69AC539
:1074E80058F69BC559F656C622F657C623F658C60F
:1074F80024F659C625F66EEC63F022C654F723C667
:1075080055F724C656F725C657F7670E06011C6FB0
:10751800080E1D6F54C71EF655C71FF656C720F62E
:1075280057C721F664C722F665C723F666C724F64F
:1075380067C725F687EC24F01CC6CBF61DC6CCF62B
:10754800CBC665F5CCC666F5020EECEC5CF0120015
:1075580040C767F541C768F542C769F543C76AF58B
:10756800AFEC5BF067C59AF568C59BF569C59CF5F6
:107578006AC59DF53CC767F53DC768F53EC769F51F
:107588003FC76AF5AFEC5BF067C59EF568C59FF528
:1075980069C5A0F56AC5A1F52C0EB1EC41F06BC523
:1075A800A2F56CC5A3F55C50D8B4DDEF3AF0DFEF77
:1075B8003AF0F6EF3AF01FEC68F063C53CF764C5A3
:1075C8003DF765C53EF766C53FF71FEC68F063C534
:1075D80040F764C541F765C542F766C543F7010E34
:1075E800516E5C6A5250D8A4FCEF3AF0FEEF3AF0C4
:1075F800F9EF3BF00501A151A0110BE1880E9E5D4A
:10760800130E9F59D8A00BEF3BF00DEF3BF0F9EFAD
:107618003BF0010E526EF9EF3BF05150D8A417EF32
:107628003BF019EF3BF02CEF3BF09D519C110BE127
:10763800B80E9A5D0B0E9B59D8A025EF3BF027EFAB
:107648003BF013EF3CF05F6A010E516E13EF3CF014
:107658005250D8A432EF3BF034EF3BF04CEF3BF004
:10766800730EA25D060EA359D8A03DEF3BF03FEF85
:107678003BF04CEF3BF0010E536E1FEC68F063C516
:1076880040F764C541F765C542F766C543F7516AD7
:107698005204D8A452EF3BF054EF3BF013EF3CF008
:1076A800350E0501A25D080EA359D8A05EEF3BF088
:1076B80060EF3BF013EF3CF0010E536E1FEC68F0E7
:1076C80063C540F764C541F765C542F766C543F72A
:1076D800516A13EF3CF0596A010E5F6E5204D8A448
:1076E80078EF3BF07AEF3BF0ACEF3BF0A40EA25DF5
:1076F800060EA359D8B083EF3BF085EF3BF088EF37
:107708003BF0536A62EF3BF0D70EA25D060EA35919
:10771800D8A091EF3BF093EF3BF013EF3CF03A0E1B
:10772800A25D070EA359D8B09CEF3BF09EEF3BF04B
:1077380013EF3CF0020E536E1FEC68F063C540F780
:1077480064C541F765C542F766C543F713EF3CF0DA
:107758005250D8A4B2EF3BF0B4EF3BF013EF3CF03B
:10776800A40EA25D060EA359D8B0BDEF3BF0BFEF43
:107778003BF0C3EF3BF0010E526E85EF3BF0D70EA6
:10778800A25D060EA359D8A0CCEF3BF0CEEF3BF09C
:1077980013EF3CF03A0EA25D070EA359D8B0D7EF0D
:1077A8003BF0D9EF3BF013EF3CF09EEF3BF0010EBE
:1077B800596E350EA25D080EA359D8A0E6EF3BF02E
:1077C800E8EF3BF0ECEF3BF0010E536EA0EF3BF01F
:1077D800A40EA25D060EA359D8B0F5EF3BF0F7EF63
:1077E8003BF013EF3CF085EF3BF053500501986FE9
:1077F800996B9951000AD8B404EF3CF013EF3CF0B0
:107808009851000AD8B411EF3BF0010AD8B46FEFD1
:107818003BF0030AD8B4DBEF3BF013EF3CF0120067
:1078280044C767F545C768F546C769F547C76AF5A8
:10783800AFEC5BF067C57DF568C57EF569C57FF57A
:107848006AC580F5020E0601F0612DEF3CF02FEFBE
:107858003CF037EF3CF0010EEF6535EF3CF037EFC9
:107868003CF030EF3DF05E04D8A43DEF3CF03FEF34
:107878003CF030EF3DF01FEC68F063C544F764C599
:1078880045F765C546F766C547F7010E5D6E5E6A42
:1078980030EF3DF0F5EC68F0050180517F110BE108
:1078A800210E7D5D030E7E59D8A05DEF3CF05FEFA1
:1078B8003CF04EEF3DF0010E0601F06566EF3CF03E
:1078C80068EF3CF073EF3CF0010EEF656EEF3CF0B3
:1078D80070EF3CF073EF3CF0020E5D6E586A010EDB
:1078E800F06579EF3CF07BEF3CF086EF3CF0EF5130
:1078F800D8A481EF3CF083EF3CF086EF3CF0030E18
:107908005D6E576AF051D8A48CEF3CF08EEF3CF0D6
:1079180099EF3CF0010EEF6594EF3CF096EF3CF0E8
:1079280099EF3CF0040E5D6E566A1FEC68F063C573
:1079380044F764C545F765C546F766C547F74EEF92
:107948003DF00CEC56F0010E0601F065AEEF3CF090
:10795800B0EF3CF0BEEF3CF0EF51D8A4B6EF3CF0EE
:10796800B8EF3CF0BEEF3CF0020E93EC5FF0030E74
:107978005D6E576A0601F051D8A4C5EF3CF0C7EF19
:107988003CF04EEF3DF0010EEF65CDEF3CF0CFEF50
:107998003CF04EEF3DF0010E93EC5FF0040E5D6E8F
:1079A800566A4EEF3DF02FEC58F0010E0601F065D7
:1079B800E0EF3CF0E2EF3CF0EDEF3CF0010EEF655C
:1079C800E8EF3CF0EAEF3CF0EDEF3CF0020E5D6EC4
:1079D800586AF051D8A4F3EF3CF0F5EF3CF04EEFC5
:1079E8003DF0010EEF65FBEF3CF0FDEF3CF04EEF94
:1079F8003DF0010E93EC5FF0D2EF3CF0D6EC57F07F
:107A0800010E0601F0650BEF3DF00DEF3DF018EFAC
:107A18003DF0010EEF6513EF3DF015EF3DF018EF67
:107A28003DF0020E5D6E586A010EF0651EEF3DF0E6
:107A380020EF3DF04EEF3DF0EF51D8A426EF3DF09A
:107A480028EF3DF04EEF3DF0020E93EC5FF0030E91
:107A58005D6E576A4EEF3DF05D5005017B6F7C6BA4
:107A68007C51000AD8B43BEF3DF04EEF3DF07B511E
:107A7800010AD8B44EEF3CF0030AD8B4A5EF3CF0A5
:107A8800010AD8B4D7EF3CF0070AD8B402EF3DF0AA
:107A98004EEF3DF0120018C767F519C768F51AC709
:107AA80069F51BC76AF5AFEC5BF067C59AF668C560
:107AB8009BF669C59CF66AC59DF606019D519C1109
:107AC8009B1109E10B0E9A5DD8A06DEF3DF06FEFA9
:107AD8003DF07BEF3DF0DB51D8B475EF3DF077EF2B
:107AE8003DF07BEF3DF0010EDD6FEBEC68F0060139
:107AF800DD05D8B482EF3DF084EF3DF086EF3DF030
:107B080079EF3EF0640E0501636F0A0E646F000E94
:107B1800656F0A0E666FDBC667F5686BE9EC5FF0A8
:107B28000601DB51FE0FA06F640E0501636F0A0E9C
:107B3800646FA0C665F53AEC5CF063C5A6F764C54A
:107B4800A7F7650E0601A025D96EDA6A0A0EDA22B1
:107B5800DF50966F640EA025D96EDA6A0A0EDA2213
:107B6800DF50976F9751996F986B96519825070139
:107B7800A46F0601000E99210701A56FA451A6194B
:107B880009E1A551A719D8B4CCEF3DF0CEEF3DF0EF
:107B9800D2EF3DF0CAEC61F079EF3EF06ACA9EF68A
:107BA8000601DB51F70F9F6F9E519F19D8B4DFEF85
:107BB8003DF0E1EF3DF0E3EF3DF0CEEF3DF0100E8C
:107BC8000A016519D8A4EBEF3DF0EDEF3DF0FAEFAF
:107BD8003DF00E0E6719D8A4F4EF3DF0F6EF3DF036
:107BE800FAEF3DF06CCAF0F66ECAEFF6AA0E641909
:107BF800D8A401EF3EF003EF3EF0CEEF3DF05A0E71
:107C08006519D8A40AEF3EF00CEF3EF0CEEF3DF038
:107C180066EF3EF06605D8A414EF3EF016EF3EF08E
:107C28001DEF3EF0640E0601756F0A0E766FC3EC09
:107C38004BF0020E0A016619D8A425EF3EF027EF93
:107C48003EF0CEEF3DF0640E0601756F0A0E766FBA
:107C580067EC44F0CEEF3DF0020E6619D8A437EF7A
:107C68003EF039EF3EF0CEEF3DF0640E0601756F41
:107C78000A0E766FA5EC50F0CEEF3DF0020E6619B5
:107C8800D8A449EF3EF04BEF3EF0CEEF3DF0640E46
:107C98000601756F0A0E766F9BEC3FF0CEEF3DF054
:107CA800020E6619D8A45BEF3EF05DEF3EF0CEEF12
:107CB8003DF0640E0601756F0A0E766FCAEC46F049
:107CC800CEEF3DF06751010AD8B40EEF3EF0160A28
:107CD800D8B430EF3EF0400AD8B442EF3EF00F0A75
:107CE800D8B454EF3EF0CEEF3DF012000501F46F2A
:107CF800160E0501F419D8A484EF3EF086EF3EF085
:107D0800FFEF3EF0160EB1EC41F06BC5ECF56CC51B
:107D1800EDF5000E0501AA6FF00EAB6F7F0EAC6F8C
:107D2800450EAD6FECC598F5EDC599F5000E99BFF8
:107D3800FF0E9A6F9B6F010E8BEC43F098C5A6F56A
:107D480099C5A7F59AC5A8F59BC5A9F5DAEC35F04C
:107D5800A6C5BFF5A7C5C0F5A8C5C1F5A9C5C2F593
:107D68003D0E0501C36F0A0EC46F830EC56F400E2A
:107D7800C66F02EC2EF0BFC5DCF5C0C5DDF5C1C588
:107D8800DEF5C2C5DFF5D60E0501E06F0D0EE16F19
:107D9800A60EE26F3D0EE36FE0C5C3F5E1C5C4F57D
:107DA800E2C5C5F5E3C5C6F5DCC5BFF5DDC5C0F55B
:107DB800DEC5C1F5DFC5C2F502EC2EF0BFC5A6F5DC
:107DC800C0C5A7F5C1C5A8F5C2C5A9F5CD0E050161
:107DD800AA6FCC0EAB6FCC0EAC6F3D0EAD6FDAEC6C
:107DE80035F0A6C5F0F5A7C5F1F5A8C5F2F5A9C502
:107DF800F3F57FEF3FF0040EF419D8A406EF3FF037
:107E080008EF3FF07FEF3FF0040EB1EC41F06BC597
:107E1800EEF56CC5EFF5000E0501AA6FF00EAB6F1D
:107E28007F0EAC6F450EAD6FEEC598F5EFC599F5B1
:107E3800000E99BFFF0E9A6F9B6F010E8BEC43F0FB
:107E480098C5A6F599C5A7F59AC5A8F59BC5A9F53E
:107E5800DAEC35F0A6C5BFF5A7C5C0F5A8C5C1F5CC
:107E6800A9C5C2F56F0E0501C36F120EC46F830E4C
:107E7800C56F400EC66F02EC2EF0BFC5E4F5C0C555
:107E8800E5F5C1C5E6F5C2C5E7F5420E0501E86F9F
:107E9800110EE96F8A0EEA6F3D0EEB6FE8C5C3F568
:107EA800E9C5C4F5EAC5C5F5EBC5C6F5E4C5BFF532
:107EB800E5C5C0F5E6C5C1F5E7C5C2F502EC2EF08B
:107EC800BFC5A6F5C0C5A7F5C1C5A8F5C2C5A9F522
:107ED800CD0E0501AA6FCC0EAB6F4C0EAC6F3E0EEB
:107EE800AD6FDAEC35F0A6C5F0F5A7C5F1F5A8C574
:107EF800F2F5A9C5F3F5F0C5BFF5F1C5C0F5F2C5B2
:107F0800C1F5F3C5C2F5000E0501C36F000EC46FBD
:107F18007A0EC56F440EC66F02EC2EF0BFC5D8F5B9
:107F2800C0C5D9F5C1C5DAF5C2C5DBF5120021EE29
:107F380077F2100EDE6AE806FDE2770E0501636F40
:107F4800060E646F75C665F576C666F5000E686F31
:107F5800110E676FE9EC5FF006017E05D8A4B7EF54
:107F68003FF0B9EF3FF0DAEF3FF0040E05016B6F19
:107F7800000E6C6F000E6D6F7FC66EF5B1EC5CF095
:107F8800150E0501FC6FC60EE82EFED7FC2FFCD798
:107F98000000040E0501696F000E6A6F000E6B6F1A
:107FA80037EC62F00601C06F03EF40F0020E7E1955
:107FB800D8A4E1EF3FF0E3EF3FF003EF40F0040E09
:107FC80005016B6F000E6C6F000E6D6F7FC66EF54E
:107FD800B1EC5CF0150E0501FC6FC60EE82EFED75D
:107FE800FC2FFCD70000040E0501696F000E6A6FB4
:107FF800000E6B6F37EC62F000080601C06F800559
:10800800D8A409EF40F00BEF40F02CEF40F0050E3C
:1080180005016B6F000E6C6F000E6D6F81C66EF5FB
:10802800B1EC5CF0150E0501FC6FC60EE82EFED70C
:10803800FC2FFCD70000050E0501696F000E6A6F62
:10804800000E6B6F37EC62F00601C16F55EF40F020
:10805800020E8019D8A433EF40F035EF40F055EF09
:1080680040F0050E05016B6F000E6C6F000E6D6F12
:1080780081C66EF5B1EC5CF0150E0501FC6FC60EFD
:10808800E82EFED7FC2FFCD70000050E0501696F0E
:10809800000E6A6F000E6B6F37EC62F00008060185
:1080A800C16F550E776F770E0501636F060E646F0B
:1080B8000F0E656F3AEC5CF063C588F664C589F607
:1080C80088C687F606018951866F8A6B140E636F1E
:1080D8003E0E646F770E8A25D96EDA6A060EDA22AA
:1080E800DF500501FC6FFC510601656F666B29ECDA
:1080F80066F0100E06018A6184EF40F086EF40F0CA
:108108008CEF40F0D20E636F3D0E646F29EC66F081
:1081180006018A2B100E8A6594EF40F096EF40F026
:108128006AEF40F0770E0501636F060E646F000E6C
:10813800656F000E666F000E686F110E676FE9ECD1
:108148005FF0120000C7CFF501C7D0F502C7D1F51F
:1081580003C7D2F5BFC5CFF5C0C5D0F5C1C5D1F5A8
:10816800C2C5D2F5810E0501C36FFF0EC46FCFC51E
:10817800C5F5D0C5C6F5D1C5C7F5D2C5C8F5180E21
:10818800CBEF40F0D890C833C733C633C533E82E99
:10819800C6EF40F0C551C325CD6F000EC421CE6F88
:1081A800CEBFE0EF40F0CE5109E1170ECD5DD8A06B
:1081B800E0EF40F0E2EF40F0ECEF40F0BFC5BFF574
:1081C800C0C5C0F5C1C5C1F5C2C5C2F5B0EF41F023
:1081D800CEBFF1EF40F0F3EF40F064EF41F0CDC5D2
:1081E800C3F5FF0EC46FFF0EC56F7F0EC66F000E7E
:1081F800C76FC36702EF41F00AEF41F0C735C733D5
:10820800C633C533C433C32FFDEF40F0C4C5C9F529
:10821800C5C5CAF5C6C5CBF5C7C5CCF50501C95155
:10822800CF15C36FCA51D015C46FCB51D115C56FC7
:10823800CC51D215C66FC351C411C511C611D8A4EB
:1082480028EF41F02AEF41F02CEF41F0E2EF40F047
:10825800CFC5C3F5D0C5C4F5D1C5C5F5D2C5C6F5DA
:10826800200E3CEF41F0D890C633C533C433C33336
:10827800E82E37EF41F0C351C411C511C611D8B467
:1082880048EF41F04AEF41F052EF41F0C951CF2792
:10829800CA51D023CB51D123CC51D223C91DC36F8E
:1082A800CA1DC46FCB1DC56FCC1DC66FC351CF1778
:1082B800C451D017C551D117C651D217A8EF41F0F4
:1082C800CFC5C3F5D0C5C4F5D1C5C5F5D2C5C6F56A
:1082D800200E74EF41F0D890C633C533C433C3338E
:1082E800E82E6FEF41F0C351C411C511C611D8A4CF
:1082F80080EF41F082EF41F08CEF41F0000ECF6F3C
:10830800000ED06F000ED16F000ED26FA8EF41F0B3
:10831800D890CF35C36FD035C46FD135C56FD2353E
:10832800C66FC351C411C511C611D8B49EEF41F030
:10833800A0EF41F0A8EF41F0000ECF6F000ED06F14
:10834800800ED16FBF0ED26FCFC5BFF5D0C5C0F5B7
:10835800D1C5C1F5D2C5C2F5120005018B6F000E5B
:108368000501936F000E926F8B5109EC64F0D89061
:1083780005019235D96E9335DA6E730ED926050E3E
:10838800DA2263C5DEF464C5DDF4924B932B93BF08
:10839800D7EF41F0935109E10C0E925DD8A0D7EFC9
:1083A80041F0D9EF41F0B8EF41F0000E916F000EA7
:1083B800906F000E956F000E946F000E976F000E71
:1083C800966F4EEF42F0D8909635D96E9735DA6EA3
:1083D800730ED926050EDA2296C56FF597C570F586
:1083E800D8906F377037020E6F27000E7023730E08
:1083F8006F25E16E050E7021E26EDE50E65CDE5000
:10840800E658D8B00AEF42F00CEF42F04CEF42F0D9
:10841800D8909635D96E9735DA6E730ED926050E33
:10842800DA22DEC48CF5DDC48DF596C56DF597C5E9
:108438006EF5D8906D376E37020E6D27000E6E23DD
:10844800730E6D25D96E050E6E21DA6ED8909635AD
:10845800E16E9735E26E730EE126050EE222DEC468
:10846800E6F4DDC4E5F496C56DF597C56EF5D890CC
:108478006D376E37020E6D27000E6E23730E6D2555
:10848800D96E050E6E21DA6E8CC5DEF48DC5DDF46D
:10849800964B972B0B0E6D6F000E6E6F94516D5FA0
:1084A80095516E5B6D51965D9751800A6F6F6E5155
:1084B800800A6F59D8A063EF42F065EF42F0E7EF0A
:1084C80041F0944B952B95BF73EF42F0955109E11C
:1084D8000B0E945DD8A073EF42F075EF42F0E1EF18
:1084E80041F0000E956F020E946FD8909435D96EB6
:1084F8009535DA6E730ED926050EDA22DE509027EE
:10850800DD509123944B952B95BF94EF42F09551F4
:1085180009E10A0E945DD8A094EF42F096EF42F07C
:1085280079EF42F090C563F591C564F5000E666F6A
:10853800080E656F89EC54F063C58EF564C58FF538
:108548008EC56BF58FC56CF51200050183BFAFEFC3
:1085580042F0B2EF42F0010EB3EF42F0000E8A6F24
:108568000601C6BFBAEF42F0BCEF42F0BDEF42F0E1
:10857800D993C6BFC4EF42F0C2EF42F0CBEF42F04E
:10858800000E0501876F010E866FCFEF42F0C5C65A
:1085980086F5C6C687F5C3C688F5C4C689F505013C
:1085A8008A51D8B4DAEF42F0DCEF42F0F3EF42F050
:1085B8008807D8A089078A51D8A4E5EF42F0E7EFE9
:1085C80042F0EDEF42F0000E856F2B0E846FF1EF55
:1085D80042F0000E856F2D0E846F84C58AF5000E5B
:1085E8008C6F4F0E8B6F0901C26B2DEF43F00501A5
:1085F8008B07D8A08C07730E8B25D96E090E8C219A
:10860800DA6E82C563F583C564F5000E666F0A0EDF
:10861800656F88EC58F063C569F564C56AF5B6EC12
:1086280064F005016951300FDF6E8607D8A087070F
:108638008807D8A0890782C563F583C564F5000E4D
:10864800666F0A0E656F89EC54F063C582F564C5E0
:1086580083F505018CBF39EF43F08C5108E18B0598
:10866800D8A039EF43F03BEF43F066EF43F0825177
:108678008311D8A442EF43F044EF43F0FBEF42F0FC
:1086880087BF51EF43F0875106E18605D8B04FEF19
:1086980043F051EF43F0FBEF42F089BF5CEF43F04A
:1086A800895108E18805D8A05CEF43F05EEF43F0FC
:1086B80066EF43F00601D9B364EF43F066EF43F089
:1086C800FBEF42F005018A51D8B46DEF43F06FEF2C
:1086D80043F07AEF43F08B07D8A08C07730E8B25F5
:1086E800D96E090E8C21DA6E8AC5DFF480C577F55C
:1086F80081C578F5730E8B25796F090E8C217A6FF9
:1087080088C57BF589C57CF58CEC59F0120005010C
:10871800A06F0501A051D8B494EF43F096EF43F051
:10872800B8EF43F09BBF9DEF43F09BEF43F0B8EFEA
:1087380043F098C59CF599C59DF59AC59EF59BC5CE
:108748009FF59C1F9D1F9E1F9F1F9C2B000E9D2306
:108758009E239F239CC5A2F59DC5A3F59EC5A4F5A0
:108768009FC5A5F5C0EF43F098C5A2F599C5A3F537
:108778009AC5A4F59BC5A5F5985199119A119B1115
:10878800D8A4C9EF43F0CBEF43F0D5EF43F0000E88
:10879800986F000E996F000E9A6F000E9B6F66EF30
:1087A80044F0960EA16FDFEF43F0A12BD890A533CC
:1087B800A433A333A233000EA2159C6F000EA31599
:1087C8009D6F000EA4159E6FFE0EA5159F6F9C5100
:1087D8009D119E119F11D8A4F4EF43F0F6EF43F0DA
:1087E800D9EF43F004EF44F0A12B010EA227000EAD
:1087F800A323A423A523D890A533A433A333A2335A
:10880800000EA2159C6F000EA3159D6F000EA415F7
:108818009E6FFF0EA5159F6F9C519D119E119F1174
:10882800D8A419EF44F01BEF44F0F8EF43F023EF1E
:1088380044F0A107D890A237A337A437A537A4BF1F
:1088480028EF44F02AEF44F032EF44F0020EA16121
:1088580030EF44F032EF44F01DEF44F0A1B137EFB0
:1088680044F039EF44F03AEF44F0A49FD890A13394
:10887800A1C59CF59D6B9E6B9F6B9CC59FF59E6BE0
:108888009D6B9C6B9C51A2139D51A3139E51A413E5
:108898009F51A513A051D8B454EF44F056EF44F0BB
:1088A8005EEF44F09BBF5DEF44F05BEF44F05EEF9A
:1088B80044F0A58FA2C598F5A3C599F5A4C59AF566
:1088C800A5C59BF51200000E06018A6F000E8B6F7E
:1088D800000E8C6F000E8D6F21EE79F2100EDE6A9D
:1088E800E806FDE2790E0501636F060E646F75C632
:1088F80065F576C666F5000E686F110E676FE9ECD0
:108908005FF00601946B9451776F786B070E7727A9
:10891800000E7823790E7725D96E060E7821DA6E47
:108928008A0E9425E16EE26A060EE222DFC4E7F4BD
:10893800150E0601776FC60EE82EFED7772FFCD7E7
:1089480000000601942B030E9465ADEF44F0AFEFE1
:1089580044F087EF44F08A0E0501BF6F060EC06F22
:10896800040EC16F540EB7EC65F0D00E0601776F98
:10897800C90EE82EFED7772FFCD700D0550E06017A
:10898800796F040E0501786F540E60EC64F078C5B9
:108998008EF679C58FF6800E0501636F060E646F3B
:1089A8008EC665F58FC666F5000E686F040E676F94
:1089B800E9EC5FF0030E0501786F5C0E60EC64F083
:1089C80078C590F679C591F6060120EE02F090512F
:1089D800D9269151DA22DF50846F790E0501636F31
:1089E800060E646F0F0E656F3AEC5CF063C592F685
:1089F80064C593F692C689F606019351886F956B04
:108A0800140E636F3E0E646F790E9525D96EDA6A7F
:108A1800060EDA22DF50776F7751656F666B29ECA7
:108A280066F0100E060195611CEF45F01EEF45F04B
:108A380024EF45F0D20E636F3D0E646F29EC66F0AB
:108A48000601952B100E95652CEF45F02EEF45F09D
:108A580004EF45F0790E0501636F060E646F000E92
:108A6800666F000E656F000E686F110E676FECEC95
:108A780063F0120030C767F531C768F532C769F58A
:108A880033C76AF5AFEC5BF067C509F668C50AF647
:108A980069C50BF66AC50CF61C0E16EC30F005011C
:108AA800F5510601086FE851D8B45DEF45F05FEF66
:108AB80045F078EF45F00C510B110BE1880E095D7C
:108AC800130E0A59D8A06BEF45F06DEF45F00DEF86
:108AD80046F0E86B000ED26F000ED16F640EF06F97
:108AE8000DEF46F00DEF46F0E751D8B47EEF45F0B4
:108AF80080EF45F086EF45F0000ED26F010ED16F82
:108B08000DEF46F00805D8A48CEF45F08EEF45F040
:108B1800D2EF45F0EA51D8A494EF45F096EF45F02E
:108B2800A5EF45F01FEC68F063C530F764C531F771
:108B380065C532F766C533F7010E0601EA6F0DEF1A
:108B480046F00C510B110BE1E90E095D030E0A59B1
:108B5800D8A0B1EF45F0B3EF45F00DEF46F0000EA9
:108B6800D26F010ED16F010EE86F1FEC68F063C57C
:108B780030F764C531F765C532F766C533F70601C6
:108B8800EA6BE62B040EE665CCEF45F0CEEF45F038
:108B980076EF45F0010EE76F0DEF46F0020E08196B
:108BA800D8A4D9EF45F0DBEF45F006EF46F0E951E0
:108BB800D8A4E1EF45F0E3EF45F0F2EF45F01FEC04
:108BC80068F063C530F764C531F765C532F766C527
:108BD80033F7010E0601E96F0DEF46F00C510B114A
:108BE8000A1109E1C90E095DD8A0FDEF45F0FFEFB4
:108BF80045F00DEF46F0000ED26F020ED16FE96B13
:108C08000DEF46F0000ED26F000ED16FEA6B03EF46
:108C180046F012004950020D000EF324D96E080EDA
:108C2800F420DA6EDE6ADD6A0201B2A71EEF46F0B2
:108C380020EF46F042EF46F04950020D000EF324B3
:108C4800D96E080EF420DA6E0801DF8207017E5122
:108C58007F118011D8B433EF46F035EF46F042EF7C
:108C680046F002D842EF46F00500FA6E7E51FD6EDE
:108C78007F51FE6E8051FF6EFA5012000201B2A3BE
:108C880048EF46F04AEF46F06CEF46F04950020DC7
:108C9800000EF324D96E080EF420DA6E0801DF8482
:108CA80007017B517C117D11D8B45DEF46F05FEF71
:108CB80046F06CEF46F002D86CEF46F00500FA6E0D
:108CC8007B51FD6E7C51FE6E7D51FF6EFA50120095
:108CD8000201B2AD72EF46F074EF46F096EF46F03F
:108CE8004950020D000EF324D96E080EF420DA6EF6
:108CF8000801DF800701785179117A11D8B487EF1C
:108D080046F089EF46F096EF46F002D896EF46F027
:108D18000500FA6E7851FD6E7951FE6E7A51FF6E3C
:108D2800FA501200A1C224F549281F0B256E48509D
:108D38002518D8A4A2EF46F0A4EF46F0A6EF46F017
:108D4800B1EF46F0000E4924D96EDA6A090EDA222C
:108D580024C5DFF425C549F5472A07016C516D1173
:108D68006E11D8B4BAEF46F0BCEF46F0C9EF46F042
:108D780002D8C9EF46F00500FA6E6C51FD6E6D51D0
:108D8800FE6E6E51FF6EFA501200120021EE77F25D
:108D9800100EDE6AE806FDE2770E0501636F060E27
:108DA800646F75C665F576C666F5000E686F110EB8
:108DB800676FE9EC5FF006017E05D8A4E6EF46F0A0
:108DC800E8EF46F009EF47F0060E05016B6F000E5D
:108DD8006C6F000E6D6F7FC66EF5B1EC5CF0150E12
:108DE8000501FC6FC60EE82EFED7FC2FFCD700004D
:108DF800060E0501696F000E6A6F000E6B6F37EC87
:108E080062F00601C26F32EF47F0020E7E19D8A455
:108E180010EF47F012EF47F032EF47F0060E05016A
:108E28006B6F000E6C6F000E6D6F7FC66EF5B1EC48
:108E38005CF0150E0501FC6FC60EE82EFED7FC2F60
:108E4800FCD70000060E0501696F000E6A6F000E60
:108E58006B6F37EC62F000080601C26F550E776F32
:108E6800770E0501636F060E646F0F0E656F3AEC9F
:108E78005CF063C588F664C589F688C687F606017E
:108E88008951866F8A6B140E636F3E0E646F770E7E
:108E98008A25D96EDA6A060EDA22DF500501FC6FE0
:108EA800FC510601656F666B29EC66F0100E060131
:108EB8008A6161EF47F063EF47F069EF47F0D20E40
:108EC800636F3D0E646F29EC66F006018A2B100E65
:108ED8008A6571EF47F073EF47F047EF47F0770E79
:108EE8000501636F060E646F000E656F000E666FF6
:108EF800000E686F110E676FE9EC5FF01200F80E54
:108F08000501696F030E6A6F000E6B6F37EC62F034
:108F18000501786FF90E696F030E6A6F000E6B6FAB
:108F280037EC62F00501796FFA0E696F030E6A6F0C
:108F3800000E6B6F37EC62F005017A6FFB0E696FFC
:108F4800030E6A6F000E6B6F37EC62F005017B6FE2
:108F5800FC0E696F030E6A6F000E6B6F37EC62F0E0
:108F680005017C6FFD0E696F030E6A6F000E6B6F53
:108F780037EC62F005017D6F060E7819D8A4C7EFAB
:108F880047F0C9EF47F0F5EF47F0050E7919D8A477
:108F9800D0EF47F0D2EF47F0F5EF47F0040E7A191B
:108FA800D8A4D9EF47F0DBEF47F0F5EF47F0030E11
:108FB8007B19D8A4E2EF47F0E4EF47F0F5EF47F06C
:108FC800020E7C19D8A4EBEF47F0EDEF47F0F5EF70
:108FD80047F07D05D8B4F3EF47F0F5EF47F0F8EF29
:108FE80047F0000E31EF48F0FE0E696F030E6A6F0E
:108FF800000E6B6F37EC62F00501766FFF0E696F3C
:10900800030E6A6F000E6B6F37EC62F00501776F25
:10901800775176C570F5716B70C571F5706B70110D
:10902800726F7151736F780E636F050E646F060E61
:10903800656F12EC60F063C574F564C575F50501DC
:109048007451721907E175517319D8A42EEF48F0BD
:1090580030EF48F0F5EF47F0010E12000601C6BFE9
:1090680038EF48F03AEF48F03BEF48F0D993C6BFE5
:1090780042EF48F040EF48F049EF48F0000E050194
:10908800886F010E876F4DEF48F0C5C687F5C6C6D5
:1090980088F5C3C689F5C4C68AF5000E05018D6F2B
:1090A8004F0E8C6F0901C26B8DEF48F005018C07DC
:1090B800D8A08D0782510F0B8B6F0A0E8B6167EF5B
:1090C80048F069EF48F06DEF48F0300E8B276FEFEE
:1090D80048F0370E8B27730E8C25D96E090E8D211B
:1090E800DA6E8BC5DFF48707D8A088078907D8A070
:1090F8008A0782C584F583C585F5040E866FD890E6
:1091080085338433862F83EF48F084C582F585C57F
:1091180083F505018DBF9AEF48F08D5109E1020EE4
:109128008C5DD8A09AEF48F09CEF48F0C7EF48F064
:1091380082518311D8A4A3EF48F0A5EF48F05AEF65
:1091480048F088BFB2EF48F0885106E18705D8B0EB
:10915800B0EF48F0B2EF48F05AEF48F08ABFBDEFE1
:1091680048F08A5108E18905D8A0BDEF48F0BFEF63
:1091780048F0C7EF48F00601D9B3C5EF48F0C7EF8C
:1091880048F05AEF48F080C577F581C578F5730E39
:1091980005018C25796F090E8D217A6F89C57BF5BC
:1091A8008AC57CF58CEC59F01200000E0501656F3C
:1091B800570E646FF50E666F070E676F000E696FC6
:1091C800020E686F10EC5FF00009D8B4EEEF48F0BB
:1091D800F0EF48F0D9EF48F0000E0501656F570E23
:1091E800646F5B0E666F050E676F000E696F010E88
:1091F800686F3CEC5FF00009D8B405EF49F007EF61
:1092080049F0F0EF48F0680E05016B6FE40EE82EA8
:10921800FED76B2FFCD700005BC54FF5680E050124
:109228006B6FE40EE82EFED76B2FFCD70000C00E44
:109238004F18D8A422EF49F024EF49F026EF49F05F
:1092480066EF49F0000E0501656F570E646FE60E74
:10925800666F080E676F000E696F130E686F10EC6B
:109268005FF00009D8B43BEF49F03DEF49F026EF35
:1092780049F0680E05016B6FE40EE82EFED76B2FE0
:10928800FCD70000000E0501656F570E646FF50EE0
:10929800666F070E676F000E696F030E686F3CEC10
:1092A8005FF00009D8B45BEF49F05DEF49F046EF95
:1092B80049F02A0E05016B6F8D0EE82EFED76B2F35
:1092C800FCD700D0D00E05016B6FC90EE82EFED773
:1092D8006B2FFCD700D01200050120EE03F0785167
:1092E800D9267951DA22DF50636F20EE02F07851E7
:1092F800D9267951DA22DF50F8EC5BF063C545F5E1
:1093080064C546F5570E455C030E4658D8A08FEF46
:1093180049F091EF49F095EF49F0030E466E570E6C
:10932800456EF40E455C010E4658D8B09EEF49F0E4
:10933800A0EF49F0A4EF49F0010E466EF40E456E19
:1093480045C5D7F646C5D8F678C5D9F479C5DAF44F
:10935800DF500601F06F630EF065B5EF49F0B7EF27
:1093680049F0B9EF49F0640EF06F050120EE07F0FF
:109378007851D9267951DA22DF50636F20EE06F052
:109388007851D9267951DA22DF50F8EC5BF063C5C1
:1093980043F564C544F52C0E435C010E4458D8A02F
:1093A800D8EF49F0DAEF49F0DEEF49F0010E446EEC
:1093B8002C0E436E445007E1640E435CD8B0E7EFCF
:1093C80049F0E9EF49F0EDEF49F0000E446E640E04
:1093D800436E43C541F544C542F5050120EE04F04E
:1093E8007851D9267951DA22DF500601EF6F630EE2
:1093F800EF6501EF4AF003EF4AF005EF4AF0640E1B
:10940800EF6F1200000E060100150501E86F000E4F
:10941800060101150501E96F800E06010215050117
:10942800EA6F7F0E060103150501EB6FE851E9119C
:10943800EA11EB11D8A423EF4AF025EF4AF02EEFFA
:109448004AF0000E0601006F000E016F000E026F59
:10945800000E036F000E060104150501E86F000EEB
:10946800060105150501E96F800E060106150501BF
:10947800EA6F7F0E060107150501EB6FE851E91148
:10948800EA11EB11D8A44BEF4AF04DEF4AF056EF32
:109498004AF0000E0601046F000E056F000E066FFD
:1094A800000E076F060103AF5CEF4AF05EEF4AF06B
:1094B80067EF4AF0006D011FD8B0012B021FD8B02A
:1094C800022B800E035707AF6CEF4AF06EEF4AF09D
:1094D80077EF4AF0046D051FD8B0052B061FD8B0EA
:1094E800062B800E0757000E001B000E011B000EF6
:1094F800021B800E031B000E041B000E051B000E32
:10950800061B800E071B0451005D055101590651C9
:10951800025907510359D8B094EF4AF096EF4AF030
:1095280099EF4AF0D8909AEF4AF0D880120008C60E
:1095380063F509C664F50AC665F50BC666F525EC3C
:1095480050F0050163516411D8A4ADEF4AF0AFEFB4
:109558004AF0B9EF4AF00CC608F60DC609F60EC671
:109568000AF60FC60BF62EEF4BF00CC663F50DC6C8
:1095780064F50EC665F50FC666F525EC50F00501D5
:1095880063516411D8A4CBEF4AF0CDEF4AF0D7EF7E
:109598004AF008C608F609C609F60AC60AF60BC64E
:1095A8000BF62EEF4BF008C663F509C664F50AC63C
:1095B80065F50BC666F53BEC60F063C5ECF564C574
:1095C800EDF50CC663F50DC664F50EC665F50FC658
:1095D80066F53BEC60F005016351EC1909E1645153
:1095E800ED19D8B4FAEF4AF0FCEF4AF012EF4BF05D
:1095F80008C663F509C664F50AC665F50BC666F5BF
:109608003BEC60F0050163516411D8A40EEF4BF0F8
:1096180010EF4BF0CDEF4AF0AFEF4AF008C600F676
:1096280009C601F60AC602F60BC603F60CC604F60E
:109638000DC605F60EC606F60FC607F606EC4AF086
:109648000601D8A02AEF4BF02CEF4BF0CDEF4AF0F3
:10965800AFEF4AF0120010C663F511C664F512C6E2
:1096680065F513C666F525EC50F0050163516411E4
:10967800D8A441EF4BF043EF4BF04DEF4BF014C63D
:1096880010F615C611F616C612F617C613F6C2EF6F
:109698004BF014C663F515C664F516C665F517C60E
:1096A80066F525EC50F0050163516411D8A45FEF0D
:1096B8004BF061EF4BF06BEF4BF010C610F611C694
:1096C80011F612C612F613C613F6C2EF4BF010C607
:1096D80063F511C664F512C665F513C666F53BEC6D
:1096E80060F063C5EEF564C5EFF514C663F515C6FD
:1096F80064F516C665F517C666F53BEC60F005011E
:109708006351EE1909E16451EF19D8B48EEF4BF0AB
:1097180090EF4BF0A6EF4BF010C663F511C664F559
:1097280012C665F513C666F53BEC60F0050163519A
:109738006411D8A4A2EF4BF0A4EF4BF043EF4BF029
:1097480061EF4BF010C600F611C601F612C602F61C
:1097580013C603F614C604F615C605F616C606F6AD
:1097680017C607F606EC4AF00601D8A0BEEF4BF084
:10977800C0EF4BF043EF4BF061EF4BF0120021EEDE
:1097880077F2100EDE6AE806FDE2770E0501636FD8
:10979800060E646F75C665F576C666F5000E686FC9
:1097A800110E676FE9EC5FF0550E0601776F040E36
:1097B8000501786F540E60EC64F078C588F679C5B9
:1097C80089F67E0E0501636F060E646F88C665F51F
:1097D80089C666F5000E686F040E676FE9EC5FF0E6
:1097E800030E0501786F5C0E60EC64F078C58AF6AC
:1097F80079C58BF6060120EE02F08A51D9268B51E5
:10980800DA22DF50826F770E0501636F060E646FF0
:109818000F0E656F3AEC5CF063C58CF664C58DF687
:109828008CC687F606018D51866F8E6B140E636F9A
:109838003E0E646F770E8E25D96EDA6A060EDA222E
:10984800DF500501FC6FFC510601656F666B29EC62
:1098580066F0100E06018E6134EF4CF036EF4CF0D6
:109868003CEF4CF0D20E636F3D0E646F29EC66F04E
:1098780006018E2B100E8E6544EF4CF046EF4CF02F
:109888001AEF4CF0770E0501636F060E646F000E39
:10989800666F000E656F000E686F110E676FECEC57
:1098A80063F0120063C5D9F464C5DAF465C5DFF462
:1098B800050120EE01F06351D9266451DA2266C50C
:1098C800DEF467C5DEF468C5DEF469C5DEF420EEB3
:1098D80005F06351D9266451DA226AC5DEF46BC5F6
:1098E800DEF46CC5DEF46DC5DEF420EE09F06351DC
:1098F800D9266451DA226EC5DEF46FC5DEF470C570
:10990800DEF471C5DEF420EE15F06351D9266451FA
:10991800DA2272C5DEF473C5DEF474C5DEF475C5EB
:10992800DEF420EE19F06351D9266451DA2276C5A7
:10993800DEF477C5DEF478C5DEF479C5DEF420EE12
:109948000DF06351D9266451DA22000EDE6E000E46
:10995800DE6E480EDE6E440EDD6E20EE11F06351B1
:10996800D9266451DA22000EDE6E000EDE6E480E35
:10997800DE6EC40EDD6E20EE1DF06351D9266451F3
:10998800DA22000EDE6E000EDE6E000EDE6E000EB7
:10999800DD6E20EE21F06351D9266451DA22000EE3
:1099A800DE6E000EDE6E000EDE6E000EDD6E20EE48
:1099B80025F06351D9266451DA227AC5DEF47BC5D5
:1099C800DDF41200C80E0501746F000E756F000EED
:1099D800766F000E776F6C51726F6BC573F511EF70
:1099E8004DF005017451751176117711D8A4FFEF68
:1099F8004CF001EF4DF003EF4DF075EF4DF07407AB
:109A0800000E755B765B775B150E0501706FC60EF1
:109A1800E82EFED7702FFCD70000000E0501656FF9
:109A2800530E646F720E666F050E676F000E696FD6
:109A3800020E686F10EC5FF00009D8B426EF4DF005
:109A480028EF4DF0F5EF4CF0C80E0501746F000ECD
:109A5800756F000E766F000E776F4FEF4DF00501B2
:109A68007451751176117711D8A43DEF4DF03FEF81
:109A78004DF041EF4DF075EF4DF07407000E755B3A
:109A8800765B775B150E0501706FC60EE82EFED764
:109A9800702FFCD70000000E0501656F530E646F30
:109AA8006DC566F56EC567F5020E6F25686F696B43
:109AB800000E69233CEC5FF00009D8B466EF4DF066
:109AC80068EF4DF033EF4DF0090E0501716F1E0E72
:109AD800706FE40EE82EFED7702FFCD7712FFAD7DF
:109AE8000000120006011A351B350501F56FF55106
:109AF800D8A481EF4DF083EF4DF08EEF4DF0000EBE
:109B08000601186F000E196F000E1A6F000E1B6FFA
:109B180002EF4EF018C6F0F519C6F1F51AC6F2F5BF
:109B28001BC6F3F5200E9EEF4DF0D890F333F233B9
:109B3800F133F033E82E99EF4DF0F051F46F060150
:109B48001A8FFF0E1817FF0E1917FF0E1A17000E9F
:109B58001B17960E0501F55FF5BFB7EF4DF0B5EF92
:109B68004DF0CFEF4DF0F551800A970FD8B0BFEF09
:109B78004DF0C1EF4DF0C3EF4DF083EF4DF006010E
:109B8800D8901B331A33193318330501F53FC3EF47
:109B98004DF0E9EF4DF01F0EF565D5EF4DF0D7EF1D
:109BA8004DF0E1EF4DF083EF4DF00601D8901837F6
:109BB80019371A371B370501F507F551D8A4E7EF10
:109BC8004DF0E9EF4DF0D9EF4DF0F451D8B4EFEF87
:109BD8004DF0F1EF4DF0FAEF4DF006011B1F1A1F83
:109BE800191F186D000E19231A231B2318C618F6FF
:109BF80019C619F61AC61AF61BC61BF612002CC788
:109C080067F52DC768F52EC769F52FC76AF5AFEC5C
:109C18005BF067C508F668C509F669C50AF66AC53E
:109C28000BF6110E16EC30F0F5C50CF6F6C50DF670
:109C380006010C050D11D8A424EF4EF026EF4EF0C6
:109C480052EF4EF0E551D8A42CEF4EF02EEF4EF027
:109C58003DEF4EF01FEC68F063C52CF764C52DF797
:109C680065C52EF766C52FF7010E0601E56F8EEF65
:109C78004EF00B510A110BE1E90E085D030E09596C
:109C8800D8A049EF4EF04BEF4EF08EEF4EF0000E9D
:109C9800D06F010ECF6FE56B8EEF4EF0020E0C19F0
:109CA8000D11D8A45AEF4EF05CEF4EF087EF4EF04E
:109CB800E451D8A462EF4EF064EF4EF073EF4EF02B
:109CC8001FEC68F063C52CF764C52DF765C52EF742
:109CD80066C52FF7010E0601E46F8EEF4EF00B51AB
:109CE8000A11091109E1C90E085DD8A07EEF4EF0EE
:109CF80080EF4EF08EEF4EF0000ED06F020ECF6F59
:109D0800E46B8EEF4EF0000ED06F000ECF6FE56B58
:109D180084EF4EF012000501636F05016305D8A4B6
:109D280098EF4EF09AEF4EF0B6EF4EF0000E0701A6
:109D3800DA6F000ED96F000ED16F000ED26F000ED1
:109D4800D36F000ED46F000ED56F000ED66F000EC5
:109D5800D76F000ED86F000E0601CA6F000EC96FCC
:109D680017EF4FF0020E6319D8A4BDEF4EF0BFEF06
:109D78004EF0DBEF4EF0000E08018D6F000E8C6F79
:109D8800000E846F000E856F000E866F000E876FC1
:109D9800000E886F000E896F000E8A6F000E8B6FA1
:109DA800000E0601C86F000EC76F17EF4FF0030EC5
:109DB8006319D8A4E2EF4EF0E4EF4EF017EF4FF03E
:109DC800000E0701DA6F000ED96F000ED16F000E7A
:109DD800D26F000ED36F000ED46F000ED56F000E39
:109DE800D66F000ED76F000ED86F000E08018D6F6A
:109DF800000E8C6F000E846F000E856F000E866F4C
:109E0800000E876F000E886F000E896F000E8A6F34
:109E1800000E8B6F000E0601CA6F000EC96F000E90
:109E2800C86F000EC76F1200EBEC54F0556E55501A
:109E3800D8B421EF4FF023EF4FF057EF4FF05450C5
:109E48005518D8B42AEF4FF02CEF4FF05AEF4FF0D7
:109E58005504D8A432EF4FF034EF4FF039EF4FF0FC
:109E6800030E93EC5FF053EF4FF0020E5518D8A491
:109E780040EF4FF042EF4FF047EF4FF0010E93ECF9
:109E88005FF053EF4FF0030E5518D8A44EEF4FF084
:109E980050EF4FF053EF4FF0020E93EC5FF055C5C3
:109EA80054F55AEF4FF0546A0601ED6BA3EC37F006
:109EB80005017DC598F57EC599F59A6B9B6B000EDB
:109EC8008BEC43F098C5ACF699C5ADF69AC5AEF6DD
:109ED8009BC5AFF65904D8B474EF4FF076EF4FF046
:109EE8007FEF4FF00601EE05D8A47DEF4FF07FEF2E
:109EF8004FF09AEF4FF0ACC6A6F5ADC6A7F5AEC6C3
:109F0800A8F5AFC6A9F5000E0501AA6F000EAB6F44
:109F1800000EAC6F400EAD6FDAEC35F0A6C5ACF6AE
:109F2800A7C5ADF6A8C5AEF6A9C5AFF614EC3CF0CA
:109F380028EC39F012000501786B76BFA8EF4FF0D6
:109F4800A6EF4FF0B2EF4FF0761F751F741F736DB9
:109F5800000E742375237623010E786F72BFB9EF54
:109F68004FF0B7EF4FF0C3EF4FF0721F711F701F24
:109F78006F6D000E702371237223010E781B000E83
:109F8800796F000E7A6F000E7B6F000E7C6F735135
:109F9800741175117611D8B4D4EF4FF0D6EF4FF095
:109FA8000CEF50F0010E776FE0EF4FF0D890733759
:109FB800743775377637772B76AFE5EF4FF0E7EFE5
:109FC8004FF0DAEF4FF0D89079377A377B377C3714
:109FD80073516F5D74517059755171597651725939
:109FE800D8A0F9EF4FF0FBEF4FF004EF50F07351AA
:109FF8006F5F7451705B7551715B7651725B7981DB
:10A00800D8907633753374337333772FE7EF4FF087
:10A018007851D8B412EF50F014EF50F01CEF50F014
:10A028007C1F7B1F7A1F796D000E7A237B237C238C
:10A0380079C56FF57AC570F57BC571F57CC572F584
:10A04800120008C76DF509C76EF50AC76FF50BC78B
:10A0580070F563C56DF564C56EF565C56FF566C5C4
:10A0680070F56DC567F56EC568F56FC569F570C59E
:10A078006AF5180E46EF50F00501D8906A33693337
:10A0880068336733E82E40EF50F067516B6F6C6BA5
:10A098006B516C11D8A453EF50F055EF50F075EF99
:10A0A80050F0D8906D35676F6E35686F6F35696F92
:10A0B80070356A6F6751681169116A11D8A467EF22
:10A0C80050F069EF50F06FEF50F0000E646F020E21
:10A0D800636FA4EF50F0000E646F030E636FA4EF7C
:10A0E80050F06B296C11D8A47CEF50F07EEF50F043
:10A0F800A0EF50F06DC567F56EC568F56FC569F5D9
:10A1080070C56AF5090ED8906737683769376A37B6
:10A11800E82E87EF50F06751681169116A11D8B4B9
:10A1280098EF50F09BEF50F0010E9CEF50F0000EAE
:10A13800636F646BA4EF50F0000E646F040E636FDE
:10A14800120009EC52F0090E0601786F1E0E776FA7
:10A15800E40EE82EFED7772FFCD7782FFAD7000029
:10A1680083EC47F0E806D8A4BCEF50F0BEEF50F0FF
:10A1780020EF51F0010E0601F16F75C6D9F476C6CD
:10A18800DAF4550EDF6E75C663F576C664F50F0E04
:10A198000501656F3AEC5CF063C579F664C57AF63B
:10A1A800060120EE10F07551D9267651DA2279C6CB
:10A1B800DFF420EE0FF07551D9267651DA227A5164
:10A1C800DF6E7B6B140E636F3E0E646F7B517525DB
:10A1D800D96E000E7621DA6EDF50776F7751656F92
:10A1E800666B29EC66F0100E06017B61FEEF50F0FD
:10A1F80000EF51F006EF51F0D20E636F3D0E646F21
:10A2080029EC66F006017B2B100E7B650EEF51F0F2
:10A2180010EF51F0E6EF50F075C663F576C664F5B9
:10A22800000E0501666F000E656F000E686F110E57
:10A23800676FECEC63F0FF001200980EF66EC60E26
:10A24800F76E000EF86E02EEB6F010EE43F009005D
:10A25800F5C4EEF4E550E150FAE10C0EF66ED10EBD
:10A26800F76E000EF86E01EEEFF310EE0CF0090039
:10A27800F5C4EEF4E550E150FAE1080EF66ED20EA0
:10A28800F76E000EF86E0900F5C4F2F60900F5C481
:10A29800F3F6D20EF66ED10EF76E000EF86E01EEE2
:10A2A8005CF110EE04F00900F5C4EEF4E550E1505D
:10A2B800FAE102EE00F3F40EEE6AE806FDE102EEC2
:10A2C80000F2C80EEE6AE806FDE102EE00F1C30EE8
:10A2D800EE6AE806FDE102EE00F0B60EEE6AE80668
:10A2E800FDE101EE00F3E00EEE6AE806FDE101EEA5
:10A2F800A4F24E0EEE6AE806FDE10501FF6BFE6B67
:10A30800FD6B01EE30F12C0EEE6AE806FDE104016A
:10A31800080E5D6F300E5E6F000E5F6F00013BEF41
:10A3280065F0C80E0501BA6F000EBB6F000EBC6F5A
:10A33800000EBD6F6C51726F6BC573F5BE6BBBEFD2
:10A3480051F0BE516D25D96E000E6E21DA6EBE51E8
:10A35800706F716B020E7027000E7123720E7025DC
:10A36800E16E050E7121E26EDFC4E7F4BE2B6F517A
:10A37800BE5DD8A0C2EF51F0C4EF51F0A5EF51F087
:10A38800E2EF51F00501BA51BB11BC11BD11D8A4BF
:10A39800D0EF51F0D2EF51F0D4EF51F008EF52F076
:10A3A800BA07000EBB5BBC5BBD5B150E0501706F89
:10A3B800C60EE82EFED7702FFCD70000000E050150
:10A3C800656F530E646F720E666F050E676F020E2F
:10A3D8006F25686F696B000E692310EC5FF0000948
:10A3E800D8B4F9EF51F0FBEF51F0C6EF51F0090E78
:10A3F8000501716F1E0E706FE40EE82EFED7702FE8
:10A40800FCD7712FFAD70000120021EEEFF311EEFE
:10A418006FF1050EDBC4E3F4E806FCE26F0E0501FC
:10A42800636F050E646F060E656F12EC60F063C50E
:10A4380077F564C578F505017851756F77C576F5B8
:10A44800F80E6B6F030E6C6F000E6D6F6FC56EF5B7
:10A45800B1EC5CF0F90E05016B6F030E6C6F000E2A
:10A468006D6F70C56EF5B1EC5CF0FA0E05016B6F9F
:10A47800030E6C6F000E6D6F71C56EF5B1EC5CF07C
:10A48800FB0E05016B6F030E6C6F000E6D6F72C5CE
:10A498006EF5B1EC5CF0FC0E05016B6F030E6C6F92
:10A4A800000E6D6F73C56EF5B1EC5CF0FD0E050125
:10A4B8006B6F030E6C6F000E6D6F74C56EF5B1ECAB
:10A4C8005CF0FE0E05016B6F030E6C6F000E6D6F76
:10A4D80075C56EF5B1EC5CF0FF0E05016B6F030EF0
:10A4E8006C6F000E6D6F76C56EF5B1EC5CF0120006
:10A4F8000501636F05016305D8A485EF52F087EF66
:10A5080052F0A0EF52F0000E0701686F000E696F5D
:10A51800000E6A6F000E6B6F0601F06B000EAC6FD9
:10A52800000EAD6F000EAE6F000EAF6F000ECE6F57
:10A53800000ECD6FECEF52F0020E6319D8A4A7EF0E
:10A5480052F0A9EF52F0BEEF52F0000E0701646F0F
:10A55800000E656F000E666F000E676F0601EF6BE9
:10A56800000ED66F000ED56F000ECC6F000ECB6FAD
:10A57800ECEF52F0030E6319D8A4C5EF52F0C7EF01
:10A5880052F0ECEF52F0010E5E6EFE6B000E06010B
:10A59800AC6F000EAD6F000EAE6F000EAF6F000E09
:10A5A800CE6F000ECD6F000ECC6F000ECB6F000E7D
:10A5B8000701686F000E696F000E6A6F000E6B6FFF
:10A5C800000E646F000E656F000E666F000E676FF9
:10A5D8001200B40E0501636F070E646F010E656FFC
:10A5E8000A0E666FD70E676FA30E686F3D0E696F10
:10A5F8006F0E6A6F120E6B6F030E6C6F3B0E6D6FF2
:10A608009A0E6E6F990E6F6F190E706F3E0E716F06
:10A61800000E726F000E736F480E746F450E756FE3
:10A62800000E766F000E776F000E786F000E796F50
:10A63800000E7B6F000E7A6F56EC4CF0670E05012A
:10A64800636F080E646F020E656F9A0E666F990E3F
:10A65800676F990E686F3E0E696F170E6A6FB70EB7
:10A668006B6FD10E6C6F380E6D6F170E6E6FB70E65
:10A678006F6FD10E706F380E716F000E726F000E13
:10A68800736F480E746F450E756F000E766F000E6F
:10A69800776F000E786F000E796F000E7B6F000EDB
:10A6A8007A6F56EC4CF01200000E05016B6F000E2D
:10A6B8006A6F63C5D9F464C5DAF4DEC4F6F4DDC4A0
:10A6C800F7F4000EF86E0800F5502A0AD8A46FEFC8
:10A6D80053F071EF53F0A4EF53F063C5D9F464C598
:10A6E800DAF4DE2A000EDD2265C5D9F466C5DAF48F
:10A6F800DFC467F5020EDE26DFC468F5000EDD2232
:10A7080067C5D9F468C5DAF4DEC46AF5DDC46BF54B
:10A71800BAEF53F00A0E6A03F3C467F5F4C468F598
:10A728006B03F3506827695167256A6F000E68212B
:10A738006B6F63C5D9F464C5DAF4DE2A000EDD2236
:10A7480063C5D9F464C5DAF4DEC4F6F4DDC4F7F4FD
:10A75800000EF86E0800F550D00F696F090E696594
:10A76800B8EF53F0BAEF53F08EEF53F06AC563F5C4
:10A778006BC564F51200050169516A11D8B4C7EFB9
:10A7880053F0C9EF53F0D2EF53F069516A11D8A4CE
:10A79800D0EF53F0D2EF53F0D7EF53F0675130ECCE
:10A7A80061F024EF54F020EE09F06951D9266A517E
:10A7B800DA22DE50DE10D8B4E4EF53F0E6EF53F0BF
:10A7C80001EF54F020EE09F06951D9266A51DA22D6
:10A7D80010EE02F06951E1266A51E222DE50E65C91
:10A7E800E650800A6F6FDE50800A6F59D8B0FFEFCD
:10A7F80053F001EF54F024EF54F020EE02F06951C9
:10A80800D9266A51DA22DEC46BF5DDC46CF569C558
:10A81800D9F46AC5DAF4DEC46DF5DDC46EF56B51A2
:10A828006D25D96E6C516E21DA6E67C5DFF420EEA6
:10A8380002F06951D9266A51DA22DE2A000EDD2299
:10A8480012001CC767F51DC768F51EC769F51FC745
:10A858006AF5AFEC5BF067C579F568C57AF569C547
:10A868007BF56AC57CF572EF54F07C517B117A1147
:10A8780009E1650E795DD8A044EF54F046EF54F035
:10A8880088EF54F0F1EC68F0010E506E1FEC68F0A0
:10A8980063C51CF764C51DF765C51EF766C51FF7B8
:10A8A80088EF54F07C517B117A1109E1650E795DCE
:10A8B800D8A061EF54F063EF54F088EF54F0F3EC54
:10A8C80068F0506A1FEC68F063C51CF764C51DF793
:10A8D80065C51EF766C51FF788EF54F0505005018F
:10A8E800776F786B7851000AD8B47DEF54F088EF11
:10A8F80054F07751000AD8B439EF54F0010AD8B4AB
:10A9080056EF54F088EF54F012000501686B66BFEB
:10A9180092EF54F090EF54F098EF54F0656D661F85
:10A92800D8B0662B010E686F64BF9FEF54F09DEF9F
:10A9380054F0A5EF54F0636D641FD8B0642B010E7A
:10A94800681B000E6A6F000E696F65516611D8B4F6
:10A95800B0EF54F0B2EF54F0DAEF54F0010E676F35
:10A96800BAEF54F0D89065376637672B66AFBFEFFC
:10A9780054F0C1EF54F0B6EF54F0D89069376A3705
:10A988006551635D66516459D8A0CDEF54F0CFEF9F
:10A9980054F0D4EF54F06551635F6651645B69818C
:10A9A800D89066336533672FC1EF54F06851D8B437
:10A9B800E0EF54F0E2EF54F0E6EF54F0696D6A1FEF
:10A9C800D8B06A2B69C563F56AC564F512005F04DF
:10A9D800D8B4F1EF54F0F3EF54F0F6EF54F0010E61
:10A9E8004BEF55F00601F105D8A4FDEF54F0FFEF49
:10A9F80054F001EF55F0F3EF54F0020EEE19D8A41D
:10AA080008EF55F00AEF55F00CEF55F0F3EF54F05E
:10AA1800F051D8A412EF55F014EF55F01EEF55F091
:10AA2800EF51D8A41AEF55F01CEF55F01EEF55F072
:10AA3800F3EF54F0D151D211D8B425EF55F027EFE8
:10AA480055F032EF55F0CF51D011D8B42EEF55F064
:10AA580030EF55F032EF55F0F3EF54F0D151D211F9
:10AA6800D8B439EF55F03BEF55F03EEF55F0020EF4
:10AA78004BEF55F0CF51D011D8B445EF55F047EF13
:10AA880055F04AEF55F0030E4BEF55F0000E12004B
:10AA9800BE6AB00EBF6EC06AC16AC26A400EC36E9B
:10AAA8000401026B300E0A6F126B1A6B226B2A6B51
:10AAB800DF0EC66E8F0EC76E6F0EC86ED00EC96ED3
:10AAC8000F0ECA6E9E0ECB6EDF0E006F0F0E086F54
:10AAD8004F0E106FD10E186F070E206F9E0E286F45
:10AAE800016B800E096F116B196B216B296B036960
:10AAF8000B6913691B69070E236F2B6904690C69BD
:10AB080014691C690F0E246F2C690201896B886B0C
:10AB1800876B866B150E726F1C0E196F1A0E1B6FE2
:10AB2800200E156F0C0E716F370E0D6F0D0E706FB6
:10AB3800380E0E6F0401056B066B076B0D6B0E6B01
:10AB48000F6B156B166B176B256B266B276B12003B
:10AB5800D8C42CF5CBEC67F00009D8B4B6EF55F0A3
:10AB6800B8EF55F0C0EF55F0030E3C6E0201979B0D
:10AB7800CDEC63F008EF56F0D6EC67F00009D8B4D6
:10AB8800C8EF55F0CAEF55F0DCEF55F0AAEC67F0C6
:10AB98000009D8B4D2EF55F0D4EF55F0DCEF55F0FA
:10ABA800010E3C6E02019799C6EC66F008EF56F06C
:10ABB800B5EC67F00009D8B4E4EF55F0E6EF55F0CE
:10ABC800F6EF55F0AAEC67F00009D8B4EEEF55F0AF
:10ABD800F0EF55F0F6EF55F0020E3C6E0201979932
:10ABE800D8EF55F0C0EC67F00009D8B4FEEF55F087
:10ABF80000EF56F006EF56F0030E3C6E0201979DEB
:10AC080008EF56F0020197993C502CC5D8F4110072
:10AC180050C767F551C768F552C769F553C76AF554
:10AC2800AFEC5BF067C577F568C578F569C579F568
:10AC38006AC57AF55BEF56F0010E3DEC66F0020E40
:10AC48003DEC66F01FEC68F063C550F764C551F73A
:10AC580065C552F766C553F7010E586E6AEF56F090
:10AC680005017A517911781109E1C90E775DD8A0EB
:10AC780040EF56F042EF56F06AEF56F0010E51ECF5
:10AC880066F0020E51EC66F01FEC68F063C550F7F1
:10AC980064C551F765C552F766C553F7020E586E7D
:10ACA8006AEF56F0030E0501FE6F6AEF56F0585032
:10ACB800000AD8B420EF56F0010AD8B434EF56F0A1
:10ACC800030AD8B456EF56F06AEF56F012000501A1
:10ACD800656F05016505D8A474EF56F076EF56F058
:10ACE80080EF56F0000E646F000E636F98EC68F00A
:10ACF800F9EC68F0C5EF56F0020E6519D8A487EF95
:10AD080056F089EF56F093EF56F0000E646F000E80
:10AD1800636F92EC68F0F7EC68F0C5EF56F0020E3E
:10AD28006519D8A49AEF56F09CEF56F09EEF56F0AE
:10AD3800C5EF56F0020E6519D8A4A5EF56F0A7EF97
:10AD480056F0A9EF56F0C5EF56F0050E6519D8A4D0
:10AD5800B0EF56F0B2EF56F0C5EF56F0000E646F44
:10AD6800000E636F98EC68F0F9EC68F0000E0501CE
:10AD7800646F000E636F92EC68F0F7EC68F0C5EF53
:10AD880056F01200050120EE40F06351D9266451B7
:10AD9800DA22DF50656F0F0E651720EE40F0635121
:10ADA800D9266451DA22DF50666F66390F0B0A0D17
:10ADB800F3506525696F20EE41F06351D92664513F
:10ADC800DA22DF50656F0F0E651720EE41F06351F0
:10ADD800D9266451DA22DF50666F66390F0B0A0DE7
:10ADE800F35065256A6F6951640DF3C465F5F4C4C1
:10ADF80066F56A5165250601F26F0501000E6621A8
:10AE08000601F36FE80E0501656F030E666F655165
:10AE18000601F203F3C467F5F4C468F5F303F350CD
:10AE28000501682766510601F2030501F3506827FA
:0AAE380067C5F2F668C5F3F61200D4
:10AE4400FAC401F5FBC402F5B39E77A02CEF57F0CA
:10AE54002EEF57F050EF57F076A033EF57F035EF61
:10AE640057F050EF57F076900601BA51BB11BC1160
:10AE7400D8B43FEF57F041EF57F077EF57F002D8CF
:10AE84004EEF57F00500FA6EBA51FD6EBB51FE6EDF
:10AE9400BC51FF6EFA50120077EF57F077A255EFCE
:10AEA40057F057EF57F077EF57F076A25CEF57F073
:10AEB4005EEF57F077EF57F076920601B751B8116D
:10AEC400B911D8B468EF57F06AEF57F077EF57F03D
:10AED40002D877EF57F00500FA6EB751FD6EB851FE
:10AEE400FE6EB951FF6EFA50120002C5FBF401C5A3
:10AEF400FAF41100FAC405F5FBC406F5B59E86A064
:10AF040086EF57F088EF57F0AAEF57F085A08DEF42
:10AF140057F08FEF57F0AAEF57F085900701905143
:10AF240091119211D8B499EF57F09BEF57F0D1EFEC
:10AF340057F002D8A8EF57F00500FA6E9051FD6E55
:10AF44009151FE6E9251FF6EFA501200D1EF57F0FC
:10AF540086A2AFEF57F0B1EF57F0D1EF57F085A2CB
:10AF6400B6EF57F0B8EF57F0D1EF57F085920701DD
:10AF74008D518E118F11D8B4C2EF57F0C4EF57F032
:10AF8400D1EF57F002D8D1EF57F00500FA6E8D518A
:10AF9400FD6E8E51FE6E8F51FF6EFA50120006C583
:10AFA400FBF405C5FAF4110048C767F549C768F50D
:10AFB4004AC769F54BC76AF5AFEC5BF067C577F52F
:10AFC40068C578F569C579F56AC57AF51FEF58F053
:10AFD400020E3DEC66F01FEC68F063C548F764C5EB
:10AFE40049F765C54AF766C54BF7010E566E2EEF55
:10AFF40058F005017A517911781109E1650E775DF0
:10B00400D8A007EF58F009EF58F02EEF58F0020ED1
:10B0140051EC66F01FEC68F063C548F764C549F766
:10B0240065C54AF766C54BF7020E566E2EEF58F00B
:10B03400020E0501FE6F2EEF58F05650000AD8B4E8
:10B04400EAEF57F0010AD8B4FBEF57F0030AD8B47B
:10B054001AEF58F02EEF58F012004CC767F54DC7A1
:10B0640068F54EC769F54FC76AF5AFEC5BF067C585
:10B0740077F568C578F569C579F56AC57AF578EF25
:10B0840058F0010E3DEC66F01FEC68F063C54CF718
:10B0940064C54DF765C54EF766C54FF7010E576E8B
:10B0A40087EF58F005017A517911781109E1C90E39
:10B0B400775DD8A060EF58F062EF58F087EF58F052
:10B0C400010E51EC66F01FEC68F063C54CF764C5E3
:10B0D4004DF765C54EF766C54FF7020E576E87EFFD
:10B0E40058F0010E0501FE6F87EF58F05750000A23
:10B0F400D8B443EF58F0010AD8B454EF58F0030A17
:10B10400D8B473EF58F087EF58F012000501686B5C
:10B1140064BF91EF58F08FEF58F097EF58F0636DDC
:10B12400641FD8B0642B010E686F66BF9EEF58F0A1
:10B134009CEF58F0A2EF58F0656D661FD8B0662BEF
:10B1440065516611D8B4A9EF58F0ABEF58F0CFEFC2
:10B1540058F0010E676FB3EF58F0D8906537663733
:10B16400672B66AFB8EF58F0BAEF58F0AFEF58F06E
:10B174006551635D66516459D8A0C3EF58F0C5EFBB
:10B1840058F0C9EF58F06551635F6651645BD8901D
:10B1940066336533672FBAEF58F06851D8B4D5EFEA
:10B1A40058F0D7EF58F0DBEF58F0636D641FD8B058
:10B1B400642B63C563F564C564F51200000E0501D4
:10B1C40063156B6F000E64156C6F800E65156D6FE3
:10B1D4007F0E66156E6F6B516C116D116E11D8A4D4
:10B1E400F6EF58F0F8EF58F000EF59F0000E636FE7
:10B1F400000E646F000E656F000E666F000E67151B
:10B204006B6F000E68156C6F800E69156D6F7F0E85
:10B214006A156E6F6B516C116D116E11D8A415EF18
:10B2240059F017EF59F01FEF59F0000E676F000E39
:10B23400686F000E696F000E6A6F675163190FE142
:10B24400685164190CE16951651909E16A5166197B
:10B25400D8B42FEF59F031EF59F034EF59F0D890BA
:10B2640035EF59F0D8801200116A1150080DB70E4D
:10B27400F324D96E080EF420DA6EDE50DE10D8B452
:10B2840046EF59F048EF59F082EF59F01150080D8C
:10B29400B70EF324D96E080EF420DA6EDE06000E23
:10B2A400DD5A1150080DB70EF324D96E080EF420A0
:10B2B400DA6EDE50DE10D8A462EF59F064EF59F074
:10B2C40082EF59F01150080DB60EF324D96E080E12
:10B2D400F420DA6E010EDF6E1150080DB90EF3245E
:10B2E400D96E080EF420DA6E1150080DB70EF3244F
:10B2F400E16E080EF420E26EDEC4E6F4DDC4E5F48B
:10B30400112A050E116489EF59F08BEF59F037EFCC
:10B3140059F012000601D9A192EF59F094EF59F0B7
:10B324009EEF59F079C570F57AC571F577C572F558
:10B3340078C573F5EFEC61F005017CBFA6EF59F019
:10B34400A4EF59F0AAEF59F0000E7C6F000E7B6F4A
:10B35400000E7F6F000E7E6FBDEF59F0000E686F18
:10B36400200E676F77C569F578C56AF5BFEC53F0B1
:10B3740005017E4B7F2B7B517E5D7F51800A7D6F63
:10B384007C51800A7D59D8A0CAEF59F0CCEF59F00E
:10B39400B0EF59F00601D9B1D2EF59F0D4EF59F01A
:10B3A400DEEF59F079C570F57AC571F577C572F598
:10B3B40078C573F5EFEC61F01200A2901C0E070142
:10B3C4006F6F8C0E706F000E716FA292D80E756F36
:10B3D400C90E766F000E776F0201A26BA46BA56B8A
:10B3E400A66BA76BA86BA96BAA6BB00EAB6F800E94
:10B3F400AC6F080EAD6F820EAE6F060EAF6F2E0EE1
:10B40400B06FB16B800EB26FB36B2A0E0501636F20
:10B41400D20E646F000E656F10EC67F0280E050104
:10B42400636FD20E646F000E656FFEEC66F0260E3D
:10B434000501636FD20E646F000E656FECEC66F06D
:10B44400000E07019D6F000E9C6F4C6A4B6A200E24
:10B454004A6E496A486A476AA28012007DC585F52A
:10B464007EC586F57FC587F580C588F541EF5AF01E
:10B474008107D8A08207854B862B874B882B050133
:10B4840081518211D8B449EF5AF04BEF5AF05CEF76
:10B494005AF087C5D9F488C5DAF485C5E1F486C5C0
:10B4A400E2F4DE50E618D8B45AEF5AF05CEF5AF0E2
:10B4B4003AEF5AF081518211D8A463EF5AF065EF44
:10B4C4005AF06BEF5AF0000E7E6F000E7D6F7DEF29
:10B4D4005AF085C5D9F486C5DAF4DF50836F87C581
:10B4E400D9F488C5DAF4DF50846F8451835D7D6FAD
:10B4F4007E6BD8A07E071200050163516411D8A4A5
:10B5040086EF5AF088EF5AF08AEF5AF0CAEF5AF0F1
:10B5140063C5D9F464C5DAF4000EDE6E000EDE6E87
:10B52400000EDE6E000EDD6E20EE04F06351D926AF
:10B534006451DA22000EDE6E000EDE6E000EDE6E48
:10B54400000EDD6E20EE08F06351D9266451DA2234
:10B55400000EDE6E000EDE6E000EDE6E000EDD6E80
:10B5640020EE0CF06351D9266451DA22DE6ADE6AD9
:10B57400DE6ADD6A20EE10F06351D9266451DA22C6
:10B58400E80EDE6E030EDE6E000EDE6E000EDD6E65
:10B594001200050163516411D8A4D3EF5AF0D5EF1A
:10B5A4005AF0D7EF5AF017EF5BF063C5D9F464C5CE
:10B5B400DAF465C5DEF466C5DEF467C5DEF468C595
:10B5C400DEF420EE04F06351D9266451DA2265C515
:10B5D400DEF466C5DEF467C5DEF468C5DEF420EE8D
:10B5E40008F06351D9266451DA2265C5DEF466C5D4
:10B5F400DEF467C5DEF468C5DEF420EE0CF06351BA
:10B60400D9266451DA22DE6ADE6ADE6ADD6A20EE59
:10B6140010F06351D9266451DA2269C5DEF46AC593
:10B62400DEF46BC5DEF46CC5DEF41200D8C42AF572
:10B6340002019BA520EF5BF022EF5BF02DEF5BF0A6
:10B644009AA527EF5BF029EF5BF02DEF5BF0D9ECC7
:10B6540066F062EF5BF09BAF32EF5BF034EF5BF0D0
:10B664004EEF5BF09AAF39EF5BF03BEF5BF04EEFE0
:10B674005BF03B50D8B441EF5BF043EF5BF04AEF33
:10B684005BF03B6A9A919A9FB3EC66F062EF5BF0D1
:10B69400C6EC66F029EF5BF09BA353EF5BF055EF2C
:10B6A4005BF062EF5BF09AA35AEF5BF05CEF5BF048
:10B6B40062EF5BF0D9EC68F002019A9362EF5BF001
:10B6C4002AC5D8F41100D68A000ED6BE010E050193
:10B6D400666FD69E550E0401596FAA0E596F599183
:10B6E4005F6B300E5E6F080E5D6F550E596FAA0EBC
:10B6F400596F5981050166B102D0D69E01D0D68E0C
:10B70400030165876589658F66816683699169939D
:10B71400699569976D97AF90D6801A0E0501636F8E
:10B72400D20E646F000E656F71EC68F0B490D6822F
:10B734001C0E0501636FD20E646F000E656F6AEC18
:10B7440068F0B890D6841E0E0501636FD20E646F44
:10B75400000E656F63EC68F012001FEC68F063C5BF
:10B7640073F564C574F565C575F566C576F50501AB
:10B774006751735D68517459695175596A517659A5
:10B78400D8A0C7EF5BF0C9EF5BF0D7EF5BF0675170
:10B79400735D676F68517459686F69517559696F42
:10B7A4006A5176596A6FF7EF5BF0671D6B6F681D1E
:10B7B4006C6F691D6D6F6A1D6E6F73516B256F6FB2
:10B7C40074516C21706F75516D21716F76516E21BA
:10B7D400726F010E6F25676F000E7021686F000E87
:10B7E4007121696F000E72216A6F12000501776F73
:10B7F400050177390F0B736F77510F0B746F633932
:10B804000F0B756F63510F0B766F75510A0DF3C4EF
:10B8140065F5F4C466F57451640DF3C467F5F4C4B6
:10B8240068F57351696F6A6BE80E6903F3C46BF5CD
:10B83400F4C46CF56A03F3506C27030E6903F350E8
:10B844006C2767516B256D6F68516C216E6F655164
:10B854006D256F6F66516E21706F76516F25716F14
:10B86400000E7021726F71C563F572C564F5120024
:10B87400050169696A6961EF5CF063C5D9F464C55F
:10B88400DAF4DF506919686F634B642B070E68257F
:10B89400F66EF76A320EF722F86A000EF8220800F4
:10B8A400F5506A19696F070E6825F66EF76A310E4E
:10B8B400F722F86A000EF8220800F5C46AF5650755
:10B8C4006529D8A468EF5CF06AEF5CF03FEF5CF0A8
:10B8D4006A5169C566F5676B66C567F5666B66117F
:10B8E400636F6751646F12000601A16BA151080DCB
:10B8F400B60EF324D96E080EF420DA6EDF50D8B4F5
:10B9040086EF5CF088EF5CF0A6EF5CF0A151080DC7
:10B91400B60EF324D96E080EF420DA6EDF6AA15154
:10B92400080DBB0EF324D96E080EF420DA6E02D88B
:10B93400A6EF5CF00500FA6EDE50FD6EDE50FE6E82
:10B94400DE50FF6EFA5012000601A12B050EA16510
:10B95400AEEF5CF0B0EF5CF078EF5CF01200050144
:10B964006D5109E1040E6C5DD8A0BBEF5CF0BDEF36
:10B974005CF0BFEF5CF0EBEF5CF0AA0E646F550E69
:10B98400636F8CEC68F0000E05016B25636F000E8D
:10B994006C21646F380E6D21656F6EC566F58AEC97
:10B9A4005EF09FEC67F00009D8A4DBEF5CF0DDEFFC
:10B9B4005CF0D3EF5CF062EC67F0E806D8A4E5EF46
:10B9C4005CF0E7EF5CF0E9EF5CF0CDEC68F0C7EC1D
:10B9D40068F012000501696F04EF5DF065C563F559
:10B9E40066C564F598EC68F0F9EC68F022EF5DF058
:10B9F40065C563F566C564F592EC68F0F7EC68F02C
:10BA040022EF5DF005016951676F686B6851000AA8
:10BA1400D8B40FEF5DF022EF5DF06751010AD8B49E
:10BA2400F0EF5CF0030AD8B4FAEF5CF0010AD8B482
:10BA340022EF5DF0070AD8B422EF5DF022EF5DF04B
:10BA44001200000E05016B6F000E6C6F000E6D6F1F
:10BA5400000E6E6F63A131EF5DF033EF5DF03BEFED
:10BA64005DF067516B2768516C2369516D236A51EE
:10BA74006E23D8906737683769376A37D89066334A
:10BA84006533643363336351641165116611D8A45B
:10BA94004EEF5DF050EF5DF02CEF5DF06BC563F59C
:10BAA4006CC564F56DC565F56EC566F512007E6AF4
:10BAB400020E7F6E806A7F0E816E0C0E826E836A28
:10BAC400846A856A866A886A896A8A6A8B6A8C6AE1
:10BAD400B59CB59E85908592A59EA59C140E0501E6
:10BAE400636FD20E646F000E656F40EC68F0120E47
:10BAF4000501636FD20E646F000E656F39EC68F058
:10BB0400160E0501636FD20E646F000E656F47EC6D
:10BB140068F0800E876E12006F6A020E706E716A92
:10BB24007F0E726E0C0E736E746A756A766A776A2B
:10BB3400796A7A6A7B6A7C6A7D6AB39CB39E7690E2
:10BB44007692A39EA39C0E0E0501636FD20E646FC2
:10BB5400000E656F55EC68F00C0E0501636FD20E94
:10BB6400646F000E656F4EEC68F0100E0501636F94
:10BB7400D20E646F000E656F5CEC68F0800E786E18
:10BB840012000301F39FD96BDA6BDB6BDC6BDF6BA9
:10BB9400E06BE56BE76BEC6BEE6BEF6BD86BF06B0C
:10BBA400F16BF26BF46B180EF56F100EF66FF76B0A
:10BBB400030EF86F1F0EFA6F020EF96F000E0701E5
:10BBC400996F000E9A6F000E9B6F000E966F000E19
:10BBD400976F000E986F0601DA6BAF949F94B09044
:10BBE400A090840E0301F36F12000701A84BA92B48
:10BBF400C80EA819A911D8A402EF5EF004EF5EF0F4
:10BC040008EF5EF0000EA96F000EA86F010E06018A
:10BC1400B027000EB123B223B323BD51BE11BF110F
:10BC2400D8A417EF5EF019EF5EF01BEF5EF028EF7B
:10BC34005EF002D828EF5EF00500FA6EBD51FD6E8D
:10BC4400BE51FE6EBF51FF6EFA501200120028EC76
:10BC540068F01BC518F71CC519F71DC51AF71EC5D2
:10BC64001BF7640E0601DB613AEF5EF03CEF5EF019
:10BC74004BEF5EF021EC65F0236E000E0601DB2530
:10BC8400D96EDA6A0A0EDA2223C5DFF4DB2B5AEF07
:10BC94005EF0DB6B000E1B6E0A0E1C6E000E1E6E39
:10BCA400000E1D6E000E206E640E1F6E9AEC64F082
:10BCB4001200A20E0501636F080E646F000E656F1B
:10BCC400000E666F000E676F000E686FB80E696F26
:10BCD4000B0E6A6F000E6B6F000E6C6FCBEC5AF09C
:10BCE4008E0E0501636F080E646F000E656F000E03
:10BCF400666F000E676F000E686FE80E696F030EC3
:10BD04006A6F000E6B6F000E6C6FCBEC5AF0120072
:10BD1400000ED6BE010E05016A6F65C545F063C508
:10BD240067F564C568F565C569F568C567F569C5EE
:10BD340068F5696B67510001446F63C543F066C5DC
:10BD440046F04151F80B0309416FD69E00014EC5E0
:10BD540042F04D50426F408105016AB102D0D69E37
:10BD640001D0D68EF80E000141171200050166BFFE
:10BD7400BEEF5EF0C0EF5EF0CAEF5EF063C563F540
:10BD840064C564F565C565F566C566F5E3EF5EF003
:10BD940063C567F564C568F565C569F566C56AF583
:10BDA400671F681F691F6A1F672B000E68236923BA
:10BDB4006A2367C563F568C564F569C565F56AC531
:10BDC40066F51200010E7CEC52F0010E8FEC4EF081
:10BDD400010E5BEC62F0010E6BEC56F0090E0501EE
:10BDE400676F1E0E666FE40EE82EFED7662FFCD733
:10BDF400672FFAD70000010E79EC66F0290E0501D1
:10BE0400676F960E666F7F0EE82EFED7662FFCD7FF
:10BE1400672FFAD7010E65EC66F0120005016A6B14
:10BE2400E7EC65F00009D8A41AEF5FF01CEF5FF0AF
:10BE340039EF5FF0010E306E64C531F565C532F53A
:10BE44003B6A66C533F567C534F568C535F569C51C
:10BE540036F5000E376E000E386E000E3A6E000E88
:10BE6400396E3C6A7DEC64F0010E05016A6F0501D0
:10BE74006A51120005016A6BE7EC65F00009D8A469
:10BE840046EF5FF048EF5FF065EF5FF0010E306E54
:10BE940064C531F565C532F53B6A66C537F567C5D6
:10BEA40038F568C539F569C53AF5000E336E000EEC
:10BEB400346E000E366E000E356E3C6AA0EC66F0F1
:10BEC400010E05016A6F05016A5112005FC6FAF599
:10BED40060C6FBF57DEF5FF05DC64FF65EC650F6BB
:10BEE400FA0E0601516F050E526F61C653F662C613
:10BEF40054F6E9EC2BF0FAC5F6F4FBC5F7F4000EA2
:10BF0400F86E0800F5500009D8A48BEF5FF08DEFB0
:10BF14005FF06EEF5FF0000E06015E6F000E5D6F66
:10BF2400120005016A6FA3EF5FF0E4EC5EF0BDEF71
:10BF34005FF064EC60F0BDEF5FF0BEEC5FF0BDEF6E
:10BF44005FF005016A51686F696B6951000AD8B4E2
:10BF5400AEEF5FF0BDEF5FF06851010AD8B497EF20
:10BF64005FF0030AD8B49BEF5FF0010AD8B49FEFE7
:10BF74005FF0BDEF5FF01200FDEC68F0030E7CECA7
:10BF840052F0030E8FEC4EF0010E5BEC62F0020EE9
:10BF94005BEC62F0050E6BEC56F0010E79EC66F08A
:10BFA400020E79EC66F0090E0501676F1E0E666FCE
:10BFB400E40EE82EFED7662FFCD7672FFAD70000D1
:10BFC400010E65EC66F0020E65EC66F0120065C5C4
:10BFD4006CF566C56DF563C56AF564C56BF503EF6D
:10BFE40060F06CC5D9F46DC5DAF4DF50696F6C4B41
:10BFF4006D2B6AC5D9F46BC5DAF469C5DFF46A4BF5
:10C004006B2B05016707D8A06807672906E1682933
:10C01400D8A40FEF60F011EF60F0F3EF5FF01200BF
:10C02400000E0501676F000E686F000E696F000E49
:10C034006A6F6B6B2DEF60F06B516325D96E000E48
:10C044006421DA6EDF50666F66516727000E68233D
:10C0540069236A236B2B65516B5DD8A034EF60F0C4
:10C0640036EF60F01EEF60F067C563F568C564F5F0
:10C07400120004C76BF505C76CF506C76DF507C755
:10C084006EF563C56BF564C56CF565C56DF566C580
:10C094006EF56BC567F56CC568F56DC569F56EC55C
:10C0A4006AF5200E5CEF60F00501D8906A336933BD
:10C0B40068336733E82E56EF60F067C563F568C5EB
:10C0C40064F51200020E7CEC52F0020E8FEC4EF07E
:10C0D400020E6BEC56F0090E0501676F1E0E666FBB
:10C0E400E40EE82EFED7662FFCD7672FFAD70000A0
:10C0F400020E79EC66F0290E0501676F960E666FE5
:10C104007F0EE82EFED7662FFCD7672FFAD7020ED4
:10C1140065EC66F01200040E0201946F800E956FB8
:10C12400080E966F030E9C6F9A6B9B6B976B8D6BCF
:10C13400EDEC67F002019B919B95948F050EE82E20
:10C14400FED7000000000000000000000000000016
:10C1540002019A919A959B85000E0701936F000E38
:10C16400946F000E956F1200030E0501786F5C0E3C
:10C1740060EC64F078C57DF579C57EF5F80E0501AF
:10C184007F6F070E806F000E826F030E816F30EC9D
:10C194005AF005017D517E11D8B4D3EF60F0D5EF8C
:10C1A40060F0DEEF60F0F80EBF6F070EC06F030E95
:10C1B400C16F5C0EB7EC65F01200D9EC48F0000ECC
:10C1C40005016C6F000E6B6FAC0E6D6F0B0E6E6F16
:10C1D400460E6F6FE6EC4CF0D00E05017A6FC90E77
:10C1E400E82EFED77A2FFCD700D0AC0E0501786F6D
:10C1F4000B0E796F70EC49F0AC0E0501636F0B0EFA
:10C20400646FC6EC56F0A1EC62F01200FAC419F5A2
:10C21400FBC41AF53DC516F53EC517F57EEC62F074
:10C224000701E651E711E811D8B41BEF61F01DEFE7
:10C2340061F02AEF61F002D82AEF61F00500FA6E8E
:10C24400E651FD6EE751FE6EE851FF6EFA501200A2
:10C25400B1981AC5FBF419C5FAF411000501666F0B
:10C26400EFEC68F0680E0501656FE40EE82EFED76A
:10C27400652FFCD7000094EC67F00009D8B445EFB3
:10C2840061F047EF61F03DEF61F00501665157EC55
:10C2940061F02A0E0501656F8D0EE82EFED7652F1D
:10C2A400FCD700D0FBEC68F012000501646FA2B269
:10C2B4005EEF61F060EF61F064EF61F064C5A3F2DA
:10C2C4007CEF61F04A50D8B46AEF61F06CEF61F032
:10C2D4007CEF61F0200E4C24D96EDA6A090EDA2262
:10C2E40064C5DFF44C281F0B0501636F63C54CF56F
:10C2F400A2924A06A282120003011E911F6B206BB8
:10C30400030E216F050E1D6FFE0E1C6F1D510501DE
:10C31400636F03011C513D6E63C53EF5240E070196
:10C32400E66FD20EE76F000EE86F000EE36F000EAB
:10C33400E46F000EE56FB198A188B19A050E030170
:10C344001E6F1200D8C460F5FAC461F5FBC462F52F
:10C354000701E051E111E211D8B4B3EF61F0B5EF98
:10C3640061F0C2EF61F002D8C2EF61F00500FA6E2D
:10C37400E051FD6EE151FE6EE251FF6EFA50120083
:10C38400B99662C5FBF461C5FAF460C5D8F411002E
:10C394000601DB6B640E0501636F0A0E646F000E09
:10C3A400666F000E656F000E686F640E676FECECCD
:10C3B40063F0000E0501636F0A0E646F000E666F72
:10C3C400000E656F000E686F640E676FECEC63F02F
:10C3D4000601DD6BEDEC68F01200000E0501766FCE
:10C3E400000E756F02EF62F074C567F5686B72C575
:10C3F40069F573C56AF5BFEC53F00501754B762BEF
:10C4040075517025D96E76517121DA6EDF50746FD3
:10C414007451D8A410EF62F012EF62F0F6EF61F0FD
:10C424001200000E0501DC1B000EDD1B000EDE1BDE
:10C43400800EDF1BD8C563F5D9C564F5DAC565F58B
:10C44400DBC566F5DCC567F5DDC568F5DEC569F5F0
:10C45400DFC56AF58DEC29F063C5D8F564C5D9F557
:10C4640065C5DAF566C5DBF5120005016B5109E116
:10C47400040E6A5DD8A041EF62F043EF62F046EF2C
:10C4840062F0000E5AEF62F0000E69256C6F000E28
:10C494006A216D6F380E6B216E6F6CC563F56DC5C7
:10C4A40064F56EC565F5CFEC65F005016F6F6F51EE
:10C4B40012000501656F05016505D8A464EF62F0FB
:10C4C40066EF62F06EEF62F0A20E636F080E646FA7
:10C4D4007EEC5AF07DEF62F0020E6519D8A475EF78
:10C4E40062F077EF62F07DEF62F08E0E636F080EFC
:10C4F400646F7EEC5AF0120003011EA584EF62F013
:10C5040086EF62F09CEF62F01EB18BEF62F08EEF6B
:10C5140062F0010E8FEF62F0000E186E17501D6F5F
:10C5240016C51CF318B002D01E9102D003011E815F
:10C53400A0EF62F017501D6F16C51CF31200040E15
:10C544000501696F000E6A6F000E6B6F37EC62F0C5
:10C554000601C06F050E0501696F000E6A6F000EBB
:10C564006B6F37EC62F00601C16F060E0501696F4F
:10C57400000E6A6F000E6B6F37EC62F00601C26F3B
:02C584001200A3
:10C58800FAC403F5FBC404F5B39C0601B451B51114
:10C59800B611D8B4D2EF62F0D4EF62F0E1EF62F0F6
:10C5A80002D8E1EF62F00500FA6EB451FD6EB551A4
:10C5B800FE6EB651FF6EFA50120004C5FBF403C5B7
:10C5C800FAF41100FAC407F5FBC408F5B59C070195
:10C5D8008A518B118C11D8B4F4EF62F0F6EF62F047
:10C5E80003EF63F002D803EF63F00500FA6E8A5197
:10C5F800FD6E8B51FE6E8C51FF6EFA50120008C50D
:10C60800FBF407C5FAF41100FAC412F5FBC413F5DC
:10C618000701EC51ED11EE11D8B415EF63F017EFE7
:10C6280063F024EF63F002D824EF63F00500FA6E9C
:10C63800EC51FD6EED51FE6EEE51FF6EFA50120098
:10C64800B19E13C5FBF412C5FAF41100FAC414F52F
:10C65800FBC415F50701E951EA11EB11D8B437EF1E
:10C6680063F039EF63F046EF63F002D846EF63F00A
:10C678000500FA6EE951FD6EEA51FE6EEB51FF6E50
:10C68800FA501200B19615C5FBF414C5FAF411005E
:10C6980000640064009E7A00006400640082D10097
:10C6A80000F401F40188D100000A000A00309E005D
:10C6B80000140014000ECA00000A000A004AA8006C
:10C6C8000900000000000000000009000000000050
:03C6D8000000005F
:10C6DC008E0E0601086F080E096F22C60AF623C6D5
:10C6EC000BF624C60CF625C60DF6C80E0E6F000E02
:10C6FC000F6F000E106F000E116FFBEC33F008C6BD
:10C70C0022F609C623F60AC624F60BC625F6120035
:10C71C00A20E0601086F080E096F22C60AF623C680
:10C72C000BF624C60CF625C60DF6B80E0E6F0B0EC6
:10C73C000F6F000E106F000E116FFBEC33F008C67C
:10C74C0022F609C623F60AC624F60BC625F61200F5
:10C75C0063C567F564C568F565C5F6F466C5F7F499
:10C76C000501654B662B000EF86E67C5D9F468C5DC
:10C77C00DAF4674B682B0800F5C4DFF4DF50D8A45B
:10C78C00CAEF63F0CCEF63F0B2EF63F01200DFECB2
:10C79C0068F0A8EC68F031EC68F0BDEC68F00201D0
:10C7AC00949F15EC68F002019B919B95948F050E5C
:10C7BC00E82EFED700000000000000000000000082
:10C7CC00000002019A919A959B85120063C569F548
:10C7DC0064C56AF5FAEF63F069C5D9F46AC5DAF491
:10C7EC0065C5DFF4694B6A2B05016707D8A068079C
:10C7FC00672906E16829D8A406EF64F008EF64F015
:10C80C00F2EF63F012000501676F67C5ECF30301EB
:10C81C00F39DF381F3B115EF64F017EF64F010EFB3
:10C82C0064F0EB510501666F656B0301EA5105017C
:10C83C006525636F0301000E05016621646F12000C
:10C84C0005016351641165116611D8B430EF64F0C1
:10C85C0032EF64F03AEF64F0000E631B000E641BC1
:10C86C00000E651B800E661B63C563F564C564F51D
:10C87C0065C565F566C566F51200F7EC67F04CEC1E
:10C88C0055F0C3EC5DF08DEC66F07EEC61F014ECD1
:10C89C0066F0FFEC65F0ADEC68F08DEC60F0CAEC86
:10C8AC0068F08EEC5DF059EC5DF0DFEC59F065EC66
:10C8BC005BF0120005017C6F7CC56BF505016C6BA0
:10C8CC00DB0E6D6F070E6E6F78C56FF5E6EC4CF0F6
:10C8DC00680E05017B6FE40EE82EFED77B2FFCD78C
:10C8EC000000DB0E0501786F070E796F12003550D2
:10C8FC003610D8B484EF64F086EF64F093EF64F0F4
:10C90C0035509EEC68F03B50D8B48FEF64F091EF4B
:10C91C0064F093EF64F0D0EC68F031503124A3EC68
:10C92C0068F0D3EC68F012001BC521F51CC522F58C
:10C93C00A8EF64F021C5D9F422C5DAF41DC5DFF4E3
:10C94C00214A222A1F06D8A020061F2806E12028EB
:10C95C00D8A4B3EF64F0B5EF64F0A0EF64F012006C
:10C96C0005016ABFBCEF64F0BEEF64F0C4EF64F085
:10C97C0069C569F56AC56AF5D0EF64F069C56BF5F0
:10C98C006AC56CF56B1F6C1F6B4B6C2B6BC569F51B
:10C99C006CC56AF512000CC7E4F50DC7E5F50EC7BA
:10C9AC00E6F50FC7E7F5E0C5E4F5E1C5E5F5E2C549
:10C9BC00E6F5E3C5E7F50501E79FE4C5E0F5E5C558
:10C9CC00E1F5E6C5E2F5E7C5E3F51200200E4A6095
:10C9DC00F2EF64F0F4EF64F005EF65F0200E4B24F9
:10C9EC00D96EDA6A090EDA22DF500201A36F4B28E6
:10C9FC001F0B286E28C54BF54A2A06EF65F0A2924C
:10CA0C0012005F04D8B40DEF65F00FEF65F011EF75
:10CA1C0065F020EF65F00501FE51D8A418EF65F024
:10CA2C001AEF65F01CEF65F020EF65F03EEC45F079
:10CA3C0003EC4EF01200000E4824D96EDA6A090E8F
:10CA4C00DA22DF501C6E48281F0B1B6E1BC548F5E5
:10CA5C00A2904750D8B435EF65F037EF65F038EF5A
:10CA6C0065F04706A2801C50120043EC64F0D68E91
:10CA7C00D68C9FEC65F07A0E0601A36FC10EA26FE7
:10CA8C00810EE82EFED7A22FFCD7A32FFAD700D009
:10CA9C0076EC5CF04EEF65F081EF18F007018751F2
:10CAAC0088118911D8B45DEF65F05FEF65F06CEF1C
:10CABC0065F002D86CEF65F00500FA6E8751FD6EDB
:10CACC008851FE6E8951FF6EFA5012001200070158
:10CADC00845185118611D8B476EF65F078EF65F046
:10CAEC0085EF65F002D885EF65F00500FA6E84518C
:10CAFC00FD6E8551FE6E8651FF6EFA5012001200CB
:10CB0C000701815182118311D8B48FEF65F091EF39
:10CB1C0065F09EEF65F002D89EEF65F00500FA6EA9
:10CB2C008151FD6E8251FE6E8351FF6EFA501200E0
:10CB3C00120034EC67F00BEC68F001EC68F0EDECF3
:10CB4C0052F05BEC5EF0DFEC60F06C0E0501636F95
:10CB5C00B20E646F000E656F7FEC68F0B6EC60F09F
:10CB6C0012000501C36FC3C56BF505016C6BBFC526
:10CB7C006DF5C0C56EF5C1C56FF595EC51F0D00ED5
:10CB8C000501C26FC90EE82EFED7C22FFCD700D00C
:10CB9C00120065C545F063C566F564C567F565C5E6
:10CBAC0068F567C566F568C567F50501686B66517C
:10CBBC000001446F63C543F0F80E411740814651A4
:10CBCC001200010E0501636F3050D8A4F0EF65F030
:10CBDC00F2EF65F0FCEF65F0020198AFF8EF65F04D
:10CBEC00FAEF65F0FCEF65F00501636B050163512D
:10CBFC001200010E0301326F316B336B1F0E2F6F5E
:10CC0C002E6B0A0E0701E06FD20EE16F000EE26F81
:10CC1C00B996A986DF0E0301306F1200010E0301D5
:10CC2C00266F256B276B1F0E236F226B220E0701BD
:10CC3C00E96FD20EEA6F000EEB6FB196A186DF0E94
:10CC4C000301246F1200650E0601736F060E746FDC
:10CC5C00000E5D6F000E5E6F63C65FF664C660F615
:10CC6C00730E616F060E626F68EC5FF012000501C7
:10CC7C00636F050163A145EF66F047EF66F048EF7F
:10CC8C0066F0C08E63A34DEF66F04FEF66F050EF89
:10CC9C0066F0BE8A12000501636F050163A159EFAE
:10CCAC0066F05BEF66F05CEF66F0C18A63A361EF40
:10CCBC0066F063EF66F064EF66F0C3801200050166
:10CCCC00636F050163A16DEF66F06FEF66F070EFB7
:10CCDC0066F0C09E63A375EF66F077EF66F078EFB1
:10CCEC0066F0BE9A12000501636F050163A181EF26
:10CCFC0066F083EF66F084EF66F0C19A63A389EF68
:10CD0C0066F08BEF66F08CEF66F0C39012003D0E70
:10CD1C000301196F186B570E1B6F200E0701EC6F78
:10CD2C00D20EED6F000EEE6FB19EA18E810E03013F
:10CD3C001A6F120039503A10D8B4A7EF66F0A9EF69
:10CD4C0066F0ACEF66F039509EEC68F0D880313468
:10CD5C00A3EC68F0D3EC68F0120039503A10D8B458
:10CD6C00BAEF66F0BCEF66F0BFEF66F03950B5EC89
:10CD7C0068F0D8803134B1EC68F0D6EC68F0120071
:10CD8C00D9EC68F0DCEC68F00009D8B4D0EF66F0B0
:10CD9C00D2EF66F0D8EF66F0000EB5EC68F0000E3E
:10CDAC00B9EC68F01200306A000E326E3168000E79
:10CDBC00336E000E346E000E376E000E386EDFECE4
:10CDCC0068F0A8EC68F0BDEC68F012000501635146
:10CDDC0064116511D8B4F5EF66F0F7EF66F0FDEF6E
:10CDEC0066F063C578F764C579F765C57AF7120004
:10CDFC000501635164116511D8B407EF67F009EFB1
:10CE0C0067F00FEF67F063C57BF764C57CF765C50A
:10CE1C007DF712000501635164116511D8B419EF47
:10CE2C0067F01BEF67F021EF67F063C57EF764C511
:10CE3C007FF765C580F71200050163516411651118
:10CE4C00D8B42BEF67F02DEF67F033EF67F063C5C5
:10CE5C006CF764C56DF765C56EF71200FBEC68F0F6
:10CE6C00FDEC68F0010E79EC66F0020E79EC66F0E0
:0ECE7C00010E65EC66F0020E65EC66F0120029
:10CE8C00D8C42DF5E2EC68F037C5D9F438C5DAF41E
:10CE9C00DF6E374A382A2DC5D8F41100D8C42FF5C7
:10CEAC0033C5D9F434C5DAF4334A342ADF50B9EC3B
:10CEBC0068F02FC5D8F41100000141AF68EF67F09E
:10CECC006AEF67F06DEF67F0010E6EEF67F0000E22
:02CEDC00120042
:10CEE000FAC409F5FBC40AF5AF9054EC65F00AC525
:10CEF000FBF409C5FAF41100FAC40BF5FBC40CF5F8
:10CF0000B4906DEC65F00CC5FBF40BC5FAF41100A0
:10CF1000FAC40DF5FBC40EF5B89086EC65F00EC5AD
:10CF2000FBF40DC5FAF411004A50D8A49AEF67F04B
:10CF30009DEF67F0010E9EEF67F0000E12000001FA
:10CF400040B1A5EF67F0A8EF67F0010EA9EF67F019
:10CF5000000E1200020195BBB0EF67F0B3EF67F06F
:10CF6000010EB4EF67F0000E1200020198B7BBEF9C
:10CF700067F0BEEF67F0010EBFEF67F0000E120022
:10CF8000020197BDC6EF67F0C9EF67F0010ECAEF67
:10CF900067F0000E1200020197BBD1EF67F0D4EFEB
:10CFA00067F0010ED5EF67F0000E1200020198A79E
:10CFB000DCEF67F0DFEF67F0010EE0EF67F0000EE7
:02CFC00012005D
:10CFC400FAC426F5FBC427F50EEC46F027C5FBF49E
:10CFD40026C5FAF41100A584A586A580A5820201C0
:10CFE4009B859B839B8F97811200600E0001AD6F20
:10CFF400AF6BB36B080EB16FB06BAC6B1200520E1B
:10D004000501636FBC0E646F000E656F22EC67F060
:10D014001200EE0E0501636FBB0E646F000E656FA8
:10D0240078EC68F01200A584A586A580A58202018B
:10D034009B859B839B8F97811200B0C663F5B1C615
:10D0440064F5B2C665F5B3C666F51200B0C61BF545
:10D05400B1C61CF5B2C61DF5B3C61EF51200A594E3
:10D06400A596A590A59202019B6B976B120063C5D0
:10D074008DF764C58EF765C58FF7120063C590F709
:10D0840064C591F765C592F7120063C58AF764C554
:10D094008BF765C58CF7120063C5B7F664C5B8F69F
:10D0A40065C5B9F6120063C5BAF664C5BBF665C5B5
:10D0B400BCF6120063C5B4F664C5B5F665C5B6F62C
:10D0C400120063C581F764C582F765C583F7120052
:10D0D40063C584F764C585F765C586F7120063C523
:10D0E40087F764C588F765C589F7120063C5ECF74F
:10D0F40064C5EDF765C5EEF7120063C5BDF664C5FA
:10D10400BEF665C5BFF61200060504030201000061
:10D11400C0000002050164514D6E63C54EF5120056
:10D1240063C589F4050164518A6E120063C57AF4FB
:10D13400050164517B6E12000501636F63C58DF2B6
:10D1440012000501636F63C58FF212000201979B01
:10D15400979D97991200C30E0301D76F1200296E91
:10D1640029C58FF212002B6E2BC58DF212002E6E84
:10D174002EC58CF212000201996B99851200ACEC59
:10D184003AF0120011EC32F012004D6A4E6A1200AD
:10D19400CDEC68F012000001419F12000201948D51
:10D1A40012000201948B12000201948B12000201FE
:10D1B400949D120002018D51120002019A6B12001B
:06D1C40002018B51120074
:10D1CC00ECEC64F0110001050101A2901200A280A8
:10D1DC001200C1861200C1921200C1821200C38AD1
:10D1EC0012008784120078841200C1961200C39A30
:02D1FC0012001F
:10D20000AF941100B0901100010012001200120042
:10D21000120012001200120011001200120012007F
:0CD2200012001200120012001200120096
:020000040030CA
:080000008FFFEFFF9FFFFFFFE0
:01000900FFF7
:00000001FF
