:0430000081EF18F054
:10300800BF34BF34BF34BF34400CBF34400CBF346E
:10301800F633BF34B834BF34BF34BF34BF34BF34E1
:10302800B934400C400C400CBF34BF34BF34BF34FB
:10303800BF34BF34BF34DD31B930BF34BF34CC31D5
:103048002934AB34BF34BF34400C400CBF34BF34D8
:10305800BF34BF34BF34400CBF34BF34AA31D42B83
:10306800FC33BF34BF34BF34BF34BF34BF34BF3484
:10307800DB33E233A22D492B400CBF34BB31012C8A
:10308800BF34BF34BF34BF34BF34BF34BF34BF34A0
:10309800BF34BF34BF34BF34400CBF34400C400C85
:1030A8000234BF34BF34BF34BF34BF34BF34BF343D
:1030B800BF34BF34BF340731BF34BF34BF34BF342B
:1030C800BF34BF34BF34BF34BF34BF34BF34BF3460
:1030D800BF34BF34BF34BF34BF34BF34BF34BF3450
:1030E800400CBF34BF34BF34400C400C400C400C83
:1030F800BF34BF34BF34BF34FF0077EF52F0000055
:10310800C0C101C30302C2C60607C705C5C404CCB3
:103118000C0DCD0FCFCE0E0ACACB0BC90908C8D8E3
:103128001819D91BDBDA1A1EDEDF1FDD1D1CDC14A3
:10313800D4D515D71716D6D21213D311D1D010F073
:103148003031F133F3F23236F6F737F53534F43CF3
:10315800FCFD3DFF3F3EFEFA3A3BFB39F9F83828C3
:10316800E8E929EB2B2AEAEE2E2FEF2DEDEC2CE4E3
:103178002425E527E7E62622E2E323E12120E0A053
:103188006061A163A3A26266A6A767A56564A46C33
:10319800ACAD6DAF6F6EAEAA6A6BAB69A9A8687863
:1031A800B8B979BB7B7ABABE7E7FBF7DBDBC7CB423
:1031B8007475B577B7B67672B2B373B17170B05033
:1031C8009091519353529296565797559594549C73
:1031D8005C5D9D5F9F9E5E5A9A9B5B995958988843
:1031E8004849894B8B8A4A4E8E8F4F8D4D4C8C4463
:1031F80084854587474686824243834181804000D3
:10320800C1814001C0804101C0804100C1814001AD
:10321800C0804100C1814000C1814001C08041019E
:10322800C0804100C1814000C1814001C08041008F
:10323800C1814001C0804101C0804100C18140017D
:10324800C0804100C1814000C1814001C08041006F
:10325800C1814001C0804101C0804100C18140005E
:10326800C1814001C0804101C0804100C18140014D
:10327800C0804100C1814000C1814001C08041013E
:10328800C0804100C1814000C1814001C08041002F
:10329800C1814001C0804101C0804100C18140001E
:1032A800C1814001C0804101C0804100C18140010D
:1032B800C0804100C1814000C1814001C0804100FF
:1032C800C1814001C0804101C0804100C1814001ED
:1032D800C0804100C1814000C1814001C0804101DE
:1032E800C0804100C1814000C1814001C0804100CF
:1032F800C1814001C0804101C0804100C1814000BE
:10330800C0C101C30302C2C60607C705C5C404CCB1
:103318000C0DCD0FCFCE0E0ACACB0BC90908C8D8E1
:103328001819D91BDBDA1A1EDEDF1FDD1D1CDC14A1
:10333800D4D515D71716D6D21213D311D1D010F071
:103348003031F133F3F23236F6F737F53534F43CF1
:10335800FCFD3DFF3F3EFEFA3A3BFB39F9F83828C1
:10336800E8E929EB2B2AEAEE2E2FEF2DEDEC2CE4E1
:103378002425E527E7E62622E2E323E12120E0A051
:103388006061A163A3A26266A6A767A56564A46C31
:10339800ACAD6DAF6F6EAEAA6A6BAB69A9A8687861
:1033A800B8B979BB7B7ABABE7E7FBF7DBDBC7CB421
:1033B8007475B577B7B67672B2B373B17170B05031
:1033C8009091519353529296565797559594549C71
:1033D8005C5D9D5F9F9E5E5A9A9B5B995958988841
:1033E8004849894B8B8A4A4E8E8F4F8D4D4C8C4461
:1033F80084854587474686824243834181804000D1
:10340800C1814001C0804101C0804100C1814001AB
:10341800C0804100C1814000C1814001C08041019C
:10342800C0804100C1814000C1814001C08041008D
:10343800C1814001C0804101C0804100C18140017B
:10344800C0804100C1814000C1814001C08041006D
:10345800C1814001C0804101C0804100C18140005C
:10346800C1814001C0804101C0804100C18140014B
:10347800C0804100C1814000C1814001C08041013C
:10348800C0804100C1814000C1814001C08041002D
:10349800C1814001C0804101C0804100C18140001C
:1034A800C1814001C0804101C0804100C18140010B
:1034B800C0804100C1814000C1814001C0804100FD
:1034C800C1814001C0804101C0804100C1814001EB
:1034D800C0804100C1814000C1814001C0804101DC
:1034E800C0804100C1814000C1814001C0804100CD
:1034F800C1814001C0804101C0804100C1814000BC
:10350800C0C101C30302C2C60607C705C5C404CCAF
:103518000C0DCD0FCFCE0E0ACACB0BC90908C8D8DF
:103528001819D91BDBDA1A1EDEDF1FDD1D1CDC149F
:10353800D4D515D71716D6D21213D311D1D010F06F
:103548003031F133F3F23236F6F737F53534F43CEF
:10355800FCFD3DFF3F3EFEFA3A3BFB39F9F83828BF
:10356800E8E929EB2B2AEAEE2E2FEF2DEDEC2CE4DF
:103578002425E527E7E62622E2E323E12120E0A04F
:103588006061A163A3A26266A6A767A56564A46C2F
:10359800ACAD6DAF6F6EAEAA6A6BAB69A9A868785F
:1035A800B8B979BB7B7ABABE7E7FBF7DBDBC7CB41F
:1035B8007475B577B7B67672B2B373B17170B0502F
:1035C8009091519353529296565797559594549C6F
:1035D8005C5D9D5F9F9E5E5A9A9B5B99595898883F
:1035E8004849894B8B8A4A4E8E8F4F8D4D4C8C445F
:1035F80084854587474686824243834181804000CF
:10360800C1814001C0804101C0804100C1814001A9
:10361800C0804100C1814000C1814001C08041019A
:10362800C0804100C1814000C1814001C08041008B
:10363800C1814001C0804101C0804100C181400179
:10364800C0804100C1814000C1814001C08041006B
:10365800C1814001C0804101C0804100C18140005A
:10366800C1814001C0804101C0804100C181400149
:10367800C0804100C1814000C1814001C08041013A
:10368800C0804100C1814000C1814001C08041002B
:10369800C1814001C0804101C0804100C18140001A
:1036A800C1814001C0804101C0804100C181400109
:1036B800C0804100C1814000C1814001C0804100FB
:1036C800C1814001C0804101C0804100C1814001E9
:1036D800C0804100C1814000C1814001C0804101DA
:1036E800C0804100C1814000C1814001C0804100CB
:1036F800C1814001C0804101C0804100C1814000BA
:10370800C0C101C30302C2C60607C705C5C404CCAD
:103718000C0DCD0FCFCE0E0ACACB0BC90908C8D8DD
:103728001819D91BDBDA1A1EDEDF1FDD1D1CDC149D
:10373800D4D515D71716D6D21213D311D1D010F06D
:103748003031F133F3F23236F6F737F53534F43CED
:10375800FCFD3DFF3F3EFEFA3A3BFB39F9F83828BD
:10376800E8E929EB2B2AEAEE2E2FEF2DEDEC2CE4DD
:103778002425E527E7E62622E2E323E12120E0A04D
:103788006061A163A3A26266A6A767A56564A46C2D
:10379800ACAD6DAF6F6EAEAA6A6BAB69A9A868785D
:1037A800B8B979BB7B7ABABE7E7FBF7DBDBC7CB41D
:1037B8007475B577B7B67672B2B373B17170B0502D
:1037C8009091519353529296565797559594549C6D
:1037D8005C5D9D5F9F9E5E5A9A9B5B99595898883D
:1037E8004849894B8B8A4A4E8E8F4F8D4D4C8C445D
:1037F80084854587474686824243834181804000CD
:10380800C1814001C0804101C0804100C1814001A7
:10381800C0804100C1814000C1814001C080410198
:10382800C0804100C1814000C1814001C080410089
:10383800C1814001C0804101C0804100C181400177
:10384800C0804100C1814000C1814001C080410069
:10385800C1814001C0804101C0804100C181400058
:10386800C1814001C0804101C0804100C181400147
:10387800C0804100C1814000C1814001C080410138
:10388800C0804100C1814000C1814001C080410029
:10389800C1814001C0804101C0804100C181400018
:1038A800C1814001C0804101C0804100C181400107
:1038B800C0804100C1814000C1814001C0804100F9
:1038C800C1814001C0804101C0804100C1814001E7
:1038D800C0804100C1814000C1814001C0804101D8
:1038E800C0804100C1814000C1814001C0804100C9
:1038F800C1814001C0804101C0804100C1814000B8
:10390800C0C101C30302C2C60607C705C5C404CCAB
:103918000C0DCD0FCFCE0E0ACACB0BC90908C8D8DB
:103928001819D91BDBDA1A1EDEDF1FDD1D1CDC149B
:10393800D4D515D71716D6D21213D311D1D010F06B
:103948003031F133F3F23236F6F737F53534F43CEB
:10395800FCFD3DFF3F3EFEFA3A3BFB39F9F83828BB
:10396800E8E929EB2B2AEAEE2E2FEF2DEDEC2CE4DB
:103978002425E527E7E62622E2E323E12120E0A04B
:103988006061A163A3A26266A6A767A56564A46C2B
:10399800ACAD6DAF6F6EAEAA6A6BAB69A9A868785B
:1039A800B8B979BB7B7ABABE7E7FBF7DBDBC7CB41B
:1039B8007475B577B7B67672B2B373B17170B0502B
:1039C8009091519353529296565797559594549C6B
:1039D8005C5D9D5F9F9E5E5A9A9B5B99595898883B
:1039E8004849894B8B8A4A4E8E8F4F8D4D4C8C445B
:1039F80084854587474686824243834181804000CB
:103A0800C1814001C0804101C0804100C1814001A5
:103A1800C0804100C1814000C1814001C080410196
:103A2800C0804100C1814000C1814001C080410087
:103A3800C1814001C0804101C0804100C181400175
:103A4800C0804100C1814000C1814001C080410067
:103A5800C1814001C0804101C0804100C181400056
:103A6800C1814001C0804101C0804100C181400145
:103A7800C0804100C1814000C1814001C080410136
:103A8800C0804100C1814000C1814001C080410027
:103A9800C1814001C0804101C0804100C181400016
:103AA800C1814001C0804101C0804100C181400105
:103AB800C0804100C1814000C1814001C0804100F7
:103AC800C1814001C0804101C0804100C1814001E5
:103AD800C0804100C1814000C1814001C0804101D6
:103AE800C0804100C1814000C1814001C0804100C7
:103AF800C1814001C0804101C0804100C1814000B6
:103B0800C0C101C30302C2C60607C705C5C404CCA9
:103B18000C0DCD0FCFCE0E0ACACB0BC90908C8D8D9
:103B28001819D91BDBDA1A1EDEDF1FDD1D1CDC1499
:103B3800D4D515D71716D6D21213D311D1D010F069
:103B48003031F133F3F23236F6F737F53534F43CE9
:103B5800FCFD3DFF3F3EFEFA3A3BFB39F9F83828B9
:103B6800E8E929EB2B2AEAEE2E2FEF2DEDEC2CE4D9
:103B78002425E527E7E62622E2E323E12120E0A049
:103B88006061A163A3A26266A6A767A56564A46C29
:103B9800ACAD6DAF6F6EAEAA6A6BAB69A9A8687859
:103BA800B8B979BB7B7ABABE7E7FBF7DBDBC7CB419
:103BB8007475B577B7B67672B2B373B17170B05029
:103BC8009091519353529296565797559594549C69
:103BD8005C5D9D5F9F9E5E5A9A9B5B995958988839
:103BE8004849894B8B8A4A4E8E8F4F8D4D4C8C4459
:103BF80084854587474686824243834181804000C9
:103C0800C1814001C0804101C0804100C1814001A3
:103C1800C0804100C1814000C1814001C080410194
:103C2800C0804100C1814000C1814001C080410085
:103C3800C1814001C0804101C0804100C181400173
:103C4800C0804100C1814000C1814001C080410065
:103C5800C1814001C0804101C0804100C181400054
:103C6800C1814001C0804101C0804100C181400143
:103C7800C0804100C1814000C1814001C080410134
:103C8800C0804100C1814000C1814001C080410025
:103C9800C1814001C0804101C0804100C181400014
:103CA800C1814001C0804101C0804100C181400103
:103CB800C0804100C1814000C1814001C0804100F5
:103CC800C1814001C0804101C0804100C1814001E3
:103CD800C0804100C1814000C1814001C0804101D4
:103CE800C0804100C1814000C1814001C0804100C5
:103CF800C1814001C0804101C0804100C1814014A0
:103D0800B40000000022CB0082C300000000BECF38
:103D1800000000000000000000000000000000009B
:103D2800000000000000000000000000000000008B
:103D3800000000000024CF0000000000CF00DCCE0F
:103D480000B8CE00000000ECC100000000F2BE0088
:103D58004ABF00000000000000000000AECC0000D8
:103D680000000000004348317C493A252E32667C29
:103D7800563A252E32667C503A252E32667C5057AC
:103D88004D3A25647C0A0D20004348327C493A2587
:103D98002E32667C563A252E32667C503A252E32D3
:103DA800667C50574D3A25647C0A0D200053503AE2
:103DB800252E32667C55524745313A25647C55524A
:103DC8004745323A25647C200A0D200054656D7001
:103DD8003A252E32667C0A0D200056696E3A256413
:103DE8007C200A0D20007069643A25647C0A0D2045
:103DF8000050726F3A25647C0A0D200025647C25EA
:103E0800640A0D2000563A25640A0D002530325800
:103E180000696E66006E616E00000601446B1EC686
:103E280045F61FC646F620C647F621C648F648BFDF
:103E380022EF1FF020EF1FF036EF1FF0010E446F46
:103E480045C663F546C664F547C665F548C666F5D2
:103E580077EC64F063C545F664C546F665C547F674
:103E680066C548F6000E06014A6F000E496FBCC6CB
:103E780038F6BDC639F64451D8B445EF1FF047EFC0
:103E88001FF05BEF1FF04451D8A44DEF1FF04FEF28
:103E98001FF055EF1FF0000E2A6F2B0E296F59EFF8
:103EA8001FF0000E2A6F2D0E296F29C644F645C64D
:103EB80063F546C664F547C665F548C666F57BEC06
:103EC80051F0050163056411D8A46DEF1FF06FEF81
:103ED8001FF0A6EF1FF006014451D8B476EF1FF08B
:103EE80078EF1FF081EF1FF044C684F93807D8A097
:103EF8003907000E4A6F010E496F840E49250501E6
:103F0800636F090E06014A210501646F190E656F7A
:103F18003E0E666F1CEC64F00601FD0E3827FF0E9E
:103F280039231CC677F51DC678F5840E0501796F0F
:103F3800090E7A6F38C67BF539C67CF5B7EC59F0AF
:103F480086EF24F045C663F546C664F547C665F5B1
:103F580048C666F57BEC51F0050163516411D8A49D
:103F6800B8EF1FF0BAEF1FF0DDEF1FF00601445164
:103F7800D8B4C1EF1FF0C3EF1FF0CCEF1FF044C659
:103F880084F93807D8A03907000E4A6F010E496F27
:103F9800840E49250501636F090E06014A210501B2
:103FA800646F1D0E656F3E0E666F1CEC64F090EF3B
:103FB8001FF0000E06014B6F000E4C6F800E4D6F08
:103FC8003F0E4E6F000E336F000E326F45C663F51D
:103FD80046C664F547C665F548C666F5000E050190
:103FE800676F000E686F000E696F000E6A6F0BEC4A
:103FF80059F00501D8B003EF20F005EF20F0FFEFEE
:1040080020F012EF20F034C64BF635C64CF636C613
:104018004DF637C64EF60601324B332B4BC6BFF56D
:104028004CC6C0F54DC6C1F54EC6C2F5000E050119
:10403800C36F000EC46F200EC56F410EC66F02EC31
:104048002EF0BFC534F6C0C535F6C1C536F6C2C5B3
:1040580037F606013451455D0501636F0601355198
:1040680046590501646F0601365147590501656FC8
:104078000601375148590501666F21EC5FF00501CB
:1040880066BF52EF20F066516511641109E1020E16
:10409800635DD8A052EF20F054EF20F007EF20F036
:1040A80034C600F635C601F636C602F637C603F63C
:1040B80045C604F646C605F647C606F648C607F6D8
:1040C8005CEC4BF00601D8A06CEF20F06EEF20F00E
:1040D80007EF20F04B51455D0501636F06014C5118
:1040E80046590501646F06014D5147590501656F31
:1040F80006014E5148590501666F21EC5FF0050134
:1041080066BF94EF20F066516511641107E1020E55
:10411800635DD8B092EF20F094EF20F0E5EF20F047
:104128004BC645F64CC646F64DC647F64EC648F64B
:10413800FFEF20F04BC6A6F54CC6A7F54DC6A8F56F
:104148004EC6A9F5000E0501AA6F000EAB6F200E32
:10415800AC6F410EAD6FDAEC35F0A6C54BF6A7C5CE
:104168004CF6A8C54DF6A9C54EF606013207D8A0EB
:1041780033074B51455D0501636F06014C514659A4
:104188000501646F06014D5147590501656F060128
:104198004E5148590501666F21EC5FF0050166BF75
:1041A800E3EF20F066516511641107E1020E635DCB
:1041B800D8B0E1EF20F0E3EF20F0E5EF20F094EF46
:1041C80020F045C600F646C601F647C602F648C6C0
:1041D80003F64BC604F64CC605F64DC606F64EC6A3
:1041E80007F65CEC4BF00601D8A0FDEF20F0FFEFDE
:1041F80020F09EEF20F022C62CF62CC62DF60601E4
:10420800BFBF09EF21F00BEF21F011EF21F0BEC67F
:1042180025F6BFC626F615EF21F0000E266F060E0E
:10422800256F25C630F626C631F6304B312B660E83
:104238002D19D8A422EF21F024EF21F044EF21F02A
:1042480033BF2BEF21F029EF21F037EF21F0000EDB
:104258004B6F000E4C6F800E4D6F3F0E4E6F000E71
:10426800336F000E326F670E2C19D8B43EEF21F071
:1042780040EF21F044EF21F0325130273351312300
:10428800000E436F000E426F45C63AF646C63BF62F
:1042980047C63CF648C63DF64BC634F64CC635F61E
:1042A8004DC636F64EC637F6D6EF21F03AC6A6F515
:1042B8003BC6A7F53CC6A8F53DC6A9F54BC6AAF569
:1042C8004CC6ABF54DC6ACF54EC6ADF5DAEC35F0DF
:1042D800A6C5BFF5A7C5C0F5A8C5C1F5A9C5C2F54E
:1042E8003AEC40F0BFC53EF6C0C53FF6C1C540F642
:1042F800C2C541F63EC618F63FC619F640C61AF6BC
:1043080041C61BF6CCEC4EF018C62EF619C62FF691
:104318003AC6D8F53BC6D9F53CC6DAF53DC6DBF555
:104328003EC6C3F53FC6C4F540C6C5F541C6C6F589
:104338004BC6BFF54CC6C0F54DC6C1F54EC6C2F555
:1043480002EC2EF0BFC5DCF5C0C5DDF5C1C5DEF554
:10435800C2C5DFF5A3EC62F0D8C53AF6D9C53BF67D
:10436800DAC53CF6DBC53DF64BC6A6F54CC6A7F547
:104378004DC6A8F54EC6A9F5000E0501AA6F000E98
:10438800AB6F200EAC6F410EAD6FDAEC35F0A6C501
:104398004BF6A7C54CF6A8C54DF6A9C54EF60601BD
:1043A800424B432B3051425D4351800A0501F66F61
:1043B80006013151800A0501F659D8A0E6EF21F02F
:1043C800E8EF21F05AEF21F04BC6BFF54CC6C0F517
:1043D8004DC6C1F54EC6C2F5000EC36F000EC46FC0
:1043E800A00EC56F400EC66F02EC2EF0BFC53EF69C
:1043F800C0C53FF6C1C540F6C2C541F63AC600F68B
:104408003BC601F63CC602F63DC603F63EC604F6B8
:104418003FC605F640C606F641C607F65CEC4BF00B
:104428000601D8B01AEF22F01CEF22F026EF22F096
:10443800000E3E6F000E3F6F000E406F000E416F82
:1044480050EF22F03AC663F53BC664F53CC665F505
:104458003DC666F53EC667F53FC668F540C669F5D0
:1044680041C66AF50BEC59F00501D8A03EEF22F0E1
:1044780040EF22F050EF22F006012EB146EF22F075
:1044880048EF22F050EF22F0000E3E6F000E3F6F13
:10449800000E406F000E416F45C663F546C664F5D1
:1044A80047C665F548C666F53EC667F53FC668F572
:1044B80040C669F541C66AF58DEC29F063C53AF640
:1044C80064C53BF665C53CF666C53DF63AC600F6DA
:1044D8003BC601F63CC602F63DC603F6000E0501D2
:1044E800C36F000EC46F200EC56F410EC66F34C671
:1044F800BFF535C6C0F536C6C1F537C6C2F502ECFC
:104508002EF0BFC504F6C0C505F6C1C506F6C2C57E
:1045180007F65CEC4BF00601D8A095EF22F097EF78
:1045280022F0C0EF22F0324B332B34C6BFF535C62C
:10453800C0F536C6C1F537C6C2F5000E0501C36F12
:10454800000EC46F200EC56F410EC66F02EC2EF030
:10455800BFC534F6C0C535F6C1C536F6C2C537F68F
:10456800660E06012D19D8A4BCEF22F0BEEF22F08A
:10457800C0EF22F0304B312B34C64BF635C64CF623
:1045880036C64DF637C64EF632C623F633C624F67F
:104598002B6B000E286F000E276F000E436F000E66
:1045A800426FBDEF23F03AC6A6F53BC6A7F53CC659
:1045B800A8F53DC6A9F54BC6AAF54CC6ABF54DC640
:1045C800ACF54EC6ADF5DAEC35F0A6C5BFF5A7C516
:1045D800C0F5A8C5C1F5A9C5C2F53AEC40F0BFC5FC
:1045E8003EF6C0C53FF6C1C540F6C2C541F63EC657
:1045F80018F63FC619F640C61AF641C61BF6CCECAB
:104608004EF0060119BF14EF23F0195107E10A0E05
:10461800185DD8B012EF23F014EF23F024EF23F045
:104628003EC618F63FC619F640C61AF641C61BF62E
:10463800CCEC4EF018C62EF619C62FF628EF23F04C
:10464800000E2F6F090E2E6F06012B51D8A42FEFE5
:1046580023F031EF23F059EF23F024BF38EF23F094
:1046680036EF23F059EF23F0840E4925D96E090E51
:104678004A21DA6E2E0EDF6E494B4A2B3807D8A036
:104688003907010E2B6F59EF23F0840E4925D96E97
:10469800090E4A21DA6E300EDF6E494B4A2B380775
:1046A800D8A039072707D8A0280727512811D8A448
:1046B80060EF23F062EF23F049EF23F0840E4925E1
:1046C800D96E090E4A21DA6E2E51300FDF6E494B32
:1046D8004A2B3807D8A039073AC6D8F53BC6D9F5CA
:1046E8003CC6DAF53DC6DBF53EC6C3F53FC6C4F5A4
:1046F80040C6C5F541C6C6F54BC6BFF54CC6C0F5A4
:104708004DC6C1F54EC6C2F502EC2EF0BFC5DCF5AC
:10471800C0C5DDF5C1C5DEF5C2C5DFF5A3EC62F0A5
:10472800D8C53AF6D9C53BF6DAC53CF6DBC53DF641
:104738004BC6A6F54CC6A7F54DC6A8F54EC6A9F5B5
:10474800000E0501AA6F000EAB6F200EAC6F410E74
:10475800AD6FDAEC35F0A6C54BF6A7C54CF6A8C583
:104768004DF6A9C54EF606012307D8A02407424BEB
:10477800432B3051425D4351800A0501F66F060113
:104788003151800A0501F659D8B0CDEF23F0CFEFAB
:1047980023F0DEEF23F006014ABFDCEF23F04A5195
:1047A80009E14B0E495DD8A0DCEF23F0DEEF23F0E2
:1047B800D7EF22F0000E0601436F4F0E426F840EB2
:1047C8004225D96E090E4321DA6EDF6A840E05018F
:1047D800F66F090EF76F060149510501F65F0601EC
:1047E8004A510501F75B060142510501F625636F41
:1047F800060143510501F721646F840E656F090EA8
:10480800666F49C667F54AC668F57BEC60F0060135
:104818004951425D496F4A5143594A6F4451D8A49E
:1048280018EF24F01BEF24F0010E1CEF24F0000E0B
:10483800426F436BCCA323EF24F025EF24F05BEF0A
:1048480024F036EF24F006014907D8A04A07840E61
:104858004925D96E090E4A21DA6E300EDF6E380707
:10486800D8A039073851425D4351800A0501F66FD7
:1048780006013951800A0501F659D8B046EF24F0EF
:1048880048EF24F05BEF24F006014951425D4351A3
:10489800800A0501F66F06014A51800A0501F6599A
:1048A800D8A059EF24F05BEF24F027EF24F006019D
:1048B8004451D8B462EF24F064EF24F06FEF24F091
:1048C8004907D8A04A07840E4925D96E090E4A21FE
:1048D800DA6E44C6DFF44251385F4351395B1CC677
:1048E80077F51DC678F5840E49250501796F090EFF
:1048F80006014A2105017A6F38C67BF539C67CF571
:10490800B7EC59F012001EC6D8F51FC6D9F520C657
:10491800DAF521C6DBF522C6DCF523C6DDF524C6AB
:10492800DEF525C6DFF5A3EC62F0D8C546F6D9C595
:1049380047F6DAC548F6DBC549F646C6E0F547C688
:10494800E1F548C6E2F549C6E3F55CEC65F0E0C57B
:104958004EF6E1C54FF6E2C550F6E3C551F606013D
:1049680020EE05F01C51D9261D51DA22DEC44AF684
:10497800DEC44BF6DEC44CF6DEC44DF6000E006F06
:10498800000E016F480E026F420E036F4EC604F60A
:104998004FC605F650C606F651C607F65CEC4BF056
:1049A8000601D8B0DAEF24F0DCEF24F0F9EF24F0B8
:1049B8004AC6BFF54BC6C0F54CC6C1F54DC6C2F5D3
:1049C800CD0E0501C36FCC0EC46FCC0EC56F3D0E66
:1049D800C66F02EC2EF0BFC54AF6C0C54BF6C1C57E
:1049E8004CF6C2C54DF665EF25F0000E006F000EBF
:1049F800016FA00E026F410E036F4EC604F64FC63C
:104A080005F650C606F651C607F65CEC4BF00601F3
:104A1800D8B011EF25F013EF25F030EF25F04AC696
:104A2800BFF54BC6C0F54CC6C1F54DC6C2F59A0ECA
:104A38000501C36F990EC46F990EC56F3E0EC66F00
:104A480002EC2EF0BFC54AF6C0C54BF6C1C54CF600
:104A5800C2C54DF665EF25F04EC600F64FC601F605
:104A680050C602F651C603F6000E046F000E056F1D
:104A7800A00E066F400E076F5CEC4BF00601D8B035
:104A880048EF25F04AEF25F065EF25F04AC6BFF557
:104A98004BC6C0F54CC6C1F54DC6C2F5000E0501A2
:104AA800C36F000EC46F000EC56F400EC66F02ECD8
:104AB8002EF0BFC54AF6C0C54BF6C1C54CF6C2C5F7
:104AC8004DF6060120EE01F01C51D9261D51DA22BF
:104AD800DEC4BFF5DEC4C0F5DEC4C1F5DEC4C2F570
:104AE80046C6C3F547C6C4F548C6C5F549C6C6F5A2
:104AF80002EC2EF0BFC526F6C0C527F6C1C528F6BC
:104B0800C2C529F64EC600F64FC601F650C602F6D3
:104B180051C603F6000E0601046F000E056F480E1D
:104B2800066F420E076F5CEC4BF00601D8B09FEFA2
:104B380025F0A1EF25F080EF27F046C652F647C6CC
:104B480053F648C654F649C655F6000E006F000ED7
:104B5800016FF00E026F410E036F4EC604F64FC68A
:104B680005F650C606F651C607F65CEC4BF0060192
:104B7800D8B0C1EF25F0C3EF25F009EF26F0000EFD
:104B8800006F000E016F200E026F420E036F52C6B7
:104B980004F653C605F654C606F655C607F65CEC89
:104BA8004BF00601D8B0DBEF25F0DDEF25F0E5EF9F
:104BB80025F0000E526F000E536F200E546F420EF8
:104BC800556F52C600F653C601F654C602F655C6CE
:104BD80003F6000E046F000E056F200E066FC20E5E
:104BE800076F5CEC4BF00601D8B0FDEF25F0FFEF46
:104BF80025F0DCEF26F0000E526F000E536F200EEA
:104C0800546FC20E556FDCEF26F0000E006F000ED9
:104C1800016F200E026F410E036F4EC604F64FC699
:104C280005F650C606F651C607F65CEC4BF00601D1
:104C3800D8B021EF26F023EF26F098EF26F04EC6E5
:104C4800BFF54FC6C0F550C6C1F551C6C2F5CD0E69
:104C58000501C36FCC0EC46F4C0EC56F3F0EC66FF7
:104C680002EC2EF0BFC53EF6C0C53FF6C1C540F602
:104C7800C2C541F63EC600F63FC601F640C602F67A
:104C880041C603F652C604F653C605F654C606F6E0
:104C980055C607F65CEC4BF00601D8B056EF26F087
:104CA80058EF26F060EF26F03EC652F63FC653F6A0
:104CB80040C654F641C655F652C600F653C601F62C
:104CC80054C602F655C603F63EC663F53FC664F5FC
:104CD80040C665F541C666F577EC64F063C504F631
:104CE80064C505F665C506F666C507F65CEC4BF0C7
:104CF8000601D8B082EF26F084EF26F0DCEF26F02C
:104D08003EC663F53FC664F540C665F541C666F51F
:104D180077EC64F063C552F664C553F665C554F67E
:104D280066C555F6DCEF26F0000E006F000E016F29
:104D3800A00E026F400E036F52C604F653C605F666
:104D480054C606F655C607F65CEC4BF00601D8B01B
:104D5800B0EF26F0B2EF26F0BAEF26F0000E526F51
:104D6800000E536FA00E546F400E556F52C600F6DA
:104D780053C601F654C602F655C603F6000E046F74
:104D8800000E056FA00E066FC00E076F5CEC4BF0AF
:104D98000601D8B0D2EF26F0D4EF26F0DCEF26F0EB
:104DA800000E526F000E536FA00E546FC00E556F59
:104DB80052C6BFF553C6C0F554C6C1F555C6C2F5AF
:104DC800060120EE05F01C51D9261D51DA22DEC459
:104DD800AAF5DEC4ABF5DEC4ACF5DEC4ADF54AC653
:104DE800A6F54BC6A7F54CC6A8F54DC6A9F5DAEC4D
:104DF80035F0A6C5C3F5A7C5C4F5A8C5C5F5A9C5A9
:104E0800C6F502EC2EF0BFC552F6C0C553F6C1C5B3
:104E180054F6C2C555F6060120EE1DF01C51D926E0
:104E28001D51DA22DEC463F5DEC464F5DEC465F51F
:104E3800DEC466F552C667F553C668F554C669F50B
:104E480055C66AF58DEC29F0060120EE1DF01C51BF
:104E5800D9261D51DA22050163C5DEF464C5DEF4E6
:104E680065C5DEF466C5DEF4060120EE11F01C51BE
:104E7800D9261D51DA22DEC410F6DEC411F6DEC4CE
:104E880012F6DEC413F620EE1DF01C51D9261D5172
:104E9800DA22DEC408F6DEC409F6DEC40AF6DEC489
:104EA8000BF620EE0DF01C51D9261D51DA22DEC476
:104EB8000CF6DEC40DF6DEC40EF6DEC40FF6F1EC19
:104EC8004BF008C614F609C615F60AC616F60BC640
:104ED80017F685EC4CF0060120EE1DF01C51D92682
:104EE8001D51DA2210C6DEF411C6DEF412C6DEF455
:104EF80013C6DEF48EEF27F020EE1DF01C51D926E4
:104F08001D51DA22000EDE6E000EDE6E000EDE6E21
:104F1800000EDD6E20EE1DF01C51D9261D51DA223F
:104F2800DEC4BFF5DEC4C0F5DEC4C1F5DEC4C2F51B
:104F38004AC6C3F54BC6C4F54CC6C5F54DC6C6F53D
:104F480002EC2EF0BFC52AF6C0C52BF6C1C52CF65B
:104F5800C2C52DF6060120EE21F01C51D9261D519F
:104F6800DA22DEC4DCF5DEC4DDF5DEC4DEF5DEC43F
:104F7800DFF546C6D8F547C6D9F548C6DAF549C6B5
:104F8800DBF5A3EC62F0D8C5BFF5D9C5C0F5DAC525
:104F9800C1F5DBC5C2F5060120EE09F01C51D92682
:104FA8001D51DA22DEC4C3F5DEC4C4F5DEC4C5F57E
:104FB800DEC4C6F502EC2EF0BFC53AF6C0C53BF616
:104FC800C1C53CF6C2C53DF6330E0501C36F330EAD
:104FD800C46F330EC56F3F0EC66F3AC6BFF53BC6EA
:104FE800C0F53CC6C1F53DC6C2F502EC2EF0BFC502
:104FF80063F5C0C564F5C1C565F5C2C566F59A0E09
:105008000501C36F990EC46F990EC56F3E0EC66F2A
:1050180010C7BFF511C7C0F512C7C1F513C7C2F550
:1050280002EC2EF0BFC567F5C0C568F5C1C569F5C6
:10503800C2C56AF58DEC29F063C53AF664C53BF63E
:1050480065C53CF666C53DF63AC610F73BC611F78E
:105058003CC612F73DC613F7060120EE21F01C519D
:10506800D9261D51DA2246C6DEF447C6DEF448C604
:10507800DEF449C6DEF42AC667F52BC668F52CC6E9
:1050880069F52DC66AF526C663F527C664F528C6F0
:1050980065F529C666F58DEC29F063C52EF664C55D
:1050A8002FF665C530F666C531F62EC663F52FC6F0
:1050B80064F530C665F531C666F53AC667F53BC690
:1050C80068F53CC669F53DC66AF58DEC29F063C5FF
:1050D80042F664C543F665C544F666C545F61CC682
:1050E800D9F41DC6DAF4DE04D8A47DEF28F07FEFEA
:1050F80028F000EF29F0060145BF87EF28F085EF7B
:1051080028F091EF28F0000E326F000E336F000E7A
:10511800346FBF0E356F99EF28F0000E326F000E16
:10512800336F000E346F3F0E356F42C667F543C6C6
:1051380068F544C669F545C66AF532C663F533C6EF
:1051480064F534C665F535C666F58DEC29F063C59A
:1051580018F664C519F665C51AF666C51BF6CCECD3
:105168004EF006011851C2271951C323000E0C6FC7
:10517800000E0D6F480E0E6F450E0F6FC2C698F5E4
:10518800C3C699F50501000E99BFFF0E9A6F9B6F74
:10519800010E21EC44F098C508F699C509F69AC5A0
:1051A8000AF69BC50BF6F1EC4BF008C614F609C6D7
:1051B80015F60AC616F60BC617F6000E0601106F8E
:1051C800000E116F000E126F000E136F85EC4CF07D
:1051D80010C618F611C619F612C61AF613C61BF62B
:1051E800CCEC4EF018C6C2F619C6C3F6C2C61CF6F9
:1051F800C3C61DF68CEF29F01CC6D9F41DC6DAF417
:10520800020EDE18D8A40BEF29F00DEF29F08CEF71
:1052180029F0060145BF15EF29F013EF29F01FEF1C
:1052280029F0000E366F000E376F000E386FBF0E74
:10523800396F27EF29F0000E366F000E376F000E1A
:10524800386F3F0E396F42C667F543C668F544C6E6
:1052580069F545C66AF536C663F537C664F538C6D6
:1052680065F539C666F58DEC29F063C518F664C591
:1052780019F665C51AF666C51BF6CCEC4EF00601A4
:105288001851C0271951C123000E0C6F000E0D6F65
:10529800480E0E6F450E0F6FC0C698F5C1C699F53A
:1052A8000501000E99BFFF0E9A6F9B6F010E21EC4E
:1052B80044F098C508F699C509F69AC50AF69BC53B
:1052C8000BF6F1EC4BF008C614F609C615F60AC63B
:1052D80016F60BC617F6000E0601106F000E116FBA
:1052E800000E126F000E136F85EC4CF010C618F606
:1052F80011C619F612C61AF613C61BF6CCEC4EF0F8
:1053080018C6C0F619C6C1F6C0C61CF6C1C61DF639
:10531800120005016651800B6F6F66516625716F2B
:1053280065AF99EF29F09BEF29F09CEF29F0718187
:105338007151D8B4A2EF29F0A4EF29F0B8EF29F001
:105348007129D8A4AAEF29F0ACEF29F0B4EF29F01D
:10535800000E636F000E646F000E656F000E666FBF
:10536800658F666BC0EF29F0000E636F000E646FE7
:10537800000E656F000E666F6A51800B706F6F517B
:105388007019D8B4CAEF29F0CCEF29F0CDEF29F085
:105398006F8D6A516A25706F69AFD5EF29F0D7EF25
:1053A80029F0D8EF29F070817051D8B4DEEF29F0D8
:1053B800E0EF29F0F4EF29F07029D8A4E6EF29F0FE
:1053C800E8EF29F0F0EF29F0000E676F000E686F24
:1053D800000E696F000E6A6F698F6A6BFCEF29F027
:1053E800000E676F000E686F000E696F000E6A6F1F
:1053F8007151705DD8B003EF2AF005EF2AF02CEF59
:105408002AF06FAD0AEF2AF00CEF2AF00EEF2AF01F
:10541800800E6F1B71C572F570C571F572C570F598
:1054280063C572F567C563F572C567F564C572F53E
:1054380068C564F572C568F565C572F569C565F531
:1054480072C569F566C572F56AC566F572C56AF50D
:10545800726B715170C56BF56C6B6B5F000E6C5B9A
:105468006CBF40EF2AF06C5109E11A0E6B5DD8A0B1
:1054780040EF2AF042EF2AF079EF2AF063516411E5
:1054880065116611D8A44BEF2AF04EEF2AF0010EF1
:105498004FEF2AF0000E726F000E636F000E646FFC
:1054A800000E656F000E666F70C571F582EF2AF009
:1054B80072A161EF2AF063EF2AF069EF2AF0D89021
:1054C80072310109726F6BEF2AF0D890723363A1C1
:1054D80070EF2AF072EF2AF073EF2AF0728F6635B8
:1054E8006633653364336333712B7051715DD8A0B3
:1054F80080EF2AF082EF2AF05CEF2AF06FBD87EF89
:105508002AF089EF2AF0C9EF2AF07151D8A48FEF59
:105518002AF091EF2AF09BEF2AF0000E636F000E3D
:10552800646F000E656F000E666FE8EF2BF0675131
:10553800632768516423695165236A51662366A10C
:10554800A8EF2AF0AAEF2AF056EF2BF072A1AFEFDE
:105558002AF0B1EF2AF0B7EF2AF0D890723101099A
:10556800726FB9EF2AF0D890723363A1BEEF2AF0B8
:10557800C0EF2AF0C1EF2AF0728F663566336533C3
:1055880064336333712B56EF2BF06751635D6851B9
:105598006459695165596651800A6B6F6A51800A6E
:1055A8006B59D8B0DAEF2AF0DCEF2AF007EF2BF0CE
:1055B8006351675D6B6F645168596C6F65516959C8
:1055C8006D6F66516A596E6FFF0E6B25636FFF0E24
:1055D8006C21646FFF0E6D21656FFF0E6E21666F83
:1055E800800E6F1B726D7251D8A4FDEF2AF0FFEF89
:1055F8002AF00FEF2BF0010E6327000E64236523BA
:1056080066230FEF2BF06751635F6851645B695144
:10561800655B6A51665B6351641165116611D8A4B4
:1056280018EF2BF01AEF2BF04FEF2BF07251D8A494
:1056380020EF2BF022EF2BF04FEF2BF0000E636FD3
:10564800000E646F000E656F000E666FE8EF2BF0BA
:10565800D890633764376537663772AF36EF2BF00B
:1056680038EF2BF039EF2BF0638172A13EEF2BF06E
:1056780040EF2BF044EF2BF0D880723746EF2BF039
:10568800D89072377151D8B44CEF2BF04EEF2BF005
:105698004FEF2BF0710765AF54EF2BF056EF2BF05F
:1056A8002CEF2BF0706B72AF5CEF2BF05EEF2BF0F2
:1056B80076EF2BF072C56BF57F0E6B17D8B467EFDA
:1056C8002BF069EF2BF06DEF2BF0010E706F76EF7A
:1056D8002BF063A172EF2BF074EF2BF076EF2BF029
:1056E80069EF2BF07051D8B47CEF2BF07EEF2BF0E4
:1056F800A9EF2BF0010E6327000E642365236623B0
:1057080066A189EF2BF08BEF2BF0A9EF2BF063C587
:105718006BF564C56CF565C56DF566C56EF56E35DA
:105728006E336D336C336B336BC563F56CC564F5E1
:105738006DC565F56EC566F57129D8B4A6EF2BF071
:10574800A8EF2BF0A9EF2BF0712B7129D8B4AFEF8C
:105758002BF0B1EF2BF0B9EF2BF07151D8A4B7EFC4
:105768002BF0B9EF2BF0CAEF2BF0000E636F000E91
:10577800646F000E656F000E666F7151D8A4C7EF95
:105788002BF0C9EF2BF0CAEF2BF06F6B71A1CFEFA5
:105798002BF0D1EF2BF0D4EF2BF0658FD5EF2BF05A
:1057A800659FD8907131666F6FAFDDEF2BF0DFEF3B
:1057B8002BF0E0EF2BF0668F63C563F564C564F5E5
:1057C80065C565F566C566F5120051C6D9F452C6B9
:1057D800DAF4DEC4F6F4DDC4F7F4000EF86E08005F
:1057E800F550250AD8A4FBEF2BF0FDEF2BF0EAEFDC
:1057F8002DF051C6D9F452C6DAF4DE2A000EDD22A5
:10580800000E0601BD6F000EBC6FBCC6CCF6BE69AB
:10581800BF69556B30EF2CF0CC8351C6D9F452C612
:10582800DAF4DE2A000EDD2230EF2CF0010E556F7F
:1058380030EF2CF051C6D9F452C6DAF4DEC4F6F4CF
:10584800DDC4F7F4000EF86E0800F550300AD8B43D
:1058580010EF2CF01AEF2CF05551D8B436EF2CF08D
:1058680038EF2CF01EEF2CF051C663F552C664F5E4
:1058780053C665F554C666F53DEC54F063C5BCF6F1
:1058880064C5BDF60601BDBF4EEF2CF04CEF2CF001
:1058980053EF2CF0CC81BC6DBD1FD8B0BD2B51C6C9
:1058A800D9F452C6DAF4DEC4F6F4DDC4F7F4000E17
:1058B800F86E0800F5502E0AD8A465EF2CF067EFB3
:1058C8002CF07CEF2CF051C6D9F452C6DAF4DE2A5B
:1058D800000EDD2251C663F552C664F553C665F560
:1058E80054C666F53DEC54F063C5BEF664C5BFF614
:1058F80051C6D9F452C6DAF4DEC45BF6DDC45CF6F0
:105908005BC6F6F45CC6F7F4000EF86E0800F550B6
:10591800640AD8B492EF2CF094EF2CF0A4EF2CF09A
:105928005BC6F6F45CC6F7F4000EF86E0800F55096
:10593800690AD8A4A2EF2CF0A4EF2CF0D6EF2CF033
:1059480053C6D9F454C6DAF4DFC4F8F5020EDE26DD
:10595800DFC4F9F5000EDD22F8C5D9F4F9C5DAF48B
:10596800DEC457F6DDC458F6010E06015B250501B5
:10597800F86F000E06015C210501F96F51C6D9F4D4
:1059880052C6DAF4F8C5DEF4F9C5DDF44FC680F581
:1059980050C681F557C682F558C683F53FEC43F0EB
:1059A80001EF2EF05BC6F6F45CC6F7F4000EF86E55
:1059B8000800F550580AD8A4E4EF2CF0E6EF2CF0D4
:1059C80028EF2DF053C6D9F454C6DAF4DFC4F8F53D
:1059D800020EDE26DFC4F9F5000EDD22F8C5D9F483
:1059E800F9C5DAF4DEC457F6DDC458F6010E06012F
:1059F8005B250501F86F000E06015C210501F96FB2
:105A080051C6D9F452C6DAF4F8C5DEF4F9C5DDF4A6
:105A18001AEF2DF04FC680F550C681F557C682F5AE
:105A280058C683F587EC49F001EF2EF05BC6F6F413
:105A38005CC6F7F4000EF86E0800F550580AD8B4A2
:105A48000EEF2DF028EF2DF051C6D9F452C6DAF436
:105A5800DEC45BF6DDC45CF65BC6F6F45CC6F7F440
:105A6800000EF86E0800F5C456F646EF2DF05B4BB5
:105A78005C2B56EF2DF06C0E566F56EF2DF0566BD3
:105A880056EF2DF0060156514C0AD8B43BEF2DF0D5
:105A98002A0AD8B43FEF2DF00A0AD8B43BEF2DF00C
:105AA80043EF2DF05BC6F6F45CC6F7F4000EF86E13
:105AB8000800F550660AD8A464EF2DF066EF2DF0C3
:105AC800E1EF2DF09CEF2DF053C6D9F454C6DAF46B
:105AD800DFC4F8F5040EDE26DFC4F9F5000EDD227A
:105AE800F8C5D9F4F9C5DAF4DEC457F6DEC458F6B9
:105AF800DEC459F6DEC45AF6A7EF2DF053C6D9F422
:105B080054C6DAF4DFC4F8F5040EDE26DFC4F9F56E
:105B1800000EDD22F8C5D9F4F9C5DAF4DEC457F66B
:105B2800DEC458F6DEC459F6DEC45AF6A7EF2DF0E7
:105B380056514C0AD8B482EF2DF0200AD8B468EF39
:105B48002DF0A7EF2DF0010E5B250501F86F000E73
:105B580006015C210501F96F51C6D9F452C6DAF481
:105B6800F8C5DEF4F9C5DDF4D3EF2DF04FC61CF609
:105B780050C61DF657C61EF658C61FF659C620F65B
:105B88005AC621F65BC6F6F45CC6F7F4000EF86E4A
:105B98000800F5C422F611EC1FF001EF2EF05BC6E9
:105BA800F6F45CC6F7F4000EF86E0800F550660AC5
:105BB800D8B4BAEF2DF0E1EF2DF051C6D9F452C6A2
:105BC800DAF4DE2A000EDD2201EF2EF051C6D9F4F8
:105BD80052C6DAF4DEC4F6F4DDC4F7F4000EF86E4B
:105BE8000800F5500501676F686B4FC669F550C628
:105BF8006AF5A4EC54F0E1EF2DF012000501C25152
:105C0800800BCB6FC251C225D16FC1AF0EEF2EF002
:105C180010EF2EF011EF2EF0D181D151D8B417EF3B
:105C28002EF019EF2EF02CEF2EF0D129D8A41FEF6B
:105C38002EF021EF2EF029EF2EF0000EBF6F000E90
:105C4800C06F000EC16F000EC26FC18F34EF2EF00F
:105C5800000EBF6F000EC06F000EC16F000EC26F46
:105C6800C651800BCB1BC651C625CC6FC5AF3FEFC5
:105C78002EF041EF2EF042EF2EF0CC81CC51D8B46B
:105C880048EF2EF04AEF2EF05DEF2EF0CC29D8A485
:105C980050EF2EF052EF2EF05AEF2EF0000EC36F99
:105CA800000EC46F000EC56F000EC66FC58F65EF7E
:105CB8002EF0000EC36F000EC46F000EC56F000EED
:105CC800C66FCC51D8B46BEF2EF06DEF2EF075EF98
:105CD8002EF0D151D8A473EF2EF075EF2EF07FEF90
:105CE8002EF0000EBF6F000EC06F000EC16F000EC9
:105CF800C26F15EF30F0C551BF03F3C4D6F5F4C435
:105D0800D7F5D651CD6FCE6BCF6BD06BD751D26F45
:105D1800D36BD46BD56BC451C003F3C4D6F5F4C4AC
:105D2800D7F5D651CD27000ECE23CF23D023D75178
:105D3800D227000ED323D423D523C351C103F3C4E0
:105D4800D6F5F4C4D7F5D651CD27000ECE23CF23F0
:105D5800D023D751D227000ED323D423D523CFC5A0
:105D6800D0F5CEC5CFF5CDC5CEF5CD6BC351C003AB
:105D7800F3C4D6F5F4C4D7F5D651CD27D751CE23E1
:105D8800000ECF23000ED023C451BF03F3C4D6F5B1
:105D9800F4C4D7F5D651CD27D751CE23000ECF2343
:105DA800000ED023CFC5D0F5CEC5CFF5CDC5CEF5E5
:105DB800CD6BC351BF03F3C4D6F5F4C4D7F5D651A0
:105DC800CD27D751CE23000ECF23000ED023C551A7
:105DD800C003F3C4D6F5F4C4D7F5D651D227D751AA
:105DE800D323000ED423000ED523C451C103F3C41A
:105DF800D6F5F4C4D7F5D651D227D751D323000E00
:105E0800D423000ED523C551C103F3C4D6F5F4C479
:105E1800D7F5D651C76FD751C86FC96BCA6BC9C5FB
:105E2800CAF5C8C5C9F5C7C5C8F5C76BC751D227D4
:105E3800C851D323C951D423CA51D523CDC5C7F5D9
:105E4800CEC5C8F5CFC5C9F5D0C5CAF5190E32EF0C
:105E58002FF0D890CA33C933C833C733E82E2DEF93
:105E68002FF0C751D227C851D323C951D423CA51BF
:105E7800D523CFC5D0F5CEC5CFF5CDC5CEF5CD6BE5
:105E8800CC51D1C5C7F5C86BC727000EC823820EF1
:105E9800C725D66FFF0EC821D76F68EF2FF0D890AF
:105EA800D237D337D437D537D0AF5DEF2FF05FEF88
:105EB8002FF060EF2FF0D281D890CD37CE37CF3783
:105EC800D037D607D8A0D707D4AF6DEF2FF06FEF34
:105ED8002FF053EF2FF0CC6BD0AF75EF2FF077EF9B
:105EE8002FF09BEF2FF0FF0ECD15C76FFF0ECE15CD
:105EF800C86FFF0ECF15C96F7F0ED015CA6FC75177
:105F0800C811C911CA11D8B48CEF2FF08EEF2FF039
:105F180092EF2FF0010ECC6F9BEF2FF0D2A197EFED
:105F28002FF099EF2FF09BEF2FF08EEF2FF0CC5141
:105F3800D8B4A1EF2FF0A3EF2FF0C7EF2FF0010E89
:105F4800D227000ED323D423D523D5A1AEEF2FF02B
:105F5800B0EF2FF0C7EF2FF0D2C5C7F5D3C5C8F5FE
:105F6800D4C5C9F5D5C5CAF5CA35CA33C933C83386
:105F7800C733C7C5D2F5C8C5D3F5C9C5D4F5CAC591
:105F8800D5F5D64BD72BD7BFD2EF2FF0D75108E195
:105F9800D629D8A0D2EF2FF0D4EF2FF0DEEF2FF0D4
:105FA800000ED26F000ED36F800ED46F7F0ED56FA8
:105FB8000BEF30F0D7BFEBEF2FF0D75106E1D60546
:105FC800D8B0E9EF2FF0EBEF2FF0F6EF2FF0000E3F
:105FD800D26F000ED36F000ED46F000ED56FCB6B4F
:105FE8000BEF30F0D6C5D1F5FF0ED217FF0ED31741
:105FF8007F0ED417000ED517D1A105EF30F007EFAB
:1060080030F008EF30F0D48FD890D131D56FCB5124
:10601800D513D2C5BFF5D3C5C0F5D4C5C1F5D5C50F
:10602800C2F512000501F76F1C0E0501F719D8A477
:1060380020EF30F022EF30F045EF31F0010E06018D
:10604800E06529EF30F02BEF30F045EF31F0000E2E
:106058000501AA6F000EAB6F7A0EAC6F440EAD6FE0
:106068001C0E47EC42F005016BC598F56CC599F517
:106078009A6B9B6B000E21EC44F098C5A6F599C568
:10608800A7F59AC5A8F59BC5A9F5DAEC35F0A6C51C
:10609800BFF5A7C5C0F5A8C5C1F5A9C5C2F5000ECD
:1060A8000501C36F000EC46F110EC56F430EC66F96
:1060B80002EC2EF0BFC5A8F6C0C5A9F6C1C5AAF660
:1060C800C2C5ABF6160EFAEC3CF0D8C5F8F5D9C542
:1060D800F9F5DAC5FAF5DBC5FBF5A8C6C3F5A9C617
:1060E800C4F5AAC6C5F5ABC6C6F5F8C5BFF5F9C56A
:1060F800C0F5FAC5C1F5FBC5C2F502EC2EF0BFC567
:10610800A6F5C0C5A7F5C1C5A8F5C2C5A9F5000E75
:106118000501AA6F000EAB6F7A0EAC6F440EAD6F1F
:10612800DAEC35F0A6C53CF7A7C53DF7A8C53EF79C
:10613800A9C53FF7A8C600F6A9C601F6AAC602F681
:10614800ABC603F6000E0601046F800E056F090E3C
:10615800066F440E076F5CEC4BF00601D8B0B7EF42
:1061680030F0B9EF30F0D3EF30F0000E006F000ED2
:10617800016F160E026F430E036FA8C604F6A9C678
:1061880005F6AAC606F6ABC607F65CEC4BF00601A8
:10619800D8A0D1EF30F0D3EF30F0DCEF30F0010EC3
:1061A800DD6F000E0501F66F010EF56F10EF32F08E
:1061B800000E006F000E016FF00E026F410E036FAC
:1061C800A8C604F6A9C605F6AAC606F6ABC607F61B
:1061D8005CEC4BF00601D8A0F4EF30F0F6EF30F0AD
:1061E800FFEF30F0020EDD6F000E0501F66F020EB4
:1061F800F56F10EF32F0CD0E0501C36FCC0EC46FF2
:106208008C0EC56F3F0EC66FCAC698F5CBC699F5FA
:106218009A6B9B6B000E21EC44F098C5BFF599C5AD
:10622800C0F59AC5C1F59BC5C2F502EC2EF0BFC5F5
:1062380000F6C0C501F6C1C502F6C2C503F63CC7E3
:1062480004F63DC705F63EC706F63FC707F65CEC01
:106258004BF00601D8B033EF31F035EF31F03EEFB7
:1062680031F0030EDD6F000E0501F66F020EF56FBB
:1062780010EF32F0000E0501F66F000EF56F10EF0B
:1062880032F0110E0501F719D8A44DEF31F04FEF98
:1062980031F03EEF31F0010E0601DF6556EF31F0C7
:1062A80058EF31F03EEF31F0000E0501AA6F000EF5
:1062B800AB6F7A0EAC6F440EAD6F110E47EC42F027
:1062C80005016BC598F56CC599F59A6B9B6B000E2B
:1062D80021EC44F098C5A6F599C5A7F59AC5A8F587
:1062E8009BC5A9F5DAEC35F0A6C5BFF5A7C5C0F57D
:1062F800A8C5C1F5A9C5C2F5000E0501C36F000EFA
:10630800C46F110EC56F430EC66F02EC2EF0BFC5E9
:10631800A4F6C0C5A5F6C1C5A6F6C2C5A7F6040E63
:10632800FAEC3CF0D8C5F8F5D9C5F9F5DAC5FAF5AF
:10633800DBC5FBF5A4C6C3F5A5C6C4F5A6C6C5F559
:10634800A7C6C6F5F8C5BFF5F9C5C0F5FAC5C1F5C4
:10635800FBC5C2F502EC2EF0BFC5A6F5C0C5A7F572
:10636800C1C5A8F5C2C5A9F5000E0501AA6F000EA2
:10637800AB6F7A0EAC6F440EAD6FDAEC35F0A6C594
:1063880038F7A7C539F7A8C53AF7A9C53BF7A4C692
:1063980000F6A5C601F6A6C602F6A7C603F6000EC5
:1063A8000601046F000E056F960E066F430E076F09
:1063B8005CEC4BF00601D8A0E4EF31F0E6EF31F0E9
:1063C800EFEF31F0040EDD6F000E0501F66F010EE0
:1063D800F56F10EF32F0000E006F000E016FA00E87
:1063E800026F410E036FA4C604F6A5C605F6A6C63D
:1063F80006F6A7C607F65CEC4BF00601D8A007EF37
:1064080032F009EF32F03EEF31F0050EDD6F000E8D
:106418000501F66F020EF56F1200030E94EC64F09E
:1064280063C5ECF564C5EDF5000E0501AA6FF00E25
:10643800AB6F7F0EAC6F450EAD6FECC598F5EDC533
:1064480099F5000E99BFFF0E9A6F9B6F010E21EC14
:1064580044F098C5A6F599C5A7F59AC5A8F59BC5B2
:10646800A9F5DAEC35F0A6C5BFF5A7C5C0F5A8C5EE
:10647800C1F5A9C5C2F56F0E0501C36F120EC46F31
:10648800830EC56F400EC66F02EC2EF0BFC5F6F541
:10649800C0C5F7F5C1C5F8F5C2C5F9F5F6C558F791
:1064A800F7C559F7F8C55AF7F9C55BF78FEC68F0E7
:1064B80063C5F2F564C5F3F565C5F4F566C5F5F58C
:1064C8002CC767F52DC768F52EC769F52FC76AF57C
:1064D800DBEC5BF067C5EEF568C5EFF569C5F0F56F
:1064E8006AC5F1F528C7DCF529C7DDF52AC7DEF549
:1064F8002BC7DFF5F6C5D8F5F7C5D9F5F8C5DAF530
:10650800F9C5DBF5A3EC62F0D8C5E0F5D9C5E1F52E
:10651800DAC5E2F5DBC5E3F55CEC65F0E0C500F64D
:10652800E1C501F6E2C502F6E3C503F6CD0E0601A4
:10653800046FCC0E056F4C0E066F3D0E076F5CECBA
:106548004BF00601D8B0ABEF32F0ADEF32F0B8EF58
:1065580032F0050ED161B3EF32F0B5EF32F0B9EF9A
:1065680032F0D12BB9EF32F0D16BF6C528F7F7C569
:1065780029F7F8C52AF7F9C52BF7EBEF33F0DE6BEF
:10658800040ED165CAEF32F0CCEF32F0FAEF33F0F7
:10659800F6C500F6F7C501F6F8C502F6F9C503F623
:1065A800660E046F660E056FE60E066F3F0E076FE8
:1065B8005CEC4BF00601D8A0E4EF32F0E6EF32F0E5
:1065C8001CEF33F0F6C500F6F7C501F6F8C502F67C
:1065D800F9C503F6CD0E046FCC0E056F0C0E066FD1
:1065E800400E076F5CEC4BF00601D8B0FEEF32F0BE
:1065F80000EF33F01CEF33F00501F151F0110BE11E
:10660800E80EEE5D030EEF59D8A00DEF33F00FEF53
:1066180033F0FAEF33F0010E0601D26FF2C52CF712
:10662800F3C52DF7F4C52EF7F5C52FF7FAEF33F0BC
:10663800F6C500F6F7C501F6F8C502F6F9C503F682
:106648009A0E046F990E056F190E066F400E076FAC
:106658005CEC4BF00601D8A034EF33F036EF33F0A2
:1066680012EF33F00501F151F0110BE1E80EEE5D88
:10667800030EEF59D8A043EF33F045EF33F04AEF5C
:1066880033F0020E0601D26F12EF33F0FAEF33F057
:10669800010EDE6F040ED16554EF33F056EF33F080
:1066A800FAEF33F0660E006F660E016FA60E026FEA
:1066B8003F0E036FF6C504F6F7C505F6F8C506F6EE
:1066C800F9C507F65CEC4BF00601D8A06EEF33F085
:1066D80070EF33F08BEF33F00501F151F0110BE15E
:1066E800E80EEE5D030EEF59D8A07DEF33F07FEF93
:1066F80033F0FAEF33F00601D26BF2C52CF7F3C58D
:106708002DF7F4C52EF7F5C52FF7FAEF33F0F6C5D8
:1067180000F6F7C501F6F8C502F6F9C503F69A0EB4
:10672800046F990E056F190E066F400E076F5CEC2B
:106738004BF00601D8A0A3EF33F0A5EF33F012EF2A
:1067480033F00501F151F0110BE1E80EEE5D030E97
:10675800EF59D8A0B2EF33F0B4EF33F04AEF33F08B
:1067680045EF33F0020EDE6F040ED165BEEF33F055
:10677800C0EF33F0FAEF33F0660E006F660E016F6C
:10678800A60E026F3F0E036FF6C504F6F7C505F6B1
:10679800F8C506F6F9C507F65CEC4BF00601D8A07B
:1067A800D8EF33F0DAEF33F0FAEF33F00501F151B7
:1067B800F0110BE1D00EEE5D070EEF59D8A0E7EF10
:1067C80033F0E9EF33F0FAEF33F07FEF33F0D251E3
:1067D800000AD8B4C3EF32F0010AD8B44CEF33F052
:1067E800030AD8B4B6EF33F0FAEF33F0120006011B
:1067F80008510911D8A403EF34F005EF34F00FEF76
:1068080034F0000E086F000E096F000E0A6F000EBC
:106818000B6FD9EF35F08FEC68F063C51AF664C5D5
:106828001BF665C51CF666C51DF6060120EE08F0C8
:106838000851D9260951DA22DEC463F5DEC464F5AD
:10684800DEC465F5DEC466F50AC667F50BC668F5ED
:106858000CC669F50DC66AF50BEC59F00501D8B000
:1068680038EF34F03AEF34F0C9EF34F0060120EE97
:1068780008F00851D9260951DA220AC6DEF40BC6F7
:10688800DEF40CC6DEF40DC6DEF408C6D9F409C67B
:10689800DAF4DEC400F6DEC401F6DEC402F6DEC4B5
:1068A80003F60AC604F60BC605F60CC606F60DC6B0
:1068B80007F65CEC4BF00601D8B065EF34F067EFF3
:1068C80034F097EF34F008C6D9F409C6DAF410EEBC
:1068D80004F00851E1260951E222DEC4E6F4DEC4E0
:1068E800E6F4DEC4E6F4DEC4E6F420EE0CF008516B
:1068F800D9260951DA221AC6DEF41BC6DEF41CC6F4
:10690800DEF41DC6DEF420EE10F00851D926095138
:10691800DA220EC6DEF40FC6DEF410C6DEF411C6A7
:10692800DEF4C9EF34F020EE04F00851D9260951FD
:10693800DA220AC6DEF40BC6DEF40CC6DEF40DC697
:10694800DEF408C6D9F409C6DAF40AC6DEF40BC6C2
:10695800DEF40CC6DEF40DC6DEF420EE0CF00851B1
:10696800D9260951DA221AC6DEF41BC6DEF41CC683
:10697800DEF41DC6DEF420EE10F00851D9260951C8
:10698800DA22DE6ADE6ADE6ADD6A060120EE10F0CF
:106998000851D9260951DA22DE50DE10DE10DE1049
:1069A800D8A4D9EF34F0DBEF34F0E9EF34F008C6BF
:1069B800D9F409C6DAF4DEC408F6DEC409F6DEC482
:1069C8000AF6DEC40BF6D9EF35F020EE0CF00851CC
:1069D800D9260951DA22DEC467F5DEC468F5DEC4BB
:1069E80069F5DEC46AF5DBEC5BF067C51EF668C5C1
:1069F8001FF669C520F66AC521F6060120EE10F0DB
:106A08000851D9260951DA22DE501E5DDE501F5981
:106A1800DE502059DE502159D8A015EF35F017EF78
:106A280035F037EF35F020EE08F00851D926095136
:106A3800DA2208C6E1F409C6E2F4DEC4E6F4DEC4EC
:106A4800E6F4DEC4E6F4DEC4E6F408C6D9F409C602
:106A5800DAF4DEC408F6DEC409F6DEC40AF6DEC4DB
:106A68000BF6D9EF35F01EC698F51FC699F520C666
:106A78009AF521C69BF5000E21EC44F098C5A6F5C1
:106A880099C5A7F59AC5A8F59BC5A9F5060120EEF5
:106A980010F00851D9260951DA22DEC498F5DEC46F
:106AA80099F5DEC49AF5DEC49BF5000E21EC44F09E
:106AB80098C5AAF599C5ABF59AC5ACF59BC5ADF5D2
:106AC800DAEC35F0A6C512F6A7C513F6A8C514F674
:106AD800A9C515F612C6C3F513C6C4F514C6C5F57F
:106AE80015C6C6F5060120EE04F00851D92609514D
:106AF800DA22DEC4DCF5DEC4DDF5DEC4DEF5DEC494
:106B0800DFF520EE08F00851D9260951DA22DEC453
:106B1800D8F5DEC4D9F5DEC4DAF5DEC4DBF5A3ECBE
:106B280062F0D8C5BFF5D9C5C0F5DAC5C1F5DBC572
:106B3800C2F502EC2EF0BFC516F6C0C517F6C1C5E2
:106B480018F6C2C519F616C663F517C664F518C651
:106B580065F519C666F5060120EE04F00851D92638
:106B68000951DA22DEC467F5DEC468F5DEC469F5CA
:106B7800DEC46AF58DEC29F008C6D9F409C6DAF442
:106B8800050163C5DEF464C5DEF465C5DEF466C5DB
:106B9800DEF408C6D9F409C6DAF4DEC408F6DEC4A1
:106BA80009F6DEC40AF6DEC40BF612000501A95187
:106BB800800BB66FA951A925BD6FA8AFE6EF35F0D8
:106BC800E8EF35F0E9EF35F0BD81BD51D8B4EFEF0E
:106BD80035F0F1EF35F005EF36F0BD29D8A4F7EF21
:106BE80035F0F9EF35F001EF36F0000EA66F000E24
:106BF800A76F000EA86F000EA96FA88FA96B0DEFE5
:106C080036F0000EA66F000EA76F000EA86F000EDC
:106C1800A96FAD51800BB61BAD51AD25BE6FACAFA2
:106C280018EF36F01AEF36F01BEF36F0BE81BE5182
:106C3800D8B421EF36F023EF36F037EF36F0BE291F
:106C4800D8A429EF36F02BEF36F033EF36F0000EEC
:106C5800AA6F000EAB6F000EAC6F000EAD6FAC8F5D
:106C6800AD6B3FEF36F0000EAA6F000EAB6F000E53
:106C7800AC6F000EAD6FAA51AB11AC11AD11D8A419
:106C880048EF36F04AEF36F062EF36F0000EA66FA6
:106C9800000EA76F000EA86F000EA96F800EA81334
:106CA8007F0EA913B651A913A6C5A6F5A7C5A7F5C2
:106CB800A8C5A8F5A9C5A9F5A2EF37F0BD51D8A474
:106CC80068EF36F06AEF36F074EF36F0000EA66F14
:106CD800000EA76F000EA86F000EA96FA2EF37F085
:106CE800BE51BDC5AEF5AF6BAE5F000EAF5B7F0E9C
:106CF800AE25B76F000EAF21B86FA6C5B2F5A7C510
:106D0800B3F5A8C5B4F5A9C5B5F5000EA66F000E74
:106D1800A76F000EA86F000EA96F000EB96F000EC6
:106D2800BA6F000EBB6F000EBC6FBE6BD4EF36F0AF
:106D3800BE51D8B4A2EF36F0A4EF36F0BBEF36F070
:106D4800D890B237B337B437B537D890A637A73706
:106D5800A837A937BCAFB3EF36F0B5EF36F0B6EFCA
:106D680036F0A681D890B937BA37BB37BC37AA51A5
:106D7800B25DAB51B359AC51B459AD51B559D8A066
:106D8800C8EF36F0CAEF36F0D3EF36F0BC8DAA5113
:106D9800B25FAB51B35BAC51B45BAD51B55BBE2BCD
:106DA800190EBE65DAEF36F0DCEF36F09CEF36F000
:106DB800B251B311B411B511D8B4E5EF36F0E7EF1D
:106DC80036F0FFEF36F0B981FFEF36F0D890A637EE
:106DD800A737A837A937BCAFF4EF36F0F6EF36F08F
:106DE800F7EF36F0A681D890B937BA37BB37BC373A
:106DF800B707D8A0B807A8AF04EF37F006EF37F009
:106E0800EAEF36F0BE6BBCAF0CEF37F00EEF37F0A1
:106E180032EF37F0FF0EB915AE6FFF0EBA15AF6F30
:106E2800FF0EBB15B06F7F0EBC15B16FAE51AF1121
:106E3800B011B111D8B423EF37F025EF37F029EFAF
:106E480037F0010EBE6F32EF37F0A6A12EEF37F004
:106E580030EF37F032EF37F025EF37F0BE51D8B4C6
:106E680038EF37F03AEF37F05EEF37F0010EA6272C
:106E7800000EA723A823A923A9A145EF37F047EFC0
:106E880037F05EEF37F0A6C5AEF5A7C5AFF5A8C5D4
:106E9800B0F5A9C5B1F5B135B133B033AF33AE33C1
:106EA800AEC5A6F5AFC5A7F5B0C5A8F5B1C5A9F596
:106EB800B74BB82BB8BF69EF37F0B85108E1B7291D
:106EC800D8A069EF37F06BEF37F076EF37F0000EA8
:106ED800B86FB769000EA66F000EA76F000EA86FF7
:106EE800000EA96FB8BF83EF37F0B85106E1B705B8
:106EF800D8B081EF37F083EF37F090EF37F0000E1E
:106F0800B86F000EB76F000EA66F000EA76F000EC9
:106F1800A86F000EA96FB66BB7C5BDF5BDA197EFF9
:106F280037F099EF37F09CEF37F0A88F9DEF37F0E7
:106F3800A89FD890BD31A96F56EF36F01200CAC687
:106F48008FF5CBC690F5B9C67FF50501806B7FBF7D
:106F580080077FC581F580C582F5000E82BFFF0ED0
:106F6800836F846FCAC663F5CBC664F5656B666BC1
:106F78000601E0510501676F686B696B6A6B8CEC01
:106F88005DF063C56FF564C570F565C571F566C5D7
:106F980072F5640E0501736F000E746F000E756F45
:106FA800000E766FF5EC50F0050181516F5D916F21
:106FB80082517059926F83517159936F84517259EC
:106FC800946F94BFF5EF37F094519311921107E144
:106FD800140E915DD8B0F3EF37F0F5EF37F0FDEF11
:106FE80037F0140E916F000E926F000E936F000E23
:106FF800946F0601CA5105017F6F0601CB51050147
:10700800806F816B826B91517F5D92518059935152
:1070180081598251800A836F9451800A8359D8B06C
:1070280018EF38F01AEF38F020EF38F0CAC691F5AB
:10703800CBC692F5936B946B91C543F592C544F515
:10704800BAC67FF5806B7FBF80077FC581F580C595
:1070580082F5000E82BFFF0E836F846F45C563F50E
:1070680046C564F5656B666B0601DF510501676F00
:10707800686B696B6A6B8CEC5DF063C56FF564C512
:1070880070F565C571F566C572F5640E0501736F17
:10709800000E746F000E756F000E766FF5EC50F0F1
:1070A800050181516F5D916F82517059926F8351C3
:1070B8007159936F84517259946F94BF71EF38F07E
:1070C80094519311921107E1140E915DD8B06FEFAE
:1070D80038F071EF38F079EF38F0140E916F000E38
:1070E800926F000E936F000E946F45507F6F46505D
:1070F800806F816B826B91517F5D92518059935162
:1071080081598251800A836F9451800A8359D8B07B
:1071180090EF38F092EF38F098EF38F045C591F5D8
:1071280046C592F5936B946B91C5C8F692C5C9F69E
:107138000601C851432405018D6F0601C951442039
:1071480005018E6F8D518F5D8E519059D8B0AFEF7C
:1071580038F0B1EF38F0DEEF38F0BBC67FF5806B62
:107168007FBF80077FC581F580C582F5000E82BF8D
:10717800FF0E836F846F43508D5D856F44508E5929
:10718800866F85518F5D876F86519059886F896B9F
:10719800D8A0890789518A6F8151875D916F825183
:1071A8008859926F83518959936F84518A59946F82
:1071B800E4EF38F043C591F544C592F5936B946BB1
:1071C80094BFF4EF38F094519311921107E1140E23
:1071D800915DD8B0F2EF38F0F4EF38F0FCEF38F00A
:1071E800140E916F000E926F000E936F000E946F45
:1071F8008F517F6F9051806F816B826B91517F5D52
:1072080092518059935181598251800A836F9451C8
:10721800800A8359D8B013EF39F015EF39F01BEF16
:1072280039F08FC591F590C592F5936B946B91C524
:107238008BF592C58CF58BC57DF58CC57EF5120056
:1072480044C767F545C768F546C769F547C76AF58E
:10725800DBEC5BF067C59AF568C59BF569C59CF5DD
:107268006AC59DF540C767F541C768F542C769F526
:1072780043C76AF5DBEC5BF067C59EF568C59FF50B
:1072880069C5A0F56AC5A1F52C0E47EC42F06BC59F
:10729800A2F56CC5A3F55E50D8B455EF39F057EF99
:1072A80039F06EEF39F08FEC68F063C540F764C5CC
:1072B80041F765C542F766C543F78FEC68F063C5CB
:1072C80044F764C545F765C546F766C547F7010E37
:1072D800526E5E6A5350D8A474EF39F076EF39F0E5
:1072E80071EF3AF00501A151A0110BE1880E9E5DE6
:1072F800130E9F59D8A083EF39F085EF39F071EF5D
:107308003AF0010E536E71EF3AF05250D8A48FEF55
:1073180039F091EF39F0A4EF39F09D519C110BE150
:10732800B80E9A5D0B0E9B59D8A09DEF39F09FEFD0
:1073380039F08BEF3AF05F6A010E526E8BEF3AF03C
:107348005350D8A4AAEF39F0ACEF39F0C4EF39F0B4
:10735800730EA25D060EA359D8A0B5EF39F0B7EFAA
:1073680039F0C4EF39F0010E546E8FEC68F063C544
:1073780044F764C545F765C546F766C547F7526AD9
:107388005304D8A4CAEF39F0CCEF39F08BEF3AF0B8
:10739800350E0501A25D080EA359D8A0D6EF39F025
:1073A800D8EF39F08BEF3AF0010E546E8FEC68F09D
:1073B80063C544F764C545F765C546F766C547F72D
:1073C800526A8BEF3AF05B6A010E5F6E5304D8A4E1
:1073D800F0EF39F0F2EF39F024EF3AF0A40EA25DA5
:1073E800060EA359D8B0FBEF39F0FDEF39F000EFE6
:1073F8003AF0546ADAEF39F0D70EA25D060EA359B7
:10740800D8A009EF3AF00BEF3AF08BEF3AF03A0ECA
:10741800A25D070EA359D8B014EF3AF016EF3AF070
:107428008BEF3AF0020E546E8FEC68F063C544F7A8
:1074380064C545F765C546F766C547F78BEF3AF06B
:107448005350D8A42AEF3AF02CEF3AF08BEF3AF0E9
:10745800A40EA25D060EA359D8B035EF3AF037EF67
:107468003AF03BEF3AF0010E536EFDEF39F0D70ECC
:10747800A25D060EA359D8A044EF3AF046EF3AF0C1
:107488008BEF3AF03A0EA25D070EA359D8B04FEF32
:107498003AF051EF3AF08BEF3AF016EF3AF0010E6E
:1074A8005B6E350EA25D080EA359D8A05EEF3AF0C8
:1074B80060EF3AF064EF3AF0010E546E18EF3AF0CC
:1074C800A40EA25D060EA359D8B06DEF3AF06FEF87
:1074D8003AF08BEF3AF0FDEF39F054500501986F10
:1074E800996B9951000AD8B47CEF3AF08BEF3AF0D7
:1074F8009851000AD8B489EF39F0010AD8B4E7EFF7
:1075080039F0030AD8B453EF3AF08BEF3AF012008F
:1075180048C767F549C768F54AC769F54BC76AF5AB
:10752800DBEC5BF067C5F9F568C5FAF569C5FBF5ED
:107538006AC5FCF5020E0601E061A5EF3AF0A7EF77
:107548003AF0AFEF3AF0010EDF65ADEF3AF0AFEF8A
:107558003AF0B0EF3BF0F305D8A4B5EF3AF0B7EF47
:107568003AF0B0EF3BF08FEC68F063C548F764C5BC
:1075780049F765C54AF766C54BF7010E0601F26F74
:10758800F36BB0EF3BF065EC69F00501FC51FB11C2
:107598000BE1210EF95D030EFA59D8A0D6EF3AF0A7
:1075A800D8EF3AF0CEEF3BF0010E0601E065DFEFD1
:1075B8003AF0E1EF3AF0EDEF3AF0010EDF65E7EF70
:1075C8003AF0E9EF3AF0EDEF3AF0020EF26FDB6BCA
:1075D800DA6B010EE065F3EF3AF0F5EF3AF000EF01
:1075E8003BF0DF51D8A4FBEF3AF0FDEF3AF000EFA3
:1075F8003BF0030EF26FDB6BE051D8A406EF3BF0D3
:1076080008EF3BF013EF3BF0010EDF650EEF3BF0A8
:1076180010EF3BF013EF3BF0040EF26FDA6B8FECD8
:1076280068F063C548F764C549F765C54AF766C594
:107638004BF7CEEF3BF045EC41F01BEC3EF0010E72
:107648000601E0652AEF3BF02CEF3BF03BEF3BF007
:10765800DF51D8A432EF3BF034EF3BF03BEF3BF087
:10766800020EFCEC5FF0030E0601F26FDB6BE051DB
:10767800D8A441EF3BF043EF3BF0CEEF3BF0010ED7
:10768800DF6549EF3BF04BEF3BF0CEEF3BF0010EEF
:10769800FCEC5FF0040E0601F26FDA6BCEEF3BF004
:1076A80045EC41F0010E0601E0655DEF3BF05FEF50
:1076B8003BF06BEF3BF0010EDF6565EF3BF067EFEA
:1076C8003BF06BEF3BF0020EF26FDB6BDA6BE051D5
:1076D800D8A471EF3BF073EF3BF0CEEF3BF0010E17
:1076E800DF6579EF3BF07BEF3BF0CEEF3BF0010E2F
:1076F800FCEC5FF04EEF3BF01BEC3EF0010E060198
:10770800E06589EF3BF08BEF3BF097EF3BF0010E24
:10771800DF6591EF3BF093EF3BF097EF3BF0020E04
:10772800F26FDB6BDA6B010EE0659DEF3BF09FEFCC
:107738003BF0CEEF3BF0DF51D8A4A5EF3BF0A7EF2D
:107748003BF0CEEF3BF0020EFCEC5FF0030E0601BF
:10775800F26FDB6BCEEF3BF0F2510501F76FF86B80
:10776800F851000AD8B4BBEF3BF0CEEF3BF0F7512D
:10777800010AD8B4C7EF3AF0030AD8B41FEF3BF0B8
:10778800010AD8B454EF3BF0070AD8B480EF3BF0B5
:10779800CEEF3BF0120018C767F519C768F51AC78E
:1077A80069F51BC76AF5DBEC5BF067C59AF668C537
:1077B8009BF669C59CF66AC59DF606019D519C110C
:1077C8009B1109E10B0E9A5DD8A0EDEF3BF0EFEFAE
:1077D8003BF0FBEF3BF0CE51D8B4F5EF3BF0F7EFC1
:1077E8003BF0FBEF3BF0010ED06F5BEC69F006015C
:1077F800D005D8B402EF3CF004EF3CF006EF3CF0C3
:10780800F9EF3CF0640E0501636F0A0E646F000E19
:10781800656F0A0E666FCEC667F5686B7BEC60F025
:107828000601CE51FE0FA06F640E0501636F0A0EAC
:10783800646FA0C665F5A3EC5CF063C599F764C5F1
:107848009AF7650E0601A025D96EDA6A0A0EDA22C1
:10785800DF50966F640EA025D96EDA6A0A0EDA2216
:10786800DF50976F9751996F986B9651982507013C
:10787800976F0601000E99210701986F9751991982
:1078880009E198519A19D8B44CEF3CF04EEF3CF00E
:1078980052EF3CF05AEC62F0F9EF3CF06ACA9EF6FF
:1078A8000601CE51F70F9F6F9E519F19D8B45FEF15
:1078B8003CF061EF3CF063EF3CF04EEF3CF0100E13
:1078C8000A016519D8A46BEF3CF06DEF3CF07AEF34
:1078D8003CF00E0E6719D8A474EF3CF076EF3CF03C
:1078E8007AEF3CF06CCAE0F66ECADFF6AA0E6419AD
:1078F800D8A481EF3CF083EF3CF04EEF3CF05A0EF9
:107908006519D8A48AEF3CF08CEF3CF04EEF3CF0C0
:10791800E6EF3CF06605D8A494EF3CF096EF3CF017
:107928009DEF3CF0640E0601756F0A0E766F19EC38
:107938004DF0020E0A016619D8A4A5EF3CF0A7EF96
:107948003CF04EEF3CF0640E0601756F0A0E766F40
:10795800FDEC44F04EEF3CF0020E6619D8A4B7EFE8
:107968003CF0B9EF3CF04EEF3CF0640E0601756F49
:107978000A0E766FFBEC51F04EEF3CF0020E6619E2
:10798800D8A4C9EF3CF0CBEF3CF04EEF3CF0640ECE
:107998000601756F0A0E766F2FEC3FF04EEF3CF044
:1079A800020E6619D8A4DBEF3CF0DDEF3CF04EEF99
:1079B8003CF0640E0601756F0A0E766F1FEC48F0F6
:1079C8004EEF3CF06751010AD8B48EEF3CF0160A2E
:1079D800D8B4B0EF3CF0400AD8B4C2EF3CF00F0A7C
:1079E800D8B4D4EF3CF04EEF3CF012000501F46F30
:1079F800160E0501F419D8A404EF3DF006EF3DF08A
:107A08007FEF3DF0160E47EC42F06BC5ECF56CC508
:107A1800EDF5000E0501AA6FF00EAB6F7F0EAC6F8F
:107A2800450EAD6FECC598F5EDC599F5000E99BFFB
:107A3800FF0E9A6F9B6F010E21EC44F098C5A6F5D6
:107A480099C5A7F59AC5A8F59BC5A9F5DAEC35F04F
:107A5800A6C5BFF5A7C5C0F5A8C5C1F5A9C5C2F596
:107A68003D0E0501C36F0A0EC46F830EC56F400E2D
:107A7800C66F02EC2EF0BFC5DCF5C0C5DDF5C1C58B
:107A8800DEF5C2C5DFF5D60E0501E06F0D0EE16F1C
:107A9800A60EE26F3D0EE36FE0C5C3F5E1C5C4F580
:107AA800E2C5C5F5E3C5C6F5DCC5BFF5DDC5C0F55E
:107AB800DEC5C1F5DFC5C2F502EC2EF0BFC5A6F5DF
:107AC800C0C5A7F5C1C5A8F5C2C5A9F5CD0E050164
:107AD800AA6FCC0EAB6FCC0EAC6F3D0EAD6FDAEC6F
:107AE80035F0A6C5F0F5A7C5F1F5A8C5F2F5A9C505
:107AF800F3F5FFEF3DF0040EF419D8A486EF3DF03E
:107B080088EF3DF0FFEF3DF0040E47EC42F06BC507
:107B1800EEF56CC5EFF5000E0501AA6FF00EAB6F20
:107B28007F0EAC6F450EAD6FEEC598F5EFC599F5B4
:107B3800000E99BFFF0E9A6F9B6F010E21EC44F067
:107B480098C5A6F599C5A7F59AC5A8F59BC5A9F541
:107B5800DAEC35F0A6C5BFF5A7C5C0F5A8C5C1F5CF
:107B6800A9C5C2F56F0E0501C36F120EC46F830E4F
:107B7800C56F400EC66F02EC2EF0BFC5E4F5C0C558
:107B8800E5F5C1C5E6F5C2C5E7F5420E0501E86FA2
:107B9800110EE96F8A0EEA6F3D0EEB6FE8C5C3F56B
:107BA800E9C5C4F5EAC5C5F5EBC5C6F5E4C5BFF535
:107BB800E5C5C0F5E6C5C1F5E7C5C2F502EC2EF08E
:107BC800BFC5A6F5C0C5A7F5C1C5A8F5C2C5A9F525
:107BD800CD0E0501AA6FCC0EAB6F4C0EAC6F3E0EEE
:107BE800AD6FDAEC35F0A6C5F0F5A7C5F1F5A8C577
:107BF800F2F5A9C5F3F5F0C5BFF5F1C5C0F5F2C5B5
:107C0800C1F5F3C5C2F5000E0501C36F000EC46FC0
:107C18007A0EC56F440EC66F02EC2EF0BFC5D8F5BC
:107C2800C0C5D9F5C1C5DAF5C2C5DBF512004CC728
:107C380067F54DC768F54EC769F54FC76AF5DBECC0
:107C48005BF067C556F668C557F669C558F66AC544
:107C580059F61EEF3FF0020EADEC66F08FEC68F0BF
:107C680063C54CF764C54DF765C54EF766C54FF754
:107C7800010E0601DA6F2EEF3FF0595158115711D6
:107C880009E1650E565DD8A04CEF3EF04EEF3EF090
:107C98002EEF3FF0020EC1EC66F08FEC68F063C582
:107CA8004CF764C54DF765C54EF766C54FF7020E2C
:107CB8000601DA6F2EEF3FF0000E0501AA6F000EE5
:107CC800AB6F7A0EAC6F440EAD6F110E47EC42F0FD
:107CD80005016BC598F56CC599F59A6B9B6B000E01
:107CE80021EC44F098C5A6F599C5A7F59AC5A8F55D
:107CF8009BC5A9F5DAEC35F0A6C5BFF5A7C5C0F553
:107D0800A8C5C1F5A9C5C2F5000E0501C36F000ECF
:107D1800C46F110EC56F430EC66F02EC2EF0BFC5BF
:107D2800D8F7C0C5D9F7C1C5DAF7C2C5DBF7040E65
:107D3800FAEC3CF0D8C55AF6D9C55BF6DAC55CF65C
:107D4800DBC55DF6D8C7C3F5D9C7C4F5DAC7C5F52D
:107D5800DBC7C6F55AC6BFF55BC6C0F55CC6C1F53C
:107D68005DC6C2F502EC2EF0BFC5A6F5C0C5A7F5E5
:107D7800C1C5A8F5C2C5A9F5000E0501AA6F000E78
:107D8800AB6F7A0EAC6F440EAD6FDAEC35F0A6C56A
:107D9800D4F7A7C5D5F7A8C5D6F7A9C5D7F7C8C6D4
:107DA80098F5C9C699F505019A6B9B6B000E21ECF5
:107DB80044F098C55EF699C55FF69AC560F69BC50E
:107DC80061F65EC622F65FC623F660C624F661C673
:107DD80025F6DCEC63F022C6D0F723C6D1F724C61B
:107DE800D2F725C6D3F7560E06011C6F080E1D6F75
:107DF800D0C71EF6D1C71FF6D2C720F6D3C721F6C3
:107E0800D4C722F6D5C723F6D6C724F6D7C725F692
:107E180087EC24F01CC6DCF71DC6DDF7DCC765F56A
:107E2800DDC766F5020E55EC5DF0020E0601DC6F4B
:107E38002EEF3FF00601DA51000AD8B42FEF3EF0DA
:107E4800010AD8B441EF3EF0030AD8B460EF3EF01F
:107E58002EEF3FF0120021EE77F2100EDE6AE806F0
:107E6800FDE2770E0501636F060E646F75C665F552
:107E780076C666F5000E686F110E676F7BEC60F0D2
:107E880006017E05D8A44BEF3FF04DEF3FF06EEFB3
:107E98003FF0040E05016B6F000E6C6F000E6D6FE6
:107EA8007FC66EF51AEC5DF0150E0501FC6FC60E67
:107EB800E82EFED7FC2FFCD70000040E0501696FE1
:107EC800000E6A6F000E6B6FC7EC62F00601B96FA7
:107ED80097EF3FF0020E7E19D8A475EF3FF077EFC9
:107EE8003FF097EF3FF0040E05016B6F000E6C6FCB
:107EF800000E6D6F7FC66EF51AEC5DF0150E05016C
:107F0800FC6FC60EE82EFED7FC2FFCD70000040E2F
:107F18000501696F000E6A6F000E6B6FC7EC62F0A7
:107F280000080601B96F8005D8A49DEF3FF09FEFC8
:107F38003FF0C0EF3FF0050E05016B6F000E6C6F50
:107F4800000E6D6F81C66EF51AEC5DF0150E050119
:107F5800FC6FC60EE82EFED7FC2FFCD70000050EDE
:107F68000501696F000E6A6F000E6B6FC7EC62F057
:107F78000601BA6FE9EF3FF0020E8019D8A4C7EFE7
:107F88003FF0C9EF3FF0E9EF3FF0050E05016B6FD9
:107F9800000E6C6F000E6D6F81C66EF51AEC5DF009
:107FA800150E0501FC6FC60EE82EFED7FC2FFCD778
:107FB8000000050E0501696F000E6A6F000E6B6FF9
:107FC800C7EC62F000080601BA6F550E776F770E9E
:107FD8000501636F060E646F0F0E656FA3EC5CF00E
:107FE80063C588F664C589F688C687F6060189518F
:107FF800866F8A6B140E636F3E0E646F770E8A2548
:10800800D96EDA6A060EDA22DF500501FC6FFC51E0
:108018000601656F666B99EC66F0100E06018A61C1
:1080280018EF40F01AEF40F020EF40F0D20E636FE7
:108038003D0E646F99EC66F006018A2B100E8A6576
:1080480028EF40F02AEF40F0FEEF3FF0770E0501F1
:10805800636F060E646F000E656F000E666F000E8C
:10806800686F110E676F7BEC60F0120000C7CFF5E8
:1080780001C7D0F502C7D1F503C7D2F5BFC5CFF503
:10808800C0C5D0F5C1C5D1F5C2C5D2F5810E05016F
:10809800C36FFF0EC46FCFC5C5F5D0C5C6F5D1C532
:1080A800C7F5D2C5C8F5180E5FEF40F0D890C833B1
:1080B800C733C633C533E82E5AEF40F0C551C32540
:1080C800CD6F000EC421CE6FCEBF74EF40F0CE51FD
:1080D80009E1170ECD5DD8A074EF40F076EF40F0BF
:1080E80080EF40F0BFC5BFF5C0C5C0F5C1C5C1F53B
:1080F800C2C5C2F544EF41F0CEBF85EF40F087EF2F
:1081080040F0F8EF40F0CDC5C3F5FF0EC46FFF0E89
:10811800C56F7F0EC66F000EC76FC36796EF40F03E
:108128009EEF40F0C735C733C633C533C433C32FBA
:1081380091EF40F0C4C5C9F5C5C5CAF5C6C5CBF5AC
:10814800C7C5CCF50501C951CF15C36FCA51D015A4
:10815800C46FCB51D115C56FCC51D215C66FC35161
:10816800C411C511C611D8A4BCEF40F0BEEF40F051
:10817800C0EF40F076EF40F0CFC5C3F5D0C5C4F5E9
:10818800D1C5C5F5D2C5C6F5200ED0EF40F0D890C0
:10819800C633C533C433C333E82ECBEF40F0C351E5
:1081A800C411C511C611D8B4DCEF40F0DEEF40F0C1
:1081B800E6EF40F0C951CF27CA51D023CB51D12384
:1081C800CC51D223C91DC36FCA1DC46FCB1DC56F47
:1081D800CC1DC66FC351CF17C451D017C551D11785
:1081E800C651D2173CEF41F0CFC5C3F5D0C5C4F591
:1081F800D1C5C5F5D2C5C6F5200E08EF41F0D89017
:10820800C633C533C433C333E82E03EF41F0C3513B
:10821800C411C511C611D8A414EF41F016EF41F0EE
:1082280020EF41F0000ECF6F000ED06F000ED16F1F
:10823800000ED26F3CEF41F0D890CF35C36FD035E8
:10824800C46FD135C56FD235C66FC351C411C511BE
:10825800C611D8B432EF41F034EF41F03CEF41F0B1
:10826800000ECF6F000ED06F800ED16FBF0ED26F91
:10827800CFC5BFF5D0C5C0F5D1C5C1F5D2C5C2F5CA
:10828800120050C767F551C768F552C769F553C75B
:108298006AF5DBEC5BF067C556F668C557F669C545
:1082A80058F66AC559F636EF42F0010EADEC66F0A5
:1082B8008FEC68F063C550F764C551F765C552F790
:1082C80066C553F7010E0601DB6F46EF42F05951C0
:1082D8005811571109E1C90E565DD8A076EF41F043
:1082E80078EF41F046EF42F0010EC1EC66F08FECFA
:1082F80068F063C550F764C551F765C552F766C5A0
:1083080053F7020E0601DB6F46EF42F0000E05013F
:10831800AA6F000EAB6F7A0EAC6F440EAD6F1C0ED9
:1083280047EC42F005016BC598F56CC599F59A6B59
:108338009B6B000E21EC44F098C5A6F599C5A7F5EE
:108348009AC5A8F59BC5A9F5DAEC35F0A6C5BFF521
:10835800A7C5C0F5A8C5C1F5A9C5C2F5000E050198
:10836800C36F000EC46F110EC56F430EC66F02ECCB
:108378002EF0BFC5EAF6C0C5EBF6C1C5ECF6C2C51E
:10838800EDF6160EFAEC3CF0D8C55AF6D9C55BF6F0
:10839800DAC55CF6DBC55DF6EAC6C3F5EBC6C4F51F
:1083A800ECC6C5F5EDC6C6F55AC6BFF55BC6C0F541
:1083B8005CC6C1F55DC6C2F502EC2EF0BFC5A6F5D8
:1083C800C0C5A7F5C1C5A8F5C2C5A9F5000E050128
:1083D800AA6F000EAB6F7A0EAC6F440EAD6FDAEC7D
:1083E80035F0A6C5E6F6A7C5E7F6A8C5E8F6A9C517
:1083F800E9F6ACC622F6ADC623F6AEC624F6AFC67D
:1084080025F6FCEC63F022C6E2F623C6E3F624C6A2
:10841800E4F625C6E5F6A90E06011C6F070E1D6FCA
:10842800E2C61EF6E3C61FF6E4C620F6E5C621F648
:10843800E6C622F6E7C623F6E8C624F6E9C625F618
:1084480087EC24F01CC6EEF61DC6EFF6EEC665F501
:10845800EFC666F5010E55EC5DF0010E0601DC6F06
:1084680046EF42F00601DB51000AD8B459EF41F05B
:10847800010AD8B46BEF41F0030AD8B48AEF41F08F
:1084880046EF42F0120005018B6F000E0501936F55
:10849800000E926F8B5194EC64F0D89005019235E0
:1084A800D96E9335DA6E730ED926050EDA2263C5B6
:1084B800DEF464C5DDF4924B932B93BF6DEF42F06D
:1084C800935109E10C0E925DD8A06DEF42F06FEF69
:1084D80042F04EEF42F0000E916F000E906F000ECA
:1084E800956F000E946F000E976F000E966FE4EF75
:1084F80042F0D8909635D96E9735DA6E730ED92634
:10850800050EDA2296C56FF597C570F5D8906F37C6
:108518007037020E6F27000E7023730E6F25E16E01
:10852800050E7021E26EDE50E65CDE50E658D8B0EB
:10853800A0EF42F0A2EF42F0E2EF42F0D890963579
:10854800D96E9735DA6E730ED926050EDA22DEC497
:108558008CF5DDC48DF596C56DF597C56EF5D8908B
:108568006D376E37020E6D27000E6E23730E6D2564
:10857800D96E050E6E21DA6ED8909635E16E973574
:10858800E26E730EE126050EE222DEC4E6F4DDC4D7
:10859800E5F496C56DF597C56EF5D8906D376E37CD
:1085A800020E6D27000E6E23730E6D25D96E050E13
:1085B8006E21DA6E8CC5DEF48DC5DDF4964B972BF3
:1085C8000B0E6D6F000E6E6F94516D5F95516E5B63
:1085D8006D51965D9751800A6F6F6E51800A6F5981
:1085E800D8A0F9EF42F0FBEF42F07DEF42F0944B58
:1085F800952B95BF09EF43F0955109E10B0E945D5A
:10860800D8A009EF43F00BEF43F077EF42F0000EEC
:10861800956F020E946FD8909435D96E9535DA6EB1
:10862800730ED926050EDA22DE509027DD509123ED
:10863800944B952B95BF2AEF43F0955109E10A0E0B
:10864800945DD8A02AEF43F02CEF43F00FEF43F0EE
:1086580090C563F591C564F5000E666F080E656FE9
:108668006EEC55F063C58EF564C58FF58EC56BF558
:108678008FC56CF51200050183BF45EF43F048EF45
:1086880043F0010E49EF43F0000E8A6F0601BFBFA9
:1086980050EF43F052EF43F053EF43F0CC93BFBF9A
:1086A8005AEF43F058EF43F061EF43F0000E050135
:1086B800876F010E866F65EF43F0BEC686F5BFC6AD
:1086C80087F5BCC688F5BDC689F505018A51D8B4B9
:1086D80070EF43F072EF43F089EF43F08807D8A0BA
:1086E80089078A51D8A47BEF43F07DEF43F083EFED
:1086F80043F0000E856F2B0E846F87EF43F0000E5A
:10870800856F2D0E846F84C58AF5000E8C6F4F0E11
:108718008B6F0901D36BC3EF43F005018B07D8A01A
:108728008C07840E8B25D96E090E8C21DA6E82C5D2
:1087380063F583C564F5000E666F0A0E656F5CEC21
:1087480058F063C569F564C56AF541EC65F0050143
:108758006951300FDF6E8607D8A087078807D8A031
:10876800890782C563F583C564F5000E666F0A0E36
:10877800656F6EEC55F063C582F564C583F5050138
:108788008CBFCFEF43F08C5108E18B05D8A0CFEF19
:1087980043F0D1EF43F0FCEF43F082518311D8A4AA
:1087A800D8EF43F0DAEF43F091EF43F087BFE7EFFC
:1087B80043F0875106E18605D8B0E5EF43F0E7EFCF
:1087C80043F091EF43F089BFF2EF43F0895108E19C
:1087D8008805D8A0F2EF43F0F4EF43F0FCEF43F044
:1087E8000601CCB3FAEF43F0FCEF43F091EF43F00E
:1087F80005018A51D8B403EF44F005EF44F010EFB7
:1088080044F08B07D8A08C07840E8B25D96E090EEF
:108818008C21DA6E8AC5DFF480C577F581C578F5D5
:10882800840E8B25796F090E8C217A6F88C57BF5AC
:1088380089C57CF5B7EC59F012000501A06F050158
:10884800A051D8B42AEF44F02CEF44F04EEF44F096
:108858009BBF33EF44F031EF44F04EEF44F098C53E
:108868009CF599C59DF59AC59EF59BC59FF59C1FDE
:108878009D1F9E1F9F1F9C2B000E9D239E239F23A1
:108888009CC5A2F59DC5A3F59EC5A4F59FC5A5F5F4
:1088980056EF44F098C5A2F599C5A3F59AC5A4F575
:1088A8009BC5A5F5985199119A119B11D8A45FEF12
:1088B80044F061EF44F06BEF44F0000E986F000E47
:1088C800996F000E9A6F000E9B6FFCEF44F0960EA6
:1088D800A16F75EF44F0A12BD890A533A433A3332F
:1088E800A233000EA2159C6F000EA3159D6F000EFB
:1088F800A4159E6FFE0EA5159F6F9C519D119E118C
:108908009F11D8A48AEF44F08CEF44F06FEF44F045
:108918009AEF44F0A12B010EA227000EA323A42353
:10892800A523D890A533A433A333A233000EA215F0
:108938009C6F000EA3159D6F000EA4159E6FFF0E71
:10894800A5159F6F9C519D119E119F11D8A4AFEF43
:1089580044F0B1EF44F08EEF44F0B9EF44F0A107D2
:10896800D890A237A337A437A537A4BFBEEF44F0E9
:10897800C0EF44F0C8EF44F0020EA161C6EF44F026
:10898800C8EF44F0B3EF44F0A1B1CDEF44F0CFEF1E
:1089980044F0D0EF44F0A49FD890A133A1C59CF532
:1089A8009D6B9E6B9F6B9CC59FF59E6B9D6B9C6B97
:1089B8009C51A2139D51A3139E51A4139F51A5131B
:1089C800A051D8B4EAEF44F0ECEF44F0F4EF44F0EF
:1089D8009BBFF3EF44F0F1EF44F0F4EF44F0A58FC0
:1089E800A2C598F5A3C599F5A4C59AF5A5C59BF5A3
:1089F8001200000E06018A6F000E8B6F000E8C6F3E
:108A0800000E8D6F21EE79F2100EDE6AE806FDE2A7
:108A1800790E0501636F060E646F75C665F576C637
:108A280066F5000E686F110E676F7BEC60F006014B
:108A3800946B9451776F786B070E7727000E782325
:108A4800790E7725D96E060E7821DA6E8A0E94256E
:108A5800E16EE26A060EE222DFC4E7F4150E0601B3
:108A6800776FC60EE82EFED7772FFCD700000601D9
:108A7800942B030E946543EF45F045EF45F01DEF49
:108A880045F08A0E0501BF6F060EC06F040EC16F58
:108A9800540E27EC66F0D00E0601776FC90EE82E4B
:108AA800FED7772FFCD700D0550E0601796F040E3C
:108AB8000501786F540ECEEC64F078C58EF679C552
:108AC8008FF6800E0501636F060E646F8EC665F51E
:108AD8008FC666F5000E686F040E676F7BEC60F05A
:108AE800030E0501786F5C0ECEEC64F078C590F645
:108AF80079C591F6060120EE02F09051D9269151E0
:108B0800DA22DF50846F790E0501636F060E646FF9
:108B18000F0E656FA3EC5CF063C592F664C593F61F
:108B280092C689F606019351886F956B140E636F90
:108B38003E0E646F790E9525D96EDA6A060EDA2232
:108B4800DF50776F7751656F666B99EC66F0100EA2
:108B580006019561B2EF45F0B4EF45F0BAEF45F084
:108B6800D20E636F3D0E646F99EC66F00601952B8B
:108B7800100E9565C2EF45F0C4EF45F09AEF45F049
:108B8800790E0501636F060E646F000E666F000EA6
:108B9800656F000E686F110E676F5AEC64F0120073
:108BA80034C767F535C768F536C769F537C76AF555
:108BB800DBEC5BF067C509F668C50AF669C50BF614
:108BC8006AC50CF61C0E16EC30F00501F5510601CD
:108BD800086FD751D8B4F3EF45F0F5EF45F00EEF35
:108BE80046F00C510B110BE1880E095D130E0A5962
:108BF800D8A001EF46F003EF46F0A3EF46F0D76B9D
:108C0800000EC76F000EC66F640EE06FA3EF46F04C
:108C1800A3EF46F0D651D8B414EF46F016EF46F05D
:108C28001CEF46F0000EC76F010EC66FA3EF46F0AB
:108C38000805D8A422EF46F024EF46F068EF46F086
:108C4800D951D8A42AEF46F02CEF46F03BEF46F076
:108C58008FEC68F063C534F764C535F765C536F73A
:108C680066C537F7010E0601D96FA3EF46F00C5120
:108C78000B110BE1E90E095D030E0A59D8A047EF65
:108C880046F049EF46F0A3EF46F0000EC76F010E1D
:108C9800C66F010ED76F8FEC68F063C534F764C5F3
:108CA80035F765C536F766C537F70601D96BD52B95
:108CB800040ED56562EF46F064EF46F00CEF46F01F
:108CC800010ED66FA3EF46F0020E0819D8A46FEF75
:108CD80046F071EF46F09CEF46F0D851D8A477EFF4
:108CE80046F079EF46F088EF46F08FEC68F063C500
:108CF80034F764C535F765C536F766C537F7010E2D
:108D08000601D86FA3EF46F00C510B110A1109E1C7
:108D1800C90E095DD8A093EF46F095EF46F0A3EF92
:108D280046F0000EC76F020EC66FD86BA3EF46F071
:108D3800000EC76F000EC66FD96B99EF46F0120090
:108D4800E20E0601636F3D0E646F2C0E47EC42F095
:108D58006BC565F66CC566F699EC66F06D0E060196
:108D6800636F3D0E646F160EFAEC3CF0D8C565F6DD
:108D7800D9C566F6DAC567F6DBC568F6EAC669F6E8
:108D8800EBC66AF6ECC66BF6EDC66CF6E6C66DF693
:108D9800E7C66EF6E8C66FF6E9C670F6EEC671F677
:108DA800EFC672F699EC66F0910E0601636F3D0E00
:108DB800646F040EFAEC3CF0D8C565F6D9C566F6C2
:108DC800DAC567F6DBC568F6D8C769F6D9C76AF6A3
:108DD800DAC76BF6DBC76CF6D4C76DF6D5C76EF687
:108DE800D6C76FF6D7C770F6DCC771F6DDC772F65F
:108DF80099EC66F0B50E0601636F3D0E646FACC664
:108E080065F6ADC666F6AEC667F6AFC668F6E0C6E6
:108E180069F66A6BDFC66BF66C6B99EC66F0F90E57
:108E28000601636F3D0E646FDDC665F6666B99ECEF
:108E380066F0D40E0601636F3D0E646F58C765F681
:108E480059C766F65AC767F65BC768F699EC66F0C5
:108E58000D0E0601636F3E0E646F1C0E47EC42F068
:108E68006BC565F66CC566F699EC66F0EE0E060104
:108E7800636F3D0E646FDCC665F6666B99EC66F051
:108E8800040E0601636F3E0E646FC6C665F6C7C65C
:108E980066F6C4C667F6C5C668F699EC66F08A0E2B
:108EA8000601636F3D0E646FD0EC55F00501FC6F51
:108EB800FC510601656F666B99EC66F0120049502B
:108EC800020D000EF324D96E080EF420DA6EDE6A65
:108ED800DD6A0201B2A773EF47F075EF47F097EF2D
:108EE80047F04950020D000EF324D96E080EF42005
:108EF800DA6E0801DF8207016E516F117011D8B464
:108F080088EF47F08AEF47F097EF47F002D897EFDE
:108F180047F00500FA6E6E51FD6E6F51FE6E70518E
:108F2800FF6EFA5012000201B2A39DEF47F09FEFC7
:108F380047F0C1EF47F04950020D000EF324D96EF7
:108F4800080EF420DA6E0801DF8407016B516C11FA
:108F58006D11D8B4B2EF47F0B4EF47F0C1EF47F066
:108F680002D8C1EF47F00500FA6E6B51FD6E6C51E7
:108F7800FE6E6D51FF6EFA5012000201B2ADC7EFDE
:108F880047F0C9EF47F0EBEF47F04950020D000EEC
:108F9800F324D96E080EF420DA6E0801DF80070189
:108FA800685169116A11D8B4DCEF47F0DEEF47F079
:108FB800EBEF47F002D8EBEF47F00500FA6E685187
:108FC800FD6E6951FE6E6A51FF6EFA501200A1C221
:108FD80024F549281F0B256E48502518D8A4F7EF0B
:108FE80047F0F9EF47F0FBEF47F006EF48F0000EC7
:108FF8004924D96EDA6A090EDA2224C5DFF425C5B8
:1090080049F5472A07015C515D115E11D8B40FEF8D
:1090180048F011EF48F01EEF48F002D81EEF48F074
:109028000500FA6E5C51FD6E5D51FE6E5E51FF6E7D
:10903800FA501200120021EE77F2100EDE6AE806EE
:10904800FDE2770E0501636F060E646F75C665F560
:1090580076C666F5000E686F110E676F7BEC60F0E0
:1090680006017E05D8A43BEF48F03DEF48F05EEFDF
:1090780048F0060E05016B6F000E6C6F000E6D6FE9
:109088007FC66EF51AEC5DF0150E0501FC6FC60E75
:10909800E82EFED7FC2FFCD70000060E0501696FED
:1090A800000E6A6F000E6B6FC7EC62F00601BB6FB3
:1090B80087EF48F0020E7E19D8A465EF48F067EFF5
:1090C80048F087EF48F0060E05016B6F000E6C6FD5
:1090D800000E6D6F7FC66EF51AEC5DF0150E05017A
:1090E800FC6FC60EE82EFED7FC2FFCD70000060E3C
:1090F8000501696F000E6A6F000E6B6FC7EC62F0B6
:1091080000080601BB6F550E776F770E0501636F78
:10911800060E646F0F0E656FA3EC5CF063C588F6EE
:1091280064C589F688C687F606018951866F8A6BF9
:10913800140E636F3E0E646F770E8A25D96EDA6A55
:10914800060EDA22DF500501FC6FFC510601656F3F
:10915800666B99EC66F0100E06018A61B6EF48F06E
:10916800B8EF48F0BEEF48F0D20E636F3D0E646F63
:1091780099EC66F006018A2B100E8A65C6EF48F056
:10918800C8EF48F09CEF48F0770E0501636F060EB4
:10919800646F000E656F000E666F000E686F110E2B
:1091A800676F7BEC60F01200F80E0501696F030E23
:1091B8006A6F000E6B6FC7EC62F00501786FF90EED
:1091C800696F030E6A6F000E6B6FC7EC62F00501E2
:1091D800796FFA0E696F030E6A6F000E6B6FC7EC3A
:1091E80062F005017A6FFB0E696F030E6A6F000E5D
:1091F8006B6FC7EC62F005017B6FFC0E696F030EA5
:109208006A6F000E6B6FC7EC62F005017C6FFD0E94
:10921800696F030E6A6F000E6B6FC7EC62F0050191
:109228007D6F060E7819D8A41CEF49F01EEF49F09F
:109238004AEF49F0050E7919D8A425EF49F027EF30
:1092480049F04AEF49F0040E7A19D8A42EEF49F0F4
:1092580030EF49F04AEF49F0030E7B19D8A437EFF5
:1092680049F039EF49F04AEF49F0020E7C19D8A4C9
:1092780040EF49F042EF49F04AEF49F07D05D8B494
:1092880048EF49F04AEF49F04DEF49F0000E86EFFC
:1092980049F0FE0E696F030E6A6F000E6B6FC7EC24
:1092A80062F00501766FFF0E696F030E6A6F000E9C
:1092B8006B6FC7EC62F00501776F775176C570F573
:1092C800716B70C571F5706B7011726F7151736F3E
:1092D800780E636F050E646F060E656F52EC60F0D2
:1092E80063C574F564C575F505017451721907E114
:1092F80075517319D8A483EF49F085EF49F04AEF07
:1093080049F0010E12000601BFBF8DEF49F08FEF43
:1093180049F090EF49F0CC93BFBF97EF49F095EF34
:1093280049F09EEF49F0000E0501886F010E876F26
:10933800A2EF49F0BEC687F5BFC688F5BCC689F559
:10934800BDC68AF5000E05018D6F4F0E8C6F0901A1
:10935800D36BE2EF49F005018C07D8A08D07825145
:109368000F0B8B6F0A0E8B61BCEF49F0BEEF49F013
:10937800C2EF49F0300E8B27C4EF49F0370E8B2728
:10938800840E8C25D96E090E8D21DA6E8BC5DFF41B
:109398008707D8A088078907D8A08A0782C584F5D7
:1093A80083C585F5040E866FD89085338433862F60
:1093B800D8EF49F084C582F585C583F505018DBFD1
:1093C800EFEF49F08D5109E1020E8C5DD8A0EFEF67
:1093D80049F0F1EF49F01CEF4AF082518311D8A40B
:1093E800F8EF49F0FAEF49F0AFEF49F088BF07EF1F
:1093F8004AF0885106E18705D8B005EF4AF007EF33
:109408004AF0AFEF49F08ABF12EF4AF08A5108E1FB
:109418008905D8A012EF4AF014EF4AF01CEF4AF081
:109428000601CCB31AEF4AF01CEF4AF0AFEF49F04F
:1094380080C577F581C578F5840E05018C25796F8F
:10944800090E8D217A6F89C57BF58AC57CF5B7EC45
:1094580059F01200050120EE03F07851D926795110
:10946800DA22DF50636F20EE02F07851D926795165
:10947800DA22DF5024EC5CF063C57AF564C57BF52D
:10948800570E05017A5D030E7B59D8A04EEF4AF0BE
:1094980050EF4AF054EF4AF0030E7B6F570E7A6F85
:1094A800F40E7A5D010E7B59D8B05DEF4AF05FEF9C
:1094B8004AF063EF4AF0010E7B6FF40E7A6F7AC5BB
:1094C800CAF67BC5CBF678C5D9F479C5DAF4DF508E
:1094D8000601E06F630EE06574EF4AF076EF4AF03C
:1094E80078EF4AF0640EE06F050120EE07F078513E
:1094F800D9267951DA22DF50636F20EE06F07851D1
:10950800D9267951DA22DF5024EC5CF063C57CF56A
:1095180064C57DF52C0E05017C5D010E7D59D8A032
:1095280098EF4AF09AEF4AF09EEF4AF0010E7D6FED
:109538002C0E7C6F7D5107E1640E7C5DD8B0A7EFDF
:109548004AF0A9EF4AF0ADEF4AF0000E7D6F640EC5
:109558007C6F7CC545F57DC546F520EE04F0785155
:10956800D9267951DA22DF500601DF6F630EDF65F5
:10957800C0EF4AF0C2EF4AF0C4EF4AF0640EDF6F62
:109588001200000E0501656F570E646FF80E666FC6
:10959800070E676F000E696F020E686F79EC5FF057
:1095A8000009D8B4DAEF4AF0DCEF4AF0C5EF4AF028
:1095B800000E0501656F570E646F5D0E666F050E30
:1095C800676F000E696F010E686FA5EC5FF0000908
:1095D800D8B4F1EF4AF0F3EF4AF0DCEF4AF0680E46
:1095E80005016B6FE40EE82EFED76B2FFCD7000049
:1095F8005DC54EF5680E05016B6FE40EE82EFED7CB
:109608006B2FFCD70000C00E4E18D8A40EEF4BF0FD
:1096180010EF4BF012EF4BF052EF4BF0000E05013C
:10962800656F570E646FDD0E666F080E676F000E6C
:10963800696F130E686F79EC5FF00009D8B427EFF3
:109648004BF029EF4BF012EF4BF0680E05016B6FF2
:10965800E40EE82EFED76B2FFCD70000000E0501A4
:10966800656F570E646FF80E666F070E676F000E12
:10967800696F030E686FA5EC5FF00009D8B447EF77
:109688004BF049EF4BF032EF4BF02A0E05016B6FB0
:109698008D0EE82EFED76B2FFCD700D0D00E05011B
:1096A8006B6FC90EE82EFED76B2FFCD700D01200C7
:1096B800000E060100150501E86F000E06010115F0
:1096C8000501E96F800E060102150501EA6F7F0E9C
:1096D800060103150501EB6FE851E911EA11EB11D9
:1096E800D8A479EF4BF07BEF4BF084EF4BF0000EF2
:1096F8000601006F000E016F000E026F000E036F6F
:10970800000E060104150501E86F000E0601051597
:109718000501E96F800E060106150501EA6F7F0E47
:10972800060107150501EB6FE851E911EA11EB1184
:10973800D8A4A1EF4BF0A3EF4BF0ACEF4BF0000E29
:109748000601046F000E056F000E066F000E076F0E
:10975800060103AFB2EF4BF0B4EF4BF0BDEF4BF0A7
:10976800006D011FD8B0012B021FD8B0022B800E4C
:10977800035707AFC2EF4BF0C4EF4BF0CDEF4BF000
:10978800046D051FD8B0052B061FD8B0062B800E18
:109798000757000E001B000E011B000E021B800E57
:1097A800031B000E041B000E051B000E061B800E7B
:1097B800071B0451005D0551015906510259075113
:1097C8000359D8B0EAEF4BF0ECEF4BF0EFEF4BF06A
:1097D800D890F0EF4BF0D880120008C663F509C6A0
:1097E80064F50AC665F50BC666F57BEC51F0050114
:1097F80063516411D8A403EF4CF005EF4CF00FEF60
:109808004CF00CC608F60DC609F60EC60AF60FC6C9
:109818000BF684EF4CF00CC663F50DC664F50EC666
:1098280065F50FC666F57BEC51F0050163516411CF
:10983800D8A421EF4CF023EF4CF02DEF4CF008C6E4
:1098480008F609C609F60AC60AF60BC60BF684EF2F
:109858004CF008C663F509C664F50AC665F50BC67B
:1098680066F5CDEC60F063C5ECF564C5EDF50CC6A6
:1098780063F50DC664F50EC665F50FC666F5CDEC45
:1098880060F005016351EC1909E16451ED19D8B490
:1098980050EF4CF052EF4CF068EF4CF008C663F50F
:1098A80009C664F50AC665F50BC666F5CDEC60F029
:1098B800050163516411D8A464EF4CF066EF4CF0D5
:1098C80023EF4CF005EF4CF008C600F609C601F688
:1098D8000AC602F60BC603F60CC604F60DC605F654
:1098E8000EC606F60FC607F65CEC4BF00601D8A0CC
:1098F80080EF4CF082EF4CF023EF4CF005EF4CF08A
:10990800120010C663F511C664F512C665F513C6D4
:1099180066F57BEC51F0050163516411D8A497EF0B
:109928004CF099EF4CF0A3EF4CF014C610F615C6A6
:1099380011F616C612F617C613F618EF4DF014C630
:1099480063F515C664F516C665F517C666F57BECAE
:1099580051F0050163516411D8A4B5EF4CF0B7EF8D
:109968004CF0C1EF4CF010C610F611C611F612C635
:1099780012F613C613F618EF4DF010C663F511C6AC
:1099880064F512C665F513C666F5CDEC60F063C5DF
:10999800EEF564C5EFF514C663F515C664F516C68D
:1099A80065F517C666F5CDEC60F005016351EE1953
:1099B80009E16451EF19D8B4E4EF4CF0E6EF4CF04C
:1099C800FCEF4CF010C663F511C664F512C665F5D8
:1099D80013C666F5CDEC60F0050163516411D8A497
:1099E800F8EF4CF0FAEF4CF099EF4CF0B7EF4CF081
:1099F80010C600F611C601F612C602F613C603F623
:109A080014C604F615C605F616C606F617C607F6F2
:109A18005CEC4BF00601D8A014EF4DF016EF4DF0BA
:109A280099EF4CF0B7EF4CF0120021EE77F2100EE0
:109A3800DE6AE806FDE2770E0501636F060E646FC5
:109A480075C665F576C666F5000E686F110E676F08
:109A58007BEC60F0550E0601776F040E0501786FF8
:109A6800540ECEEC64F078C588F679C589F67E0E7A
:109A78000501636F060E646F88C665F589C666F5CD
:109A8800000E686F040E676F7BEC60F0030E050133
:109A9800786F5C0ECEEC64F078C58AF679C58BF6E3
:109AA800060120EE02F08A51D9268B51DA22DF50C6
:109AB800826F770E0501636F060E646F0F0E656F78
:109AC800A3EC5CF063C58CF664C58DF68CC687F68E
:109AD80006018D51866F8E6B140E636F3E0E646F98
:109AE800770E8E25D96EDA6A060EDA22DF50050166
:109AF800FC6FFC510601656F666B99EC66F0100E01
:109B080006018E618AEF4DF08CEF4DF092EF4DF02B
:109B1800D20E636F3D0E646F99EC66F006018E2BD2
:109B2800100E8E659AEF4DF09CEF4DF070EF4DF0F2
:109B3800770E0501636F060E646F000E666F000EE8
:109B4800656F000E686F110E676F5AEC64F01200B3
:109B580063C5D9F464C5DAF465C5DFF4050120EE00
:109B680001F06351D9266451DA2266C5DEF467C56F
:109B7800DEF468C5DEF469C5DEF420EE05F0635155
:109B8800D9266451DA226AC5DEF46BC5DEF46CC5E9
:109B9800DEF46DC5DEF420EE09F06351D926645178
:109BA800DA226EC5DEF46FC5DEF470C5DEF471C569
:109BB800DEF420EE15F06351D9266451DA2272C51D
:109BC800DEF473C5DEF474C5DEF475C5DEF420EE8C
:109BD80019F06351D9266451DA2276C5DEF477C5C7
:109BE800DEF478C5DEF479C5DEF420EE0DF06351BD
:109BF800D9266451DA22000EDE6E000EDE6E480EA3
:109C0800DE6E440EDD6E20EE11F06351D9266451EC
:109C1800DA22000EDE6E000EDE6E480EDE6EC40E18
:109C2800DD6E20EE1DF06351D9266451DA22000E54
:109C3800DE6E000EDE6E000EDE6E000EDD6E20EEB5
:109C480021F06351D9266451DA22000EDE6E000E2F
:109C5800DE6E000EDE6E000EDD6E20EE25F0635126
:109C6800D9266451DA227AC5DEF47BC5DDF4120008
:109C7800C80E0501746F000E756F000E766F000E2A
:109C8800776F6C51726F6BC573F567EF4EF0050116
:109C98007451751176117711D8A455EF4EF057EF1E
:109CA8004EF059EF4EF0CBEF4EF07407000E755B97
:109CB800765B775B150E0501706FC60EE82EFED732
:109CC800702FFCD70000000E0501656F530E646FFE
:109CD800720E666F050E676F000E696F020E686F71
:109CE80079EC5FF00009D8B47CEF4EF07EEF4EF0CF
:109CF8004BEF4EF0C80E0501746F000E756F000E25
:109D0800766F000E776FA5EF4EF00501745175114F
:109D180076117711D8A493EF4EF095EF4EF097EFA8
:109D28004EF0CBEF4EF07407000E755B765B775BF9
:109D3800150E0501706FC60EE82EFED7702FFCD7E2
:109D48000000000E0501656F530E646F6DC566F562
:109D58006EC567F5020E6F25686F696B000E692383
:109D6800A5EC5FF00009D8B4BCEF4EF0BEEF4EF0A2
:109D780089EF4EF0090E0501716F1E0E706FE40E2B
:109D8800E82EFED7702FFCD7712FFAD700001200EB
:109D980006011A351B350501F56FF551D8A4D7EF23
:109DA8004EF0D9EF4EF0E4EF4EF0000E0601186FBA
:109DB800000E196F000E1A6F000E1B6F58EF4FF050
:109DC80018C6F0F519C6F1F51AC6F2F51BC6F3F573
:109DD800200EF4EF4EF0D890F333F233F133F03332
:109DE800E82EEFEF4EF0F051F46F06011A8FFF0ED8
:109DF8001817FF0E1917FF0E1A17000E1B17960ECD
:109E08000501F55FF5BF0DEF4FF00BEF4FF025EFB4
:109E18004FF0F551800A970FD8B015EF4FF017EFB4
:109E28004FF019EF4FF0D9EF4EF00601D8901B33E1
:109E38001A33193318330501F53F19EF4FF03FEF87
:109E48004FF01F0EF5652BEF4FF02DEF4FF037EF6A
:109E58004FF0D9EF4EF00601D890183719371A3756
:109E68001B370501F507F551D8A43DEF4FF03FEF3B
:109E78004FF02FEF4FF0F451D8B445EF4FF047EFC4
:109E88004FF050EF4FF006011B1F1A1F191F186DD6
:109E9800000E19231A231B2318C618F619C619F61B
:109EA8001AC61AF61BC61BF6120030C767F531C76B
:109EB80068F532C769F533C76AF5DBEC5BF067C54F
:109EC80008F668C509F669C50AF66AC50BF6110EE3
:109ED80016EC30F0F5C50CF6F6C50DF606010C05C6
:109EE8000D11D8A47AEF4FF07CEF4FF0A8EF4FF0A8
:109EF800D451D8A482EF4FF084EF4FF093EF4FF096
:109F08008FEC68F063C530F764C531F765C532F783
:109F180066C533F7010E0601D46FE4EF4FF00B511D
:109F28000A110BE1E90E085D030E0959D8A09FEF4D
:109F38004FF0A1EF4FF0E4EF4FF0000EC56F010EA8
:109F4800C46FD46BE4EF4FF0020E0C190D11D8A4B6
:109F5800B0EF4FF0B2EF4FF0DDEF4FF0D351D8A490
:109F6800B8EF4FF0BAEF4FF0C9EF4FF08FEC68F051
:109F780063C530F764C531F765C532F766C533F791
:109F8800010E0601D36FE4EF4FF00B510A110911CE
:109F980009E1C90E085DD8A0D4EF4FF0D6EF4FF015
:109FA800E4EF4FF0000EC56F020EC46FD36BE4EF01
:109FB8004FF0000EC56F000EC46FD46BDAEF4FF090
:109FC80012000501636F05016305D8A4EEEF4FF099
:109FD800F0EF4FF00CEF50F0000E0701CF6F000EBE
:109FE800CE6F000EC66F000EC76F000EC86F000E52
:109FF800C96F000ECA6F000ECB6F000ECC6F000E3B
:10A00800CD6F000E0601C36F000EC26F6DEF50F0EA
:10A01800020E6319D8A413EF50F015EF50F031EF8A
:10A0280050F0000E08017C6F000E7B6F000E736FFE
:10A03800000E746F000E756F000E766F000E776F4E
:10A04800000E786F000E796F000E7A6F000E060111
:10A05800C16F000EC06F6DEF50F0030E6319D8A4E6
:10A0680038EF50F03AEF50F06DEF50F0000E070166
:10A07800CF6F000ECE6F000EC66F000EC76F000EBA
:10A08800C86F000EC96F000ECA6F000ECB6F000EAE
:10A09800CC6F000ECD6F000E08017C6F000E7B6F39
:10A0A800000E736F000E746F000E756F000E766FE2
:10A0B800000E776F000E786F000E796F000E7A6FC2
:10A0C800000E0601C36F000EC26F000EC16F000EB6
:10A0D800C06F1200D0EC55F0596E5950D8B477EFD4
:10A0E80050F079EF50F0ADEF50F058505918D8B4FF
:10A0F80080EF50F082EF50F0B0EF50F05904D8A440
:10A1080088EF50F08AEF50F08FEF50F0030EFCEC20
:10A118005FF0A9EF50F0020E5918D8A496EF50F04E
:10A1280098EF50F09DEF50F0010EFCEC5FF0A9EFB6
:10A1380050F0030E5918D8A4A4EF50F0A6EF50F031
:10A14800A9EF50F0020EFCEC5FF059C558F5B0EFDE
:10A1580050F0586A0601DD6BA3EC37F005017DC5A8
:10A1680098F57EC599F59A6B9B6B000E21EC44F02F
:10A1780098C5ACF699C5ADF69AC5AEF69BC5AFF6CF
:10A188005B04D8B4CAEF50F0CCEF50F0D5EF50F0E4
:10A198000601DE05D8A4D3EF50F0D5EF50F0F0EF6C
:10A1A80050F0ACC6A6F5ADC6A7F5AEC6A8F5AFC6C5
:10A1B800A9F5000E0501AA6F000EAB6F000EAC6F7B
:10A1C800400EAD6FDAEC35F0A6C5ACF6A7C5ADF616
:10A1D800A8C5AEF6A9C5AFF68CEC3AF075EC69F0F7
:10A1E80012000501786B76BFFEEF50F0FCEF50F0DF
:10A1F80008EF51F0761F751F741F736D000E7423DE
:10A2080075237623010E786F72BF0FEF51F00DEFB3
:10A2180051F019EF51F0721F711F701F6F6D000E12
:10A22800702371237223010E781B000E796F000EC4
:10A238007A6F000E7B6F000E7C6F7351741175116D
:10A248007611D8B42AEF51F02CEF51F062EF51F0AB
:10A25800010E776F36EF51F0D89073377437753732
:10A268007637772B76AF3BEF51F03DEF51F030EF7B
:10A2780051F0D89079377A377B377C3773516F5DD7
:10A28800745170597551715976517259D8A04FEF60
:10A2980051F051EF51F05AEF51F073516F5F745113
:10A2A800705B7551715B7651725B7981D8907633AA
:10A2B800753374337333772F3DEF51F07851D8B439
:10A2C80068EF51F06AEF51F072EF51F07C1F7B1F7D
:10A2D8007A1F796D000E7A237B237C2379C56FF56D
:10A2E8007AC570F57BC571F57CC572F5120008C793
:10A2F8006DF509C76EF50AC76FF50BC770F563C52D
:10A308006DF564C56EF565C56FF566C570F56DC507
:10A3180067F56EC568F56FC569F570C56AF5180EFD
:10A328009CEF51F00501D8906A336933683367337D
:10A33800E82E96EF51F067516B6F6C6B6B516C1197
:10A34800D8A4A9EF51F0ABEF51F0CBEF51F0D89072
:10A358006D35676F6E35686F6F35696F70356A6F09
:10A368006751681169116A11D8A4BDEF51F0BFEFA8
:10A3780051F0C5EF51F0000E646F020E636FFAEFF3
:10A3880051F0000E646F030E636FFAEF51F06B2902
:10A398006C11D8A4D2EF51F0D4EF51F0F6EF51F090
:10A3A8006DC567F56EC568F56FC569F570C56AF561
:10A3B800090ED8906737683769376A37E82EDDEFB6
:10A3C80051F06751681169116A11D8B4EEEF51F074
:10A3D800F1EF51F0010EF2EF51F0000E636F646B74
:10A3E800FAEF51F0000E646F040E636F12005FEC19
:10A3F80053F0090E0601786F1E0E776FE40EE82EF3
:10A40800FED7772FFCD7782FFAD70000D8EC48F082
:10A41800E806D8A412EF52F014EF52F076EF52F09B
:10A42800010E0601E16F75C6D9F476C6DAF4550E49
:10A43800DF6E75C663F576C664F50F0E0501656FA8
:10A44800A3EC5CF063C579F664C57AF6060120EEE4
:10A4580010F07551D9267651DA2279C6DFF420EE4C
:10A468000FF07551D9267651DA227A51DF6E7B6B5F
:10A47800140E636F3E0E646F7B517525D96E000E06
:10A488007621DA6EDF50776F7751656F666B99ECDE
:10A4980066F0100E06017B6154EF52F056EF52F051
:10A4A8005CEF52F0D20E636F3D0E646F99EC66F06C
:10A4B80006017B2B100E7B6564EF52F066EF52F0BD
:10A4C8003CEF52F075C663F576C664F5000E0501DB
:10A4D800666F000E656F000E686F110E676F5AEC9D
:10A4E80064F0FF001200680EF66EC40EF76E000EE0
:10A4F800F86E02EEA5F010EE4BF00900F5C4EEF48C
:10A50800E550E150FAE1EC0EF66ED10EF76E000E52
:10A51800F86E01EEF2F310EE0CF00900F5C4EEF45B
:10A52800E550E150FAE1B20EF66ED20EF76E000E6B
:10A53800F86E01EEF0F210EE04F00900F5C4EEF446
:10A54800E550E150FAE1E80EF66ED20EF76E000E15
:10A55800F86E0900F5C45EF50900F5C45FF502EE72
:10A5680000F3F40EEE6AE806FDE102EE00F2C80E12
:10A57800EE6AE806FDE102EE00F1D40EEE6AE806A6
:10A58800FDE102EE00F0A50EEE6AE806FDE101EE3F
:10A5980000F3E30EEE6AE806FDE101EEA4F24C0ECC
:10A5A800EE6AE806FDE10501FF6BFE6BFD6B01EE4F
:10A5B80030F12E0EEE6AE806FDE10401080E5D6F2B
:10A5C800300E5E6F000E5F6F0001ABEF65F0C80ED6
:10A5D8000501BA6F000EBB6F000EBC6F000EBD6F99
:10A5E8006C51726F6BC573F5BE6B11EF53F0BE51B2
:10A5F8006D25D96E000E6E21DA6EBE51706F716BCB
:10A60800020E7027000E7123720E7025E16E050E82
:10A618007121E26EDFC4E7F4BE2B6F51BE5DD8A096
:10A6280018EF53F01AEF53F0FBEF52F038EF53F0F6
:10A638000501BA51BB11BC11BD11D8A426EF53F0C6
:10A6480028EF53F02AEF53F05EEF53F0BA07000EED
:10A65800BB5BBC5BBD5B150E0501706FC60EE82EBB
:10A66800FED7702FFCD70000000E0501656F530E52
:10A67800646F720E666F050E676F020E6F25686F46
:10A68800696B000E692379EC5FF00009D8B44FEFCD
:10A6980053F051EF53F01CEF53F0090E0501716FA1
:10A6A8001E0E706FE40EE82EFED7702FFCD7712FA8
:10A6B800FAD70000120021EEF2F311EE6FF1050E49
:10A6C800DBC4E3F4E806FCE26F0E0501636F050ED8
:10A6D800646F060E656F52EC60F063C577F564C56C
:10A6E80078F505017851756F77C576F5F80E6B6FBB
:10A6F800030E6C6F000E6D6F6FC56EF51AEC5DF092
:10A70800F90E05016B6F030E6C6F000E6D6F70C54F
:10A718006EF51AEC5DF0FA0E05016B6F030E6C6FA7
:10A72800000E6D6F71C56EF51AEC5DF0FB0E05013C
:10A738006B6F030E6C6F000E6D6F72C56EF51AECC1
:10A748005DF0FC0E05016B6F030E6C6F000E6D6FF4
:10A7580073C56EF51AEC5DF0FD0E05016B6F030E07
:10A768006C6F000E6D6F74C56EF51AEC5DF0FE0E21
:10A7780005016B6F030E6C6F000E6D6F75C56EF57E
:10A788001AEC5DF0FF0E05016B6F030E6C6F000E87
:10A798006D6F76C56EF51AEC5DF01200A90E050115
:10A7A800636F070E646F010E656F0A0E666FD70E32
:10A7B800676FA30E686F3D0E696F6F0E6A6F120E9A
:10A7C8006B6F030E6C6F3B0E6D6F9A0E6E6F990E6A
:10A7D8006F6F190E706F3E0E716F000E726F000E64
:10A7E800736F480E746F450E756F000E766F000E0E
:10A7F800776F000E786F000E796F000E7B6F000E7A
:10A808007A6FACEC4DF0560E0501636F080E646F5D
:10A81800020E656F9A0E666F990E676F990E686FD4
:10A828003E0E696F170E6A6FB70E6B6FD10E6C6FA5
:10A83800380E6D6F170E6E6FB70E6F6FD10E706F8B
:10A84800380E716F000E726F000E736F480E746FC2
:10A85800450E756F000E766F000E776F000E786FDD
:10A86800000E796F000E7B6F000E7A6FACEC4DF026
:10A878001200000E05016B6F000E6A6F63C5D9F4F4
:10A8880064C5DAF4DEC4F6F4DDC4F7F4000EF86E3D
:10A898000800F5502A0AD8A454EF54F056EF54F0A3
:10A8A80089EF54F063C5D9F464C5DAF4DE2A000EE2
:10A8B800DD2265C5D9F466C5DAF4DFC467F5020E92
:10A8C800DE26DFC468F5000EDD2267C5D9F468C549
:10A8D800DAF4DEC46AF5DDC46BF59FEF54F00A0EB6
:10A8E8006A03F3C467F5F4C468F56B03F35068278B
:10A8F800695167256A6F000E68216B6F63C5D9F4CB
:10A9080064C5DAF4DE2A000EDD2263C5D9F464C515
:10A91800DAF4DEC4F6F4DDC4F7F4000EF86E0800CD
:10A92800F550D00F696F090E69659DEF54F09FEFE0
:10A9380054F073EF54F06AC563F56BC564F5120003
:10A94800050169516A11D8B4ACEF54F0AEEF54F078
:10A95800B7EF54F069516A11D8A4B5EF54F0B7EFC6
:10A9680054F0BCEF54F067519AEC61F009EF55F0E0
:10A9780020EE09F06951D9266A51DA22DE50DE103C
:10A98800D8B4C9EF54F0CBEF54F0E6EF54F020EE12
:10A9980009F06951D9266A51DA2210EE02F069519C
:10A9A800E1266A51E222DE50E65CE650800A6F6FCB
:10A9B800DE50800A6F59D8B0E4EF54F0E6EF54F057
:10A9C80009EF55F020EE02F06951D9266A51DA22D2
:10A9D800DEC46BF5DDC46CF569C5D9F46AC5DAF473
:10A9E800DEC46DF5DDC46EF56B516D25D96E6C5105
:10A9F8006E21DA6E67C5DFF420EE02F06951D926C0
:10AA08006A51DA22DE2A000EDD2212001CC767F521
:10AA18001DC768F51EC769F51FC76AF5DBEC5BF053
:10AA280067C579F568C57AF569C57BF56AC57CF5AA
:10AA380057EF55F07C517B117A1109E1650E795D6C
:10AA4800D8A029EF55F02BEF55F06DEF55F05FECDE
:10AA580069F0010E4F6E8FEC68F063C51CF764C592
:10AA68001DF765C51EF766C51FF76DEF55F07C51DC
:10AA78007B117A1109E1650E795DD8A046EF55F092
:10AA880048EF55F06DEF55F061EC69F04F6A8FECC7
:10AA980068F063C51CF764C51DF765C51EF766C574
:10AAA8001FF76DEF55F04F500501776F786B7851B0
:10AAB800000AD8B462EF55F06DEF55F07751000AEF
:10AAC800D8B41EEF55F0010AD8B43BEF55F06DEF3E
:10AAD80055F012000501686B66BF77EF55F075EF0A
:10AAE80055F07DEF55F0656D661FD8B0662B010EE9
:10AAF800686F64BF84EF55F082EF55F08AEF55F028
:10AB0800636D641FD8B0642B010E681B000E6A6F5A
:10AB1800000E696F65516611D8B495EF55F097EF3F
:10AB280055F0BFEF55F0010E676F9FEF55F0D890C5
:10AB380065376637672B66AFA4EF55F0A6EF55F07B
:10AB48009BEF55F0D89069376A376551635D665158
:10AB58006459D8A0B2EF55F0B4EF55F0B9EF55F0FD
:10AB68006551635F6651645B6981D890663365336C
:10AB7800672FA6EF55F06851D8B4C5EF55F0C7EF69
:10AB880055F0CBEF55F0696D6A1FD8B06A2B69C5CF
:10AB980063F56AC564F512005F04D8B4D6EF55F0C2
:10ABA800D8EF55F0DBEF55F0010E30EF56F0060107
:10ABB800E105D8A4E2EF55F0E4EF55F0E6EF55F0E3
:10ABC800D8EF55F0020EDE19D8A4EDEF55F0EFEFEF
:10ABD80055F0F1EF55F0D8EF55F0E051D8A4F7EF64
:10ABE80055F0F9EF55F003EF56F0DF51D8A4FFEF19
:10ABF80055F001EF56F003EF56F0D8EF55F0C65177
:10AC0800C711D8B40AEF56F00CEF56F017EF56F00C
:10AC1800C451C511D8B413EF56F015EF56F017EF1D
:10AC280056F0D8EF55F0C651C711D8B41EEF56F0FC
:10AC380020EF56F023EF56F0020E30EF56F0C451D5
:10AC4800C511D8B42AEF56F02CEF56F02FEF56F076
:10AC5800030E30EF56F0000E1200BE6AB00EBF6E43
:10AC6800C06AC16AC26A400EC36E0401026B300E2C
:10AC78000A6F126B1A6B226B2A6BDF0EC66E8F0E71
:10AC8800C76E6F0EC86ED00EC96E0F0ECA6E9E0EBE
:10AC9800CB6EDF0E006F0F0E086F4F0E106FD10EC8
:10ACA800186F070E206F9E0E286F016B800E096FBC
:10ACB800116B196B216B296B03690B6913691B698C
:10ACC800070E236F2B6904690C6914691C690F0E40
:10ACD800246F2C690201896B886B876B866B150E54
:10ACE800726F1C0E196F1A0E1B6F200E156F0C0E4B
:10ACF800716F370E0D6F0D0E706F380E0E6F0401E9
:10AD0800056B066B076B0D6B0E6B0F6B156B166B7C
:0AAD1800176B256B266B276B1200EA
:10AD2400D8C42CF53CEC68F00009D8B49CEF56F07C
:10AD34009EEF56F0A6EF56F0030E3C6E0201979B71
:10AD44003BEC64F0EEEF56F047EC68F00009D8B441
:10AD5400AEEF56F0B0EF56F0C2EF56F01BEC68F0D1
:10AD64000009D8B4B8EF56F0BAEF56F0C2EF56F077
:10AD7400010E3C6E0201979936EC67F0EEEF56F047
:10AD840026EC68F00009D8B4CAEF56F0CCEF56F0C0
:10AD9400DCEF56F01BEC68F00009D8B4D4EF56F0A1
:10ADA400D6EF56F0DCEF56F0020E3C6E0201979996
:10ADB400BEEF56F031EC68F00009D8B4E4EF56F079
:10ADC400E6EF56F0ECEF56F0030E3C6E0201979D51
:10ADD400EEEF56F0020197993C502CC5D8F41100BF
:10ADE4000501656F05016505D8A4FBEF56F0FDEF7D
:10ADF40056F007EF57F0000E646F000E636F08EC17
:10AE040069F069EC69F04CEF57F0020E6519D8A4AB
:10AE14000EEF57F010EF57F01AEF57F0000E646F73
:10AE2400000E636F02EC69F067EC69F04CEF57F0C9
:10AE3400020E6519D8A421EF57F023EF57F025EF40
:10AE440057F04CEF57F0020E6519D8A42CEF57F0C9
:10AE54002EEF57F030EF57F04CEF57F0050E651911
:10AE6400D8A437EF57F039EF57F04CEF57F0000EF6
:10AE7400646F000E636F08EC69F069EC69F0000E12
:10AE84000501646F000E636F02EC69F067EC69F012
:10AE94004CEF57F01200050120EE40F06351D92623
:10AEA4006451DA22DF50656F0F0E651720EE40F013
:10AEB4006351D9266451DA22DF50666F66390F0B6D
:10AEC4000A0DF3506525696F20EE41F06351D926D0
:10AED4006451DA22DF50656F0F0E651720EE41F0E2
:10AEE4006351D9266451DA22DF50666F66390F0B3D
:10AEF4000A0DF35065256A6F6951640DF3C465F555
:10AF0400F4C466F56A5165250601F06F0501000E6B
:10AF140066210601F16FE80E0501656F030E666F89
:10AF240065510601F003F3C467F5F4C468F5F10351
:10AF3400F3500501682766510601F0030501F3503B
:10AF4400682767C5F0F668C5F1F61200FAC401F582
:10AF5400FBC402F5B39E77A0B2EF57F0B4EF57F0FD
:10AF6400D6EF57F076A0B9EF57F0BBEF57F0D6EF16
:10AF740057F076900601B351B411B511D8B4C5EFAA
:10AF840057F0C7EF57F0FDEF57F002D8D4EF57F062
:10AF94000500FA6EB351FD6EB451FE6EB551FF6EED
:10AFA400FA501200FDEF57F077A2DBEF57F0DDEF18
:10AFB40057F0FDEF57F076A2E2EF57F0E4EF57F0C9
:10AFC400FDEF57F076920601B051B111B211D8B429
:10AFD400EEEF57F0F0EF57F0FDEF57F002D8FDEF2A
:10AFE40057F00500FA6EB051FD6EB151FE6EB251CC
:10AFF400FF6EFA50120002C5FBF401C5FAF4110009
:10B00400FAC405F5FBC406F5B59E86A00CEF58F00E
:10B014000EEF58F030EF58F085A013EF58F015EF0D
:10B0240058F030EF58F0859007018051811182115A
:10B03400D8B41FEF58F021EF58F057EF58F002D86A
:10B044002EEF58F00500FA6E8051FD6E8151FE6EB0
:10B054008251FF6EFA50120057EF58F086A235EF76
:10B0640058F037EF58F057EF58F085A23CEF58F0FE
:10B074003EEF58F057EF58F0859207017D517E114D
:10B084007F11D8B448EF58F04AEF58F057EF58F012
:10B0940002D857EF58F00500FA6E7D51FD6E7E51CF
:10B0A400FE6E7F51FF6EFA50120006C5FBF405C513
:10B0B400FAF411000501686B64BF65EF58F063EFA3
:10B0C40058F06BEF58F0636D641FD8B0642B010E19
:10B0D400686F66BF72EF58F070EF58F076EF58F073
:10B0E400656D661FD8B0662B65516611D8B47DEFC7
:10B0F40058F07FEF58F0A3EF58F0010E676F87EF19
:10B1040058F0D89065376637672B66AF8CEF58F0E8
:10B114008EEF58F083EF58F06551635D66516459C2
:10B12400D8A097EF58F099EF58F09DEF58F065517B
:10B13400635F6651645BD89066336533672F8EEF27
:10B1440058F06851D8B4A9EF58F0ABEF58F0AFEF0E
:10B1540058F0636D641FD8B0642B63C563F564C590
:10B1640064F512000501656F05016505D8A4BDEFFE
:10B1740058F0BFEF58F0D1EF58F0E20E636F060EAF
:10B18400646F66EC5CF00601E06B000EAC6F000EC1
:10B19400AD6F000EAE6F000EAF6F0AEF59F0020EE6
:10B1A4006519D8A4D8EF58F0DAEF58F0E8EF58F062
:10B1B400D00E636F070E646F66EC5CF00601DF6B04
:10B1C400000EC96F000EC86F0AEF59F0030E65191F
:10B1D400D8A4EFEF58F0F1EF58F00AEF59F0E20E6F
:10B1E400636F060E646F66EC5CF0D00E0501636F4E
:10B1F400070E646F66EC5CF0010E0601F36FDC6B06
:10B20400000EAC6F000EAD6F000EAE6F000EAF6F90
:10B214001200000E050163156B6F000E64156C6F50
:10B22400800E65156D6F7F0E66156E6F6B516C1118
:10B234006D116E11D8A421EF59F023EF59F02BEFC3
:10B2440059F0000E636F000E646F000E656F000E00
:10B25400666F000E67156B6F000E68156C6F800EBD
:10B2640069156D6F7F0E6A156E6F6B516C116D11E0
:10B274006E11D8A440EF59F042EF59F04AEF59F05B
:10B28400000E676F000E686F000E696F000E6A6F24
:10B29400675163190FE1685164190CE1695165192B
:10B2A40009E16A516619D8B45AEF59F05CEF59F0C4
:10B2B4005FEF59F0D89060EF59F0D8801200116A0E
:10B2C4001150080DA60EF324D96E080EF420DA6E80
:10B2D400DE50DE10D8B471EF59F073EF59F0ADEFD2
:10B2E40059F01150080DA60EF324D96E080EF4205F
:10B2F400DA6EDE06000EDD5A1150080DA60EF32498
:10B30400D96E080EF420DA6EDE50DE10D8A48DEF6C
:10B3140059F08FEF59F0ADEF59F01150080DA50E0B
:10B32400F324D96E080EF420DA6E010EDF6E11508C
:10B33400080DA80EF324D96E080EF420DA6E11500D
:10B34400080DA60EF324E16E080EF420E26EDEC4AE
:10B35400E6F4DDC4E5F4112A060E1164B4EF59F0E5
:10B36400B6EF59F062EF59F012000601CCA1BDEF1F
:10B3740059F0BFEF59F0C9EF59F079C570F57AC5A6
:10B3840071F577C572F578C573F57FEC62F0050148
:10B394007CBFD1EF59F0CFEF59F0D5EF59F0000E43
:10B3A4007C6F000E7B6F000E7F6F000E7E6FE8EFE8
:10B3B40059F0000E686F200E676F77C569F578C580
:10B3C4006AF5A4EC54F005017E4B7F2B7B517E5D26
:10B3D4007F51800A7D6F7C51800A7D59D8A0F5EF9A
:10B3E40059F0F7EF59F0DBEF59F00601CCB1FDEF5E
:10B3F40059F0FFEF59F009EF5AF079C570F57AC5A5
:10B4040071F577C572F578C573F57FEC62F01200BB
:10B41400A290C60E07015F6F8E0E606F000E616F03
:10B42400A292100E656FCA0E666F000E676F02015E
:10B43400A26BA46BA56BA66BA76BA86BA96BAA6B7D
:10B44400B00EAB6F800EAC6F080EAD6F820EAE6F98
:10B45400060EAF6F2E0EB06FB16B800EB26FB36B72
:10B464000E0E0501636FD30E646F000E656F80ECE2
:10B4740067F00C0E0501636FD30E646F000E656FE9
:10B484006EEC67F00A0E0501636FD30E646F000E55
:10B49400656F5CEC67F0000E0701906F000E8F6F14
:10B4A4004B6A4A6A200E0501FD6F496A486A476A79
:10B4B400A28012007DC585F57EC586F57FC587F51A
:10B4C40080C588F56DEF5AF08107D8A08207854BB7
:10B4D400862B874B882B050181518211D8B475EFD7
:10B4E4005AF077EF5AF088EF5AF087C5D9F488C537
:10B4F400DAF485C5E1F486C5E2F4DE50E618D8B482
:10B5040086EF5AF088EF5AF066EF5AF081518211B3
:10B51400D8A48FEF5AF091EF5AF097EF5AF0000E3B
:10B524007E6F000E7D6FA9EF5AF085C5D9F486C5EC
:10B53400DAF4DF50836F87C5D9F488C5DAF4DF50B5
:10B54400846F8451835D7D6F7E6BD8A07E0712006B
:10B55400050163516411D8A4B2EF5AF0B4EF5AF064
:10B56400B6EF5AF0F6EF5AF063C5D9F464C5DAF4CD
:10B57400000EDE6E000EDE6E000EDE6E000EDD6E60
:10B5840020EE04F06351D9266451DA22000EDE6EF7
:10B59400000EDE6E000EDE6E000EDD6E20EE08F094
:10B5A4006351D9266451DA22000EDE6E000EDE6E7F
:10B5B400000EDE6E000EDD6E20EE0CF06351D92617
:10B5C4006451DA22DE6ADE6ADE6ADD6A20EE10F099
:10B5D4006351D9266451DA22E80EDE6E030EDE6E64
:10B5E400000EDE6E000EDD6E120005016351641163
:10B5F400D8A4FFEF5AF001EF5BF003EF5BF043EFE9
:10B604005BF063C5D9F464C5DAF465C5DEF466C5D8
:10B61400DEF467C5DEF468C5DEF420EE04F06351A1
:10B62400D9266451DA2265C5DEF466C5DEF467C541
:10B63400DEF468C5DEF420EE08F06351D9266451C7
:10B64400DA2265C5DEF466C5DEF467C5DEF468C5D6
:10B65400DEF420EE0CF06351D9266451DA22DE6A5E
:10B66400DE6ADE6ADD6A20EE10F06351D926645189
:10B67400DA2269C5DEF46AC5DEF46BC5DEF46CC596
:10B68400DEF41200D8C42AF502019BA54CEF5BF04E
:10B694004EEF5BF059EF5BF09AA553EF5BF055EF7B
:10B6A4005BF059EF5BF049EC67F08EEF5BF09BAF1A
:10B6B4005EEF5BF060EF5BF07AEF5BF09AAF65EF03
:10B6C4005BF067EF5BF07AEF5BF03B50D8B46DEF63
:10B6D4005BF06FEF5BF076EF5BF03B6A9A919A9FB9
:10B6E40023EC67F08EEF5BF036EC67F055EF5BF020
:10B6F4009BA37FEF5BF081EF5BF08EEF5BF09AA38F
:10B7040086EF5BF088EF5BF08EEF5BF049EC69F05D
:10B7140002019A938EEF5BF02AC5D8F41100D68A01
:10B72400000ED6BE010E0501666FD69E550E0401AD
:10B73400596FAA0E596F59915F6B300E5E6F080EE8
:10B744005D6F550E596FAA0E596F5981050166B187
:10B7540002D0D69E01D0D68E030165876589658F98
:10B764006681668369916993699569976D97AF90CE
:10B77400D680FE0E0501636FD20E646F000E656FF6
:10B78400E1EC68F0B490D682000E0501636FD30E2D
:10B79400646F000E656FDAEC68F0B890D684020E20
:10B7A4000501636FD30E646F000E656FD3EC68F010
:10B7B40012008FEC68F063C573F564C574F565C554
:10B7C40075F566C576F505016751735D6851745961
:10B7D400695175596A517659D8A0F3EF5BF0F5EFCA
:10B7E4005BF003EF5CF06751735D676F68517459E8
:10B7F400686F69517559696F6A5176596A6F23EF99
:10B804005CF0671D6B6F681D6C6F691D6D6F6A1D41
:10B814006E6F73516B256F6F74516C21706F75511E
:10B824006D21716F76516E21726F010E6F25676FF6
:10B83400000E7021686F000E7121696F000E722175
:10B844006A6F12000501776F050177390F0B736F6B
:10B8540077510F0B746F63390F0B756F63510F0BB7
:10B86400766F75510A0DF3C465F5F4C466F5745129
:10B87400640DF3C467F5F4C468F57351696F6A6BBA
:10B88400E80E6903F3C46BF5F4C46CF56A03F35072
:10B894006C27030E6903F3506C2767516B256D6F9A
:10B8A40068516C216E6F65516D256F6F66516E2105
:10B8B400706F76516F25716F000E7021726F71C5B4
:10B8C40063F572C564F51200050163516411D8A4CF
:10B8D4006EEF5CF070EF5CF072EF5CF0A2EF5CF086
:10B8E40063C5D9F464C5DAF4000EDE6E000EDE6EB4
:10B8F400000EDE6E000EDD6E20EE04F06351D926DC
:10B904006451DA22000EDE6E000EDE6E000EDE6E74
:10B91400000EDD6E20EE08F06351D9266451DA2260
:10B92400000EDE6E000EDE6E000EDE6E000EDD6EAC
:10B9340020EE0CF06351D9266451DA22DE6ADD6A06
:10B944001200050169696A69CAEF5CF063C5D9F43C
:10B9540064C5DAF4DF506919686F634B642B070E12
:10B964006825F66EF76A320EF722F86A000EF8229E
:10B974000800F5506A19696F070E6825F66EF76AB4
:10B98400310EF722F86A000EF8220800F5C46AF5B1
:10B9940065076529D8A4D1EF5CF0D3EF5CF0A8EF7C
:10B9A4005CF06A5169C566F5676B66C567F5666BD9
:10B9B4006611636F6751646F12000601A16BA15198
:10B9C400080DA50EF324D96E080EF420DA6EDF50AC
:10B9D400D8B4EFEF5CF0F1EF5CF00FEF5DF0A15144
:10B9E400080DA50EF324D96E080EF420DA6EDF6A72
:10B9F400A151080DAA0EF324D96E080EF420DA6EB4
:10BA040002D80FEF5DF00500FA6EDE50FD6EDE50D9
:10BA1400FE6EDE50FF6EFA5012000601A12B060ED8
:10BA2400A16517EF5DF019EF5DF0E1EF5CF0120036
:10BA340005016D5109E1040E6C5DD8A024EF5DF0A1
:10BA440026EF5DF028EF5DF054EF5DF0AA0E646F11
:10BA5400550E636FFCEC68F0000E05016B25636FF7
:10BA6400000E6C21646F380E6D21656F6EC566F52E
:10BA7400F3EC5EF010EC68F00009D8A444EF5DF03C
:10BA840046EF5DF03CEF5DF0D2EC67F0E806D8A439
:10BA94004EEF5DF050EF5DF052EF5DF03DEC69F07C
:10BAA40037EC69F012000501696F6DEF5DF065C553
:10BAB40063F566C564F508EC69F069EC69F08BEF31
:10BAC4005DF065C563F566C564F502EC69F067EC85
:10BAD40069F08BEF5DF005016951676F686B685120
:10BAE400000AD8B478EF5DF08BEF5DF06751010A7E
:10BAF400D8B459EF5DF0030AD8B463EF5DF0010ADE
:10BB0400D8B48BEF5DF0070AD8B48BEF5DF08BEF00
:10BB14005DF01200000E05016B6F000E6C6F000EDD
:10BB24006D6F000E6E6F63A19AEF5DF09CEF5DF098
:10BB3400A4EF5DF067516B2768516C2369516D2345
:10BB44006A516E23D8906737683769376A37D89057
:10BB5400663365336433633363516411651166116D
:10BB6400D8A4B7EF5DF0B9EF5DF095EF5DF06BC56C
:10BB740063F56CC564F56DC565F56EC566F51200B3
:10BB84007E6A020E7F6E806A7F0E816E0C0E826E5C
:10BB9400836A846A856A866A886A896A8A6A8B6A19
:10BBA4008C6AB59CB59E85908592A59EA59CF60E43
:10BBB4000501636FD20E646F000E656FB0EC68F020
:10BBC400F40E0501636FD20E646F000E656FA9EC6D
:10BBD40068F0F80E0501636FD20E646F000E656F96
:10BBE400B7EC68F0800E876E12006F6A020E706EFA
:10BBF400716A7F0E726E0C0E736E746A756A766A61
:10BC0400776A796A7A6A7B6A7C6A7D6AB39CB39E36
:10BC140076907692A39EA39CF00E0501636FD20EDC
:10BC2400646F000E656FC5EC68F0EE0E0501636F7E
:10BC3400D20E646F000E656FBEEC68F0F20E050163
:10BC4400636FD20E646F000E656FCCEC68F0800EEB
:10BC5400786E12000301F39FD96BDA6BDB6BDC6B3C
:10BC6400DF6BE06BE56BE76BEC6BEE6BEF6BD86B4C
:10BC7400F06BF16BF26BF46B180EF56F100EF66F40
:10BC8400F76B030EF86F1F0EFA6F020EF96F000EBA
:10BC940007018C6F000E8D6F000E8E6F000E896F82
:10BCA400000E8A6F000E8B6F0601CD6BAF949F94CC
:10BCB400B090A090840E0301F36F120007019B4B18
:10BCC4009C2BC80E9B199C11D8A46BEF5EF06DEFF2
:10BCD4005EF071EF5EF0000E9C6F000E9B6F010E24
:10BCE4003D26000E3E223F2240220601B651B711E6
:10BCF400B811D8A480EF5EF082EF5EF084EF5EF0BE
:10BD040091EF5EF002D891EF5EF00500FA6EB65145
:10BD1400FD6EB751FE6EB851FF6EFA50120012005C
:10BD240098EC68F01BC518F71CC519F71DC51AF760
:10BD34001EC51BF7640E0601CE61A3EF5EF0A5EFEE
:10BD44005EF0B4EF5EF091EC65F0236E000E060138
:10BD5400CE25D96EDA6A0A0EDA2223C5DFF4CE2B99
:10BD6400C3EF5EF0CE6B000E1B6E0A0E1C6E000E4F
:10BD74001E6E000E1D6E000E206E640E1F6E25ECEE
:10BD840065F01200910E0501636F080E646F000EDA
:10BD9400656F000E666F000E676F000E686FB80E59
:10BDA400696F0B0E6A6F000E6B6F000E6C6FF7EC11
:10BDB4005AF07D0E0501636F080E646F000E656F07
:10BDC400000E666F000E676F000E686FE80E696FF5
:10BDD400030E6A6F000E6B6F000E6C6FF7EC5AF077
:10BDE4001200000ED6BE010E05016A6F65C545F04E
:10BDF40063C567F564C568F565C569F568C567F524
:10BE040069C568F5696B67510001446F63C543F008
:10BE140066C546F04151F80B0309416FD69E0001F7
:10BE24004DC542F04C50426F408105016AB102D0C9
:10BE3400D69E01D0D68EF80E0001411712000501DE
:10BE440066BF27EF5FF029EF5FF033EF5FF063C564
:10BE540063F564C564F565C565F566C566F54CEFBF
:10BE64005FF063C567F564C568F565C569F566C5C2
:10BE74006AF5671F681F691F6A1F672B000E682316
:10BE840069236A2367C563F568C564F569C565F503
:10BE94006AC566F51200010EB4EC58F0010EE5EC2B
:10BEA4004FF0010EEBEC62F0010EF2EC56F0090ECD
:10BEB4000501676F1E0E666FE40EE82EFED7662F2F
:10BEC400FCD7672FFAD70000010EE9EC66F0290EC3
:10BED4000501676F960E666F7F0EE82EFED7662FFC
:10BEE400FCD7672FFAD7010ED5EC66F012000501D6
:10BEF4006A6B57EC66F00009D8A483EF5FF085EF16
:10BF04005FF0A2EF5FF0010E306E64C531F565C5D8
:10BF140032F53B6A66C533F567C534F568C535F552
:10BF240069C536F5000E376E000E386E000E3A6E97
:10BF3400000E396E3C6AEBEC64F0010E05016A6F89
:10BF440005016A51120005016A6B57EC66F000099D
:10BF5400D8A4AFEF5FF0B1EF5FF0CEEF5FF0010E6A
:10BF6400306E64C531F565C532F53B6A66C537F593
:10BF740067C538F568C539F569C53AF5000E336EFD
:10BF8400000E346E000E366E000E356E3C6A10ECF8
:10BF940067F0010E05016A6F05016A5112005FC660
:10BFA400FAF560C6FBF5E6EF5FF05DC64FF65EC6D8
:10BFB40050F6FA0E0601516F050E526F61C653F624
:10BFC40062C654F6E9EC2BF0FAC5F6F4FBC5F7F4B7
:10BFD400000EF86E0800F5500009D8A4F4EF5FF0E5
:10BFE400F6EF5FF0D7EF5FF0000E06015E6F000E14
:10BFF4005D6F120005016A6F0CEF60F04DEC5FF0AD
:10C0040026EF60F0A4EC60F026EF60F027EC60F01F
:10C0140026EF60F005016A51686F696B6951000A87
:10C02400D8B417EF60F026EF60F06851010AD8B475
:10C0340000EF60F0030AD8B404EF60F0010AD8B44A
:10C0440008EF60F026EF60F012006DEC69F0030E6B
:10C05400B4EC58F0030EE5EC4FF0010EEBEC62F09B
:10C06400020EEBEC62F0050EF2EC56F0010EE9EC78
:10C0740066F0020EE9EC66F0090E0501676F1E0E0C
:10C08400666FE40EE82EFED7662FFCD7672FFAD72B
:10C094000000010ED5EC66F0020ED5EC66F012003D
:10C0A400000E0501676F000E686F000E696F000EC9
:10C0B4006A6F6B6B6DEF60F06B516325D96E000E88
:10C0C4006421DA6EDF50666F66516727000E6823BD
:10C0D40069236A236B2B65516B5DD8A074EF60F004
:10C0E40076EF60F05EEF60F067C563F568C564F5F0
:10C0F400120065C56CF566C56DF563C56AF564C562
:10C104006BF595EF60F06CC5D9F46DC5DAF4DF50CA
:10C11400696F6C4B6D2B6AC5D9F46BC5DAF469C5CC
:10C12400DFF46A4B6B2B05016707D8A06807672902
:10C1340006E16829D8A4A1EF60F0A3EF60F085EFD1
:10C1440060F01200020EB4EC58F0020EE5EC4FF071
:10C15400020EF2EC56F0090E0501676F1E0E666FB3
:10C16400E40EE82EFED7662FFCD7672FFAD700001F
:10C17400020EE9EC66F0290E0501676F960E666FF4
:10C184007F0EE82EFED7662FFCD7672FFAD7020E54
:10C19400D5EC66F0120004C76BF505C76CF506C74D
:10C1A4006DF507C76EF563C56BF564C56CF565C5BC
:10C1B4006DF566C56EF56BC567F56CC568F56DC53F
:10C1C40069F56EC56AF5200EEEEF60F00501D890B2
:10C1D4006A33693368336733E82EE8EF60F067C584
:10C1E40063F568C564F51200040E0201946F800EB5
:10C1F400956F080E966F030E9C6F9A6B9B6B976BF3
:10C204008D6B5DEC68F002019B919B95948F050EFC
:10C21400E82EFED70000000000000000000000002F
:10C22400000002019A919A959B85000E0701866F82
:10C23400000E876F000E886F1200030E0501786FE1
:10C244005C0ECEEC64F078C57DF579C57EF5FB0E09
:10C2540005017F6F070E806F000E826F030E816FE2
:10C264005CEC5AF005017D517E11D8B43CEF61F0CD
:10C274003EEF61F047EF61F0FB0EBF6F070EC06F3A
:10C28400030EC16F5C0E27EC66F01200C5EC4AF099
:10C29400000E05016C6F000E6B6FAC0E6D6F0B0E14
:10C2A4006E6F460E6F6F3CEC4EF0D00E05017E6F44
:10C2B400C90EE82EFED77E2FFCD700D0AC0E0501A8
:10C2C400786F0B0E796F2EEC4AF0AC0E0501636F9C
:0EC2D4000B0E646F4DEC57F031EC63F012006E
:10C2E400FAC419F5FBC41AF541C516F542C517F58C
:10C2F4000EEC63F00701E951EA11EB11D8B485EFB4
:10C3040061F087EF61F094EF61F002D894EF61F08F
:10C314000500FA6EE951FD6EEA51FE6EEB51FF6EB7
:10C32400FA501200B1981AC5FBF419C5FAF41100B9
:10C334000501666F63EC69F0680E0501656FE40E34
:10C34400E82EFED7652FFCD70000DFEC67F000096C
:10C35400D8B4AFEF61F0B1EF61F0A7EF61F0050180
:10C364006651C1EC61F02A0E0501656F8D0EE82E51
:10C37400FED7652FFCD700D06BEC69F012000501E5
:10C38400646FA2B2C8EF61F0CAEF61F0CEEF61F062
:10C3940064C5A3F2E6EF61F00501FD51D8B4D5EF11
:10C3A40061F0D7EF61F0E6EF61F0200E4B24D96E17
:10C3B400DA6A090EDA2264C5DFF44B281F0B636FB7
:10C3C40063C54BF5A292FD07A282120003011E91E0
:10C3D4001F6B206B030E216F050E1D6FFE0E1C6F6D
:10C3E4001D510501636F03011C51416E63C542F584
:10C3F400080E0701E96FD30EEA6F000EEB6F000E13
:10C40400E66F000EE76F000EE86FB198A188B19A4D
:10C41400050E03011E6F1200D8C460F5FAC461F55D
:10C42400FBC462F50701E351E411E511D8B41DEF33
:10C4340062F01FEF62F02CEF62F002D82CEF62F092
:10C444000500FA6EE351FD6EE451FE6EE551FF6E98
:10C45400FA501200B99662C5FBF461C5FAF460C5DE
:10C46400D8F4110000640064009E77000064006446
:10C474000062D20000F401F40168D200000A000A4C
:10C4840000DCA0000014001400EECA00000A000A38
:10C494000014AA000088138813488D0009000000C6
:0FC4A40000000000000009000000000000000080
:10C4B4000601CE6B640E0501636F0A0E646F000EF5
:10C4C400666F000E656F000E686F640E676F5AEC3E
:10C4D40064F0000E0501636F0A0E646F000E666F50
:10C4E400000E656F000E686F640E676F5AEC64F09F
:10C4F4000601D06B5DEC69F01200000E0501766F49
:10C50400000E756F92EF62F074C567F5686B72C5C3
:10C5140069F573C56AF5A4EC54F00501754B762BE7
:10C5240075517025D96E76517121DA6EDF50746FB2
:10C534007451D8A4A0EF62F0A2EF62F086EF62F02B
:10C544001200000E0501DC1B000EDD1B000EDE1BBD
:10C55400800EDF1BD8C563F5D9C564F5DAC565F56A
:10C56400DBC566F5DCC567F5DDC568F5DEC569F5CF
:10C57400DFC56AF58DEC29F063C5D8F564C5D9F536
:10C5840065C5DAF566C5DBF5120005016B5109E1F5
:10C59400040E6A5DD8A0D1EF62F0D3EF62F0D6EF5B
:10C5A40062F0000EEAEF62F0000E69256C6F000E77
:10C5B4006A216D6F380E6B216E6F6CC563F56DC5A6
:10C5C40064F56EC565F53FEC66F005016F6F6F515C
:10C5D40012000501656F05016505D8A4F4EF62F04A
:10C5E400F6EF62F0FEEF62F0910E636F080E646F77
:10C5F400AAEC5AF00DEF63F0020E6519D8A405EF0A
:10C6040063F007EF63F00DEF63F07D0E636F080EC8
:10C61400646FAAEC5AF0120003011EA514EF63F034
:10C6240016EF63F02CEF63F01EB11BEF63F01EEF07
:10C6340063F0010E1FEF63F0000E186E17501D6FAC
:10C6440016C51CF318B002D01E9102D003011E813E
:10C6540030EF63F017501D6F16C51CF31200040E63
:10C664000501696F000E6A6F000E6B6FC7EC62F014
:10C674000601B96F050E0501696F000E6A6F000EA1
:10C684006B6FC7EC62F00601BA6F060E0501696FA5
:10C69400000E6A6F000E6B6FC7EC62F00601BB6F91
:02C6A400120082
:10C6A800FAC403F5FBC404F5B39C07018351841154
:10C6B8008511D8B462EF63F064EF63F071EF63F053
:10C6C80002D871EF63F00500FA6E8351FD6E845154
:10C6D800FE6E8551FF6EFA50120004C5FBF403C5C7
:10C6E800FAF41100FAC407F5FBC408F5B59C070174
:10C6F8007A517B117C11D8B484EF63F086EF63F034
:10C7080093EF63F002D893EF63F00500FA6E7A5165
:10C71800FD6E7B51FE6E7C51FF6EFA50120008C50B
:10C72800FBF407C5FAF41100FAC412F5FBC413F5BB
:10C738000701EF51F011F111D8B4A5EF63F0A7EF9D
:10C7480063F0B4EF63F002D8B4EF63F00500FA6E5B
:10C75800EF51FD6EF051FE6EF151FF6EFA5012006E
:10C76800B19E13C5FBF412C5FAF41100FAC414F50E
:10C77800FBC415F50701EC51ED11EE11D8B4C7EF64
:10C7880063F0C9EF63F0D6EF63F002D8D6EF63F039
:10C798000500FA6EEC51FD6EED51FE6EEE51FF6E26
:10C7A800FA501200B19615C5FBF414C5FAF411003D
:10C7B8007D0E0601086F080E096F22C60AF623C609
:10C7C8000BF624C60CF625C60DF6C80E0E6F000E25
:10C7D8000F6F000E106F000E116FFBEC33F008C6E0
:10C7E80022F609C623F60AC624F60BC625F6120059
:10C7F800910E0601086F080E096F22C60AF623C6B5
:10C808000BF624C60CF625C60DF6B80E0E6F0B0EE9
:10C818000F6F000E106F000E116FFBEC33F008C69F
:10C8280022F609C623F60AC624F60BC625F6120018
:10C8380063C567F564C568F565C5F6F466C5F7F4BC
:10C848000501654B662B000EF86E67C5D9F468C5FF
:10C85800DAF4674B682B0800F5C4DFF4DF50D8A47E
:10C8680038EF64F03AEF64F020EF64F012004FEC18
:10C8780069F018EC69F0A1EC68F02DEC69F00201A0
:10C88800949F85EC68F002019B919B95948F050E0F
:10C89800E82EFED7000000000000000000000000A5
:10C8A800000002019A919A959B85120063C569F56B
:10C8B80064C56AF568EF64F069C5D9F46AC5DAF445
:10C8C80065C5DFF4694B6A2B05016707D8A06807BF
:10C8D800672906E16829D8A474EF64F076EF64F05C
:10C8E80060EF64F01200050163516411651166116F
:10C8F800D8B481EF64F083EF64F08BEF64F0000E3E
:10C90800631B000E641B000E651B800E661B63C54F
:10C9180063F564C564F565C565F566C566F5120019
:10C928000501676F67C5ECF30301F39DF381F3B16C
:10C93800A0EF64F0A2EF64F09BEF64F0EB51050107
:10C94800666F656B0301EA5105016525636F030195
:10C95800000E05016621646F120067EC68F031EC87
:10C9680056F02CEC5EF0FDEC66F0E8EC61F084EC3F
:10C9780066F06FEC66F01DEC69F0F6EC60F03AECEE
:10C9880069F0F7EC5DF0C2EC5DF00AEC5AF091EC5E
:10C998005BF0120005017C6F7CC56BF505016C6BC3
:10C9A800DE0E6D6F070E6E6F78C56FF53CEC4EF0BE
:10C9B800680E05017B6FE40EE82EFED77B2FFCD7AF
:10C9C8000000DE0E0501786F070E796F12003550F2
:10C9D8003610D8B4F2EF64F0F4EF64F001EF65F0CC
:10C9E80035500EEC69F03B50D8B4FDEF64F0FFEF22
:10C9F80064F001EF65F040EC69F03150312413EC3C
:10CA080069F043EC69F01200200E0501FD610FEF9B
:10CA180065F011EF65F023EF65F0200E4A24D96E1A
:10CA2800DA6A090EDA22DF500201A36F4A281F0BC7
:10CA3800286E28C54AF50501FD2B24EF65F0A29262
:10CA480012001BC521F51CC522F533EF65F021C581
:10CA5800D9F422C5DAF41DC5DFF4214A222A1F06BB
:10CA6800D8A020061F2806E12028D8A43EEF65F0AC
:10CA780040EF65F02BEF65F0120005016ABF47EF44
:10CA880065F049EF65F04FEF65F069C569F56AC56E
:10CA98006AF55BEF65F069C56BF56AC56CF56B1FE8
:10CAA8006C1F6B4B6C2B6BC569F56CC56AF5120076
:10CAB8000CC7E4F50DC7E5F50EC7E6F50FC7E7F5B2
:10CAC800E0C5E4F5E1C5E5F5E2C5E6F5E3C5E7F55A
:10CAD8000501E79FE4C5E0F5E5C5E1F5E6C5E2F542
:10CAE800E7C5E3F512005F04D8B47DEF65F07FEF8A
:10CAF80065F081EF65F090EF65F00601DC51D8A490
:10CB080088EF65F08AEF65F08CEF65F090EF65F0DF
:10CB1800D4EC45F059EC4FF01200000E4824D96EC1
:10CB2800DA6A090EDA22DF501C6E48281F0B1B6ECA
:10CB38001BC548F5A2904750D8B4A5EF65F0A7EFFC
:10CB480065F0A8EF65F04706A2801C501200B1EC12
:10CB580064F0D68ED68C0FEC66F07A0E0601A36FC1
:10CB6800C10EA26F810EE82EFED7A22FFCD7A32FED
:10CB7800FAD700D0DFEC5CF0BEEF65F081EF18F07B
:10CB88000701775178117911D8B4CDEF65F0CFEF5F
:10CB980065F0DCEF65F002D8DCEF65F00500FA6EB1
:10CBA8007751FD6E7851FE6E7951FF6EFA50120082
:10CBB80012000701745175117611D8B4E6EF65F0CB
:10CBC800E8EF65F0F5EF65F002D8F5EF65F00500E0
:10CBD800FA6E7451FD6E7551FE6E7651FF6EFA5005
:10CBE800120012000701715172117311D8B4FFEFCE
:10CBF80065F001EF66F00EEF66F002D80EEF66F012
:10CC08000500FA6E7151FD6E7251FE6E7351FF6E22
:10CC1800FA5012001200A4EC67F07BEC68F071EC9B
:10CC280068F0D2EC53F0C4EC5EF048EC61F0C20E50
:10CC38000501636FB20E646F000E656FEFEC68F06C
:10CC48001FEC61F012000501C36FC3C56BF5050148
:10CC58006C6BBFC56DF5C0C56EF5C1C56FF5EBEC66
:10CC680052F0D00E0501C26FC90EE82EFED7C22FB2
:10CC7800FCD700D0120065C545F063C566F564C5EC
:10CC880067F565C568F567C566F568C567F50501A3
:10CC9800686B66510001446F63C543F0F80E411795
:10CCA800408146511200010E0501636F3050D8A42F
:10CCB80060EF66F062EF66F06CEF66F0020198AF25
:10CCC80068EF66F06AEF66F06CEF66F00501636B7B
:10CCD800050163511200010E0301326F316B336B92
:10CCE8001F0E2F6F2E6BEC0E0701E36FD20EE46F51
:10CCF800000EE56FB996A986DF0E0301306F1200AA
:10CD0800010E0301266F256B276B1F0E236F226B05
:10CD1800060E0701EC6FD30EED6F000EEE6FB196A5
:10CD2800A186DF0E0301246F1200650E0601736FE2
:10CD3800060E746F000E5D6F000E5E6F63C65FF6C1
:10CD480064C660F6730E616F060E626FD1EC5FF019
:10CD580012000501636F050163A1B5EF66F0B7EF37
:10CD680066F0B8EF66F0C08E63A3BDEF66F0BFEF64
:10CD780066F0C0EF66F0BE8A12000501636F050118
:10CD880063A1C9EF66F0CBEF66F0CCEF66F0C18A1D
:10CD980063A3D1EF66F0D3EF66F0D4EF66F0C380FB
:10CDA80012000501636F050163A1DDEF66F0DFEF97
:10CDB80066F0E0EF66F0C09E63A3E5EF66F0E7EF8C
:10CDC80066F0E8EF66F0BE9A12000501636F050190
:10CDD80063A1F1EF66F0F3EF66F0F4EF66F0C19A45
:10CDE80063A3F9EF66F0FBEF66F0FCEF66F0C39023
:10CDF80012003D0E0301196F186B570E1B6F040EBE
:10CE08000701EF6FD30EF06F000EF16FB19EA18E88
:10CE1800810E03011A6F120039503A10D8B417EF77
:10CE280067F019EF67F01CEF67F039500EEC69F006
:10CE3800D880313413EC69F043EC69F012003950B2
:10CE48003A10D8B42AEF67F02CEF67F02FEF67F0AD
:10CE5800395025EC69F0D880313421EC69F046EC82
:10CE680069F0120049EC69F04CEC69F00009D8B49B
:10CE780040EF67F042EF67F048EF67F0000E25ECEF
:10CE880069F0000E29EC69F01200306A000E326E6B
:10CE98003168000E336E000E346E000E376E000ED1
:10CEA800386E4FEC69F018EC69F02DEC69F012005F
:10CEB8000501635164116511D8B465EF67F067EF38
:10CEC80067F06DEF67F063C568F764C569F765C516
:10CED8006AF712000501635164116511D8B477EF40
:10CEE80067F079EF67F07FEF67F063C56BF764C5AC
:10CEF8006CF765C56DF71200050163516411651182
:10CF0800D8B489EF67F08BEF67F091EF67F063C5EE
:10CF18006EF764C56FF765C570F7120005016351B8
:10CF280064116511D8B49BEF67F09DEF67F0A3EF2C
:10CF380067F063C55CF764C55DF765C55EF7120009
:10CF48006BEC69F06DEC69F0010EE9EC66F0020E2D
:10CF5800E9EC66F0010ED5EC66F0020ED5EC66F051
:02CF68001200B5
:10CF6C00D8C42DF552EC69F037C5D9F438C5DAF4CC
:10CF7C00DF6E374A382A2DC5D8F41100D8C42FF5E6
:10CF8C0033C5D9F434C5DAF4334A342ADF5029ECEA
:10CF9C0069F02FC5D8F41100000141AFD8EF67F04C
:10CFAC00DAEF67F0DDEF67F0010EDEEF67F0000EF1
:10CFBC0012000501FD51D8A4E6EF67F0E9EF67F028
:0ACFCC00010EEAEF67F0000E1200FC
:10CFD800FAC409F5FBC40AF5AF90C4EC65F00AC5BC
:10CFE800FBF409C5FAF41100FAC40BF5FBC40CF5FF
:10CFF800B490DDEC65F00CC5FBF40BC5FAF4110038
:10D00800FAC40DF5FBC40EF5B890F6EC65F00EC544
:10D01800FBF40DC5FAF41100000140B116EF68F0F9
:10D0280019EF68F0010E1AEF68F0000E1200020105
:10D0380095BB21EF68F024EF68F0010E25EF68F04A
:10D04800000E1200020198B72CEF68F02FEF68F07D
:10D05800010E30EF68F0000E1200020197BD37EFA5
:10D0680068F03AEF68F0010E3BEF68F0000E12002E
:10D07800020197BB42EF68F045EF68F0010E46EFFA
:10D0880068F0000E1200020198A74DEF68F050EF0B
:10D0980068F0010E51EF68F0000E1200FAC426F590
:10D0A800FBC427F563EC47F027C5FBF426C5FAF463
:10D0B8001100A584A586A580A58202019B859B8376
:10D0C8009B8F97811200600E0001AD6FAF6BB36B41
:10D0D800080EB16FB06BAC6B1200240E0501636FC4
:10D0E800BD0E646F000E656F92EC67F01200C00E03
:10D0F8000501636FBC0E646F000E656FE8EC68F0A5
:10D108001200A584A586A580A58202019B859B8324
:10D118009B8F978112003DC563F53EC564F53FC5F9
:10D1280065F540C566F512003DC51BF53EC51CF505
:10D138003FC51DF540C51EF51200A594A596A590FE
:10D14800A59202019B6B976B120063C57DF764C5BE
:10D158007EF765C57FF7120063C580F764C581F760
:10D1680065C582F7120063C57AF764C57BF765C5A4
:10D178007CF7120063C5B0F664C5B1F665C5B2F6B2
:10D18800120063C5B3F664C5B4F665C5B5F61200FA
:10D1980063C583F764C584F765C585F7120063C561
:10D1A80071F764C572F765C573F7120063C574F744
:10D1B80064C575F765C576F7120063C577F764C56A
:10D1C80078F765C579F7120063C5EFF764C5F0F71E
:10D1D80065C5F1F7120063C5B6F664C5B7F665C54F
:10D1E800B8F612000605040302010000C0000002A0
:10D1F800050164514C6E63C54DF5120063C589F491
:10D20800050164518A6E120063C57AF40501645100
:10D218007B6E12000501636F63C58DF21200050174
:10D22800636F63C58FF212000201979B979D9799D0
:10D238001200C30E0301D76F1200296E29C58FF2A1
:10D2480012002B6E2BC58DF212002E6E2EC58CF29D
:10D2580012000201996B9985120024EC39F0120032
:10D2680011EC32F012004C6A4D6A12003DEC69F084
:10D2780012000001419F12000201948D1200020168
:10D28800948B12000201948B12000201949D1200EB
:10D2980002018D51120002019A6B120002018B519A
:02D2A800120072
:10D2AC0008EC65F0110001000501A2901200A280AB
:10D2BC001200C1921200C1821200C1861200C38AF0
:10D2CC0012008784120078841200C1961200C39A4F
:02D2DC0012003E
:10D2E000AF941100B0901100010112001200120061
:0AD2F00012001200120012001200DA
:10D2FC001100120012001200120012001200120093
:04D30C0012001200F9
:020000040030CA
:080000008FFFEFFF9FFFFFFFE0
:01000900FFF7
:00000001FF
