:0430000081EF18F054
:103008007D3A7D3A7D3A7D3A400C7D3A400C7D3AD6
:10301800B1397D3A773A7D3A7D3A7D3A7D3A7D3AC3
:10302800783A400C400C400C7D3A7D3A7D3A7D3A26
:103038007D3A7D3A7D3A5F375F367D3A7D3A4E3745
:10304800E4396D3A7D3A7D3A400C400C7D3A7D3A40
:103058007D3A7D3A7D3A400C7D3A7D3A2C37EE3008
:10306800B7397D3A7D3A7D3A7D3A7D3A7D3A7D3A67
:1030780090399739BD329030400C7D3A3D371B313D
:103088007D3A7D3A7D3A7D3A7D3A7D3A7D3A7D3A80
:103098007D3A7D3A7D3A7D3A400C7D3A400C400CB1
:1030A800BD397D3A7D3A7D3A7D3A7D3A7D3A7D3A21
:1030B8007D3A7D3A7D3AAD367D3A7D3A7D3A7D3A24
:1030C8007D3A7D3A7D3A7D3A7D3A7D3A7D3A7D3A40
:1030D8007D3A7D3A7D3A7D3A7D3A7D3A7D3A7D3A30
:1030E800400C7D3A7D3A7D3A400C400C400C400C37
:1030F8007D3A7D3A7D3A7D3AFF001AEF57F000009D
:10310800C0C101C30302C2C60607C705C5C404CCB3
:103118000C0DCD0FCFCE0E0ACACB0BC90908C8D8E3
:103128001819D91BDBDA1A1EDEDF1FDD1D1CDC14A3
:10313800D4D515D71716D6D21213D311D1D010F073
:103148003031F133F3F23236F6F737F53534F43CF3
:10315800FCFD3DFF3F3EFEFA3A3BFB39F9F83828C3
:10316800E8E929EB2B2AEAEE2E2FEF2DEDEC2CE4E3
:103178002425E527E7E62622E2E323E12120E0A053
:103188006061A163A3A26266A6A767A56564A46C33
:10319800ACAD6DAF6F6EAEAA6A6BAB69A9A8687863
:1031A800B8B979BB7B7ABABE7E7FBF7DBDBC7CB423
:1031B8007475B577B7B67672B2B373B17170B05033
:1031C8009091519353529296565797559594549C73
:1031D8005C5D9D5F9F9E5E5A9A9B5B995958988843
:1031E8004849894B8B8A4A4E8E8F4F8D4D4C8C4463
:1031F80084854587474686824243834181804000D3
:10320800C1814001C0804101C0804100C1814001AD
:10321800C0804100C1814000C1814001C08041019E
:10322800C0804100C1814000C1814001C08041008F
:10323800C1814001C0804101C0804100C18140017D
:10324800C0804100C1814000C1814001C08041006F
:10325800C1814001C0804101C0804100C18140005E
:10326800C1814001C0804101C0804100C18140014D
:10327800C0804100C1814000C1814001C08041013E
:10328800C0804100C1814000C1814001C08041002F
:10329800C1814001C0804101C0804100C18140001E
:1032A800C1814001C0804101C0804100C18140010D
:1032B800C0804100C1814000C1814001C0804100FF
:1032C800C1814001C0804101C0804100C1814001ED
:1032D800C0804100C1814000C1814001C0804101DE
:1032E800C0804100C1814000C1814001C0804100CF
:1032F800C1814001C0804101C0804100C1814000BE
:10330800C0C101C30302C2C60607C705C5C404CCB1
:103318000C0DCD0FCFCE0E0ACACB0BC90908C8D8E1
:103328001819D91BDBDA1A1EDEDF1FDD1D1CDC14A1
:10333800D4D515D71716D6D21213D311D1D010F071
:103348003031F133F3F23236F6F737F53534F43CF1
:10335800FCFD3DFF3F3EFEFA3A3BFB39F9F83828C1
:10336800E8E929EB2B2AEAEE2E2FEF2DEDEC2CE4E1
:103378002425E527E7E62622E2E323E12120E0A051
:103388006061A163A3A26266A6A767A56564A46C31
:10339800ACAD6DAF6F6EAEAA6A6BAB69A9A8687861
:1033A800B8B979BB7B7ABABE7E7FBF7DBDBC7CB421
:1033B8007475B577B7B67672B2B373B17170B05031
:1033C8009091519353529296565797559594549C71
:1033D8005C5D9D5F9F9E5E5A9A9B5B995958988841
:1033E8004849894B8B8A4A4E8E8F4F8D4D4C8C4461
:1033F80084854587474686824243834181804000D1
:10340800C1814001C0804101C0804100C1814001AB
:10341800C0804100C1814000C1814001C08041019C
:10342800C0804100C1814000C1814001C08041008D
:10343800C1814001C0804101C0804100C18140017B
:10344800C0804100C1814000C1814001C08041006D
:10345800C1814001C0804101C0804100C18140005C
:10346800C1814001C0804101C0804100C18140014B
:10347800C0804100C1814000C1814001C08041013C
:10348800C0804100C1814000C1814001C08041002D
:10349800C1814001C0804101C0804100C18140001C
:1034A800C1814001C0804101C0804100C18140010B
:1034B800C0804100C1814000C1814001C0804100FD
:1034C800C1814001C0804101C0804100C1814001EB
:1034D800C0804100C1814000C1814001C0804101DC
:1034E800C0804100C1814000C1814001C0804100CD
:1034F800C1814001C0804101C0804100C1814000BC
:10350800C0C101C30302C2C60607C705C5C404CCAF
:103518000C0DCD0FCFCE0E0ACACB0BC90908C8D8DF
:103528001819D91BDBDA1A1EDEDF1FDD1D1CDC149F
:10353800D4D515D71716D6D21213D311D1D010F06F
:103548003031F133F3F23236F6F737F53534F43CEF
:10355800FCFD3DFF3F3EFEFA3A3BFB39F9F83828BF
:10356800E8E929EB2B2AEAEE2E2FEF2DEDEC2CE4DF
:103578002425E527E7E62622E2E323E12120E0A04F
:103588006061A163A3A26266A6A767A56564A46C2F
:10359800ACAD6DAF6F6EAEAA6A6BAB69A9A868785F
:1035A800B8B979BB7B7ABABE7E7FBF7DBDBC7CB41F
:1035B8007475B577B7B67672B2B373B17170B0502F
:1035C8009091519353529296565797559594549C6F
:1035D8005C5D9D5F9F9E5E5A9A9B5B99595898883F
:1035E8004849894B8B8A4A4E8E8F4F8D4D4C8C445F
:1035F80084854587474686824243834181804000CF
:10360800C1814001C0804101C0804100C1814001A9
:10361800C0804100C1814000C1814001C08041019A
:10362800C0804100C1814000C1814001C08041008B
:10363800C1814001C0804101C0804100C181400179
:10364800C0804100C1814000C1814001C08041006B
:10365800C1814001C0804101C0804100C18140005A
:10366800C1814001C0804101C0804100C181400149
:10367800C0804100C1814000C1814001C08041013A
:10368800C0804100C1814000C1814001C08041002B
:10369800C1814001C0804101C0804100C18140001A
:1036A800C1814001C0804101C0804100C181400109
:1036B800C0804100C1814000C1814001C0804100FB
:1036C800C1814001C0804101C0804100C1814001E9
:1036D800C0804100C1814000C1814001C0804101DA
:1036E800C0804100C1814000C1814001C0804100CB
:1036F800C1814001C0804101C0804100C1814000BA
:10370800C0C101C30302C2C60607C705C5C404CCAD
:103718000C0DCD0FCFCE0E0ACACB0BC90908C8D8DD
:103728001819D91BDBDA1A1EDEDF1FDD1D1CDC149D
:10373800D4D515D71716D6D21213D311D1D010F06D
:103748003031F133F3F23236F6F737F53534F43CED
:10375800FCFD3DFF3F3EFEFA3A3BFB39F9F83828BD
:10376800E8E929EB2B2AEAEE2E2FEF2DEDEC2CE4DD
:103778002425E527E7E62622E2E323E12120E0A04D
:103788006061A163A3A26266A6A767A56564A46C2D
:10379800ACAD6DAF6F6EAEAA6A6BAB69A9A868785D
:1037A800B8B979BB7B7ABABE7E7FBF7DBDBC7CB41D
:1037B8007475B577B7B67672B2B373B17170B0502D
:1037C8009091519353529296565797559594549C6D
:1037D8005C5D9D5F9F9E5E5A9A9B5B99595898883D
:1037E8004849894B8B8A4A4E8E8F4F8D4D4C8C445D
:1037F80084854587474686824243834181804000CD
:10380800C1814001C0804101C0804100C1814001A7
:10381800C0804100C1814000C1814001C080410198
:10382800C0804100C1814000C1814001C080410089
:10383800C1814001C0804101C0804100C181400177
:10384800C0804100C1814000C1814001C080410069
:10385800C1814001C0804101C0804100C181400058
:10386800C1814001C0804101C0804100C181400147
:10387800C0804100C1814000C1814001C080410138
:10388800C0804100C1814000C1814001C080410029
:10389800C1814001C0804101C0804100C181400018
:1038A800C1814001C0804101C0804100C181400107
:1038B800C0804100C1814000C1814001C0804100F9
:1038C800C1814001C0804101C0804100C1814001E7
:1038D800C0804100C1814000C1814001C0804101D8
:1038E800C0804100C1814000C1814001C0804100C9
:1038F800C1814001C0804101C0804100C1814000B8
:10390800C0C101C30302C2C60607C705C5C404CCAB
:103918000C0DCD0FCFCE0E0ACACB0BC90908C8D8DB
:103928001819D91BDBDA1A1EDEDF1FDD1D1CDC149B
:10393800D4D515D71716D6D21213D311D1D010F06B
:103948003031F133F3F23236F6F737F53534F43CEB
:10395800FCFD3DFF3F3EFEFA3A3BFB39F9F83828BB
:10396800E8E929EB2B2AEAEE2E2FEF2DEDEC2CE4DB
:103978002425E527E7E62622E2E323E12120E0A04B
:103988006061A163A3A26266A6A767A56564A46C2B
:10399800ACAD6DAF6F6EAEAA6A6BAB69A9A868785B
:1039A800B8B979BB7B7ABABE7E7FBF7DBDBC7CB41B
:1039B8007475B577B7B67672B2B373B17170B0502B
:1039C8009091519353529296565797559594549C6B
:1039D8005C5D9D5F9F9E5E5A9A9B5B99595898883B
:1039E8004849894B8B8A4A4E8E8F4F8D4D4C8C445B
:1039F80084854587474686824243834181804000CB
:103A0800C1814001C0804101C0804100C1814001A5
:103A1800C0804100C1814000C1814001C080410196
:103A2800C0804100C1814000C1814001C080410087
:103A3800C1814001C0804101C0804100C181400175
:103A4800C0804100C1814000C1814001C080410067
:103A5800C1814001C0804101C0804100C181400056
:103A6800C1814001C0804101C0804100C181400145
:103A7800C0804100C1814000C1814001C080410136
:103A8800C0804100C1814000C1814001C080410027
:103A9800C1814001C0804101C0804100C181400016
:103AA800C1814001C0804101C0804100C181400105
:103AB800C0804100C1814000C1814001C0804100F7
:103AC800C1814001C0804101C0804100C1814001E5
:103AD800C0804100C1814000C1814001C0804101D6
:103AE800C0804100C1814000C1814001C0804100C7
:103AF800C1814001C0804101C0804100C1814000B6
:103B0800C0C101C30302C2C60607C705C5C404CCA9
:103B18000C0DCD0FCFCE0E0ACACB0BC90908C8D8D9
:103B28001819D91BDBDA1A1EDEDF1FDD1D1CDC1499
:103B3800D4D515D71716D6D21213D311D1D010F069
:103B48003031F133F3F23236F6F737F53534F43CE9
:103B5800FCFD3DFF3F3EFEFA3A3BFB39F9F83828B9
:103B6800E8E929EB2B2AEAEE2E2FEF2DEDEC2CE4D9
:103B78002425E527E7E62622E2E323E12120E0A049
:103B88006061A163A3A26266A6A767A56564A46C29
:103B9800ACAD6DAF6F6EAEAA6A6BAB69A9A8687859
:103BA800B8B979BB7B7ABABE7E7FBF7DBDBC7CB419
:103BB8007475B577B7B67672B2B373B17170B05029
:103BC8009091519353529296565797559594549C69
:103BD8005C5D9D5F9F9E5E5A9A9B5B995958988839
:103BE8004849894B8B8A4A4E8E8F4F8D4D4C8C4459
:103BF80084854587474686824243834181804000C9
:103C0800C1814001C0804101C0804100C1814001A3
:103C1800C0804100C1814000C1814001C080410194
:103C2800C0804100C1814000C1814001C080410085
:103C3800C1814001C0804101C0804100C181400173
:103C4800C0804100C1814000C1814001C080410065
:103C5800C1814001C0804101C0804100C181400054
:103C6800C1814001C0804101C0804100C181400143
:103C7800C0804100C1814000C1814001C080410134
:103C8800C0804100C1814000C1814001C080410025
:103C9800C1814001C0804101C0804100C181400014
:103CA800C1814001C0804101C0804100C181400103
:103CB800C0804100C1814000C1814001C0804100F5
:103CC800C1814001C0804101C0804100C1814001E3
:103CD800C0804100C1814000C1814001C0804101D4
:103CE800C0804100C1814000C1814001C0804100C5
:103CF800C1814001C0804101C0804100C181407E36
:103D0800C800000000A0E1001ADA00000000AAE6DE
:103D1800000000000000000000000000000000009B
:103D2800000000000000000000000000000000008B
:103D3800000000000092E5000000006EE5004AE582
:103D48000026E500000000D6D80000000084D60058
:103D5800DCD600000000000000000000CAE20000FD
:103D68000000000000269E783EEEE9913E13CECC7E
:103D78003EAAAA2A3FD1F717378071313F2D2D2D42
:103D88002D2D2D2D2D2D2D2D2D2D2D2D2D2D2D2D5B
:103D98002D2D2D2D2D2D2D2D2D2D2D2D2D2D2D2D4B
:103DA8002D0A0A004348317C493A252E32667C5652
:103DB8003A252E32667C503A252E32667C50574D75
:103DC8003A25647C0A0D004348327C493A252E3254
:103DD800667C563A252E32667C503A252E32667C11
:103DE80050574D3A25647C0A0D00B5B1C7B0D4CB05
:103DF800D0D03A202575D0A1CAB12575B7D6D6D36B
:103E08002575C3EB0A0053503A252E32667C4C6563
:103E180076313A25647C4C6576323A25647C0A0D05
:103E28000050726F73746174653A25647C0A0D00E2
:103E380050726F746570793A25647C0A0D00546578
:103E48006D703A252E32667C0A0D0056696E3A2549
:103E5800647C0A0D002530325800696E66006E6178
:053E68006E00200000C7
:103E6E000601526B2AC653F62BC654F62CC655F6CF
:103E7E002DC656F656BF48EF1FF046EF1FF05CEF0B
:103E8E001FF0010E526F53C664F554C665F555C644
:103E9E0066F556C667F59AEC6FF064C553F665C5C0
:103EAE0054F666C555F667C556F6000E0601586FF0
:103EBE00000E576FD6C646F6D7C647F65251D8B43F
:103ECE006BEF1FF06DEF1FF081EF1FF05251D8A472
:103EDE0073EF1FF075EF1FF07BEF1FF0000E386FC2
:103EEE002B0E376F7FEF1FF0000E386F2D0E376FD2
:103EFE0037C652F653C664F554C665F555C666F513
:103F0E0056C667F554EC5AF0050164056511D8A440
:103F1E0093EF1FF095EF1FF0CCEF1FF006015251FB
:103F2E00D8B49CEF1FF09EEF1FF0A7EF1FF052C604
:103F3E0083F94607D8A04707000E586F010E576F3A
:103F4E00830E57250501646F090E060158210501E0
:103F5E00656F620E666F3E0E676F20EC6FF00601A6
:103F6E00FD0E4627FF0E472328C678F529C679F59C
:103F7E00830E05017A6F090E7B6F46C67CF547C628
:103F8E007DF5ECEC63F096EF24F053C664F554C661
:103F9E0065F555C666F556C667F554EC5AF005013B
:103FAE0064516511D8A4DEEF1FF0E0EF1FF003EFB0
:103FBE0020F006015251D8B4E7EF1FF0E9EF1FF0E1
:103FCE00F2EF1FF052C683F94607D8A04707000E3E
:103FDE00586F010E576F830E57250501646F090E3A
:103FEE00060158210501656F660E666F3E0E676FFE
:103FFE0020EC6FF0B6EF1FF0000E0601596F000EA9
:10400E005A6F800E5B6F3F0E5C6F000E416F000E9D
:10401E00406F53C664F554C665F555C666F556C66B
:10402E0067F5000E0501686F000E696F000E6A6F6E
:10403E00000E6B6F40EC63F00501D8B029EF20F055
:10404E002BEF20F025EF21F038EF20F042C659F685
:10405E0043C65AF644C65BF645C65CF60601404BAF
:10406E00412B59C6A7F55AC6A8F55BC6A9F55CC67D
:10407E00AAF5000E0501AB6F000EAC6F200EAD6FF2
:10408E00410EAE6FD9EC33F0A7C542F6A8C543F684
:10409E00A9C544F6AAC545F606014251535D050170
:1040AE00646F0601435154590501656F0601445171
:1040BE0055590501666F0601455156590501676F41
:1040CE0016EC6BF0050167BF78EF20F067516611B3
:1040DE00651109E1020E645DD8A078EF20F07AEF49
:1040EE0020F02DEF20F042C60CF643C60DF644C666
:1040FE000EF645C60FF653C610F654C611F655C643
:10410E0012F656C613F61AEC53F00601D8A092EF2B
:10411E0020F094EF20F02DEF20F05951535D050162
:10412E00646F06015A5154590501656F06015B51C2
:10413E0055590501666F06015C5156590501676FA9
:10414E0016EC6BF0050167BFBAEF20F067516611F0
:10415E00651107E1020E645DD8B0B8EF20F0BAEF3A
:10416E0020F00BEF21F059C653F65AC654F65BC633
:10417E0055F65CC656F625EF21F059C6C0F55AC65F
:10418E00C1F55BC6C2F55CC6C3F5000E0501C46F72
:10419E00000EC56F200EC66F410EC76FC6EC39F00C
:1041AE00C0C559F6C1C55AF6C2C55BF6C3C55CF6A5
:1041BE0006014007D8A041075951535D0501646FB0
:1041CE0006015A5154590501656F06015B51555947
:1041DE000501666F06015C5156590501676F16ECB5
:1041EE006BF0050167BF09EF21F06751661165118C
:1041FE0007E1020E645DD8B007EF21F009EF21F060
:10420E000BEF21F0BAEF20F053C60CF654C60DF6A4
:10421E0055C60EF656C60FF659C610F65AC611F604
:10422E005BC612F65CC613F61AEC53F00601D8A064
:10423E0023EF21F025EF21F0C4EF20F02EC63AF641
:10424E003AC63BF60601D9BF2FEF21F031EF21F030
:10425E0037EF21F0D8C633F6D9C634F63BEF21F04E
:10426E00000E346F060E336F33C63EF634C63FF67D
:10427E003E4B3F2B660E3B19D8A448EF21F04AEF78
:10428E0021F06AEF21F041BF51EF21F04FEF21F005
:10429E005DEF21F0000E596F000E5A6F800E5B6FAE
:1042AE003F0E5C6F000E416F000E406F670E3A19A5
:1042BE00D8B464EF21F066EF21F06AEF21F040519F
:1042CE003E2741513F23000E516F000E506F53C6D3
:1042DE0048F654C649F655C64AF656C64BF659C662
:1042EE0042F65AC643F65BC644F65CC645F6FCEF8C
:1042FE0021F048C6C0F549C6C1F54AC6C2F54BC63F
:10430E00C3F559C6C4F55AC6C5F55BC6C6F55CC637
:10431E00C7F5C6EC39F0C0C5D9F5C1C5DAF5C2C5C9
:10432E00DBF5C3C5DCF5E2EC43F0D9C54CF6DAC5D6
:10433E004DF6DBC54EF6DCC54FF64CC624F64DC623
:10434E0025F64EC626F64FC627F6A8EC57F024C61D
:10435E003CF625C63DF648C600F649C601F64AC6E5
:10436E0002F64BC603F64CC6ABF54DC6ACF54EC6C3
:10437E00ADF54FC6AEF559C6A7F55AC6A8F55BC63C
:10438E00A9F55CC6AAF5D9EC33F0A7C504F6A8C505
:10439E0005F6A9C506F6AAC507F6C9EC6DF000C666
:1043AE0048F601C649F602C64AF603C64BF659C68A
:1043BE00C0F55AC6C1F55BC6C2F55CC6C3F5000EA4
:1043CE000501C46F000EC56F200EC66F410EC76F7C
:1043DE00C6EC39F0C0C559F6C1C55AF6C2C55BF672
:1043EE00C3C55CF60601504B512B3E51505D5151E9
:1043FE00800A2F6F3F51800A2F59D8A009EF22F063
:10440E000BEF22F080EF21F059C6A7F55AC6A8F59A
:10441E005BC6A9F55CC6AAF5000E0501AB6F000ED2
:10442E00AC6FA00EAD6F400EAE6FD9EC33F0A7C5DA
:10443E004CF6A8C54DF6A9C54EF6AAC54FF648C608
:10444E000CF649C60DF64AC60EF64BC60FF64CC60E
:10445E0010F64DC611F64EC612F64FC613F61AECEE
:10446E0053F00601D8B03EEF22F040EF22F04AEFB3
:10447E0022F0000E4C6F000E4D6F000E4E6F000EB0
:10448E004F6F74EF22F048C664F549C665F54AC60B
:10449E0066F54BC667F54CC668F54DC669F54EC652
:1044AE006AF54FC66BF540EC63F00501D8A062EFDC
:1044BE0022F064EF22F074EF22F006013CB16AEFB5
:1044CE0022F06CEF22F074EF22F0000E4C6F000E13
:1044DE004D6F000E4E6F000E4F6F53C6D9F554C67A
:1044EE00DAF555C6DBF556C6DCF54CC6DDF54DC620
:1044FE00DEF54EC6DFF54FC6E0F5FCEC2CF0D9C567
:10450E0048F6DAC549F6DBC54AF6DCC54BF648C6B1
:10451E000CF649C60DF64AC60EF64BC60FF6000E41
:10452E000501AB6F000EAC6F200EAD6F410EAE6F7E
:10453E0042C6A7F543C6A8F544C6A9F545C6AAF5D1
:10454E00D9EC33F0A7C510F6A8C511F6A9C512F619
:10455E00AAC513F61AEC53F00601D8A0B9EF22F053
:10456E00BBEF22F0E4EF22F0404B412B42C6A7F501
:10457E0043C6A8F544C6A9F545C6AAF5000E050121
:10458E00AB6F000EAC6F200EAD6F410EAE6FD9EC5F
:10459E0033F0A7C542F6A8C543F6A9C544F6AAC589
:1045AE0045F6660E06013B19D8A4E0EF22F0E2EFC5
:1045BE0022F0E4EF22F03E4B3F2B42C659F643C6A3
:1045CE005AF644C65BF645C65CF640C631F641C6A1
:1045DE0032F6396B000E366F000E356F000E516FCE
:1045EE00000E506FE1EF23F048C6C0F549C6C1F585
:1045FE004AC6C2F54BC6C3F559C6C4F55AC6C5F56B
:10460E005BC6C6F55CC6C7F5C6EC39F0C0C5D9F5B4
:10461E00C1C5DAF5C2C5DBF5C3C5DCF5E2EC43F086
:10462E00D9C54CF6DAC54DF6DBC54EF6DCC54FF6F0
:10463E004CC624F64DC625F64EC626F64FC627F6B0
:10464E00A8EC57F0060125BF38EF23F0255107E1FE
:10465E000A0E245DD8B036EF23F038EF23F048EF82
:10466E0023F04CC624F64DC625F64EC626F64FC68A
:10467E0027F6A8EC57F024C63CF625C63DF64CEFBF
:10468E0023F0000E3D6F090E3C6F06013951D8A480
:10469E0053EF23F055EF23F07DEF23F032BF5CEFA5
:1046AE0023F05AEF23F07DEF23F0830E5725D96EBA
:1046BE00090E5821DA6E2E0EDF6E574B582B460719
:1046CE00D8A04707010E396F7DEF23F0830E5725D3
:1046DE00D96E090E5821DA6E300EDF6E574B582BFD
:1046EE004607D8A047073507D8A0360735513611EB
:1046FE00D8A484EF23F086EF23F06DEF23F0830E22
:10470E005725D96E090E5821DA6E3C51300FDF6EE7
:10471E00574B582B4607D8A0470748C600F649C640
:10472E0001F64AC602F64BC603F64CC6ABF54DC6AD
:10473E00ACF54EC6ADF54FC6AEF559C6A7F55AC681
:10474E00A8F55BC6A9F55CC6AAF5D9EC33F0A7C5EA
:10475E0004F6A8C505F6A9C506F6AAC507F6C9EC5E
:10476E006DF000C648F601C649F602C64AF603C603
:10477E004BF659C6C0F55AC6C1F55BC6C2F55CC646
:10478E00C3F5000E0501C46F000EC56F200EC66F77
:10479E00410EC76FC6EC39F0C0C559F6C1C55AF601
:1047AE00C2C55BF6C3C55CF606013107D8A0320759
:1047BE00504B512B3E51505D5151800A2F6F3F513E
:1047CE00800A2F59D8B0EEEF23F0F0EF23F0FEEF72
:1047DE0023F058BFFCEF23F0585109E14B0E575D03
:1047EE00D8A0FCEF23F0FEEF23F0FBEF22F0000E3B
:1047FE00516F4F0E506F830E5025D96E090E5121F9
:10480E00DA6EDF6A830E2F6F090E306F57512F5FEE
:10481E005851305B50512F250501646F06015151DF
:10482E0030210501656F830E666F090E676F57C6DF
:10483E0068F558C669F519EC6CF006015751505DD4
:10484E00576F58515159586F5251D8A431EF24F027
:10485E0034EF24F0010E35EF24F0000E506F516B43
:10486E00E0A33CEF24F03EEF24F06CEF24F04EEF8B
:10487E0024F05707D8A05807830E5725D96E090E76
:10488E005821DA6E300EDF6E4607D8A04707465124
:10489E00505D5151800A2F6F4751800A2F59D8B061
:1048AE005BEF24F05DEF24F06CEF24F05751505D78
:1048BE005151800A2F6F5851800A2F59D8A06AEF94
:1048CE0024F06CEF24F040EF24F05251D8B472EF84
:1048DE0024F074EF24F07FEF24F05707D8A0580788
:1048EE00830E5725D96E090E5821DA6E52C6DFF4A3
:1048FE005051465F5151475B28C678F529C679F568
:10490E00830E572505017A6F090E06015821050100
:10491E007B6F46C67CF547C67DF5ECEC63F0120066
:10492E002AC600F62BC601F62CC602F62DC603F6D5
:10493E002EC604F62FC605F630C606F631C607F6A5
:10494E00C9EC6DF000C656F601C657F602C658F60B
:10495E0003C659F656C608F657C609F658C60AF6DD
:10496E0059C60BF69BEC70F008C65AF609C65BF6F4
:10497E000AC65CF60BC65DF656C608F657C609F6AD
:10498E0058C60AF659C60BF69BEC70F008C60CF624
:10499E0009C60DF60AC60EF60BC60FF6000E060178
:1049AE00106F000E116F800E126F3F0E136F1AEC08
:1049BE0053F00601D8B0E6EF24F0E8EF24F0F0EF64
:1049CE0024F0000E566F000E576F000E586F000E3B
:1049DE00596F20EE05F02851D9262951DA22DEC46E
:1049EE0052F6DEC453F6DEC454F6DEC455F6000E9F
:1049FE000C6F000E0D6F480E0E6F420E0F6F5AC6E3
:104A0E0010F65BC611F65CC612F65DC613F61AEC0E
:104A1E0053F00601D8B016EF25F018EF25F035EF5C
:104A2E0025F052C6A7F553C6A8F554C6A9F555C626
:104A3E00AAF5CD0E0501AB6FCC0EAC6FCC0EAD6FE3
:104A4E003D0EAE6FD9EC33F0A7C552F6A8C553F69E
:104A5E00A9C554F6AAC555F6A1EF25F0000E0C6FA8
:104A6E00000E0D6FA00E0E6F410E0F6F5AC610F690
:104A7E005BC611F65CC612F65DC613F61AEC53F061
:104A8E000601D8B04DEF25F04FEF25F06CEF25F075
:104A9E0052C6A7F553C6A8F554C6A9F555C6AAF52C
:104AAE009A0E0501AB6F990EAC6F990EAD6F3E0E5F
:104ABE00AE6FD9EC33F0A7C552F6A8C553F6A9C50B
:104ACE0054F6AAC555F6A1EF25F05AC60CF65BC6EC
:104ADE000DF65CC60EF65DC60FF6000E106F000EDC
:104AEE00116FA00E126F400E136F1AEC53F00601E9
:104AFE00D8B084EF25F086EF25F0A1EF25F052C651
:104B0E00A7F553C6A8F554C6A9F555C6AAF5000EC5
:104B1E000501AB6F000EAC6F000EAD6F400EAE6FA9
:104B2E00D9EC33F0A7C552F6A8C553F6A9C554F66D
:104B3E00AAC555F6060120EE01F02851D9262951B5
:104B4E00DA22DEC4A7F5DEC4A8F5DEC4A9F5DEC4FC
:104B5E00AAF556C6ABF557C6ACF558C6ADF559C64F
:104B6E00AEF5D9EC33F0A7C532F6A8C533F6A9C514
:104B7E0034F6AAC535F65AC60CF65BC60DF65CC6FB
:104B8E000EF65DC60FF6000E0601106F000E116FC9
:104B9E00480E126F420E136F1AEC53F00601D8B086
:104BAE00DBEF25F0DDEF25F0BCEF27F056C65EF605
:104BBE0057C65FF658C660F659C661F6000E0C6F02
:104BCE00000E0D6FF00E0E6F410E0F6F5AC610F6DF
:104BDE005BC611F65CC612F65DC613F61AEC53F000
:104BEE000601D8B0FDEF25F0FFEF25F045EF26F0DA
:104BFE00000E0C6F000E0D6F200E0E6F420E0F6F1B
:104C0E005EC610F65FC611F660C612F661C613F6E2
:104C1E001AEC53F00601D8B017EF26F019EF26F074
:104C2E0021EF26F0000E5E6F000E5F6F200E606F9C
:104C3E00420E616F5EC60CF65FC60DF660C60EF6CE
:104C4E0061C60FF6000E106F000E116F200E126F60
:104C5E00C20E136F1AEC53F00601D8B039EF26F0DE
:104C6E003BEF26F018EF27F0000E5E6F000E5F6F21
:104C7E00200E606FC20E616F18EF27F0000E0C6FE2
:104C8E00000E0D6F200E0E6F410E0F6F5AC610F6EE
:104C9E005BC611F65CC612F65DC613F61AEC53F03F
:104CAE000601D8B05DEF26F05FEF26F0D4EF26F0C8
:104CBE005AC6A7F55BC6A8F55CC6A9F55DC6AAF5EA
:104CCE00CD0E0501AB6FCC0EAC6F4C0EAD6F3F0E23
:104CDE00AE6FD9EC33F0A7C54AF6A8C54BF6A9C5F9
:104CEE004CF6AAC54DF64AC60CF64BC60DF64CC68A
:104CFE000EF64DC60FF65EC610F65FC611F660C60E
:104D0E0012F661C613F61AEC53F00601D8B092EF04
:104D1E0026F094EF26F09CEF26F04AC65EF64BC6C0
:104D2E005FF64CC660F64DC661F65EC60CF65FC603
:104D3E000DF660C60EF661C60FF64AC664F54BC692
:104D4E0065F54CC666F54DC667F59AEC6FF064C511
:104D5E0010F665C511F666C512F667C513F61AECA0
:104D6E0053F00601D8B0BEEF26F0C0EF26F018EFD4
:104D7E0027F04AC664F54BC665F54CC666F54DC6BA
:104D8E0067F59AEC6FF064C55EF665C55FF666C5AD
:104D9E0060F667C561F618EF27F0000E0C6F000E77
:104DAE000D6FA00E0E6F400E0F6F5EC610F65FC633
:104DBE0011F660C612F661C613F61AEC53F0060130
:104DCE00D8B0ECEF26F0EEEF26F0F6EF26F0000E60
:104DDE005E6F000E5F6FA00E606F400E616F5EC65D
:104DEE000CF65FC60DF660C60EF661C60FF6000E27
:104DFE00106F000E116FA00E126FC00E136F1AEC13
:104E0E0053F00601D8B00EEF27F010EF27F018EF91
:104E1E0027F0000E5E6F000E5F6FA00E606FC00E6B
:104E2E00616F5EC6A7F55FC6A8F560C6A9F561C637
:104E3E00AAF5060120EE05F02851D9262951DA22CD
:104E4E00DEC4C4F5DEC4C5F5DEC4C6F5DEC4C7F5E2
:104E5E0052C6C0F553C6C1F554C6C2F555C6C3F504
:104E6E00C6EC39F0C0C5ABF5C1C5ACF5C2C5ADF5E4
:104E7E00C3C5AEF5D9EC33F0A7C55EF6A8C55FF68F
:104E8E00A9C560F6AAC561F6060120EE1DF02851EF
:104E9E00D9262951DA22DEC4D9F5DEC4DAF5DEC40C
:104EAE00DBF5DEC4DCF55EC6DDF55FC6DEF560C69D
:104EBE00DFF561C6E0F5FCEC2CF0060120EE1DF0EE
:104ECE002851D9262951DA220501D9C5DEF4DAC5D1
:104EDE00DEF4DBC5DEF4DCC5DEF4060120EE11F0F7
:104EEE002851D9262951DA22DEC41CF6DEC41DF65D
:104EFE00DEC41EF6DEC41FF620EE1DF02851D926A4
:104F0E002951DA22DEC414F6DEC415F6DEC416F616
:104F1E00DEC417F620EE0DF02851D9262951DA22DB
:104F2E00DEC418F6DEC419F6DEC41AF6DEC41BF6AD
:104F3E00AFEC53F014C620F615C621F616C622F6AF
:104F4E0017C623F643EC54F0060120EE1DF028514F
:104F5E00D9262951DA221CC6DEF41DC6DEF41EC681
:104F6E00DEF41FC6DEF4CAEF27F020EE1DF0285146
:104F7E00D9262951DA22000EDE6E000EDE6E000EEC
:104F8E00DE6E000EDD6E20EE1DF02851D926295161
:104F9E00DA22DEC4A7F5DEC4A8F5DEC4A9F5DEC4A8
:104FAE00AAF552C6ABF553C6ACF554C6ADF555C60B
:104FBE00AEF5D9EC33F0A7C536F6A8C537F6A9C5B8
:104FCE0038F6AAC539F6060120EE21F02851D92669
:104FDE002951DA22DEC404F6DEC405F6DEC406F676
:104FEE00DEC407F656C600F657C601F658C602F6D8
:104FFE0059C603F6C9EC6DF000C6A7F501C6A8F5B3
:10500E0002C6A9F503C6AAF5060120EE09F028513D
:10501E00D9262951DA22DEC4ABF5DEC4ACF5DEC4E6
:10502E00ADF5DEC4AEF5D9EC33F0A7C546F6A8C58E
:10503E0047F6A9C548F6AAC549F6330E0501AB6F6A
:10504E00330EAC6F330EAD6F3F0EAE6F46C6A7F587
:10505E0047C6A8F548C6A9F549C6AAF5D9EC33F056
:10506E00A7C5D9F5A8C5DAF5A9C5DBF5AAC5DCF53E
:10507E009A0E0501AB6F990EAC6F990EAD6F3E0E89
:10508E00AE6F22C7A7F523C7A8F524C7A9F525C774
:10509E00AAF5D9EC33F0A7C5DDF5A8C5DEF5A9C58F
:1050AE00DFF5AAC5E0F5FCEC2CF0D9C546F6DAC55D
:1050BE0047F6DBC548F6DCC549F646C622F747C6B5
:1050CE0023F748C624F749C625F7060120EE21F03E
:1050DE002851D9262951DA2256C6DEF457C6DEF4F7
:1050EE0058C6DEF459C6DEF436C6DDF537C6DEF533
:1050FE0038C6DFF539C6E0F532C6D9F533C6DAF56E
:10510E0034C6DBF535C6DCF5FCEC2CF0D9C53AF629
:10511E00DAC53BF6DBC53CF6DCC53DF63AC6D9F53D
:10512E003BC6DAF53CC6DBF53DC6DCF546C6DDF51D
:10513E0047C6DEF548C6DFF549C6E0F5FCEC2CF0B7
:10514E00D9C54EF6DAC54FF6DBC550F6DCC551F6BD
:10515E0028C6D9F429C6DAF4DE04D8A4B9EF28F0AB
:10516E00BBEF28F03CEF29F0060151BFC3EF28F04A
:10517E00C1EF28F0CDEF28F0000E3E6F000E3F6F0E
:10518E00000E406FBF0E416FD5EF28F0000E3E6F40
:10519E00000E3F6F000E406F3F0E416F4EC6DDF5A5
:1051AE004FC6DEF550C6DFF551C6E0F53EC6D9F561
:1051BE003FC6DAF540C6DBF541C6DCF5FCEC2CF05B
:1051CE00D9C524F6DAC525F6DBC526F6DCC527F6E5
:1051DE00A8EC57F006012451DC272551DD23000EE3
:1051EE00186F000E196F480E1A6F450E1B6FDCC636
:1051FE0099F5DDC69AF50501000E9ABFFF0E9B6F5D
:10520E009C6F010ECCEC49F099C514F69AC515F6B3
:10521E009BC516F69CC517F6AFEC53F014C620F6D8
:10522E0015C621F616C622F617C623F6000E06017F
:10523E001C6F000E1D6F000E1E6F000E1F6F43ECD5
:10524E0054F01CC624F61DC625F61EC626F61FC62D
:10525E0027F6A8EC57F024C6DCF625C6DDF6DCC62C
:10526E0028F6DDC629F6C8EF29F028C6D9F429C6D6
:10527E00DAF4020EDE18D8A447EF29F049EF29F030
:10528E00C8EF29F0060151BF51EF29F04FEF29F079
:10529E005BEF29F0000E426F000E436F000E446F5D
:1052AE00BF0E456F63EF29F0000E426F000E436F85
:1052BE00000E446F3F0E456F4EC6DDF54FC6DEF550
:1052CE0050C6DFF551C6E0F542C6D9F543C6DAF54C
:1052DE0044C6DBF545C6DCF5FCEC2CF0D9C524F64E
:1052EE00DAC525F6DBC526F6DCC527F6A8EC57F0A1
:1052FE0006012451DA272551DB23000E186F000E0C
:10530E00196F480E1A6F450E1B6FDAC699F5DBC67C
:10531E009AF50501000E9ABFFF0E9B6F9C6F010E52
:10532E00CCEC49F099C514F69AC515F69BC516F640
:10533E009CC517F6AFEC53F014C620F615C621F631
:10534E0016C622F617C623F6000E06011C6F000EB7
:10535E001D6F000E1E6F000E1F6F43EC54F01CC627
:10536E0024F61DC625F61EC626F61FC627F6A8EC81
:10537E0057F024C6DAF625C6DBF6DAC628F6DBC603
:10538E0029F6120012C742F613C743F614C744F6A5
:10539E0015C745F608C642F609C643F60AC644F6D0
:1053AE000BC645F6000E0601296F000E286F4551FB
:1053BE0009E1800E445DD8A0E7EF29F0E9EF29F06E
:1053CE00F0EF29F045AFEEEF29F0F0EF29F057EFAF
:1053DE002AF0D89042350501E96F060143350501E3
:1053EE00EA6F060144350501EB6F060145350501EF
:1053FE00EC6FE951EA11EB11EC11D8A409EF2AF088
:10540E000BEF2AF01EEF2AF0000E0601426F000E7F
:10541E00436F800E446FFF0E456F42C608F643C6BB
:10542E0009F644C60AF645C60BF6FBEF2CF006014C
:10543E0045AF24EF2AF026EF2AF036EF2AF0000EC1
:10544E000701986F210E976FFF0E0601426FFF0E38
:10545E00436FFF0E446F7F0E456F14EF2AF0E70E79
:10546E002827FF0E292342C6A7F543C6A8F544C632
:10547E00A9F545C6AAF5000E0501AB6F000EAC6F7F
:10548E00000EAD6F4C0EAE6FD9EC33F0A7C542F6E1
:10549E00A8C543F6A9C544F6AAC545F684EF2AF079
:1054AE00800E445D7F0E4559D8A060EF2AF062EF62
:1054BE002AF06CEF2AF008C608F609C609F60AC6E5
:1054CE000AF60BC60BF6FBEF2CF0800E441909E121
:1054DE003F0E451942114311D8A478EF2AF07AEF06
:1054EE002AF084EF2AF0000E086F000E096F000EEE
:1054FE000A6F000E0B6FFBEF2CF00D0E060142270C
:10550E00FB0E43234A0E4423000E452342C6E9F503
:10551E0043C6EAF544C6EBF545C6ECF5180E9EEF0C
:10552E002AF00501D890EC33EB33EA33E933E82E59
:10553E0098EF2AF0810EE925ED6FFF0EEA21EE6F4E
:10554E00ED51060128270501EE5106012923FF0E14
:10555E0042150501E96FFF0E060143150501EA6FBD
:10556E007F0E060144150501EB6F000E0601451571
:10557E000501EC6FF30EE9250601426F040E0501DD
:10558E00EA210601436F350E0501EB210601446F3A
:10559E003F0E0501EC210601456F42C600F643C6DB
:1055AE0001F644C602F645C603F6000E046F000E61
:1055BE00056F800E066F3F0E076FC9EC6DF000C6CB
:1055CE0042F601C643F602C644F603C645F642C687
:1055DE00C0F543C6C1F544C6C2F545C6C3F5000EB7
:1055EE000501DD6F000EDE6F000EDF6F400EE06F07
:1055FE0042C6D9F543C6DAF544C6DBF545C6DCF539
:10560E00FCEC2CF0D9C5C4F5DAC5C5F5DBC5C6F57D
:10561E00DCC5C7F5C6EC39F0C0C532F6C1C533F6E8
:10562E00C2C534F6C3C535F632C6A7F533C6A8F5DE
:10563E0034C6A9F535C6AAF532C6ABF533C6ACF5F8
:10564E0034C6ADF535C6AEF5D9EC33F0A7C536F692
:10565E00A8C537F6A9C538F6AAC539F636C6A7F5D0
:10566E0037C6A8F538C6A9F539C6AAF536C6ABF5BC
:10567E0037C6ACF538C6ADF539C6AEF5D9EC33F054
:10568E00A7C53AF6A8C53BF6A9C53CF6AAC53DF690
:10569E00130E0501DD6FCE0EDE6FCC0EDF6F3E0EEC
:1056AE00E06F260EAB6F9E0EAC6F780EAD6F3E0E9A
:1056BE00AE6F3AC6A7F53BC6A8F53CC6A9F53DC6E2
:1056CE00AAF5D9EC33F0A7C5D9F5A8C5DAF5A9C561
:1056DE00DBF5AAC5DCF5FCEC2CF0D9C53EF6DAC537
:1056EE003FF6DBC540F6DCC541F63EC6A7F53FC624
:1056FE00A8F540C6A9F541C6AAF53AC6ABF53BC614
:10570E00ACF53CC6ADF53DC6AEF5D9EC33F0A7C54C
:10571E0010F6A8C511F6A9C512F6AAC513F6AA0E5B
:10572E000501DD6FAA0EDE6F2A0EDF6F3F0EE06FF2
:10573E00EE0EAB6FE90EAC6F910EAD6F3E0EAE6F0F
:10574E003AC6A7F53BC6A8F53CC6A9F53DC6AAF5CF
:10575E00D9EC33F0A7C5D9F5A8C5DAF5A9C5DBF59F
:10576E00AAC5DCF5FCEC2CF0D9C53EF6DAC53FF641
:10577E00DBC540F6DCC541F63EC6A7F53FC6A8F52B
:10578E0040C6A9F541C6AAF536C6ABF537C6ACF587
:10579E0038C6ADF539C6AEF5D9EC33F0A7C514F65B
:1057AE00A8C515F6A9C516F6AAC517F614C6D9F5D5
:1057BE0015C6DAF516C6DBF517C6DCF510C6DDF52F
:1057CE0011C6DEF512C6DFF513C6E0F5FCEC2CF0C3
:1057DE00D9C50CF6DAC50DF6DBC50EF6DCC50FF62F
:1057EE00000E0501AB6F000EAC6F000EAD6F3F0EDD
:1057FE00AE6F42C6A7F543C6A8F544C6A9F545C681
:10580E00AAF5D9EC33F0A7C53EF6A8C53FF6A9C553
:10581E0040F6AAC541F63EC6A7F53FC6A8F540C656
:10582E00A9F541C6AAF542C6ABF543C6ACF544C6CA
:10583E00ADF545C6AEF5D9EC33F0A7C52AF6A8C529
:10584E002BF6A9C52CF6AAC52DF628C699F529C69C
:10585E009AF50501000E9ABFFF0E9B6F9C6F010E0D
:10586E00CCEC49F099C52EF69AC52FF69BC530F6AD
:10587E009CC531F632C6ABF533C6ACF534C6ADF5C4
:10588E0035C6AEF50CC6DDF50DC6DEF50EC6DFF57A
:10589E000FC6E0F52AC6D9F52BC6DAF52CC6DBF510
:1058AE002DC6DCF5FCEC2CF0D9C5A7F5DAC5A8F5AC
:1058BE00DBC5A9F5DCC5AAF5D9EC33F0A7C518F6FA
:1058CE00A8C519F6A9C51AF6AAC51BF6D10E05016B
:1058DE00AB6FF70EAC6F170EAD6F370EAE6F2EC6E9
:1058EE00A7F52FC6A8F530C6A9F531C6AAF5D9EC8D
:1058FE0033F0A7C5DDF5A8C5DEF5A9C5DFF5AAC548
:10590E00E0F518C6D9F519C6DAF51AC6DBF51BC6C9
:10591E00DCF5FCEC2CF0D9C51CF6DAC51DF6DBC5A2
:10592E001EF6DCC51FF62AC604F62BC605F62CC6D7
:10593E0006F62DC607F61CC600F61DC601F61EC6D7
:10594E0002F61FC603F6C9EC6DF000C620F601C6BE
:10595E0021F602C622F603C623F642C6DDF543C67D
:10596E00DEF544C6DFF545C6E0F520C6D9F521C6FD
:10597E00DAF522C6DBF523C6DCF5FCEC2CF0D9C536
:10598E0024F6DAC525F6DBC526F6DCC527F624C6D1
:10599E00D9F525C6DAF526C6DBF527C6DCF5800E69
:1059AE000501AB6F710EAC6F310EAD6F3F0EAE6F6A
:1059BE002EC6A7F52FC6A8F530C6A9F531C6AAF58D
:1059CE00D9EC33F0A7C5DDF5A8C5DEF5A9C5DFF521
:1059DE00AAC5E0F5FCEC2CF0D9C508F6DAC509F637
:1059EE00DBC50AF6DCC50BF612000501DC51800B97
:1059FE00E56FDC51DC25E76FDBAF08EF2DF00AEF2A
:105A0E002DF00BEF2DF0E781E751D8B411EF2DF00B
:105A1E0013EF2DF027EF2DF0E729D8A419EF2DF075
:105A2E001BEF2DF023EF2DF0000ED96F000EDA6F65
:105A3E00000EDB6F000EDC6FDB8FDC6B2FEF2DF0BB
:105A4E00000ED96F000EDA6F000EDB6F000EDC6FEA
:105A5E00E051800BE66FE551E619D8B439EF2DF021
:105A6E003BEF2DF03CEF2DF0E58DE051E025E66F9C
:105A7E00DFAF44EF2DF046EF2DF047EF2DF0E6812E
:105A8E00E651D8B44DEF2DF04FEF2DF063EF2DF022
:105A9E00E629D8A455EF2DF057EF2DF05FEF2DF03E
:105AAE00000EDD6F000EDE6F000EDF6F000EE06F7A
:105ABE00DF8FE06B6BEF2DF0000EDD6F000EDE6FF3
:105ACE00000EDF6F000EE06FE751E65DD8B072EFAB
:105ADE002DF074EF2DF09BEF2DF0E5AD79EF2DF05D
:105AEE007BEF2DF07DEF2DF0800EE51BE7C5E8F581
:105AFE00E6C5E7F5E8C5E6F5D9C5E8F5DDC5D9F59E
:105B0E00E8C5DDF5DAC5E8F5DEC5DAF5E8C5DEF59A
:105B1E00DBC5E8F5DFC5DBF5E8C5DFF5DCC5E8F587
:105B2E00E0C5DCF5E8C5E0F5E86BE751E6C5E1F563
:105B3E00E26BE15F000EE25BE2BFAFEF2DF0E251F0
:105B4E0009E11A0EE15DD8A0AFEF2DF0B1EF2DF007
:105B5E00E8EF2DF0D951DA11DB11DC11D8A4BAEF30
:105B6E002DF0BDEF2DF0010EBEEF2DF0000EE86F03
:105B7E00000ED96F000EDA6F000EDB6F000EDC6FB9
:105B8E00E6C5E7F5F1EF2DF0E8A1D0EF2DF0D2EF5D
:105B9E002DF0D8EF2DF0D890E8310109E86FDAEF4B
:105BAE002DF0D890E833D9A1DFEF2DF0E1EF2DF0F5
:105BBE00E2EF2DF0E88FDC35DC33DB33DA33D9332B
:105BCE00E72BE651E75DD8A0EFEF2DF0F1EF2DF0CA
:105BDE00CBEF2DF0E5BDF6EF2DF0F8EF2DF038EF11
:105BEE002EF0E751D8A4FEEF2DF000EF2EF00AEFC5
:105BFE002EF0000ED96F000EDA6F000EDB6F000E66
:105C0E00DC6F57EF2FF0DD51D927DE51DA23DF514C
:105C1E00DB23E051DC23DCA117EF2EF019EF2EF081
:105C2E00C5EF2EF0E8A11EEF2EF020EF2EF026EF9E
:105C3E002EF0D890E8310109E86F28EF2EF0D890B9
:105C4E00E833D9A12DEF2EF02FEF2EF030EF2EF0FE
:105C5E00E88FDC35DC33DB33DA33D933E72BC5EFB2
:105C6E002EF0DD51D95DDE51DA59DF51DB59DC51B1
:105C7E00800AE16FE051800AE159D8B049EF2EF069
:105C8E004BEF2EF076EF2EF0D951DD5DE16FDA514C
:105C9E00DE59E26FDB51DF59E36FDC51E059E46FFF
:105CAE00FF0EE125D96FFF0EE221DA6FFF0EE32121
:105CBE00DB6FFF0EE421DC6F800EE51BE86DE85113
:105CCE00D8A46CEF2EF06EEF2EF07EEF2EF0010EBC
:105CDE00D927000EDA23DB23DC237EEF2EF0DD51F5
:105CEE00D95FDE51DA5BDF51DB5BE051DC5BD95112
:105CFE00DA11DB11DC11D8A487EF2EF089EF2EF02C
:105D0E00BEEF2EF0E851D8A48FEF2EF091EF2EF0CB
:105D1E00BEEF2EF0000ED96F000EDA6F000EDB6FA5
:105D2E00000EDC6F57EF2FF0D890D937DA37DB370C
:105D3E00DC37E8AFA5EF2EF0A7EF2EF0A8EF2EF090
:105D4E00D981E8A1ADEF2EF0AFEF2EF0B3EF2EF02C
:105D5E00D880E837B5EF2EF0D890E837E751D8B4B1
:105D6E00BBEF2EF0BDEF2EF0BEEF2EF0E707DBAF50
:105D7E00C3EF2EF0C5EF2EF09BEF2EF0E66BE8AFE3
:105D8E00CBEF2EF0CDEF2EF0E5EF2EF0E8C5E1F5DE
:105D9E007F0EE117D8B4D6EF2EF0D8EF2EF0DCEF51
:105DAE002EF0010EE66FE5EF2EF0D9A1E1EF2EF009
:105DBE00E3EF2EF0E5EF2EF0D8EF2EF0E651D8B44B
:105DCE00EBEF2EF0EDEF2EF018EF2FF0010ED9279E
:105DDE00000EDA23DB23DC23DCA1F8EF2EF0FAEF42
:105DEE002EF018EF2FF0D9C5E1F5DAC5E2F5DBC5D7
:105DFE00E3F5DCC5E4F5E435E433E333E233E133D4
:105E0E00E1C5D9F5E2C5DAF5E3C5DBF5E4C5DCF5A8
:105E1E00E729D8B415EF2FF017EF2FF018EF2FF06A
:105E2E00E72BE729D8B41EEF2FF020EF2FF028EF45
:105E3E002FF0E751D8A426EF2FF028EF2FF039EFEF
:105E4E002FF0000ED96F000EDA6F000EDB6F000E12
:105E5E00DC6FE751D8A436EF2FF038EF2FF039EF83
:105E6E002FF0E56BE7A13EEF2FF040EF2FF043EF61
:105E7E002FF0DB8F44EF2FF0DB9FD890E731DC6FF4
:105E8E00E5AF4CEF2FF04EEF2FF04FEF2FF0DC8FF2
:105E9E00D9C5D9F5DAC5DAF5DBC5DBF5DCC5DCF538
:105EAE0012000601396F1C0E06013919D8A462EFD3
:105EBE002FF064EF2FF086EF30F0010EE9656AEFF8
:105ECE002FF06CEF2FF086EF30F0000E0501C46F4F
:105EDE00000EC56F7A0EC66F440EC76F1C0EFBEC1C
:105EEE0046F005016CC599F56DC59AF59B6B9C6BDB
:105EFE00000ECCEC49F099C5C0F59AC5C1F59BC50D
:105F0E00C2F59CC5C3F5C6EC39F0C0C5A7F5C1C531
:105F1E00A8F5C2C5A9F5C3C5AAF5000E0501AB6F5C
:105F2E00000EAC6F110EAD6F430EAE6FD9EC33F0A9
:105F3E00A7C53EF6A8C53FF6A9C540F6AAC541F6C7
:105F4E00160EF7EC3FF014C63AF615C63BF616C61B
:105F5E003CF617C63DF63EC6ABF53FC6ACF540C6A1
:105F6E00ADF541C6AEF53AC6A7F53BC6A8F53CC69B
:105F7E00A9F53DC6AAF5D9EC33F0A7C5C0F5A8C55D
:105F8E00C1F5A9C5C2F5AAC5C3F5000E0501C46FBA
:105F9E00000EC56F7A0EC66F440EC76FC6EC39F091
:105FAE00C0C531F6C1C532F6C2C533F6C3C534F627
:105FBE00000E06010C6F000E0D6FF00E0E6F410EEF
:105FCE000F6F3EC610F63FC611F640C612F641C61A
:105FDE0013F61AEC53F00601D8A0F8EF2FF0FAEFF3
:105FEE002FF003EF30F0010EE76F000E0501F26F98
:105FFE00020EF16FA8EF31F03EC60CF63FC60DF65D
:10600E0040C60EF641C60FF6000E106F800E116FD1
:10601E00090E126F440E136F1AEC53F00601D8B02E
:10602E001BEF30F01DEF30F037EF30F0000E0C6F3D
:10603E00000E0D6F160E0E6F430E0F6F3EC610F64E
:10604E003FC611F640C612F641C613F61AEC53F0CF
:10605E000601D8A035EF30F037EF30F040EF30F0DA
:10606E00020EE76F000E0501F26F010EF16FA8EF41
:10607E0031F0CD0E0501AB6FCC0EAC6F8C0EAD6F4B
:10608E003F0EAE6FDEC699F5DFC69AF59B6B9C6B25
:10609E00000ECCEC49F099C5A7F59AC5A8F59BC59D
:1060AE00A9F59CC5AAF5D9EC33F0A7C50CF6A8C581
:1060BE000DF6A9C50EF6AAC50FF631C610F632C6F4
:1060CE0011F633C612F634C613F61AEC53F0060167
:1060DE00D8B074EF30F076EF30F07FEF30F0030E83
:1060EE00E76F000E0501F26F020EF16FA8EF31F0AF
:1060FE00000E0501F26F000EF16FA8EF31F0110ED8
:10610E003919D8A48DEF30F08FEF30F07FEF30F0EB
:10611E00010EE86595EF30F097EF30F07FEF30F03D
:10612E00000E0501C46F000EC56F7A0EC66F440EC9
:10613E00C76F110EFBEC46F005016CC599F56DC5E8
:10614E009AF59B6B9C6B000ECCEC49F099C5C0F593
:10615E009AC5C1F59BC5C2F59CC5C3F5C6EC39F011
:10616E00C0C5A7F5C1C5A8F5C2C5A9F5C3C5AAF591
:10617E00000E0501AB6F000EAC6F110EAD6F430E2E
:10618E00AE6FD9EC33F0A7C542F6A8C543F6A9C544
:10619E0044F6AAC545F6040EF7EC3FF014C63AF6DF
:1061AE0015C63BF616C63CF617C63DF642C6ABF50F
:1061BE0043C6ACF544C6ADF545C6AEF53AC6A7F531
:1061CE003BC6A8F53CC6A9F53DC6AAF5D9EC33F0F9
:1061DE00A7C5C0F5A8C5C1F5A9C5C2F5AAC5C3F521
:1061EE00000E0501C46F000EC56F7A0EC66F440E09
:1061FE00C76FC6EC39F0C0C535F6C1C536F6C2C597
:10620E0037F6C3C538F6000E06010C6F000E0D6F83
:10621E00A00E0E6F410E0F6F42C610F643C611F65A
:10622E0044C612F645C613F61AEC53F00601D8A072
:10623E0023EF31F025EF31F02EEF31F0040EE76F42
:10624E00000E0501F26F020EF16FA8EF31F042C69B
:10625E000CF643C60DF644C60EF645C60FF6000EF6
:10626E00106F000E116F960E126F430E136F1AEC15
:10627E0053F00601D8B046EF31F048EF31F062EF3F
:10628E0031F0000E0C6F000E0D6F480E0E6F420EA9
:10629E000F6F42C610F643C611F644C612F645C637
:1062AE0013F61AEC53F00601D8A060EF31F062EF4E
:1062BE0031F06BEF31F0050EE76F000E0501F26F56
:1062CE00010EF16FA8EF31F0CD0E0501AB6FCC0EC4
:1062DE00AC6F8C0EAD6F3F0EAE6F45C599F546C5D2
:1062EE009AF59B6B9C6B000ECCEC49F099C5A7F50B
:1062FE009AC5A8F59BC5A9F59CC5AAF5D9EC33F0AE
:10630E00A7C50CF6A8C50DF6A9C50EF6AAC50FF6BB
:10631E0035C610F636C611F637C612F638C613F65F
:10632E001AEC53F00601D8B09FEF31F0A1EF31F027
:10633E007FEF30F0060EE76F000E0501F26F020ED2
:10634E00F16F12005FC6D9F460C6DAF4DEC4F6F45B
:10635E00DDC4F7F4000EF86E0800F550250AD8A437
:10636E00BBEF31F0BDEF31F0C1EF33F05FC6D9F4C2
:10637E0060C6DAF4DE2A000EDD22000E0601D76FAB
:10638E00000ED66FD6C6E0F6D869D969656BF0EF08
:10639E0031F0E0835FC6D9F460C6DAF4DE2A000E6F
:1063AE00DD22F0EF31F0010E656FF0EF31F05FC6D8
:1063BE00D9F460C6DAF4DEC4F6F4DDC4F7F4000EE8
:1063CE00F86E0800F550300AD8B4D0EF31F0DAEF9D
:1063DE0031F06551D8B4F6EF31F0F8EF31F0DEEF71
:1063EE0031F05FC664F560C665F561C666F562C6D6
:1063FE0067F507EC5EF064C5D6F665C5D7F60601FF
:10640E00D7BF0EEF32F00CEF32F013EF32F0E08127
:10641E00D66DD71FD8B0D72B5FC6D9F460C6DAF4C5
:10642E00DEC4F6F4DDC4F7F4000EF86E0800F55085
:10643E002E0AD8A425EF32F027EF32F03CEF32F0DF
:10644E005FC6D9F460C6DAF4DE2A000EDD225FC61E
:10645E0064F560C665F561C666F562C667F507EC5C
:10646E005EF064C5D8F665C5D9F65FC6D9F460C6C8
:10647E00DAF4DEC46BF6DDC46CF66BC6F6F46CC6ED
:10648E00F7F4000EF86E0800F550640AD8B452EF17
:10649E0032F054EF32F064EF32F06BC6F6F46CC6A5
:1064AE00F7F4000EF86E0800F550690AD8A462EFF2
:1064BE0032F064EF32F093EF32F061C6D9F462C677
:1064CE00DAF4DFC463F6020EDE26DFC464F6000ED5
:1064DE00DD2263C6D9F464C6DAF4DEC467F6DDC421
:1064EE0068F6010E06016B25636F000E6C21646F5A
:1064FE005FC6D9F460C6DAF463C6DEF464C6DDF4B2
:10650E005DC681F55EC682F567C683F568C684F5FD
:10651E00EAEC48F0D8EF33F06BC6F6F46CC6F7F43D
:10652E00000EF86E0800F550580AD8B4A1EF32F0FC
:10653E00A3EF32F0B3EF32F06BC6F6F46CC6F7F49D
:10654E00000EF86E0800F550750AD8A4B1EF32F0BF
:10655E00B3EF32F002EF33F061C6D9F462C6DAF46B
:10656E00DFC463F6020EDE26DFC464F6000EDD2203
:10657E0063C6D9F464C6DAF4DEC467F6DDC468F621
:10658E00010E06016B25636F000E6C21646F5FC6F2
:10659E00D9F460C6DAF463C6DEF464C6DDF4F0EF57
:1065AE0032F05DC681F55EC682F567C683F568C6B4
:1065BE0084F54FEC51F0D8EF33F05DC681F55EC631
:1065CE0082F567C683F568C684F5A8EC50F0D8EF5F
:1065DE0033F06BC6F6F46CC6F7F4000EF86E0800D6
:1065EE00F550580AD8B4E4EF32F02D0AD8B4D8EFEB
:1065FE0032F002EF33F05FC6D9F460C6DAF4DEC4CF
:10660E006BF6DDC46CF66BC6F6F46CC6F7F4000ED2
:10661E00F86E0800F5C466F620EF33F06B4B6C2B6A
:10662E0030EF33F06C0E666F30EF33F0666B30EF99
:10663E0033F0060166514C0AD8B415EF33F02A0A2E
:10664E00D8B419EF33F00A0AD8B415EF33F01DEFB2
:10665E0033F06BC6F6F46CC6F7F4000EF86E080055
:10666E00F550660AD8A43EEF33F040EF33F0B8EFA2
:10667E0033F076EF33F061C6D9F462C6DAF4DFC4D4
:10668E0063F6040EDE26DFC464F6000EDD2263C65A
:10669E00D9F464C6DAF4DEC467F6DEC468F6DEC486
:1066AE0069F6DEC46AF681EF33F061C6D9F462C6CC
:1066BE00DAF4DFC463F6040EDE26DFC464F6000EE1
:1066CE00DD2263C6D9F464C6DAF4DEC467F6DEC42E
:1066DE0068F6DEC469F6DEC46AF681EF33F0665101
:1066EE004C0AD8B45CEF33F0200AD8B442EF33F042
:1066FE0081EF33F0010E6B25636F000E6C21646F1A
:10670E005FC6D9F460C6DAF463C6DEF464C6DDF49F
:10671E00AAEF33F05DC628F65EC629F667C62AF6DE
:10672E0068C62BF669C62CF66AC62DF66BC6F6F44D
:10673E006CC6F7F4000EF86E0800F5C42EF637ECB2
:10674E001FF0D8EF33F06BC6F6F46CC6F7F4000EFC
:10675E00F86E0800F550660AD8B491EF33F0B8EF32
:10676E0033F05FC6D9F460C6DAF4DE2A000EDD22FD
:10677E00D8EF33F05FC6D9F460C6DAF4DEC4F6F4AF
:10678E00DDC4F7F4000EF86E0800F5500501686FD1
:10679E00696B5DC66AF55EC66BF56EEC5EF0B8EFC2
:1067AE0033F012000501AA51800BB36FAA51AA252E
:1067BE00B96FA9AFE5EF33F0E7EF33F0E8EF33F061
:1067CE00B981B951D8B4EEEF33F0F0EF33F003EFF7
:1067DE0034F0B929D8A4F6EF33F0F8EF33F000EF28
:1067EE0034F0000EA76F000EA86F000EA96F000EFA
:1067FE00AA6FA98F0BEF34F0000EA76F000EA86FD3
:10680E00000EA96F000EAA6FAE51800BB31BAE51D6
:10681E00AE25B46FADAF16EF34F018EF34F019EFBC
:10682E0034F0B481B451D8B41FEF34F021EF34F00A
:10683E0034EF34F0B429D8A427EF34F029EF34F034
:10684E0031EF34F0000EAB6F000EAC6F000EAD6F7B
:10685E00000EAE6FAD8F3CEF34F0000EAB6F000E3E
:10686E00AC6F000EAD6F000EAE6FB451D8B442EFE8
:10687E0034F044EF34F04CEF34F0B951D8A44AEF71
:10688E0034F04CEF34F056EF34F0000EA76F000EDC
:10689E00A86F000EA96F000EAA6FECEF35F0AD5188
:1068AE00A703F3C4BEF5F4C4BFF5BE51B56FB66B06
:1068BE00B76BB86BBF51BA6FBB6BBC6BBD6BAC51DA
:1068CE00A803F3C4BEF5F4C4BFF5BE51B527000E40
:1068DE00B623B723B823BF51BA27000EBB23BC2360
:1068EE00BD23AB51A903F3C4BEF5F4C4BFF5BE512D
:1068FE00B527000EB623B723B823BF51BA27000E13
:10690E00BB23BC23BD23B7C5B8F5B6C5B7F5B5C512
:10691E00B6F5B56BAB51A803F3C4BEF5F4C4BFF521
:10692E00BE51B527BF51B623000EB723000EB823B4
:10693E00AC51A703F3C4BEF5F4C4BFF5BE51B527E1
:10694E00BF51B623000EB723000EB823B7C5B8F556
:10695E00B6C5B7F5B5C5B6F5B56BAB51A703F3C460
:10696E00BEF5F4C4BFF5BE51B527BF51B623000E18
:10697E00B723000EB823AD51A803F3C4BEF5F4C47B
:10698E00BFF5BE51BA27BF51BB23000EBC23000E6C
:10699E00BD23AC51A903F3C4BEF5F4C4BFF5BE517B
:1069AE00BA27BF51BB23000EBC23000EBD23AD5131
:1069BE00A903F3C4BEF5F4C4BFF5BE51AF6FBF510A
:1069CE00B06FB16BB26BB1C5B2F5B0C5B1F5AFC5B5
:1069DE00B0F5AF6BAF51BA27B051BB23B151BC2349
:1069EE00B251BD23B5C5AFF5B6C5B0F5B7C5B1F556
:1069FE00B8C5B2F5190E09EF35F0D890B233B133F0
:106A0E00B033AF33E82E04EF35F0AF51BA27B051A3
:106A1E00BB23B151BC23B251BD23B7C5B8F5B6C522
:106A2E00B7F5B5C5B6F5B56BB451B9C5AFF5B06B25
:106A3E00AF27000EB023820EAF25BE6FFF0EB02122
:106A4E00BF6F3FEF35F0D890BA37BB37BC37BD3785
:106A5E00B8AF34EF35F036EF35F037EF35F0BA81A9
:106A6E00D890B537B637B737B837BE07D8A0BF07F7
:106A7E00BCAF44EF35F046EF35F02AEF35F0B46B8E
:106A8E00B8AF4CEF35F04EEF35F072EF35F0FF0E3C
:106A9E00B515AF6FFF0EB615B06FFF0EB715B16F10
:106AAE007F0EB815B26FAF51B011B111B211D8B48B
:106ABE0063EF35F065EF35F069EF35F0010EB46F29
:106ACE0072EF35F0BAA16EEF35F070EF35F072EF70
:106ADE0035F065EF35F0B451D8B478EF35F07AEF84
:106AEE0035F09EEF35F0010EBA27000EBB23BC2306
:106AFE00BD23BDA185EF35F087EF35F09EEF35F064
:106B0E00BAC5AFF5BBC5B0F5BCC5B1F5BDC5B2F5DF
:106B1E00B235B233B133B033AF33AFC5BAF5B0C55A
:106B2E00BBF5B1C5BCF5B2C5BDF5BE4BBF2BBFBFE6
:106B3E00A9EF35F0BF5108E1BE29D8A0A9EF35F075
:106B4E00ABEF35F0B5EF35F0000EBA6F000EBB6F40
:106B5E00800EBC6F7F0EBD6FE2EF35F0BFBFC2EF90
:106B6E0035F0BF5106E1BE05D8B0C0EF35F0C2EF2B
:106B7E0035F0CDEF35F0000EBA6F000EBB6F000E84
:106B8E00BC6F000EBD6FB36BE2EF35F0BEC5B9F54D
:106B9E00FF0EBA17FF0EBB177F0EBC17000EBD17E8
:106BAE00B9A1DCEF35F0DEEF35F0DFEF35F0BC8F5D
:106BBE00D890B931BD6FB351BD13BAC5A7F5BBC5DA
:106BCE00A8F5BCC5A9F5BDC5AAF512002EC768F576
:106BDE002FC769F530C76AF531C76BF55BEC66F008
:106BEE0068C5F3F569C5F4F56AC5F5F56BC5F6F537
:106BFE00030EB7EC6FF064C5F1F565C5F2F5F1C59E
:106C0E0046F6F2C547F68EEC3EF046C6F7F547C699
:106C1E00F8F548C6F9F549C6FAF5F7C55AF7F8C5B5
:106C2E005BF7F9C55CF7FAC55DF72AC704F62BC703
:106C3E0005F62CC706F62DC707F6F7C500F6F8C5FC
:106C4E0001F6F9C502F6FAC503F6C9EC6DF000C6F9
:106C5E0008F601C609F602C60AF603C60BF69BEC49
:106C6E0070F008C60CF609C60DF60AC60EF60BC66F
:106C7E000FF6000E0601106F000E116F800E126FD0
:106C8E003F0E136F1AEC53F00601D8B051EF36F0E9
:106C9E0053EF36F05EEF36F0050EE36159EF36F046
:106CAE005BEF36F05FEF36F0E32B5FEF36F0E36B22
:106CBE00F7C52AF7F8C52BF7F9C52CF7FAC52DF746
:106CCE00D7EF37F0E66B040EE36570EF36F072EF38
:106CDE0036F0E6EF37F0F7C50CF6F8C50DF6F9C548
:106CEE000EF6FAC50FF6000E0501DD6F000EDE6F13
:106CFE00A00EDF6F400EE06FEBC6D9F5ECC6DAF5ED
:106D0E00EDC6DBF5EEC6DCF5FCEC2CF0D9C510F6C5
:106D1E00DAC511F6DBC512F6DCC513F61AEC53F024
:106D2E000601D8A09DEF36F09FEF36F0EAEF36F071
:106D3E00F7C50CF6F8C50DF6F9C50EF6FAC50FF641
:106D4E00000E0501DD6F000EDE6F200EDF6F410EAF
:106D5E00E06FEBC6D9F5ECC6DAF5EDC6DBF5EEC69F
:106D6E00DCF5FCEC2CF0D9C510F6DAC511F6DBC556
:106D7E0012F6DCC513F61AEC53F00601D8B0CAEFC2
:106D8E0036F0CCEF36F0EAEF36F00501F651F5119C
:106D9E000BE1E80EF35D030EF459D8A0D9EF36F0EF
:106DAE00DBEF36F0E6EF37F0010E0601E46F05EC8F
:106DBE0074F064C52EF765C52FF766C530F767C545
:106DCE0031F7E6EF37F0F7C50CF6F8C50DF6F9C555
:106DDE000EF6FAC50FF6000E0501DD6F000EDE6F22
:106DEE00200EDF6F410EE06FEBC6D9F5ECC6DAF57B
:106DFE00EDC6DBF5EEC6DCF5FCEC2CF0D9C510F6D5
:106E0E00DAC511F6DBC512F6DCC513F61AEC53F033
:106E1E000601D8A015EF37F017EF37F0DEEF36F09A
:106E2E000501F651F5110BE1E80EF35D030EF45971
:106E3E00D8A024EF37F026EF37F02BEF37F0020E05
:106E4E000601E46FDEEF36F0E6EF37F0010EE66F87
:106E5E00040EE36535EF37F037EF37F0E6EF37F036
:106E6E00EBC60CF6ECC60DF6EDC60EF6EEC60FF63C
:106E7E00F7C510F6F8C511F6F9C512F6FAC513F6F0
:106E8E001AEC53F00601D8A04FEF37F051EF37F060
:106E9E0064EF37F00501F651F5110BE1E80EF35DE5
:106EAE00030EF459D8A05EEF37F060EF37F0E6EF3F
:106EBE0037F00601E46BDEEF36F0F7C50CF6F8C5D9
:106ECE000DF6F9C50EF6FAC50FF6000E0501DD6FCB
:106EDE00000EDE6F200EDF6F410EE06FEBC6D9F5B0
:106EEE00ECC6DAF5EDC6DBF5EEC6DCF5FCEC2CF007
:106EFE00D9C510F6DAC511F6DBC512F6DCC513F6E8
:106F0E001AEC53F00601D8A08FEF37F091EF37F05F
:106F1E00DEEF36F00501F651F5110BE1E80EF35DEB
:106F2E00030EF459D8A09EEF37F0A0EF37F02BEFF9
:106F3E0037F026EF37F0020EE66F040EE365AAEF88
:106F4E0037F0ACEF37F0E6EF37F0EBC60CF6ECC6E9
:106F5E000DF6EDC60EF6EEC60FF6F7C510F6F8C531
:106F6E0011F6F9C512F6FAC513F61AEC53F006012E
:106F7E00D8A0C4EF37F0C6EF37F0E6EF37F00501D3
:106F8E00F651F5110BE1D00EF35D070EF459D8A0B2
:106F9E00D3EF37F0D5EF37F0E6EF37F060EF37F09D
:106FAE00E451000AD8B469EF36F0010AD8B42DEFD7
:106FBE0037F0030AD8B4A2EF37F0E6EF37F012003D
:106FCE00060114511511D8A4EFEF37F0F1EF37F099
:106FDE00FBEF37F0000E146F000E156F000E166FDC
:106FEE00000E176FC5EF39F005EC74F064C526F688
:106FFE0065C527F666C528F667C529F6060120EE93
:10700E0008F01451D9261551DA22DEC464F5DEC417
:10701E0065F5DEC466F5DEC467F516C668F517C6F7
:10702E0069F518C66AF519C66BF540EC63F00501F3
:10703E00D8B024EF38F026EF38F0B5EF38F006016F
:10704E0020EE08F01451D9261551DA2216C6DEF4B8
:10705E0017C6DEF418C6DEF419C6DEF414C6D9F46B
:10706E0015C6DAF4DEC40CF6DEC40DF6DEC40EF67A
:10707E00DEC40FF616C610F617C611F618C612F6AF
:10708E0019C613F61AEC53F00601D8B051EF38F0CA
:10709E0053EF38F083EF38F014C6D9F415C6DAF48E
:1070AE0010EE04F01451E1261551E222DEC4E6F48E
:1070BE00DEC4E6F4DEC4E6F4DEC4E6F420EE0CF044
:1070CE001451D9261551DA2226C6DEF427C6DEF46F
:1070DE0028C6DEF429C6DEF420EE10F01451D926AF
:1070EE001551DA221AC6DEF41BC6DEF41CC6DEF417
:1070FE001DC6DEF4B5EF38F020EE04F01451D9269B
:10710E001551DA2216C6DEF417C6DEF418C6DEF402
:10711E0019C6DEF414C6D9F415C6DAF416C6DEF4B2
:10712E0017C6DEF418C6DEF419C6DEF420EE0CF037
:10713E001451D9261551DA2226C6DEF427C6DEF4FE
:10714E0028C6DEF429C6DEF420EE10F01451D9263E
:10715E001551DA22DE6ADE6ADE6ADD6A060120EE8B
:10716E0010F01451D9261551DA22DE50DE10DE1041
:10717E00DE10D8A4C5EF38F0C7EF38F0D5EF38F0F1
:10718E0014C6D9F415C6DAF4DEC414F6DEC415F648
:10719E00DEC416F6DEC417F6C5EF39F020EE0CF09D
:1071AE001451D9261551DA22DEC468F5DEC469F50C
:1071BE00DEC46AF5DEC46BF55BEC66F068C52AF6D4
:1071CE0069C52BF66AC52CF66BC52DF6060120EEA9
:1071DE0010F01451D9261551DA22DE502A5DDE50F8
:1071EE002B59DE502C59DE502D59D8A001EF39F015
:1071FE0003EF39F023EF39F020EE08F01451D926C1
:10720E001551DA2214C6E1F415C6E2F4DEC4E6F432
:10721E00DEC4E6F4DEC4E6F4DEC4E6F414C6D9F445
:10722E0015C6DAF4DEC414F6DEC415F6DEC416F6A0
:10723E00DEC417F6C5EF39F02AC699F52BC69AF5B6
:10724E002CC69BF52DC69CF5000ECCEC49F099C5CD
:10725E00C0F59AC5C1F59BC5C2F59CC5C3F506011F
:10726E0020EE10F01451D9261551DA22DEC499F50C
:10727E00DEC49AF5DEC49BF5DEC49CF5000ECCECA4
:10728E0049F099C5C4F59AC5C5F59BC5C6F59CC50B
:10729E00C7F5C6EC39F0C0C51EF6C1C51FF6C2C58E
:1072AE0020F6C3C521F61EC6ABF51FC6ACF520C62B
:1072BE00ADF521C6AEF5060120EE04F01451D92627
:1072CE001551DA22DEC404F6DEC405F6DEC406F677
:1072DE00DEC407F620EE08F01451D9261551DA2235
:1072EE00DEC400F6DEC401F6DEC402F6DEC403F62A
:1072FE00C9EC6DF000C6A7F501C6A8F502C6A9F542
:10730E0003C6AAF5D9EC33F0A7C522F6A8C523F615
:10731E00A9C524F6AAC525F622C6D9F523C6DAF5DF
:10732E0024C6DBF525C6DCF5060120EE04F014516B
:10733E00D9261551DA22DEC4DDF5DEC4DEF5DEC453
:10734E00DFF5DEC4E0F5FCEC2CF014C6D9F415C65E
:10735E00DAF40501D9C5DEF4DAC5DEF4DBC5DEF4F8
:10736E00DCC5DEF414C6D9F415C6DAF4DEC414F6A0
:10737E00DEC415F6DEC416F6DEC417F612000501DD
:10738E00C351800BD06FC351C325D76FC2AFD2EF9D
:10739E0039F0D4EF39F0D5EF39F0D781D751D8B4D1
:1073AE00DBEF39F0DDEF39F0F1EF39F0D729D8A462
:1073BE00E3EF39F0E5EF39F0EDEF39F0000EC06F85
:1073CE00000EC16F000EC26F000EC36FC28FC36B73
:1073DE00F9EF39F0000EC06F000EC16F000EC26FD4
:1073EE00000EC36FC751800BD01BC751C725D86F76
:1073FE00C6AF04EF3AF006EF3AF007EF3AF0D88155
:10740E00D851D8B40DEF3AF00FEF3AF023EF3AF02F
:10741E00D829D8A415EF3AF017EF3AF01FEF3AF04B
:10742E00000EC46F000EC56F000EC66F000EC76F44
:10743E00C68FC76B2BEF3AF0000EC46F000EC56FF0
:10744E00000EC66F000EC76FC451C511C611C7110D
:10745E00D8A434EF3AF036EF3AF04EEF3AF0000E91
:10746E00C06F000EC16F000EC26F000EC36F800E94
:10747E00C2137F0EC313D051C313C0C5C0F5C1C50F
:10748E00C1F5C2C5C2F5C3C5C3F58EEF3BF0D751EA
:10749E00D8A454EF3AF056EF3AF060EF3AF0000EFF
:1074AE00C06F000EC16F000EC26F000EC36F8EEF65
:1074BE003BF0D851D7C5C8F5C96BC85F000EC95B84
:1074CE007F0EC825D16F000EC921D26FC0C5CCF575
:1074DE00C1C5CDF5C2C5CEF5C3C5CFF5000EC06F83
:1074EE00000EC16F000EC26F000EC36F000ED36F81
:1074FE00000ED46F000ED56F000ED66FD86BC0EF96
:10750E003AF0D851D8B48EEF3AF090EF3AF0A7EFA8
:10751E003AF0D890CC37CD37CE37CF37D890C0375A
:10752E00C137C237C337D6AF9FEF3AF0A1EF3AF06B
:10753E00A2EF3AF0C081D890D337D437D537D637AB
:10754E00C451CC5DC551CD59C651CE59C751CF5935
:10755E00D8A0B4EF3AF0B6EF3AF0BFEF3AF0D68DCE
:10756E00C451CC5FC551CD5BC651CE5BC751CF5B0D
:10757E00D82B190ED865C6EF3AF0C8EF3AF088EF5F
:10758E003AF0CC51CD11CE11CF11D8B4D1EF3AF093
:10759E00D3EF3AF0EBEF3AF0D381EBEF3AF0D8902D
:1075AE00C037C137C237C337D6AFE0EF3AF0E2EF9C
:1075BE003AF0E3EF3AF0C081D890D337D437D537CD
:1075CE00D637D107D8A0D207C2AFF0EF3AF0F2EF1C
:1075DE003AF0D6EF3AF0D86BD6AFF8EF3AF0FAEFC2
:1075EE003AF01EEF3BF0FF0ED315C86FFF0ED41509
:1075FE00C96FFF0ED515CA6F7F0ED615CB6FC8514A
:10760E00C911CA11CB11D8B40FEF3BF011EF3BF0FB
:10761E0015EF3BF0010ED86F1EEF3BF0C0A11AEF35
:10762E003BF01CEF3BF01EEF3BF011EF3BF0D8515F
:10763E00D8B424EF3BF026EF3BF04AEF3BF0010EBF
:10764E00C027000EC123C223C323C3A131EF3BF0D9
:10765E0033EF3BF04AEF3BF0C0C5C8F5C1C5C9F5E5
:10766E00C2C5CAF5C3C5CBF5CB35CB33CA33C93387
:10767E00C833C8C5C0F5C9C5C1F5CAC5C2F5CBC5A5
:10768E00C3F5D14BD22BD2BF55EF3BF0D25108E10F
:10769E00D129D8A055EF3BF057EF3BF062EF3BF00E
:1076AE00000ED26FD169000EC06F000EC16F000EBA
:1076BE00C26F000EC36FD2BF6FEF3BF0D25106E127
:1076CE00D105D8B06DEF3BF06FEF3BF07CEF3BF0A8
:1076DE00000ED26F000ED16F000EC06F000EC16F84
:1076EE00000EC26F000EC36FD06BD1C5D7F5D7A1F8
:1076FE0083EF3BF085EF3BF088EF3BF0C28F89EFD5
:10770E003BF0C29FD890D731C36F42EF3AF01200D0
:10771E0006014C6F05EC74F064C54EF665C54FF668
:10772E0066C550F667C551F6060120EE02F04651C9
:10773E00D9264751DA22DF50D8B4A8EF3BF0AAEF92
:10774E003BF0E7EF3BF020EE08F04651D9264751CB
:10775E00DA22DEC468F5DEC469F5DEC46AF5DEC47D
:10776E006BF55BEC66F068C552F669C553F66AC5F3
:10777E0054F66BC555F60601555154110BE1880EA2
:10778E00525D130E5359D8A0CFEF3BF0D1EF3BF023
:10779E0017EF3DF020EE02F04651D9264751DA227E
:1077AE00DF6A48C6D9F449C6DAF4DF6A4AC6D9F4A4
:1077BE004BC6DAF4010EDF6E17EF3DF017EF3DF01A
:1077CE0020EE03F04651D9264751DA22DF50D8B4C5
:1077DE00F3EF3BF0F5EF3BF0FDEF3BF048C6D9F48D
:1077EE0049C6DAF4010EDF6E17EF3DF04C5158EC3E
:1077FE002FF00501F15106014D6F4D05D8A40AEF8A
:10780E003CF00CEF3CF09AEF3CF046C6D9F447C67C
:10781E00DAF4DF50D8A416EF3CF018EF3CF02EEF60
:10782E003CF020EE04F04651D9264751DA224EC6DE
:10783E00DEF44FC6DEF450C6DEF451C6DEF446C6A4
:10784E00D9F447C6DAF4010EDF6E17EF3DF020EEE5
:10785E0004F04651D9264751DA22DEC468F5DEC45B
:10786E0069F5DEC46AF5DEC46BF55BEC66F068C5DF
:10787E0052F669C553F66AC554F66BC555F6060140
:10788E00555154110BE1E90E525D030E5359D8A018
:10789E0053EF3CF055EF3CF017EF3DF048C6D9F4EE
:1078AE0049C6DAF4010EDF6E4AC6D9F44BC6DAF4D5
:1078BE00DF6A20EE02F04651D9264751DA22010E38
:1078CE00DF6E20EE08F04651D9264751DA224EC619
:1078DE00DEF44FC6DEF450C6DEF451C6DEF446C604
:1078EE00D9F447C6DAF4DF6A20EE0CF04651D926F9
:1078FE004751DA22DF2A20EE0CF04651D9264751A5
:10790E00DA22040EDF648EEF3CF090EF3CF0E5EFF0
:10791E003BF020EE03F04651D9264751DA22010EF4
:10792E00DF6E17EF3DF0020E4D19D8A4A1EF3CF01B
:10793E00A3EF3CF006EF3DF020EE01F04651D926C4
:10794E004751DA22DF50D8A4AFEF3CF0B1EF3CF054
:10795E00C9EF3CF020EE04F04651D9264751DA2209
:10796E004EC6DEF44FC6DEF450C6DEF451C6DEF46B
:10797E0020EE01F04651D9264751DA22010EDF6E74
:10798E0017EF3DF020EE04F04651D9264751DA228A
:10799E00DEC468F5DEC469F5DEC46AF5DEC46BF5D7
:1079AE005BEC66F068C552F669C553F66AC554F6C7
:1079BE006BC555F6060155515411531109E1C90E07
:1079CE00525DD8A0EDEF3CF0EFEF3CF017EF3DF03D
:1079DE0048C6D9F449C6DAF4020EDF6E20EE03F083
:1079EE004651D9264751DA22010EDF6E20EE01F004
:1079FE004651D9264751DA22DF6A17EF3DF048C6C5
:107A0E00D9F449C6DAF4DF6A46C6D9F447C6DAF4C1
:107A1E00DF6A20EE01F04651D9264751DA22DF6A9D
:107A2E00120026C768F527C769F528C76AF529C762
:107A3E006BF55BEC66F068C5C4F669C5C5F66AC53C
:107A4E00C6F66BC5C7F60601C751C611C51109E1C9
:107A5E000B0EC45DD8A036EF3DF038EF3DF044EF8D
:107A6E003DF0E251D8B43EEF3DF040EF3DF044EF33
:107A7E003DF0010EE16FDDEC74F00601E105D8B4C6
:107A8E004BEF3DF04DEF3DF04FEF3DF08DEF3EF003
:107A9E001F0E0501646F090E656F480E666F0B0EA3
:107AAE00676FE2C668F5696B19EC6CF00601E2517E
:107ABE00FE0FCE6F1F0E0501646F090E656FCEC6E9
:107ACE0066F52BEC68F064C5C8F665C5C9F6200EE0
:107ADE000601CE25D96EDA6A090EDA22DF50C06FA2
:107AEE001F0ECE25D96EDA6A090EDA22DF50C16F6B
:107AFE00C151C36FC26BC051C225CA6F000EC321E4
:107B0E00CB6FCA51C81909E1CB51C919D8B492EF3C
:107B1E003DF094EF3DF098EF3DF080EC6DF08DEF81
:107B2E003EF025C9CCF6E251F70FCD6FCC51CD19F1
:107B3E00D8B4A4EF3DF0A6EF3DF0A8EF3DF094EFE2
:107B4E003DF0100E09012019D8A4B0EF3DF0B2EFB0
:107B5E003DF0C2EF3DF00E0E2219D8A4B9EF3DF064
:107B6E00BBEF3DF0C2EF3DF01F0E0501646F090E35
:107B7E00656F35EC58F0AA0E09011F19D8A4CAEF8B
:107B8E003DF0CCEF3DF094EF3DF05A0E2019D8A405
:107B9E00D3EF3DF0D5EF3DF094EF3DF072EF3EF0B8
:107BAE002105D8A4DDEF3DF0DFEF3DF0E6EF3DF02F
:107BBE001F0E0601876F090E886FD7EC54F0020E68
:107BCE0009012119D8A4EEEF3DF0F0EF3DF094EF4E
:107BDE003DF01F0E0601876F090E886FA8EC4AF064
:107BEE0094EF3DF0020E2119D8A400EF3EF002EF03
:107BFE003EF094EF3DF01F0E0601876F090E886F61
:107C0E0053EC5BF094EF3DF0020E2119D8A412EF65
:107C1E003EF014EF3EF094EF3DF01F0E0601876F1D
:107C2E00090E886F19EC4DF094EF3DF02105D8A4A4
:107C3E0023EF3EF025EF3EF02CEF3EF01F0E060137
:107C4E00876F090E886FEAEC51F0020E09012119B7
:107C5E00D8A434EF3EF036EF3EF094EF3DF01F0E19
:107C6E0006019B6F090E9C6FB5EC42F094EF3DF050
:107C7E002105D8A445EF3EF047EF3EF04EEF3EF023
:107C8E001F0E0601876F090E886FD4EC5AF0020E94
:107C9E0009012119D8A456EF3EF058EF3EF094EFAB
:107CAE003DF01F0E06019B6F090E9C6F6AEC55F09E
:107CBE0094EF3DF02105D8A467EF3EF069EF3EF05A
:107CCE0094EF3DF01F0E0601876F090E886FBEEC14
:107CDE0058F094EF3DF02251010AD8B4D7EF3DF0A1
:107CEE00030AD8B41DEF3EF00A0AD8B43FEF3EF0B7
:107CFE001E0AD8B461EF3EF0010AD8B4F9EF3DF098
:107D0E00400AD8B40BEF3EF094EF3DF01200000E97
:107D1E0006014A6F000E4B6FA00E4C6F400E4D6F5A
:107D2E006F0E4E6F120E4F6F830E506F400E516FCF
:107D3E00000E526F400E536F1C0E546F460E556F51
:107D4E00000E566F500E576FC30E586F470E596F79
:107D5E00000E5A6F000E5B6F7A0E5C6F450E5D6FF4
:107D6E00330E5E6F130E5F6F950E606F430E616F75
:107D7E00000E0501DD6F000EDE6F800EDF6FBF0E91
:107D8E00E06F4EC6ABF54FC6ACF550C6ADF551C65D
:107D9E00AEF546C699F547C69AF5000E9ABFFF0E88
:107DAE009B6F9C6F010ECCEC49F099C5A7F59AC557
:107DBE00A8F59BC5A9F59CC5AAF5D9EC33F0A7C5C6
:107DCE00C4F5A8C5C5F5A9C5C6F5AAC5C7F54AC661
:107DDE00ABF54BC6ACF54CC6ADF54DC6AEF5FF0ECC
:107DEE000501996F0F0E9A6F000E9B6F000E9C6F20
:107DFE00000ECCEC49F099C5A7F59AC5A8F59BC520
:107E0E00A9F59CC5AAF5D9EC33F0A7C5C0F5A8C550
:107E1E00C1F5A9C5C2F5AAC5C3F5C6EC39F0C0C5F2
:107E2E00D9F5C1C5DAF5C2C5DBF5C3C5DCF5FCEC89
:107E3E002CF0D9C56AF6DAC56BF6DBC56CF6DCC577
:107E4E006DF66AC6A7F56BC6A8F56CC6A9F56DC624
:107E5E00AAF552C6ABF553C6ACF554C6ADF555C62C
:107E6E00AEF5D9EC33F0A7C562F6A8C563F6A9C581
:107E7E0064F6AAC565F656C6C4F557C6C5F558C606
:107E8E00C6F559C6C7F562C6C0F563C6C1F564C668
:107E9E00C2F565C6C3F5C6EC39F0C0C56EF6C1C5F0
:107EAE006FF6C2C570F6C3C571F66EC608F66FC61C
:107EBE0009F670C60AF671C60BF6C9EC29F008C6AB
:107ECE0072F609C673F60AC674F60BC675F672C656
:107EDE00ABF573C6ACF574C6ADF575C6AEF55AC640
:107EEE00C4F55BC6C5F55CC6C6F55DC6C7F5000E26
:107EFE000501C06F000EC16F800EC26F3F0EC36FC3
:107F0E00C6EC39F0C0C5A7F5C1C5A8F5C2C5A9F51F
:107F1E00C3C5AAF5D9EC33F0A7C5DDF5A8C5DEF5C6
:107F2E00A9C5DFF5AAC5E0F55EC6C4F55FC6C5F501
:107F3E0060C6C6F561C6C7F5000E0501C06F000E1E
:107F4E00C16F800EC26F3F0EC36FC6EC39F0C0C555
:107F5E00D9F5C1C5DAF5C2C5DBF5C3C5DCF5FCEC58
:107F6E002CF0D9C576F6DAC577F6DBC578F6DCC522
:107F7E0079F6000E0501C06F000EC16F800EC26F44
:107F8E003F0EC36F76C6C4F577C6C5F578C6C6F57F
:107F9E0079C6C7F5C6EC39F0C0C566F6C1C567F639
:107FAE00C2C568F6C3C569F666C6D9F567C6DAF501
:107FBE0068C6DBF569C6DCF5330E0501DD6F930E81
:107FCE00DE6F880EDF6FC30EE06FFCEC2CF0D9C5B0
:107FDE0046F6DAC547F6DBC548F6DCC549F61200AB
:107FEE0006012C6F160E06012C19D8A401EF40F0D5
:107FFE0003EF40F09FEF40F0160EFBEC46F06CC521
:10800E0028F66DC529F6000E0501C46FF00EC56F7A
:10801E007F0EC66F450EC76F28C699F529C69AF50D
:10802E00000E9ABFFF0E9B6F9C6F010ECCEC49F0B9
:10803E0099C5C0F59AC5C1F59BC5C2F59CC5C3F5DA
:10804E00C6EC39F0C0C5A7F5C1C5A8F5C2C5A9F5DE
:10805E00C3C5AAF53D0E0501AB6F0A0EAC6F830EBC
:10806E00AD6F400EAE6FD9EC33F0A7C518F6A8C5AC
:10807E0019F6A9C51AF6AAC51BF6410E06011C6F04
:10808E005C0E1D6FA80E1E6F3D0E1F6F1CC6ABF54E
:10809E001DC6ACF51EC6ADF51FC6AEF518C6A7F5C6
:1080AE0019C6A8F51AC6A9F51BC6AAF5D9EC33F060
:1080BE00A7C5C0F5A8C5C1F5A9C5C2F5AAC5C3F522
:1080CE00CD0E0501C46FCC0EC56FCC0EC66F3D0E26
:1080DE00C76FC6EC39F0C0C52DF6C1C52EF6C2C5A8
:1080EE002FF6C3C530F62DC60CF62EC60DF62FC6CE
:1080FE000EF630C60FF6660E0601106F660E116F85
:10810E00660E126F400E136F1AEC53F00601D8A0D4
:10811E0093EF40F095EF40F042EF41F0660E2D6F79
:10812E00660E2E6F660E2F6F400E306F42EF41F0CF
:10813E00040E2C19D8A4A6EF40F0A8EF40F042EFA1
:10814E0041F0040EFBEC46F06CC52AF66DC52BF61D
:10815E00000E0501C46FF00EC56F7F0EC66F450E83
:10816E00C76F2AC699F52BC69AF5000E9ABFFF0E59
:10817E009B6F9C6F010ECCEC49F099C5C0F59AC56A
:10818E00C1F59BC5C2F59CC5C3F5C6EC39F0C0C59B
:10819E00A7F5C1C5A8F5C2C5A9F5C3C5AAF56F0E49
:1081AE000501AB6F120EAC6F830EAD6F400EAE6F4E
:1081BE00D9EC33F0A7C520F6A8C521F6A9C522F63D
:1081CE00AAC523F62A0E0601246FFC0E256F8B0E10
:1081DE00266F3D0E276F24C6ABF525C6ACF526C619
:1081EE00ADF527C6AEF520C6A7F521C6A8F522C661
:1081FE00A9F523C6AAF5D9EC33F0A7C5C0F5A8C5D5
:10820E00C1F5A9C5C2F5AAC5C3F5CD0E0501C46F4A
:10821E00CC0EC56F4C0EC66F3E0EC76FC6EC39F056
:10822E00C0C52DF6C1C52EF6C2C52FF6C3C530F694
:10823E002DC60CF62EC60DF62FC60EF630C60FF650
:10824E00000E0601106F000E116F000E126F400E21
:10825E00136F1AEC53F00601D8A038EF41F03AEF45
:10826E0041F042EF41F0000E2D6F000E2E6F000E0A
:10827E002F6F400E306F2DC6A7F52EC6A8F52FC650
:10828E00A9F530C6AAF5000E0501AB6F000EAC6F56
:10829E007A0EAD6F440EAE6FD9EC33F0A7C514F65F
:1082AE00A8C515F6A9C516F6AAC517F612003AC73F
:1082BE0068F53BC769F53CC76AF53DC76BF55BECE6
:1082CE0066F068C59BF569C59CF56AC59DF56BC5DD
:1082DE009EF52C0EFBEC46F06CC59FF56DC5A0F51A
:1082EE005D50D8B47DEF41F07FEF41F08CEF41F05F
:1082FE0005EC74F064C53AF765C53BF766C53CF707
:10830E0067C53DF7010E506E5D6A5150D8A492EFCD
:10831E0041F094EF41F09AEF42F005019E519D110C
:10832E000BE1880E9B5D130E9C59D8A0A1EF41F076
:10833E00A3EF41F09AEF42F0010E516E9AEF42F028
:10834E005050D8A4ADEF41F0AFEF41F0D9EF41F06E
:10835E009E519D110BE1B80E9B5D0B0E9C59D8A042
:10836E00BBEF41F0BDEF41F0C0EF41F05E6A010E90
:10837E00506E350E9F5D080EA059D8A0C9EF41F082
:10838E00CBEF41F0B4EF42F0010E526E05EC74F0FB
:10839E0064C53AF765C53BF766C53CF767C53DF75B
:1083AE00B4EF42F05150D8A4DFEF41F0E1EF41F0CD
:1083BE00F9EF41F0730E9F5D060EA059D8A0EAEFBB
:1083CE0041F0ECEF41F0F9EF41F0010E526E05EC89
:1083DE0074F064C53AF765C53BF766C53CF767C5EB
:1083EE003DF7506A5104D8A4FFEF41F001EF42F07F
:1083FE00B4EF42F0350E05019F5D080EA059D8A0CE
:10840E000BEF42F00DEF42F0B4EF42F0010E526E60
:10841E0005EC74F064C53AF765C53BF766C53CF7E5
:10842E0067C53DF7506AB4EF42F0576A010E5E6EB3
:10843E005104D8A425EF42F027EF42F04FEF42F05F
:10844E00A40E9F5D060EA059D8B030EF42F032EF69
:10845E0042F035EF42F0526A0FEF42F0D70E9F5DB9
:10846E00060EA059D8A03EEF42F040EF42F0B4EF16
:10847E0042F03A0E9F5D070EA059D8B049EF42F078
:10848E004BEF42F0B4EF42F0020E526ECDEF41F0E0
:10849E005150D8A455EF42F057EF42F0B4EF42F0EE
:1084AE00A40E9F5D060EA059D8B060EF42F062EFA9
:1084BE0042F066EF42F0010E516E32EF42F0D70EEF
:1084CE009F5D060EA059D8A06FEF42F071EF42F0FB
:1084DE00B4EF42F03A0E9F5D070EA059D8B07AEF76
:1084EE0042F07CEF42F0B4EF42F04BEF42F0010E5F
:1084FE00576E350E9F5D080EA059D8A089EF42F039
:10850E008BEF42F08DEF42F0CBEF41F0A40E9F5D6A
:10851E00060EA059D8B096EF42F098EF42F0B4EFA5
:10852E0042F032EF42F052500501996F9A6B9A5118
:10853E00000AD8B4A5EF42F0B4EF42F09951000A08
:10854E00D8B4A7EF41F0010AD8B41CEF42F0030AE9
:10855E00D8B47EEF42F0B4EF42F01200000E0601E6
:10856E00B46F000EB56F000EB66F000EB76F21EE32
:10857E009FF2100EDE6AE806FDE29F0E0501646FA3
:10858E00060E656F9BC666F59CC667F5000E696F95
:10859E00110E686F19EC6CF00601BE6BBE519D6F2B
:1085AE009E6B070E9D27000E9E239F0E9D25D96E56
:1085BE00060E9E21DA6EB40EBE25E16EE26A060E3E
:1085CE00E222DFC4E7F4150E06019D6FC60EE82EFB
:1085DE00FED79D2FFCD700000601BE2B030EBE65F5
:1085EE00FBEF42F0FDEF42F0D5EF42F0B5C664F579
:1085FE00B4516FEC67F064C5B8F665C5B9F6B7C689
:10860E0064F50601B6516FEC67F064C5BAF665C540
:10861E00BBF6580E0601B85D020EB959D8A01AEF76
:10862E0043F01CEF43F027EF43F0470EB85D050E05
:10863E00B959D8A025EF43F027EF43F02BEF43F0C5
:10864E0090EC62F0E1EF43F0BB5109E13C0EBA5DF4
:10865E00D8A034EF43F036EF43F027EF43F0BB5191
:10866E0009E1970EBA5DD8A03FEF43F041EF43F01A
:10867E0043EF43F027EF43F0B40E0501C06F060E33
:10868E00C16F040EC26F020E35EC71F0B60E05010D
:10869E00C06F060EC16F040EC26F060E35EC71F080
:1086AE00D00E06019D6FC90EE82EFED79D2FFCD76A
:1086BE0000D0550E06019F6F020E0501796F020E56
:1086CE00F1EC6FF079C5B0F67AC5B1F6A60E0501DC
:1086DE00646F060E656FB0C666F5B1C667F5000E1F
:1086EE00696F020E686F19EC6CF0020E0501796F5E
:1086FE00060EF1EC6FF079C5B2F67AC5B3F6A80E98
:10870E000501646F060E656FB2C666F5B3C667F5F2
:10871E00000E696F020E686F19EC6CF09F0E05016A
:10872E00646F060E656F0F0E666F2BEC68F064C5F6
:10873E00BCF665C5BDF6BCC6AFF60601BD51AE6F43
:10874E00BF6B5D0E756F3E0E766F9F0EBF25D96E99
:10875E00DA6A060EDA22DF509D6F9D51776F786BC5
:10876E00BEEC71F0100E0601BF61C0EF43F0C2EF18
:10877E0043F0C8EF43F06A0E756F3E0E766FBEEC97
:10878E0071F00601BF2B100EBF65D0EF43F0D2EF94
:10879E0043F0A8EF43F09F0E0501646F060E656F60
:1087AE00000E676F000E666F000E696F110E686F18
:1087BE007DEC6FF012000EC7E9F50FC7EAF510C792
:1087CE00EBF511C7ECF5D9C5E9F5DAC5EAF5DBC568
:1087DE00EBF5DCC5ECF5810E0501DD6FFF0EDE6FEE
:1087EE00E9C5DFF5EAC5E0F5EBC5E1F5ECC5E2F567
:1087FE00180E07EF44F0D890E233E133E033DF3365
:10880E00E82E02EF44F0DF51DD25E76F000EDE218A
:10881E00E86FE8BF1CEF44F0E85109E1170EE75D81
:10882E00D8A01CEF44F01EEF44F028EF44F0D9C559
:10883E00D9F5DAC5DAF5DBC5DBF5DCC5DCF5ECEF31
:10884E0044F0E8BF2DEF44F02FEF44F0A0EF44F0DA
:10885E00E7C5DDF5FF0EDE6FFF0EDF6F7F0EE06FFB
:10886E00000EE16FDD673EEF44F046EF44F0E13578
:10887E00E133E033DF33DE33DD2F39EF44F0DEC595
:10888E00E3F5DFC5E4F5E0C5E5F5E1C5E6F505017F
:10889E00E351E915DD6FE451EA15DE6FE551EB1595
:1088AE00DF6FE651EC15E06FDD51DE11DF11E011E7
:1088BE00D8A464EF44F066EF44F068EF44F01EEF86
:1088CE0044F0E9C5DDF5EAC5DEF5EBC5DFF5ECC52F
:1088DE00E0F5200E78EF44F0D890E033DF33DE334E
:1088EE00DD33E82E73EF44F0DD51DE11DF11E011C0
:1088FE00D8B484EF44F086EF44F08EEF44F0E351A9
:10890E00E927E451EA23E551EB23E651EC23E31D7D
:10891E00DD6FE41DDE6FE51DDF6FE61DE06FDD51DF
:10892E00E917DE51EA17DF51EB17E051EC17E4EFD0
:10893E0044F0E9C5DDF5EAC5DEF5EBC5DFF5ECC5BE
:10894E00E0F5200EB0EF44F0D890E033DF33DE33A5
:10895E00DD33E82EABEF44F0DD51DE11DF11E01117
:10896E00D8A4BCEF44F0BEEF44F0C8EF44F0000EC4
:10897E00E96F000EEA6F000EEB6F000EEC6FE4EF86
:10898E0044F0D890E935DD6FEA35DE6FEB35DF6FF9
:10899E00EC35E06FDD51DE11DF11E011D8B4DAEF06
:1089AE0044F0DCEF44F0E4EF44F0000EE96F000E0B
:1089BE00EA6F800EEB6FBF0EEC6FE9C5D9F5EAC515
:1089CE00DAF5EBC5DBF5ECC5DCF5120046C768F54C
:1089DE0047C769F548C76AF549C76BF55BEC66F0A2
:1089EE0068C562F669C563F66AC564F66BC565F659
:1089FE00E5EF45F0020ED2EC71F005EC74F064C5B3
:108A0E0046F765C547F766C548F767C549F7020ECD
:108A1E000601F36FF5EF45F065516411631109E13D
:108A2E00C90E625DD8A01EEF45F020EF45F0F5EFC0
:108A3E0045F0020EE6EC71F0030E0601F36FF5EF52
:108A4E0045F0010EE56F000E0501C46F000EC56FF7
:108A5E007A0EC66F440EC76F110EFBEC46F0050181
:108A6E006CC599F56DC59AF59B6B9C6B000ECCECA5
:108A7E0049F099C5C0F59AC5C1F59BC5C2F59CC50F
:108A8E00C3F5C6EC39F0C0C5A7F5C1C5A8F5C2C57A
:108A9E00A9F5C3C5AAF5000E0501AB6F000EAC6FAC
:108AAE00110EAD6F430EAE6FD9EC33F0A7C5BFF705
:108ABE00A8C5C0F7A9C5C1F7AAC5C2F7040EF7EC41
:108ACE003FF014C666F615C667F616C668F617C6E4
:108ADE0069F6BFC7ABF5C0C7ACF5C1C7ADF5C2C728
:108AEE00AEF566C6A7F567C6A8F568C6A9F569C648
:108AFE00AAF5D9EC33F0A7C5C0F5A8C5C1F5A9C52F
:108B0E00C2F5AAC5C3F5000E0501C46F000EC56FF0
:108B1E007A0EC66F440EC76FC6EC39F0C0C5BBF7F0
:108B2E00C1C5BCF7C2C5BDF7C3C5BEF7FCC599F537
:108B3E00FDC59AF505019B6B9C6B000ECCEC49F0C4
:108B4E0099C56AF69AC56BF69BC56CF69CC56DF613
:108B5E006AC62EF66BC62FF66CC630F66DC631F6AB
:108B6E00E0EC6EF02EC6B7F72FC6B8F730C6B9F7E1
:108B7E0031C6BAF7400E0601286F080E296FB7C727
:108B8E002AF6B8C72BF6B9C72CF6BAC72DF6BBC74F
:108B9E002EF6BCC72FF6BDC730F6BEC731F697EC22
:108BAE0024F028C6C3F729C6C4F7C3C766F5C4C7E1
:108BBE0067F5020E17EC69F0F5EF45F00601F3517B
:108BCE00010AD8B401EF45F0030AD8B413EF45F00B
:108BDE00010AD8B428EF45F0F5EF45F01200DEC6D5
:108BEE008AF5DFC68BF5070194510601DE5D05019E
:108BFE00646F0601DF510501656F000E070194BF1A
:108C0E00FF0E0501655B666B665B676B675B060156
:108C1E00E9510501686F696B6A6B6B6B4EEC69F01D
:108C2E0064C570F565C571F566C572F567C573F5F2
:108C3E00640E0501746F000E756F000E766F000ED8
:108C4E00776FCEEC59F070C58CF571C58DF572C588
:108C5E008EF573C58FF505018FBF3AEF46F038EFED
:108C6E0046F042EF46F0000E8C6F000E8D6F000E38
:108C7E008E6F000E8F6F8CC543F58DC544F595C76D
:108C8E0080F5816B80BF81078051455C826F815179
:108C9E004658836F82C564F583C565F5666B676B51
:108CAE000601E8510501686F696B6A6B6B6B4EECE0
:108CBE0069F064C570F565C571F566C572F567C571
:108CCE0073F5640E0501746F000E756F000E766FEE
:108CDE00000E776FCEEC59F070C58CF571C58DF521
:108CEE0072C58EF573C58FF505018FBF83EF46F004
:108CFE0081EF46F08BEF46F0000E8C6F000E8D6FFD
:108D0E00000E8E6F000E8F6F8CC5FCF58DC5FDF5B8
:108D1E00FC514324886FFD514420896F88518A5D30
:108D2E0089518B59D8B09EEF46F0A0EF46F0BEEFBA
:108D3E0046F04350885D806F44508959816F94C7C7
:108D4E0082F5836B82BF830782518A5D846F835164
:108D5E008B59856F8051845D8C6F815185598D6FD4
:108D6E008E6BD8A08E078E518F6FC4EF46F043C521
:108D7E008CF544C58DF58E6B8F6B8FBFCBEF46F0A8
:108D8E00C9EF46F0D3EF46F0000E8C6F000E8D6FDC
:108D9E00000E8E6F000E8F6F8A51806F8B51816F18
:108DAE00826B836B8C51805D8D5181598E518259AE
:108DBE008351800A846F8F51800A8459D8B0EAEFAC
:108DCE0046F0ECEF46F0F2EF46F08AC58CF58BC517
:108DDE008DF58E6B8F6B8CC586F58DC587F586C52B
:108DEE007EF587C57FF5120005018C6F000E05011B
:108DFE00946F000E936F8C51B7EC6FF0D890050105
:108E0E009335D96E9435DA6E740ED926050EDA22A4
:108E1E0064C5DEF465C5DDF4934B942B94BF21EF4E
:108E2E0047F0945109E10C0E935DD8A021EF47F065
:108E3E0023EF47F002EF47F0000E926F000E916F96
:108E4E00000E966F000E956F000E986F000E976FC6
:108E5E0098EF47F0D8909735D96E9835DA6E740E34
:108E6E00D926050EDA2297C570F598C571F5D890FA
:108E7E0070377137020E7027000E7123740E702535
:108E8E00E16E050E7121E26EDE50E65CDE50E658B4
:108E9E00D8B054EF47F056EF47F096EF47F0D89022
:108EAE009735D96E9835DA6E740ED926050EDA22FC
:108EBE00DEC48DF5DDC48EF597C56EF598C56FF5DC
:108ECE00D8906E376F37020E6E27000E6F23740E1A
:108EDE006E25D96E050E6F21DA6ED8909735E16E3C
:108EEE009835E26E740EE126050EE222DEC4E6F43B
:108EFE00DDC4E5F497C56EF598C56FF5D8906E375D
:108F0E006F37020E6E27000E6F23740E6E25D96E0C
:108F1E00050E6F21DA6E8DC5DEF48EC5DDF4974B2E
:108F2E00982B0B0E6E6F000E6F6F95516E5F9651F4
:108F3E006F5B6E51975D9851800A706F6F51800A0A
:108F4E007059D8A0ADEF47F0AFEF47F031EF47F0D3
:108F5E00954B962B96BFBDEF47F0965109E10B0E40
:108F6E00955DD8A0BDEF47F0BFEF47F02BEF47F070
:108F7E00000E966F020E956FD8909535D96E963578
:108F8E00DA6E740ED926050EDA22DE509127DD50E8
:108F9E009223954B962B96BFDEEF47F0965109E143
:108FAE000A0E955DD8A0DEEF47F0E0EF47F0C3EF75
:108FBE0047F091C564F592C565F5000E676F080E12
:108FCE00666F9CEC5FF064C58FF565C590F58FC537
:108FDE006CF590C56DF512004AC768F54BC769F57B
:108FEE004CC76AF54DC76BF55BEC66F068C562F66B
:108FFE0069C563F66AC564F66BC565F6D9EF48F0C8
:10900E00010ED2EC71F005EC74F064C54AF765C53B
:10901E004BF766C54CF767C54DF7020E0601F46FA8
:10902E00E9EF48F065516411631109E1C90E625D03
:10903E00D8A024EF48F026EF48F0E9EF48F0010EF3
:10904E00E6EC71F0030E0601F46FE9EF48F0010E45
:10905E00E56F000E0501C46F000EC56F7A0EC66F68
:10906E00440EC76F1C0EFBEC46F005016CC599F55E
:10907E006DC59AF59B6B9C6B000ECCEC49F099C5B7
:10908E00C0F59AC5C1F59BC5C2F59CC5C3F5C6EC26
:10909E0039F0C0C5A7F5C1C5A8F5C2C5A9F5C3C5A8
:1090AE00AAF5000E0501AB6F000EAC6F110EAD6F81
:1090BE00430EAE6FD9EC33F0A7C5CDF7A8C5CEF7EA
:1090CE00A9C5CFF7AAC5D0F7160EF7EC3FF014C618
:1090DE0066F615C667F616C668F617C669F6CDC7E4
:1090EE00ABF5CEC7ACF5CFC7ADF5D0C7AEF566C6FE
:1090FE00A7F567C6A8F568C6A9F569C6AAF5D9EC9D
:10910E0033F0A7C5C0F5A8C5C1F5A9C5C2F5AAC556
:10911E00C3F5000E0501C46F000EC56F7A0EC66F43
:10912E00440EC76FC6EC39F0C0C5C9F7C1C5CAF742
:10913E00C2C5CBF7C3C5CCF74EC72EF64FC72FF619
:10914E0050C730F651C731F600EC6FF02EC6C5F79A
:10915E002FC6C6F730C6C7F731C6C8F7670E060169
:10916E00286F080E296FC5C72AF6C6C72BF6C7C7C4
:10917E002CF6C8C72DF6C9C72EF6CAC72FF6CBC711
:10918E0030F6CCC731F697EC24F028C6D1F729C6B5
:10919E00D2F7D1C766F5D2C767F5010E17EC69F0A5
:1091AE00E9EF48F00601F451010AD8B407EF48F090
:1091BE00030AD8B419EF48F0010AD8B42EEF48F0DC
:1091CE00E9EF48F01200050184BFF0EF48F0F3EF2D
:1091DE0048F0010EF4EF48F0000E8B6F0601D9BF78
:1091EE00FBEF48F0FDEF48F0FEEF48F0E093D9BFFB
:1091FE0005EF49F003EF49F00CEF49F0000E0501C1
:10920E00886F010E876F10EF49F0D8C687F5D9C663
:10921E0088F5D6C689F5D7C68AF505018B51D8B41F
:10922E001BEF49F01DEF49F034EF49F08907D8A044
:10923E008A078B51D8A426EF49F028EF49F02EEF7C
:10924E0049F0000E866F2B0E856F32EF49F0000E3F
:10925E00866F2D0E856F85C58BF5000E8D6F4F0EAB
:10926E008C6F0901D26B6EEF49F005018C07D8A007
:10927E008D07830E8C25D96E090E8D21DA6E83C56E
:10928E0064F584C565F5000E676F0A0E666FE8EC2F
:10929E0062F064C56AF565C56BF580EC70F005018A
:1092AE006A51300FDF6E8707D8A088078907D8A0CC
:1092BE008A0783C564F584C565F5000E676F0A0ECF
:1092CE00666F9CEC5FF064C583F565C584F505019A
:1092DE008DBF7AEF49F08D5108E18C05D8A07AEF59
:1092EE0049F07CEF49F0A7EF49F083518411D8A4DF
:1092FE0083EF49F085EF49F03CEF49F088BF92EFDC
:10930E0049F0885106E18705D8B090EF49F092EF09
:10931E0049F03CEF49F08ABF9DEF49F08A5108E1D0
:10932E008905D8A09DEF49F09FEF49F0A7EF49F0CE
:10933E000601E0B3A5EF49F0A7EF49F03CEF49F085
:10934E0005018B51D8B4AEEF49F0B0EF49F0BBEF49
:10935E0049F08C07D8A08D07830E8C25D96E090E87
:10936E008D21DA6E8BC5DFF481C578F582C579F56E
:10937E00830E8C257A6F090E8D217B6F89C57CF546
:10938E008AC57DF5ECEC63F012000501A16F0501B5
:10939E00A151D8B4D5EF49F0D7EF49F0F9EF49F024
:1093AE009CBFDEEF49F0DCEF49F0F9EF49F099C5CB
:1093BE009DF59AC59EF59BC59FF59CC5A0F59D1F75
:1093CE009E1F9F1FA01F9D2B000E9E239F23A02339
:1093DE009DC5A3F59EC5A4F59FC5A5F5A0C5A6F58B
:1093EE0001EF4AF099C5A3F59AC5A4F59BC5A5F55D
:1093FE009CC5A6F599519A119B119C11D8A40AEF00
:10940E004AF00CEF4AF016EF4AF0000E996F000E7C
:10941E009A6F000E9B6F000E9C6FA7EF4AF0960E90
:10942E00A26F20EF4AF0A22BD890A633A533A43317
:10943E00A333000EA3159D6F000EA4159E6F000E94
:10944E00A5159F6FFE0EA615A06F9D519E119F1123
:10945E00A011D8A435EF4AF037EF4AF01AEF4AF0D0
:10946E0045EF4AF0A22B010EA327000EA423A5233D
:10947E00A623D890A633A533A433A333000EA31589
:10948E009D6F000EA4159E6F000EA5159F6FFF0E0B
:10949E00A615A06F9D519E119F11A011D8A45AEF31
:1094AE004AF05CEF4AF039EF4AF064EF4AF0A20757
:1094BE00D890A337A437A537A637A5BF69EF4AF0D2
:1094CE006BEF4AF073EF4AF0020EA26171EF4AF0B1
:1094DE0073EF4AF05EEF4AF0A2B178EF4AF07AEFFE
:1094EE004AF07BEF4AF0A59FD890A233A2C59DF516
:1094FE009E6B9F6BA06B9DC5A0F59F6B9E6B9D6B2E
:10950E009D51A3139E51A4139F51A513A051A613B1
:10951E00A151D8B495EF4AF097EF4AF09FEF4AF079
:10952E009CBF9EEF4AF09CEF4AF09FEF4AF0A68F49
:10953E00A3C599F5A4C59AF5A5C59BF5A6C59CF539
:10954E001200000E06019C6F000E9D6F000E9E6FA6
:10955E00000E9F6F21EE8BF2100EDE6AE806FDE222
:10956E008B0E0501646F060E656F87C666F588C69D
:10957E0067F5000E696F110E686F19EC6CF006013D
:10958E00A66BA651896F8A6B070E8927000E8A2358
:10959E008B0E8925D96E060E8A21DA6E9C0EA625B3
:1095AE00E16EE26A060EE222DFC4E7F4150E060152
:1095BE00896FC60EE82EFED7892FFCD70000060154
:1095CE00A62B030EA665EEEF4AF0F0EF4AF0C8EFB9
:1095DE004AF09C0E0501C06F060EC16F040EC26FDD
:1095EE00540E35EC71F0D00E0601896FC90EE82EBF
:1095FE00FED7892FFCD700D0550E06018B6F040EB7
:10960E000501796F540EF1EC6FF079C5A0F67AC5AD
:10961E00A1F6920E0501646F060E656FA0C666F583
:10962E00A1C667F5000E696F040E686F19EC6CF039
:10963E00030E0501796F5C0EF1EC6FF079C5A2F6A1
:10964E007AC5A3F6060120EE02F0A251D926A35147
:10965E00DA22DF50966F8B0E0501646F060E656F72
:10966E000F0E666F2BEC68F064C5A4F665C5A5F603
:10967E00A4C69BF60601A5519A6FA76B5D0E756F7A
:10968E003E0E766F8B0EA725D96EDA6A060EDA229B
:10969E00DF50896F8951776F786BBEEC71F0100EC9
:1096AE000601A7615DEF4BF05FEF4BF065EF4BF0FE
:1096BE006A0E756F3E0E766FBEEC71F00601A72B2B
:1096CE00100EA7656DEF4BF06FEF4BF045EF4BF0C3
:1096DE008B0E0501646F060E656F000E676F000E30
:1096EE00666F000E696F110E686F7DEC6FF01200E1
:1096FE00050171517211D8A487EF4BF089EF4BF031
:10970E008BEF4BF04EEF4CF0300E6A6F000E6B6F1E
:10971E00000E6C6FEDEC6DF0FF0AD8A499EF4BF0D4
:10972E009BEF4BF0A6EF4BF0300E05016C6F000E69
:10973E006D6F000E6E6F000E6F6FA4EC66F0310E43
:10974E0005016A6F000E6B6F000E6C6FEDEC6DF025
:10975E00FF0AD8A4B5EF4BF0B7EF4BF0C2EF4BF0CA
:10976E00310E05016C6F000E6D6F000E6E6F000EE8
:10977E006F6FA4EC66F0320E05016A6F000E6B6F10
:10978E00000E6C6FEDEC6DF0FF0AD8A4D1EF4BF02C
:10979E00D3EF4BF0DEEF4BF0320E05016C6F000E87
:1097AE006D6F000E6E6F000E6F6FA4EC66F0300ED4
:1097BE0005016A6F000E6B6F000E6C6FEDEC6DF0B5
:1097CE000501736F7351756F746B310E6A6F000EF6
:1097DE006B6F000E6C6FEDEC6DF00501766F7651D0
:1097EE007413000E751371C5D9F472C5DAF474C50D
:1097FE00DEF475C5DDF4320E6A6F000E6B6F000E6F
:10980E006C6FEDEC6DF00501736F746B20EE02F072
:10981E007151D9267251DA2273C5DEF474C5DDF4A6
:10982E0020EE02F07151D9267251DA22010EDB5070
:10983E0009E1020EDE5CD8A027EF4CF029EF4CF0C8
:10984E0046EF4CF020EE02F07151D9267251DA2219
:10985E00DEC473F5DDC474F51E0E7303F3C475F523
:10986E00F4C476F57403F350762720EE02F07151AE
:10987E00D9267251DA2275C5DEF476C5DDF420EEF6
:10988E0004F07151D9267251DA22DE6ADD6A1200B5
:10989E00530E0601756F3E0E766F2C0EFBEC46F0E6
:1098AE006CC577F66DC578F6BEEC71F0AC0E0601A0
:1098BE00756F3D0E766F160EF7EC3FF014C677F609
:1098CE0015C678F616C679F617C67AF6CDC77BF6A4
:1098DE00CEC77CF6CFC77DF6D0C77EF6C9C77FF65A
:1098EE00CAC780F6CBC781F6CCC782F6D1C783F63E
:1098FE00D2C784F6BEEC71F0CF0E0601756F3D0E29
:10990E00766F040EF7EC3FF014C677F615C678F6B0
:10991E0016C679F617C67AF6BFC77BF6C0C77CF6B1
:10992E00C1C77DF6C2C77EF6BBC77FF6BCC780F641
:10993E00BDC781F6BEC782F6C3C783F6C4C784F619
:10994E00BEEC71F00E0E0601756F3E0E766F4EC7B1
:10995E0077F64FC778F650C779F651C77AF6E9C64B
:10996E007BF67C6BE8C67DF67E6BBEEC71F0460E28
:10997E000601756F3E0E766F5AC777F65BC778F69F
:10998E005CC779F65DC77AF6BEEC71F0380E06014B
:10999E00756F3E0E766FE7C677F6786BBEEC71F09C
:1099AE00290E0601756F3E0E766FFEEC5FF0050117
:1099BE00FB6FFB510601776F786BBEEC71F04B0EAF
:1099CE000601756F3E0E766FEBC677F6ECC678F62F
:1099DE00EDC679F6EEC67AF6BEEC71F0B1EC67F034
:1099EE0021EE87F2050EEBC4DBF4E806FCE2F20E84
:1099FE000601756F3D0E766F87C677F688C678F6C8
:109A0E0089C679F68AC67AF68BC67BF68CC67CF644
:109A1E00BEEC71F0850E0601756F3D0E766FBEECD5
:109A2E0071F0120021EE89F2100EDE6AE806FDE2F8
:109A3E00890E0501646F060E656F87C666F588C6CA
:109A4E0067F5000E696F110E686F19EC6CF0060168
:109A5E009005D8A435EF4DF037EF4DF044EF4DF0B3
:109A6E00010E05016C6F000E6D6F000E6E6F91C6CC
:109A7E006FF5A4EC66F058EF4DF0020E9019D8A4D5
:109A8E004BEF4DF04DEF4DF058EF4DF0010E05013F
:109A9E00716F000E726F000E736F91C674F5DBEC72
:109AAE0072F006019205D8A45FEF4DF061EF4DF014
:109ABE006EEF4DF0030E05016C6F000E6D6F000E14
:109ACE006E6F93C66FF5A4EC66F082EF4DF0020E4A
:109ADE009219D8A475EF4DF077EF4DF082EF4DF05F
:109AEE00030E0501716F000E726F000E736F91C63B
:109AFE0074F5DBEC72F07DEC71F0550E0601896F9A
:109B0E00890E0501646F060E656F0F0E666F2BECE6
:109B1E0068F064C59AF665C59BF69AC699F6060175
:109B2E009B51986F9C6B5D0E756F3E0E766F890E16
:109B3E009C25D96EDA6A060EDA22DF500501FB6F1C
:109B4E00FB510601776F786BBEEC71F0100E0601BB
:109B5E009C61B4EF4DF0B6EF4DF0BCEF4DF06A0ED8
:109B6E00756F3E0E766FBEEC71F006019C2B100EDB
:109B7E009C65C4EF4DF0C6EF4DF09AEF4DF0890E97
:109B8E000501646F060E656F000E666F000E676F3F
:109B9E00000E696F110E686F19EC6CF01200050162
:109BAE00C051C111D8A4DEEF4DF0E0EF4DF0E2EF61
:109BBE004DF091EF4EF020EE04F0C051D926C15178
:109BCE00DA22DE2A000EDD2220EE04F0C051D92664
:109BDE00C151DA22010EDB5009E10A0EDE5CD8A07B
:109BEE00FBEF4DF0FDEF4DF091EF4EF020EE04F057
:109BFE00C051D926C151DA22DE6ADD6A20EE02F0AA
:109C0E00C051D926C151DA22DE2A000EDD2220EE05
:109C1E0002F0C051D926C151DA22010EDB5009E102
:109C2E00020EDE5CD8A01EEF4EF020EF4EF071EF6C
:109C3E004EF020EE02F0C051D926C151DA22DE6A72
:109C4E00DD6AC0C5D9F4C1C5DAF4DE2A000EDD2204
:109C5E00C0C5D9F4C1C5DAF4DEC4C2F5DDC4C3F59E
:109C6E00C3C5C2F5C36BC251C46FC0C5D9F4C1C55B
:109C7E00DAF4DF50C56F300E6C6F000E6D6F000E94
:109C8E006E6FC4C56FF5A4EC66F0310E05016C6FF6
:109C9E00000E6D6F000E6E6FC5C56FF5A4EC66F00D
:109CAE00000E05016D6F600E6C6FC40E6E6F050EAB
:109CBE006F6F010E706F43EC5CF0000E05016D6F5F
:109CCE00610E6C6FC50E6E6F050E6F6F010E706FAD
:109CDE0043EC5CF0050120EE02F0C051D926C151D3
:109CEE00DA22DF50C66F320E6C6F000E6D6F000EF3
:109CFE006E6FC6C56FF5A4EC66F0000E05016D6FB4
:109D0E00620E6C6FC60E6E6F050E6F6F010E706F6A
:109D1E0043EC5CF012004950020D000EF324D96E94
:109D2E00080EF420DA6EDE6ADD6A0201B2A7A2EF37
:109D3E004EF0A4EF4EF0C6EF4EF04950020D000E5D
:109D4E00F324D96E080EF420DA6E0801DF820701C3
:109D5E00705171117211D8B4B7EF4EF0B9EF4EF0D9
:109D6E00C6EF4EF002D8C6EF4EF00500FA6E7051F7
:109D7E00FD6E7151FE6E7251FF6EFA5012000201AD
:109D8E00B2A3CCEF4EF0CEEF4EF0F0EF4EF04950C6
:109D9E00020D000EF324D96E080EF420DA6E0801BF
:109DAE00DF8407016D516E116F11D8B4E1EF4EF0E3
:109DBE00E3EF4EF0F0EF4EF002D8F0EF4EF005006C
:109DCE00FA6E6D51FD6E6E51FE6E6F51FF6EFA5052
:109DDE0012000201B2ADF6EF4EF0F8EF4EF01AEFB0
:109DEE004FF04950020D000EF324D96E080EF420E8
:109DFE00DA6E0801DF8007016A516B116C11D8B45D
:109E0E000BEF4FF00DEF4FF01AEF4FF002D81AEFA5
:109E1E004FF00500FA6E6A51FD6E6B51FE6E6C517D
:109E2E00FF6EFA501200A1C225F549281F0B266EAF
:109E3E0048502618D8A426EF4FF028EF4FF02AEFFF
:109E4E004FF035EF4FF0000E4924D96EDA6A0A0E44
:109E5E00DA2225C5DFF426C549F5472A07015E51EA
:109E6E005F116011D8B43EEF4FF040EF4FF04DEF61
:109E7E004FF002D84DEF4FF00500FA6E5E51FD6EB9
:109E8E005F51FE6E6051FF6EFA5012001200F80E16
:109E9E0005016A6F030E6B6F000E6C6FEDEC6DF0CB
:109EAE000501796FF90E6A6F030E6B6F000E6C6F02
:109EBE00EDEC6DF005017A6FFA0E6A6F030E6B6FA3
:109ECE00000E6C6FEDEC6DF005017B6FFB0E6A6F93
:109EDE00030E6B6F000E6C6FEDEC6DF005017C6F79
:109EEE00FC0E6A6F030E6B6F000E6C6FEDEC6DF077
:109EFE0005017D6FFD0E6A6F030E6B6F000E6C6FAA
:109F0E00EDEC6DF005017E6F060E7919D8A492EF77
:109F1E004FF094EF4FF0C0EF4FF0050E7A19D8A422
:109F2E009BEF4FF09DEF4FF0C0EF4FF0040E7B19FB
:109F3E00D8A4A4EF4FF0A6EF4FF0C0EF4FF0030EF2
:109F4E007C19D8A4ADEF4FF0AFEF4FF0C0EF4FF04C
:109F5E00020E7D19D8A4B6EF4FF0B8EF4FF0C0EF58
:109F6E004FF07E05D8B4BEEF4FF0C0EF4FF0C3EF09
:109F7E004FF0000EFCEF4FF0FE0E6A6F030E6B6F8C
:109F8E00000E6C6FEDEC6DF00501776FFF0E6A6FD2
:109F9E00030E6B6F000E6C6FEDEC6DF00501786FBC
:109FAE00785177C571F5726B71C572F5716B711160
:109FBE00736F7251746F790E646F050E656F060EB6
:109FCE00666FF0EC6BF064C575F565C576F5050149
:109FDE007551731907E176517419D8A4F9EF4FF042
:109FEE00FBEF4FF0C0EF4FF0010E120042C768F5C5
:109FFE0043C769F544C76AF545C76BF55BEC66F078
:10A00E0068C570F669C571F66AC572F66BC573F6EA
:10A01E00020E0601E96116EF50F018EF50F020EF36
:10A02E0050F0010EE8651EEF50F020EF50F092EF69
:10A03E0050F0F005D8A426EF50F028EF50F092EF34
:10A04E0050F005EC74F064C542F765C543F766C57C
:10A05E0044F767C545F7010E0601EF6FF06B92EFFF
:10A06E0050F0E3EC74F00601735172110BE1210E06
:10A07E00705D030E7159D8A047EF50F049EF50F0C4
:10A08E00A7EF50F0020EEF6F05EC74F064C542F7C7
:10A09E0065C543F766C544F767C545F7A7EF50F0AA
:10A0AE00010EE9655DEF50F05FEF50F070EF50F08C
:10A0BE00FEEC5FF0020AD8B467EF50F069EF50F093
:10A0CE0070EF50F0010E0601F26FF3EC47F073EFF4
:10A0DE0050F0010E21EC6AF0010E0601E8657AEFF0
:10A0EE0050F07CEF50F08DEF50F0FEEC5FF0030A75
:10A0FE00D8B484EF50F086EF50F08DEF50F0010E93
:10A10E000601F16FEDEC44F0A7EF50F0020E21ECDA
:10A11E006AF0A7EF50F0EF516E6F6F6B6F51000A40
:10A12E00D8B49CEF50F0A7EF50F06E51010AD8B49E
:10A13E0038EF50F0030AD8B457EF50F0A7EF50F0B5
:10A14E0012000601D9BFAEEF50F0B0EF50F0B1EFF4
:10A15E0050F0E093D9BFB8EF50F0B6EF50F0BFEF2C
:10A16E0050F0000E0501896F010E886FC3EF50F09D
:10A17E00D8C688F5D9C689F5D6C68AF5D7C68BF561
:10A18E00000E05018E6F4F0E8D6F0901D26B03EF1E
:10A19E0051F005018D07D8A08E0783510F0B8C6FE0
:10A1AE000A0E8C61DDEF50F0DFEF50F0E3EF50F070
:10A1BE00300E8C27E5EF50F0370E8C27830E8D2551
:10A1CE00D96E090E8E21DA6E8CC5DFF48807D8A001
:10A1DE0089078A07D8A08B0783C585F584C586F5C0
:10A1EE00040E876FD89086338533872FF9EF50F0A2
:10A1FE0085C583F586C584F505018EBF10EF51F038
:10A20E008E5109E1020E8D5DD8A010EF51F012EFC4
:10A21E0051F03DEF51F083518411D8A419EF51F054
:10A22E001BEF51F0D0EF50F089BF28EF51F089515C
:10A23E0006E18805D8B026EF51F028EF51F0D0EFA7
:10A24E0050F08BBF33EF51F08B5108E18A05D8A047
:10A25E0033EF51F035EF51F03DEF51F00601E0B321
:10A26E003BEF51F03DEF51F0D0EF50F081C578F556
:10A27E0082C579F5830E05018D257A6F090E8E2123
:10A28E007B6F8AC57CF58BC57DF5ECEC63F0120017
:10A29E000601D9BF55EF51F057EF51F058EF51F07D
:10A2AE00E093D9BF5FEF51F05DEF51F066EF51F0E3
:10A2BE00000E0501866F010E856F6AEF51F0D8C64C
:10A2CE0085F5D9C686F5D6C687F5D7C688F5000EAC
:10A2DE0005018A6F4F0E896F0901D26BA3EF51F002
:10A2EE0005018907D8A08A07830E8925D96E090E24
:10A2FE008A21DA6E83C564F584C565F5000E676F35
:10A30E000A0E666FEEEC69F005016451300FDF6ED8
:10A31E008507D8A086078707D8A0880783C564F568
:10A32E0084C565F5000E676F0A0E666FA2EC68F0C5
:10A33E0064C583F565C584F5050189518A11D8B4C4
:10A34E00ABEF51F0ADEF51F0D8EF51F083518411D6
:10A35E00D8A4B4EF51F0B6EF51F077EF51F086BFBD
:10A36E00C3EF51F0865106E18505D8B0C1EF51F02B
:10A37E00C3EF51F077EF51F088BFCEEF51F0885117
:10A38E0008E18705D8A0CEEF51F0D0EF51F0D8EF0D
:10A39E0051F00601E0B3D6EF51F0D8EF51F077EF60
:10A3AE0051F081C578F582C579F5830E05018925B1
:10A3BE007A6F090E8A217B6F87C57CF588C57DF57E
:10A3CE00ECEC63F0120021EE89F2100EDE6AE80664
:10A3DE00FDE2890E0501646F060E656F87C666F590
:10A3EE0088C667F5000E696F110E686F19EC6CF078
:10A3FE00550E0601896F020E0501796F020EF1EC02
:10A40E006FF079C59AF67AC59BF6900E0501646FCA
:10A41E00060E656F9AC666F59BC667F5000E696FE8
:10A42E00020E686F19EC6CF0020E0501796F060EC4
:10A43E00F1EC6FF079C59CF67AC59DF6920E05018A
:10A44E00646F060E656F9CC666F59DC667F5000EB9
:10A45E00696F020E686F19EC6CF0890E0501646F5E
:10A46E00060E656F0F0E666F2BEC68F064C59EF6D8
:10A47E0065C59FF69EC699F606019F51986FA06B13
:10A48E005D0E756F3E0E766F890EA025D96EDA6A57
:10A49E00060EDA22DF500501FB6FFB510601776FC6
:10A4AE00786BBEEC71F0100E0601A06161EF52F0F8
:10A4BE0063EF52F069EF52F06A0E756F3E0E766FD3
:10A4CE00BEEC71F00601A02B100EA06571EF52F0DC
:10A4DE0073EF52F047EF52F0890E0501646F060ECE
:10A4EE00656F000E676F000E666F000E696F110EBE
:10A4FE00686F7DEC6FF01200000E0501666F570E4F
:10A50E00656FF80E676F070E686F000E6A6F020EAA
:10A51E00696F42EC6BF00009D8B498EF52F09AEFE5
:10A52E0052F083EF52F0000E0501666F570E656F05
:10A53E005C0E676F050E686F000E6A6F010E696F15
:10A54E006EEC6BF00009D8B4AFEF52F0B1EF52F0F1
:10A55E009AEF52F0680E05016C6FE40EE82EFED7EE
:10A56E006C2FFCD700005CC54FF5680E05016C6FB3
:10A57E00E40EE82EFED76C2FFCD70000C00E4F184D
:10A58E00D8A4CCEF52F0CEEF52F0D0EF52F010EF45
:10A59E0053F0000E0501666F570E656FE40E676F80
:10A5AE00090E686F000E6A6F130E696F42EC6BF046
:10A5BE000009D8B4E5EF52F0E7EF52F0D0EF52F0C9
:10A5CE00680E05016C6FE40EE82EFED76C2FFCD7DB
:10A5DE000000000E0501666F570E656FF80E676F6F
:10A5EE00070E686F000E6A6F030E696F6EEC6BF0EC
:10A5FE000009D8B405EF53F007EF53F0F0EF52F027
:10A60E002A0E05016C6F8D0EE82EFED76C2FFCD72F
:10A61E0000D0D00E05016C6FC90EE82EFED76C2F40
:10A62E00FCD700D01200000E06010C150501ED6FCF
:10A63E00000E06010D150501EE6F800E06010E15BA
:10A64E000501EF6F7F0E06010F150501F06FED513D
:10A65E00EE11EF11F011D8A437EF53F039EF53F09C
:10A66E0042EF53F0000E06010C6F000E0D6F000E40
:10A67E000E6F000E0F6F000E060110150501ED6F27
:10A68E00000E060111150501EE6F800E0601121562
:10A69E000501EF6F7F0E060113150501F06FED51E9
:10A6AE00EE11EF11F011D8A45FEF53F061EF53F0FC
:10A6BE006AEF53F0000E0601106F000E116F000EC0
:10A6CE00126F000E136F06010FAF70EF53F072EFA3
:10A6DE0053F07BEF53F00C6D0D1FD8B00D2B0E1FEA
:10A6EE00D8B00E2B800E0F5713AF80EF53F082EFC2
:10A6FE0053F08BEF53F0106D111FD8B0112B121FAA
:10A70E00D8B0122B800E1357000E0C1B000E0D1B13
:10A71E00000E0E1B800E0F1B000E101B000E111BC9
:10A72E00000E121B800E131B10510C5D11510D5992
:10A73E0012510E5913510F59D8B0A8EF53F0AAEF7A
:10A74E0053F0ADEF53F0D890AEEF53F0D880120027
:10A75E0014C664F515C665F516C666F517C667F513
:10A76E0054EC5AF0050164516511D8A4C1EF53F0B1
:10A77E00C3EF53F0CDEF53F018C614F619C615F605
:10A78E001AC616F61BC617F642EF54F018C664F535
:10A79E0019C665F51AC666F51BC667F554EC5AF070
:10A7AE00050164516511D8A4DFEF53F0E1EF53F0CA
:10A7BE00EBEF53F014C614F615C615F616C616F6BC
:10A7CE0017C617F642EF54F014C664F515C665F5B4
:10A7DE0016C666F517C667F542EC6CF064C5F1F562
:10A7EE0065C5F2F518C664F519C665F51AC666F59F
:10A7FE001BC667F542EC6CF005016451F11909E1D5
:10A80E006551F219D8B40EEF54F010EF54F026EF54
:10A81E0054F014C664F515C665F516C666F517C66A
:10A82E0067F542EC6CF0050164516511D8A422EF76
:10A83E0054F024EF54F0E1EF53F0C3EF53F014C68D
:10A84E000CF615C60DF616C60EF617C60FF618C67A
:10A85E0010F619C611F61AC612F61BC613F61AEC26
:10A86E0053F00601D8A03EEF54F040EF54F0E1EF64
:10A87E0053F0C3EF53F012001CC664F51DC665F508
:10A88E001EC666F51FC667F554EC5AF005016451F5
:10A89E006511D8A455EF54F057EF54F061EF54F012
:10A8AE0020C61CF621C61DF622C61EF623C61FF6AE
:10A8BE00D6EF54F020C664F521C665F522C666F5BE
:10A8CE0023C667F554EC5AF0050164516511D8A4FE
:10A8DE0073EF54F075EF54F07FEF54F01CC61CF676
:10A8EE001DC61DF61EC61EF61FC61FF6D6EF54F069
:10A8FE001CC664F51DC665F51EC666F51FC667F552
:10A90E0042EC6CF064C5F3F565C5F4F520C664F54C
:10A91E0021C665F522C666F523C667F542EC6CF0D6
:10A92E0005016451F31909E16551F419D8B4A2EF88
:10A93E0054F0A4EF54F0BAEF54F01CC664F51DC6E3
:10A94E0065F51EC666F51FC667F542EC6CF005018F
:10A95E0064516511D8A4B6EF54F0B8EF54F057EF28
:10A96E0054F075EF54F01CC60CF61DC60DF61EC63F
:10A97E000EF61FC60FF620C610F621C611F622C619
:10A98E0012F623C613F61AEC53F00601D8A0D2EF36
:10A99E0054F0D4EF54F057EF54F075EF54F012001A
:10A9AE0021EE89F2100EDE6AE806FDE2890E05013F
:10A9BE00646F060E656F87C666F588C667F5000E6E
:10A9CE00696F110E686F19EC6CF0550E0601896FE8
:10A9DE00040E0501796F540EF1EC6FF079C59AF6FD
:10A9EE007AC59BF6900E0501646F060E656F9AC6CA
:10A9FE0066F59BC667F5000E696F040E686F19EC5D
:10AA0E006CF0030E0501796F5C0EF1EC6FF079C5F9
:10AA1E009CF67AC59DF6060120EE02F09C51D926D1
:10AA2E009D51DA22DF50946F890E0501646F060E78
:10AA3E00656F0F0E666F2BEC68F064C59EF665C5EC
:10AA4E009FF69EC699F606019F51986FA06B5D0EFC
:10AA5E00756F3E0E766F890EA025D96EDA6A060ED8
:10AA6E00DA22DF500501FB6FFB510601776F786B21
:10AA7E00BEEC71F0100E0601A06148EF55F04AEFE2
:10AA8E0055F050EF55F06A0E756F3E0E766FBEECB8
:10AA9E0071F00601A02B100EA06558EF55F05AEF7D
:10AAAE0055F02EEF55F0890E0501646F060E656F99
:10AABE00000E676F000E666F000E696F110E686FE5
:10AACE007DEC6FF0120021EE9EF2100EDE6AE806AB
:10AADE00FDE29E0E0501646F060E656F9BC666F560
:10AAEE009CC667F5000E696F110E686F19EC6CF05D
:10AAFE00650E0601A56186EF55F088EF55F090EFD3
:10AB0E0055F0320EA5618EEF55F090EF55F094EFA3
:10AB1E0055F090EC62F0F9EF55F02E0E05016C6FCA
:10AB2E00000E6D6F000E6E6FA5C66FF5A4EC66F08D
:10AB3E00550E06019E6F2E0E05016A6F000E6B6F8D
:10AB4E00000E6C6FEDEC6DF00601A56F9E0E05010B
:10AB5E00646F060E656F0F0E666F2BEC68F064C5A2
:10AB6E00AFF665C5B0F6AFC6AEF60601B051AD6F25
:10AB7E00B16B5D0E756F3E0E766F9E0EB125D96E62
:10AB8E00DA6A060EDA22DF509D6F9D51776F786B71
:10AB9E00BEEC71F0100E0601B161D8EF55F0DAEF90
:10ABAE0055F0E0EF55F06A0E756F3E0E766FBEEC07
:10ABBE0071F00601B12B100EB165E8EF55F0EAEF1A
:10ABCE0055F0C0EF55F09E0E0501646F060E656FD1
:10ABDE00000E676F000E666F000E696F110E686FC4
:10ABEE007DEC6FF0120064C5D9F465C5DAF466C564
:10ABFE00DFF4050120EE01F06451D9266551DA2209
:10AC0E0067C5DEF468C5DEF469C5DEF46AC5DEF438
:10AC1E0020EE05F06451D9266551DA226BC5DEF4BB
:10AC2E006CC5DEF46DC5DEF46EC5DEF420EE09F003
:10AC3E006451D9266551DA226FC5DEF470C5DEF493
:10AC4E0071C5DEF472C5DEF420EE15F06451D9261E
:10AC5E006551DA2273C5DEF474C5DEF475C5DEF413
:10AC6E0076C5DEF420EE19F06451D9266551DA224C
:10AC7E0077C5DEF478C5DEF479C5DEF47AC5DEF488
:10AC8E0020EE0DF06451D9266551DA22000EDE6EEB
:10AC9E00000EDE6E480EDE6E440EDD6E20EE11F0FE
:10ACAE006451D9266551DA22000EDE6E000EDE6E7C
:10ACBE00480EDE6EC40EDD6E20EE1DF06451D926F8
:10ACCE006551DA22000EDE6E000EDE6E000EDE6EB6
:10ACDE00000EDD6E20EE21F06451D9266551DA2288
:10ACEE00000EDE6E000EDE6E000EDE6E000EDD6EEF
:10ACFE0020EE25F06451D9266551DA227BC5DEF4AB
:10AD0E007CC5DDF41200C80E0501756F000E766F5E
:10AD1E00000E776F000E786F6D51736F6CC574F502
:10AD2E00B5EF56F005017551761177117811D8A44B
:10AD3E00A3EF56F0A5EF56F0A7EF56F019EF57F028
:10AD4E007507000E765B775B785B150E0501716FEC
:10AD5E00C60EE82EFED7712FFCD70000000E05019F
:10AD6E00666F530E656F730E676F050E686F000E7C
:10AD7E006A6F020E696F42EC6BF00009D8B4CAEF2D
:10AD8E0056F0CCEF56F099EF56F0C80E0501756FE0
:10AD9E00000E766F000E776F000E786FF3EF56F0A1
:10ADAE0005017551761177117811D8A4E1EF56F09F
:10ADBE00E3EF56F0E5EF56F019EF57F07507000E7A
:10ADCE00765B775B785B150E0501716FC60EE82E0C
:10ADDE00FED7712FFCD70000000E0501666F530ED3
:10ADEE00656F6EC567F56FC568F5020E7025696FE4
:10ADFE006A6B000E6A236EEC6BF00009D8B40AEF92
:10AE0E0057F00CEF57F0D7EF56F0090E0501726FA1
:10AE1E001E0E716FE40EE82EFED7712FFCD7722F27
:10AE2E00FAD700001200020EF66EE50EF76E000E57
:10AE3E00F86E02EED3F110EE24F00900F5C4EEF434
:10AE4E00E550E150FAE1900EF66EE00EF76E000E50
:10AE5E00F86E02EEBCF010EE38F00900F5C4EEF418
:10AE6E00E550E150FAE14E0EF66EE80EF76E000E6A
:10AE7E00F86E01EEF0F310EE0EF00900F5C4EEF4EC
:10AE8E00E550E150FAE11A0EF66EE90EF76E000E7D
:10AE9E00F86E01EEEBF210EE0AF00900F5C4EEF4D6
:10AEAE00E550E150FAE1E40EF66EE90EF76E000E93
:10AEBE00F86E0900F5C45DF50900F5C45EF503EE04
:10AECE0000F0640EEE6AE806FDE102EE00F3AC0E51
:10AEDE00EE6AE806FDE102EE00F210EEFFF0EE6A19
:10AEEE00E550E150FCE1E250FAE102EE00F1D30E42
:10AEFE00EE6AE806FDE102EE00F0BC0EEE6AE80630
:10AF0E00FDE101EE00F3E10EEE6AE806FDE101EE71
:10AF1E00D0F21B0EEE6AE806FDE10501FE6BFD6B3D
:10AF2E00FC6B01EE30F12D0EEE6AE806FDE1040138
:10AF3E00080E5D6F300E5E6F000E5F6F000149EF01
:10AF4E0073F00601263527350501FA6FFA51D8A49C
:10AF5E00B3EF57F0B5EF57F0C0EF57F0000E060104
:10AF6E00246F000E256F000E266F000E276F34EF34
:10AF7E0058F024C6F5F525C6F6F526C6F7F527C60C
:10AF8E00F8F5200ED0EF57F0D890F833F733F633AC
:10AF9E00F533E82ECBEF57F0F551F96F0601268FFA
:10AFAE00FF0E2417FF0E2517FF0E2617000E27176C
:10AFBE00960E0501FA5FFABFE9EF57F0E7EF57F08B
:10AFCE0001EF58F0FA51800A970FD8B0F1EF57F011
:10AFDE00F3EF57F0F5EF57F0B5EF57F00601D890B5
:10AFEE0027332633253324330501FA3FF5EF57F087
:10AFFE001BEF58F01F0EFA6507EF58F009EF58F0E7
:10B00E0013EF58F0B5EF57F00601D89024372537D7
:10B01E00263727370501FA07FA51D8A419EF58F049
:10B02E001BEF58F00BEF58F0F951D8B421EF58F050
:10B03E0023EF58F02CEF58F00601271F261F251F6F
:10B04E00246D000E25232623272324C624F625C689
:10B05E0025F626C626F627C627F61200050120EE8F
:10B06E0008F06451D9266551DA22DF50D8B442EF88
:10B07E0058F044EF58F070EF58F020EE08F064519D
:10B08E00D9266551DA22150EDF6050EF58F052EFD7
:10B09E0058F05AEF58F020EE08F06451D926655159
:10B0AE00DA22140EDF6E20EE08F06451D9266551B7
:10B0BE00DA22630EDF6466EF58F068EF58F070EF37
:10B0CE0058F020EE08F06451D9266551DA22640E4C
:10B0DE00DF6E20EE08F06451D9266551DA22DF507A
:10B0EE000601E96F050120EE0AF06451D92665517B
:10B0FE00DA22DF50D8B486EF58F088EF58F0B4EF6C
:10B10E0058F020EE0AF06451D9266551DA221F0E4E
:10B11E00DF6094EF58F096EF58F09EEF58F020EE67
:10B12E000AF06451D9266551DA221E0EDF6E20EE2A
:10B13E000AF06451D9266551DA22630EDF64AAEF54
:10B14E0058F0ACEF58F0B4EF58F020EE0AF064511E
:10B15E00D9266551DA22640EDF6E20EE0AF06451B4
:10B16E00D9266551DA22DF500601E86F120021EE72
:10B17E0089F2100EDE6AE806FDE2890E0501646FA3
:10B18E00060E656F87C666F588C667F5000E696F91
:10B19E00110E686F19EC6CF0550E0601896F300EAA
:10B1AE0005016A6F000E6B6F000E6C6FEDEC6DF0AB
:10B1BE000601906F310E05016A6F000E6B6F000E67
:10B1CE006C6FEDEC6DF00601916F320E05016A6F3A
:10B1DE00000E6B6F000E6C6FEDEC6DF00601926F52
:10B1EE00890E0501646F060E656F0F0E666F2BECF0
:10B1FE0068F064C59AF665C59BF69AC699F606017F
:10B20E009B51986F9C6B5D0E756F3E0E766F890E1F
:10B21E009C25D96EDA6A060EDA22DF500501FB6F25
:10B22E00FB510601776F786BBEEC71F0100E0601C4
:10B23E009C6124EF59F026EF59F02CEF59F06A0E6D
:10B24E00756F3E0E766FBEEC71F006019C2B100EE4
:10B25E009C6534EF59F036EF59F00AEF59F0890E2C
:10B26E000501646F060E656F000E676F000E666F48
:10B27E00000E696F110E686F7DEC6FF01200050104
:10B28E00646F05016405D8A44FEF59F051EF59F0E2
:10B29E006DEF59F0000E08018D6F000E8C6F000ED1
:10B2AE00846F000E856F000E866F000E876F000E86
:10B2BE00886F000E896F000E8A6F000E8B6F000E66
:10B2CE000601DD6F000EDC6FCDEF59F0020E641932
:10B2DE00D8A474EF59F076EF59F092EF59F0000EB2
:10B2EE000801666F000E656F000E5D6F000E5E6FDB
:10B2FE00000E5F6F000E606F000E616F000E626FCA
:10B30E00000E636F000E646F000E0601DB6F000E01
:10B31E00DA6FCDEF59F0030E6419D8A499EF59F0F6
:10B32E009BEF59F0CDEF59F0000E08018D6F000E16
:10B33E008C6F000E846F000E856F000E866F000EF0
:10B34E00876F000E886F000E896F000E8A6F000ED9
:10B35E008B6F000E666F000E656F000E5D6F000E38
:10B36E005E6F000E5F6F000E606F000E616F000E5D
:10B37E00626F000E636F000E646F000E0601DD6FCC
:10B38E00000EDC6F000EDB6F000EDA6F120005018F
:10B39E00796B77BFD7EF59F0D5EF59F0E1EF59F050
:10B3AE00771F761F751F746D000E75237623772316
:10B3BE00010E796F73BFE8EF59F0E6EF59F0F2EF37
:10B3CE0059F0731F721F711F706D000E712372235F
:10B3DE007323010E791B000E7A6F000E7B6F000E29
:10B3EE007C6F000E7D6F7451751176117711D8B484
:10B3FE0003EF5AF005EF5AF03BEF5AF0010E786F5B
:10B40E000FEF5AF0D8907437753776377737782B29
:10B41E0077AF14EF5AF016EF5AF009EF5AF0D890B2
:10B42E007A377B377C377D377451705D7551715922
:10B43E007651725977517359D8A028EF5AF02AEFE6
:10B44E005AF033EF5AF07451705F7551715B76514B
:10B45E00725B7751735B7A81D8907733763375331D
:10B46E007433782F16EF5AF07951D8B441EF5AF061
:10B47E0043EF5AF04BEF5AF07D1F7C1F7B1F7A6D06
:10B48E00000E7B237C237D237AC570F57BC571F579
:10B49E007CC572F57DC573F512001AC76EF51BC714
:10B4AE006FF51CC770F51DC771F564C56EF565C5E2
:10B4BE006FF566C570F567C571F56EC568F56FC534
:10B4CE0069F570C56AF571C56BF5180E75EF5AF012
:10B4DE000501D8906B336A3369336833E82E6FEF0A
:10B4EE005AF068516C6F6D6B6C516D11D8A482EF70
:10B4FE005AF084EF5AF0A4EF5AF0D8906E35686F78
:10B50E006F35696F70356A6F71356B6F6851691180
:10B51E006A116B11D8A496EF5AF098EF5AF09EEF7D
:10B52E005AF0000E656F020E646FD3EF5AF0000EE4
:10B53E00656F030E646FD3EF5AF06C296D11D8A4AA
:10B54E00ABEF5AF0ADEF5AF0CFEF5AF06EC568F58B
:10B55E006FC569F570C56AF571C56BF5090ED890A2
:10B56E00683769376A376B37E82EB6EF5AF068518D
:10B57E0069116A116B11D8B4C7EF5AF0CAEF5AF0BD
:10B58E00010ECBEF5AF0000E646F656BD3EF5AF0DD
:10B59E00000E656F040E646F120021EE89F2100E1C
:10B5AE00DE6AE806FDE2890E0501646F060E656F20
:10B5BE0087C666F588C667F5000E696F110E686F4F
:10B5CE0019EC6CF0550E0601896F2E0E05016A6F8F
:10B5DE00000E6B6F000E6C6FEDEC6DF00601906F50
:10B5EE005AC724F65BC725F65CC726F65DC727F655
:10B5FE00A8EC57F006012451926F890E0501646F75
:10B60E00060E656F0F0E666F2BEC68F064C59AF62A
:10B61E0065C59BF69AC699F606019B51986F9C6B71
:10B62E005D0E756F3E0E766F890E9C25D96EDA6AA9
:10B63E00060EDA22DF500501FB6FFB510601776F14
:10B64E00786BBEEC71F0100E06019C6131EF5BF071
:10B65E0033EF5BF039EF5BF06A0E756F3E0E766F6F
:10B66E00BEEC71F006019C2B100E9C6541EF5BF059
:10B67E0043EF5BF017EF5BF0890E0501646F060E6A
:10B68E00656F000E676F000E666F000E696F110E0C
:10B69E00686F7DEC6FF01200B7EC5CF0090E0601DE
:10B6AE008A6F1E0E896FE40EE82EFED7892FFCD707
:10B6BE008A2FFAD700004EEC4FF0E806D8A46AEFB6
:10B6CE005BF06CEF5BF0CEEF5BF0010E0601EA6F04
:10B6DE0087C6D9F488C6DAF4550EDF6E87C664F5D0
:10B6EE0088C665F50F0E0501666F2BEC68F064C514
:10B6FE008BF665C58CF6060120EE10F08751D92623
:10B70E008851DA228BC6DFF420EE0FF08751D9264E
:10B71E008851DA228C51DF6E8D6B5D0E756F3E0E89
:10B72E00766F8D518725D96E000E8821DA6EDF5027
:10B73E00896F8951776F786BBEEC71F0100E060130
:10B74E008D61ACEF5BF0AEEF5BF0B4EF5BF06A0EC9
:10B75E00756F3E0E766FBEEC71F006018D2B100EDE
:10B76E008D65BCEF5BF0BEEF5BF094EF5BF087C6D0
:10B77E0064F588C665F5000E0501676F000E666FED
:10B78E00000E696F110E686F7DEC6FF0FF001200F6
:10B79E00FEEC5FF0546E5450D8B4D8EF5BF0DAEF95
:10B7AE005BF0F4EF5BF053505418D8B4E1EF5BF05C
:10B7BE00E3EF5BF0F7EF5BF05404D8A4E9EF5BF036
:10B7CE00EBEF5BF0F0EF5BF0030E21EC6AF042EF73
:10B7DE005CF054C553F5F7EF5BF0536A0601E76B67
:10B7EE00F6EC45F005017EC599F57FC59AF59B6B84
:10B7FE009C6B000ECCEC49F099C54EF79AC54FF7ED
:10B80E009BC550F79CC551F75704D8B411EF5CF0A7
:10B81E0013EF5CF01CEF5CF00601E605D8A41AEFFE
:10B82E005CF01CEF5CF034EF5CF0D8900601DF3179
:10B83E00756FDE31746F74C699F575C69AF505018C
:10B84E009B6B9C6B000ECCEC49F099C54EF79AC5DC
:10B85E004FF79BC550F79CC551F7DDEC68F0E80635
:10B86E00D8B43CEF5CF03EEF5CF040EF5CF042EFA2
:10B87E005CF0FDEC4FF01200C80E0501BB6F000E20
:10B88E00BC6F000EBD6F000EBE6F6D51736F6CC539
:10B89E0074F5BF6B69EF5CF0BF516E25D96E000E6B
:10B8AE006F21DA6EBF51716F726B020E7127000E2F
:10B8BE007223730E7125E16E050E7221E26EDFC4E6
:10B8CE00E7F4BF2B7051BF5DD8A070EF5CF072EF44
:10B8DE005CF053EF5CF090EF5CF00501BB51BC11D6
:10B8EE00BD11BE11D8A47EEF5CF080EF5CF082EF4C
:10B8FE005CF0B6EF5CF0BB07000EBC5BBD5BBE5BE5
:10B90E00150E0501716FC60EE82EFED7712FFCD7EE
:10B91E000000000E0501666F530E656F730E676FA4
:10B92E00050E686F020E7025696F6A6B000E6A2332
:10B93E0042EC6BF00009D8B4A7EF5CF0A9EF5CF015
:10B94E0074EF5CF0090E0501726F1E0E716FE40E3E
:10B95E00E82EFED7712FFCD7722FFAD700001200F7
:10B96E0021EEF0F311EE71F1050EDBC4E3F4E806FF
:10B97E00FCE2710E0501646F050E656F060E666FB3
:10B98E00F0EC6BF064C579F565C57AF505017A5171
:10B99E00776F79C578F5F80E6C6F030E6D6F000E2C
:10B9AE006E6F71C56FF5A4EC66F0F90E05016C6F44
:10B9BE00030E6D6F000E6E6F72C56FF5A4EC66F020
:10B9CE00FA0E05016C6F030E6D6F000E6E6F73C570
:10B9DE006FF5A4EC66F0FB0E05016C6F030E6D6F38
:10B9EE00000E6E6F74C56FF5A4EC66F0FC0E0501CB
:10B9FE006C6F030E6D6F000E6E6F75C56FF5A4EC58
:10BA0E0066F0FD0E05016C6F030E6D6F000E6E6F0E
:10BA1E0076C56FF5A4EC66F0FE0E05016C6F030E95
:10BA2E006D6F000E6E6F77C56FF5A4EC66F0FF0EAE
:10BA3E0005016C6F030E6D6F000E6E6F78C56FF59E
:10BA4E00A4EC66F01200050120EE03F07951D92620
:10BA5E007A51DA22DF50646F20EE02F07951D92646
:10BA6E007A51DA22DF506FEC67F064C57BF565C55D
:10BA7E007CF5460E05017B5D050E7C59D8A04AEF7C
:10BA8E005DF04CEF5DF050EF5DF0050E7C6F460EF5
:10BA9E007B6F580E7B5D020E7C59D8B059EF5DF06E
:10BAAE005BEF5DF05FEF5DF0020E7C6F580E7B6F0B
:10BABE007BC5DEF67CC5DFF620EE07F07951D92680
:10BACE007A51DA22DF50646F20EE06F07951D926D2
:10BADE007A51DA22DF506FEC67F064C57DF565C5EB
:10BAEE007EF505017E5109E1960E7D5DD8A082EFAF
:10BAFE005DF084EF5DF088EF5DF0000E7E6F960EC8
:10BB0E007D6F7E5107E13C0E7D5DD8B091EF5DF00B
:10BB1E0093EF5DF097EF5DF0000E7E6F3C0E7D6F44
:10BB2E007DC545F57EC546F51200670E0501646FAD
:10BB3E00080E656F010E666F0A0E676FD70E686F7F
:10BB4E00A30E696F3D0E6A6F6F0E6B6F120E6C6FE8
:10BB5E00030E6D6F3B0E6E6F9A0E6F6F990E706FB8
:10BB6E00190E716F3E0E726F000E736F000E746FB2
:10BB7E00480E756F450E766F000E776F000E786F5C
:10BB8E00000E796F000E7A6F000E7C6F000E7B6FC9
:10BB9E00FAEC55F0400E0501646F080E656F020E4B
:10BBAE00666F9A0E676F990E686F990E696F3E0EEB
:10BBBE006A6F170E6B6FB70E6C6FD10E6D6F380EFE
:10BBCE006E6F170E6F6FB70E706FD10E716F380EDE
:10BBDE00726F000E736F000E746F480E756F450E08
:10BBEE00766F000E776F000E786F000E796F000E75
:10BBFE007A6F000E7C6F000E7B6FFAEC55F0120020
:10BC0E00000E05016C6F000E6B6F64C5D9F465C52F
:10BC1E00DAF4DEC4F6F4DDC4F7F4000EF86E0800B4
:10BC2E00F5502A0AD8A41EEF5EF020EF5EF053EF17
:10BC3E005EF064C5D9F465C5DAF4DE2A000EDD22A5
:10BC4E0066C5D9F467C5DAF4DFC468F5020EDE26E0
:10BC5E00DFC469F5000EDD2268C5D9F469C5DAF4D2
:10BC6E00DEC46BF5DDC46CF569EF5EF00A0E6B0396
:10BC7E00F3C468F5F4C469F56C03F35069276A518F
:10BC8E0068256B6F000E69216C6F64C5D9F465C5AC
:10BC9E00DAF4DE2A000EDD2264C5D9F465C5DAF4C5
:10BCAE00DEC4F6F4DDC4F7F4000EF86E0800F550AD
:10BCBE00D00F6A6F090E6A6567EF5EF069EF5EF08E
:10BCCE003DEF5EF06BC564F56CC565F512000501C0
:10BCDE006A516B11D8B476EF5EF078EF5EF081EFBB
:10BCEE005EF06A516B11D8A47FEF5EF081EF5EF0CB
:10BCFE0086EF5EF06851E6EC6CF0D3EF5EF020EE6E
:10BD0E0009F06A51D9266B51DA22DE50DE10D8B412
:10BD1E0093EF5EF095EF5EF0B0EF5EF020EE09F07F
:10BD2E006A51D9266B51DA2210EE02F06A51E126E1
:10BD3E006B51E222DE50E65CE650800A706FDE50F8
:10BD4E00800A7059D8B0AEEF5EF0B0EF5EF0D3EF70
:10BD5E005EF020EE02F06A51D9266B51DA22DEC473
:10BD6E006CF5DDC46DF56AC5D9F46BC5DAF4DEC4C5
:10BD7E006EF5DDC46FF56C516E25D96E6D516F2168
:10BD8E00DA6E68C5DFF420EE02F06A51D9266B51E7
:10BD9E00DA22DE2A000EDD22120032C768F533C722
:10BDAE0069F534C76AF535C76BF55BEC66F068C5A7
:10BDBE0078F569C579F56AC57AF56BC57BF527EF18
:10BDCE005FF0020E80EC61F0020E0EEC72F0020ECD
:10BDDE005FEC60F0020E46EC59F0020E11EC6EF0C4
:10BDEE0005EC74F064C532F765C533F766C534F7F4
:10BDFE0067C535F7020E0601F16F37EF5FF00501EB
:10BE0E007B517A110BE1F50E785D010E7959D8A0B0
:10BE1E0013EF5FF015EF5FF037EF5FF0020EFAEC05
:10BE2E0071F005EC74F064C532F765C533F766C57D
:10BE3E0034F767C535F7030E0601F16F37EF5FF084
:10BE4E000601F151010AD8B4E8EF5EF0030AD8B446
:10BE5E0006EF5FF0010AD8B437EF5FF037EF5FF00F
:10BE6E00120036C768F537C769F538C76AF539C79E
:10BE7E006BF55BEC66F068C578F569C579F56AC552
:10BE8E007AF56BC57BF58BEF5FF0010E80EC61F000
:10BE9E00010E0EEC72F0010E5FEC60F0010E46EC3E
:10BEAE0059F0010E11EC6EF005EC74F064C536F726
:10BEBE0065C537F766C538F767C539F7020E06014F
:10BECE00F26F9BEF5FF005017B517A110BE1F50EDE
:10BEDE00785D010E7959D8A077EF5FF079EF5FF0BA
:10BEEE009BEF5FF0010EFAEC71F005EC74F064C597
:10BEFE0036F765C537F766C538F767C539F7030EE8
:10BF0E000601F26F9BEF5FF00601F251010AD8B401
:10BF1E004CEF5FF0030AD8B46AEF5FF0010AD8B4B1
:10BF2E009BEF5FF09BEF5FF012000501696B67BF3F
:10BF3E00A5EF5FF0A3EF5FF0ABEF5FF0666D671FED
:10BF4E00D8B0672B010E696F65BFB2EF5FF0B0EF2F
:10BF5E005FF0B8EF5FF0646D651FD8B0652B010E12
:10BF6E00691B000E6B6F000E6A6F66516711D8B4B5
:10BF7E00C3EF5FF0C5EF5FF0EDEF5FF0010E686F9E
:10BF8E00CDEF5FF0D89066376737682B67AFD2EF8B
:10BF9E005FF0D4EF5FF0C9EF5FF0D8906A376B3780
:10BFAE006651645D67516559D8A0E0EF5FF0E2EF2E
:10BFBE005FF0E7EF5FF06651645F6751655B6A8122
:10BFCE00D89067336633682FD4EF5FF06951D8B4D9
:10BFDE00F3EF5FF0F5EF5FF0F9EF5FF06A6D6B1F57
:10BFEE00D8B06B2B6AC564F56BC565F512005E049F
:10BFFE00D8B404EF60F006EF60F009EF60F0010EC8
:10C00E005EEF60F00601EA05D8A410EF60F012EFC3
:10C01E0060F014EF60F006EF60F0020EE619D8A49F
:10C02E001BEF60F01DEF60F01FEF60F006EF60F0A9
:10C03E00E951D8A425EF60F027EF60F031EF60F002
:10C04E00E851D8A42DEF60F02FEF60F031EF60F0E3
:10C05E0006EF60F05A505B10D8B438EF60F03AEF4C
:10C06E0060F045EF60F058505910D8B441EF60F0D1
:10C07E0043EF60F045EF60F006EF60F05A505B1052
:10C08E00D8B44CEF60F04EEF60F051EF60F0020E5E
:10C09E005EEF60F058505910D8B458EF60F05AEF78
:10C0AE0060F05DEF60F0030E5EEF60F0000E1200C8
:10C0BE000501666F05016605D8A468EF60F06AEFAA
:10C0CE0060F07EEF60F0C50E646F070E656FEEECEC
:10C0DE0067F0000E07014E6F000E4F6F000E506F8F
:10C0EE00000E516F010E0601F46FBFEF60F0020EED
:10C0FE006619D8A485EF60F087EF60F097EF60F0D7
:10C10E00B70E646F070E656FEEEC67F0000E05015B
:10C11E00FD6F000EFC6F010E0601F36FBFEF60F0B6
:10C12E00030E6619D8A49EEF60F0A0EF60F0BFEF8B
:10C13E0060F0C50E646F070E656FEEEC67F0B70E1C
:10C14E000501646F070E656FEEEC67F0010E0601D8
:10C15E00F06FE56B000E07014E6F000E4F6F000E75
:10C16E00506F000E516F010E0601F46F92EF60F0EA
:10C17E001200BE6AB00EBF6EC06AC16AC26A400EBD
:10C18E00C36E0401026B300E0A6F126B1A6B226BB8
:10C19E002A6BDF0EC66E8F0EC76E6F0EC86ED00E78
:10C1AE00C96E0F0ECA6E9E0ECB6EDF0E006F0F0E97
:10C1BE00086F4F0E106FD10E186F070E206F9E0E68
:10C1CE00286F016B800E096F116B196B216B296B38
:10C1DE0003690B6913691B69070E236F2B690469C9
:10C1EE000C6914691C690F0E246F2C690201896B8E
:10C1FE00886B876B866B150E726F1C0E196F1A0E7D
:10C20E001B6F200E156F0C0E716F370E0D6F0D0E0E
:10C21E00706F380E0E6F0401056B066B076B0D6B9E
:10C22E000E6B0F6B156B166B176B256B266B276BD7
:10C23E001200D8C42DF5B2EC73F00009D8B42AEF71
:10C24E0061F02CEF61F034EF61F0030E3C6E0201F1
:10C25E00979B5EEC6FF07CEF61F0BDEC73F0000924
:10C26E00D8B43CEF61F03EEF61F050EF61F091EC2D
:10C27E0073F00009D8B446EF61F048EF61F050EF6B
:10C28E0061F0010E3C6E020197995BEC72F07CEF4F
:10C29E0061F09CEC73F00009D8B458EF61F05AEFDE
:10C2AE0061F06AEF61F091EC73F00009D8B462EFBF
:10C2BE0061F064EF61F06AEF61F0020E3C6E020114
:10C2CE0097994CEF61F0A7EC73F00009D8B472EFB8
:10C2DE0061F074EF61F07AEF61F0030E3C6E0201D3
:10C2EE00979D7CEF61F0020197993C502DC5D8F4D3
:10C2FE0011000501666F05016605D8A489EF61F08E
:10C30E008BEF61F095EF61F0000E656F000E646FBC
:10C31E0081EC74F0E7EC74F0DAEF61F0020E66195E
:10C32E00D8A49CEF61F09EEF61F0A8EF61F0000ED3
:10C33E00656F000E646F7BEC74F0E5EC74F0DAEF71
:10C34E0061F0020E6619D8A4AFEF61F0B1EF61F0A3
:10C35E00B3EF61F0DAEF61F0020E6619D8A4BAEF0E
:10C36E0061F0BCEF61F0BEEF61F0DAEF61F0050E47
:10C37E006619D8A4C5EF61F0C7EF61F0DAEF61F08E
:10C38E00000E656F000E646F81EC74F0E7EC74F0D4
:10C39E00000E0501656F000E646F7BEC74F0E5EC2A
:08C3AE0074F0DAEF61F01200F7
:10C3B800FAC401F5FBC402F5B39E77A0E6EF61F07D
:10C3C800E8EF61F00AEF62F076A0EDEF61F0EFEFD1
:10C3D80061F00AEF62F076900601D051D111D211C6
:10C3E800D8B4F9EF61F0FBEF61F031EF62F002D8F9
:10C3F80008EF62F00500FA6ED051FD6ED151FE6E65
:10C40800D251FF6EFA50120031EF62F077A20FEFAF
:10C4180062F011EF62F031EF62F076A216EF62F08F
:10C4280018EF62F031EF62F07692070188518911B6
:10C438008A11D8B422EF62F024EF62F031EF62F093
:10C4480002D831EF62F00500FA6E8851FD6E89510D
:10C45800FE6E8A51FF6EFA50120002C5FBF401C548
:10C46800FAF41100FAC405F5FBC406F5B59E86A0DA
:10C4780040EF62F042EF62F064EF62F085A047EFB0
:10C4880062F049EF62F064EF62F085900701825133
:10C4980083118411D8B453EF62F055EF62F08BEF3B
:10C4A80062F002D862EF62F00500FA6E8251FD6E0A
:10C4B8008351FE6E8451FF6EFA5012008BEF62F0CA
:10C4C80086A269EF62F06BEF62F08BEF62F085A2F3
:10C4D80070EF62F072EF62F08BEF62F08592070105
:10C4E8007F5180118111D8B47CEF62F07EEF62F049
:10C4F8008BEF62F002D88BEF62F00500FA6E7F5185
:10C50800FD6E8051FE6E8151FF6EFA50120006C515
:10C51800FBF405C5FAF4110022EED3F111EE87F20F
:10C52800100EDBC4E3F4E806FCE2870E0501646F35
:10C53800060E656F0F0E666F2BEC68F064C598F6F3
:10C5480065C599F606019951966F98C697F69A6B44
:10C558005D0E756F3E0E766F870E9A25D96EDA6A74
:10C56800060EDA22DF500501FB6FFB510601776FDB
:10C57800786BBEEC71F0100E06019A61C6EF62F09E
:10C58800C8EF62F0CEEF62F06A0E756F3E0E766FFE
:10C59800BEEC71F006019A2B100E9A65D6EF62F088
:10C5A800D8EF62F0ACEF62F0870E0501646F060EFB
:10C5B800656F000E676F000E666F000E696F110ED3
:10C5C800686F7DEC6FF012000501696B65BFF1EFD4
:10C5D80062F0EFEF62F0F7EF62F0646D651FD8B0BC
:10C5E800652B010E696F67BFFEEF62F0FCEF62F02A
:10C5F80002EF63F0666D671FD8B0672B665167114D
:10C60800D8B409EF63F00BEF63F02FEF63F0010E7E
:10C61800686F13EF63F0D89066376737682B67AF9A
:10C6280018EF63F01AEF63F00FEF63F06651645D83
:10C6380067516559D8A023EF63F025EF63F029EF20
:10C6480063F06651645F6751655BD8906733663302
:10C65800682F1AEF63F06951D8B435EF63F037EFFC
:10C6680063F03BEF63F0646D651FD8B0652B64C55C
:10C6780064F565C565F51200000E050164156C6F5B
:10C68800000E65156D6F800E66156E6F7F0E67154F
:10C698006F6F6C516D116E116F11D8A456EF63F066
:10C6A80058EF63F060EF63F0000E646F000E656F83
:10C6B800000E666F000E676F000E68156C6F000E37
:10C6C80069156D6F800E6A156E6F7F0E6B156F6F33
:10C6D8006C516D116E116F11D8A475EF63F077EF7F
:10C6E80063F07FEF63F0000E686F000E696F000E55
:10C6F8006A6F000E6B6F685164190FE16951651913
:10C708000CE16A51661909E16B516719D8B48FEFCA
:10C7180063F091EF63F094EF63F0D89095EF63F0D6
:10C72800D8801200116A1150080DBD0EF324D96E7D
:10C73800080EF420DA6EDE50DE10D8B4A6EF63F0EF
:10C74800A8EF63F0E2EF63F01150080DBD0EF3247B
:10C75800D96E080EF420DA6EDE06000EDD5A11508E
:10C76800080DBD0EF324D96E080EF420DA6EDE50E3
:10C77800DE10D8A4C2EF63F0C4EF63F0E2EF63F019
:10C788001150080DBC0EF324D96E080EF420DA6E91
:10C79800010EDF6E1150080DBF0EF324D96E080E7E
:10C7A800F420DA6E1150080DBD0EF324E16E080E68
:10C7B800F420E26EDEC4E6F4DDC4E5F4112A060EC8
:10C7C8001164E9EF63F0EBEF63F097EF63F01200A9
:10C7D8000601E0A1F2EF63F0F4EF63F0FEEF63F01F
:10C7E8007AC571F57BC572F578C573F579C574F5A9
:10C7F800A5EC6DF005017DBF06EF64F004EF64F071
:10C808000AEF64F0000E7D6F000E7C6F000E806FE3
:10C81800000E7F6F1DEF64F0000E696F200E686FC9
:10C8280078C56AF579C56BF56EEC5EF005017F4B4E
:10C83800802B7C517F5D8051800A7E6F7D51800AFC
:10C848007E59D8A02AEF64F02CEF64F010EF64F062
:10C858000601E0B132EF64F034EF64F03EEF64F0CB
:10C868007AC571F57BC572F578C573F579C574F528
:10C87800A5EC6DF01200A290240E0701616F9D0EC9
:10C88800626F000E636FA292560E676FE00E686FBC
:10C89800000E696F0201A26BA46BA56BA66BA76B58
:10C8A800A86BA96BAA6BB00EAB6F800EAC6F080EAD
:10C8B800AD6F820EAE6F060EAF6F2E0EB06FB16BFE
:10C8C800800EB26FB36B060E0501646FEA0E656FDA
:10C8D800000E666FB7EC72F0040E0501646FEA0E85
:10C8E800656F000E666FA5EC72F0020E0501646FAD
:10C8F800EA0E656F000E666F93EC72F0000E07018A
:10C908009A6F000E996F4B6A4A6A200E0501FE6FF6
:10C91800496A486A476AA28012007EC586F57FC5C3
:10C9280087F580C588F581C589F5A2EF64F082078F
:10C93800D8A08307864B872B884B892B050182510A
:10C948008311D8B4AAEF64F0ACEF64F0BDEF64F0E3
:10C9580088C5D9F489C5DAF486C5E1F487C5E2F457
:10C96800DE50E618D8B4BBEF64F0BDEF64F09BEF7F
:10C9780064F082518311D8A4C4EF64F0C6EF64F068
:10C98800CCEF64F0000E7F6F000E7E6FDEEF64F078
:10C9980086C5D9F487C5DAF4DF50846F88C5D9F421
:10C9A80089C5DAF4DF50856F8551845D7E6F7F6BB2
:10C9B800D8A07F071200050164516511D8A4E7EFDC
:10C9C80064F0E9EF64F0EBEF64F02BEF65F064C519
:10C9D800D9F465C5DAF4000EDE6E000EDE6E000EC8
:10C9E800DE6E000EDD6E20EE04F06451D92665512E
:10C9F800DA22000EDE6E000EDE6E000EDE6E000E17
:10CA0800DD6E20EE08F06451D9266551DA22000E59
:10CA1800DE6E000EDE6E000EDE6E000EDD6E20EEA7
:10CA28000CF06451D9266551DA22DE6ADE6ADE6AC4
:10CA3800DD6A20EE10F06451D9266551DA22E80E3D
:10CA4800DE6E030EDE6E000EDE6E000EDD6E120070
:10CA5800050164516511D8A434EF65F036EF65F02F
:10CA680038EF65F078EF65F064C5D9F465C5DAF498
:10CA780066C5DEF467C5DEF468C5DEF469C5DEF4B4
:10CA880020EE04F06451D9266551DA2266C5DEF439
:10CA980067C5DEF468C5DEF469C5DEF420EE08F08B
:10CAA8006451D9266551DA2266C5DEF467C5DEF41D
:10CAB80068C5DEF469C5DEF420EE0CF06451D926B1
:10CAC8006551DA22DE6ADE6ADE6ADD6A20EE10F07F
:10CAD8006451D9266551DA226AC5DEF46BC5DEF4E5
:0ACAE8006CC5DEF46DC5DEF412002B
:10CAF400D8C42BF502019BA582EF65F084EF65F0A5
:10CB04008FEF65F09AA589EF65F08BEF65F08FEFF5
:10CB140065F06EEC72F0C4EF65F09BAF94EF65F0D6
:10CB240096EF65F0B0EF65F09AAF9BEF65F09DEF7F
:10CB340065F0B0EF65F03B50D8B4A3EF65F0A5EF16
:10CB440065F0ACEF65F03B6A9A919A9F48EC72F0FD
:10CB5400C4EF65F05BEC72F08BEF65F09BA3B5EF6F
:10CB640065F0B7EF65F0C4EF65F09AA3BCEF65F02C
:10CB7400BEEF65F0C4EF65F0CDEC74F002019A935A
:10CB8400C4EF65F02BC5D8F41100D68A000ED6BECA
:10CB9400010E0501676FD69E550E0401596FAA0E4A
:10CBA400596F59915F6B300E5E6F080E5D6F550EB5
:10CBB400596FAA0E596F5981050167B102D0D69EEB
:10CBC40001D0D68E030165876589658F668166838A
:10CBD40069916993699569976D97AF90D680F60EC0
:10CBE4000501646FE90E656F000E666F66EC74F004
:10CBF400B490D682F80E0501646FE90E656F000EDD
:10CC0400666F5FEC74F0B890D684FA0E0501646F19
:10CC1400E90E656F000E666F58EC74F0120064C57F
:10CC2400D9F465C5DAF4DF500601E96FE951D8B4E7
:10CC34001EEF66F020EF66F034EF66F0150EE96142
:10CC440026EF66F028EF66F02AEF66F0140EE96F1F
:10CC5400630EE96530EF66F032EF66F034EF66F0AC
:10CC6400640EE96F050120EE04F06451D926655184
:10CC7400DA22DF500601E86FE851D8B444EF66F0D9
:10CC840046EF66F05AEF66F01F0EE8614CEF66F06F
:10CC94004EEF66F050EF66F01E0EE86F630EE86527
:10CCA40056EF66F058EF66F05AEF66F0640EE86FE0
:10CCB400120005EC74F064C574F565C575F566C5B8
:10CCC40076F567C577F505016851745D6951755945
:10CCD4006A5176596B517759D8A073EF66F075EFA6
:10CCE40066F083EF66F06851745D686F6951755939
:10CCF400696F6A5176596A6F6B5177596B6FA3EFFD
:10CD040066F0681D6C6F691D6D6F6A1D6E6F6B1D1B
:10CD14006F6F74516C25706F75516D21716F765101
:10CD24006E21726F77516F21736F010E7025686FDA
:10CD3400000E7121696F000E72216A6F000E73215B
:10CD44006B6F120005016E5109E1040E6D5DD8A0F0
:10CD5400AEEF66F0B0EF66F0B2EF66F0E7EF66F0C4
:10CD6400AA0E656F550E646F87EC74F0000E050112
:10CD74006C25646F000E6D21656F380E6E21666F31
:10CD84006FC567F5E8EC6AF0680E0501706FE40E94
:10CD9400E82EFED7702FFCD7000086EC73F0000954
:10CDA400D8A4D7EF66F0D9EF66F0CFEF66F03CEC8D
:10CDB40073F0E806D8A4E1EF66F0E3EF66F0E5EF80
:10CDC40066F0C1EC74F0BEEC74F012000701A14BE4
:10CDD400A22BF40EA11906E1A205D8A4F4EF66F083
:10CDE400F6EF66F00BEF67F0C1B2FBEF66F0FEEF13
:10CDF40066F0010EFFEF66F0000EFF0A126E124697
:10CE0400C1501218FD0B1218C16E000EA26F000E55
:10CE1400A16F010E3D26000E3E223F224022060154
:10CE2400D351D411D511D8A41AEF67F01CEF67F0D1
:10CE34001EEF67F02BEF67F002D82BEF67F00500C9
:10CE4400FA6ED351FD6ED451FE6ED551FF6EFA5079
:10CE5400120012002E0E05016A6F000E6B6F000E99
:10CE64006C6FEDEC6DF0FF0AD8A43BEF67F03DEF7B
:10CE740067F053EF67F02E0E05016C6F000E6D6FB7
:10CE8400000E6E6F460E6F6FA4EC66F0000E060186
:10CE9400EB6F000EEC6F8C0EED6F420EEE6F6EEFCB
:10CEA40067F02E0E05016A6F000E6B6F000E6C6F3B
:10CEB400EDEC6DF00501A76FA751996F9A6B9B6B11
:10CEC4009C6B000ECCEC49F099C5EBF69AC5ECF6D8
:10CED4009BC5EDF69CC5EEF612000501786F0501C1
:10CEE40078390F0B746F78510F0B756F64390F0B12
:10CEF400766F64510F0B776F76510A0DF3C466F5A4
:10CF0400F4C467F57551640DF3C468F5F4C469F5A8
:10CF140074516A6F6B6BE80E6A03F3C46CF5F4C466
:10CF24006DF56B03F3506D27030E6A03F3506D2701
:10CF340068516C256E6F69516D216F6F66516E2556
:10CF4400706F67516F21716F77517025726F000E8A
:10CF54007121736F72C564F573C565F51200300EE7
:10CF640005016A6F000E6B6F000E6C6FEDEC6DF0D7
:10CF74000501776F7751796F786B310E6A6F000E08
:10CF84006B6F000E6C6FEDEC6DF005017A6F7A51EA
:10CF940078110701086F050179510701096F320EF5
:10CFA40005016A6F000E6B6F000E6C6FEDEC6DF097
:10CFB4000501776F775107010A6F0B6BDFC70CF719
:10CFC400E0C70DF721EE08F301EE71F1050EDBC4A5
:10CFD400EBF4E806FCE21200050164516511D8A4E3
:10CFE400F6EF67F0F8EF67F0FAEF67F02AEF68F012
:10CFF40064C5D9F465C5DAF4000EDE6E000EDE6E8B
:10D00400000EDE6E000EDD6E20EE04F06451D926B3
:10D014006551DA22000EDE6E000EDE6E000EDE6E4C
:10D02400000EDD6E20EE08F06451D9266551DA2237
:10D03400000EDE6E000EDE6E000EDE6E000EDD6E85
:10D0440020EE0CF06451D9266551DA22DE6ADD6ADD
:10D05400120005016A696B6952EF68F064C5D9F47E
:10D0640065C5DAF4DF506A19696F644B652B070EE6
:10D074006925F66EF76A320EF722F86A000EF82276
:10D084000800F5506B196A6F070E6925F66EF76A8A
:10D09400310EF722F86A000EF8220800F5C46BF589
:10D0A40066076629D8A459EF68F05BEF68F030EFA3
:10D0B40068F06B516AC567F5686B67C568F5676B9F
:10D0C4006711646F6851656F12000601CF6BCF5111
:10D0D400080DBC0EF324D96E080EF420DA6EDF506E
:10D0E400D8B477EF68F079EF68F097EF68F0CF5134
:10D0F400080DBC0EF324D96E080EF420DA6EDF6A34
:10D10400CF51080DC10EF324D96E080EF420DA6E47
:10D1140002D897EF68F00500FA6EDE50FD6EDE501F
:10D12400FE6EDE50FF6EFA5012000601CF2B060E83
:10D13400CF659FEF68F0A1EF68F069EF68F0120027
:10D14400000E0501696F000E686F66516711D8B44F
:10D15400AEEF68F0B0EF68F0D8EF68F0010E6A6FD8
:10D16400B8EF68F0D890663767376A2B67AFBDEFC2
:10D1740068F0BFEF68F0B4EF68F0D89068376937AB
:10D184006651645D67516559D8A0CBEF68F0CDEF67
:10D1940068F0D2EF68F06651645F6751655B68813F
:10D1A400D890673366336A2FBFEF68F068C564F5BB
:10D1B40069C565F512005550D8A4E3EF68F0E5EFB2
:10D1C40068F0F4EF68F005EC74F064C53EF765C5EB
:10D1D4003FF766C540F767C541F7010E556E000E6F
:10D1E40016EF69F03EC768F53FC769F540C76AF5B1
:10D1F40041C76BF55BEC66F068C578F569C579F5F0
:10D204006AC57AF56BC57BF505017B517A110BE193
:10D21400E90E785D030E7959D8A013EF69F015EF84
:10D2240069F0F1EF68F0010E120005016A6F2FEF4B
:10D2340069F066C564F567C565F581EC74F0E7ECE3
:10D2440074F04DEF69F066C564F567C565F57BEC70
:10D2540074F0E5EC74F04DEF69F005016A51686F04
:10D26400696B6951000AD8B43AEF69F04DEF69F07F
:10D274006851010AD8B41BEF69F0030AD8B425EF4A
:10D2840069F0010AD8B44DEF69F0070AD8B44DEF3C
:10D2940069F04DEF69F01200000E05016C6F000E8D
:10D2A4006D6F000E6E6F000E6F6F64A15CEF69F01E
:10D2B4005EEF69F066EF69F068516C2769516D2380
:10D2C4006A516E236B516F23D890683769376A3778
:10D2D4006B37D890673366336533643364516511B3
:10D2E40066116711D8A479EF69F07BEF69F057EF05
:10D2F40069F06CC564F56DC565F56EC566F56FC5F9
:10D3040067F512007E6A020E7F6E806A7F0E816E60
:10D314000C0E826E836A846A856A866A886A896A60
:10D324008A6A8B6A8C6AB59CB59E85908592A59E07
:10D33400A59CF00E0501646FE90E656F000E666F23
:10D3440035EC74F0EE0E0501646FE90E656F000EA6
:10D35400666F2EEC74F0F20E0501646FE90E656FD2
:10D36400000E666F3CEC74F0800E876E12006F6ADC
:10D37400020E706E716A7F0E726E0C0E736E746A9A
:10D38400756A766A776A796A7A6A7B6A7C6A7D6A80
:10D39400B39CB39E76907692A39EA39CEA0E05015D
:10D3A400646FE90E656F000E666F4AEC74F0E80E68
:10D3B4000501646FE90E656F000E666F43EC74F04F
:10D3C400EC0E0501646FE90E656F000E666F51EC9B
:10D3D40074F0800E786E1200050166516711D8B49E
:10D3E400F6EF69F0F8EF69F01CEF6AF0010E686F70
:10D3F40000EF6AF0D89066376737682B67AF05EFA0
:10D404006AF007EF6AF0FCEF69F06651645D6751FA
:10D414006559D8A010EF6AF012EF6AF016EF6AF0BF
:10D424006651645F6751655BD89067336633682FD4
:10D4340007EF6AF064C564F565C565F5120005017A
:10D444007E6F39EF6AF038EC5FF053EF6AF0D4EC9A
:10D454005EF053EF6AF0EBEC74F0030E5FEC60F0F7
:10D46400050E80EC61F038EC5FF029EF6AF00501FD
:10D474007E517C6F7D6B7D51000AD8B444EF6AF015
:10D4840053EF6AF07C51010AD8B425EF6AF0030A1D
:10D49400D8B429EF6AF0010AD8B42DEF6AF053EF3B
:10D4A4006AF012000301F39FD96BDA6BDB6BDC6B60
:10D4B400DF6BE06BE56BE76BEC6BEE6BEF6BD86BE4
:10D4C400F06BF16BF26BF46B180EF56F100EF66FD8
:10D4D400F76B030EF86F1F0EFA6F020EF96F000E52
:10D4E4000701916F000E926F000E936F000E8E6F06
:10D4F400000E8F6F000E906F4E6AAF949F94B090A1
:10D50400A090840E0301F36F12000EEC74F01CC59E
:10D5140026F71DC527F71EC528F71FC529F7640E72
:10D524000601E26198EF6AF09AEF6AF0A9EF6AF0F7
:10D53400D0EC70F0246E480E0601E225D96EDA6A4A
:10D544000B0EDA2224C5DFF4E22BB8EF6AF0E26BAB
:10D55400480E1C6E0B0E1D6E000E1F6E000E1E6E0E
:10D56400000E216E640E206E64EC70F01200A30EA7
:10D574000501646F070E656F000E666F000E676F1E
:10D58400000E686F000E696FB80E6A6F0B0E6B6F3A
:10D59400000E6C6F000E6D6F2CEC65F08E0E0501A5
:10D5A400646F080E656F000E666F000E676F000EE5
:10D5B400686F000E696FC80E6A6F000E6B6F000E05
:10D5C4006C6F000E6D6F2CEC65F01200000ED6BE71
:10D5D400010E05016B6F66C545F064C568F565C548
:10D5E40069F566C56AF569C568F56AC569F56A6B62
:10D5F40068510001446F64C543F067C546F041516A
:10D60400F80B0309416FD69E00014DC542F04C5002
:10D61400426F408105016BB102D0D69E01D0D68EF7
:10D62400F80E000141171200050167BF1CEF6BF0F3
:10D634001EEF6BF028EF6BF064C564F565C565F506
:10D6440066C566F567C567F541EF6BF064C568F5B7
:10D6540065C569F566C56AF567C56BF5681F691F19
:10D664006A1F6B1F682B000E69236A236B2368C52E
:10D6740064F569C565F56AC566F56BC567F512009D
:10D6840005016B6B65EC71F00009D8A44CEF6BF0ED
:10D694004EEF6BF06BEF6BF0010E306E65C531F53C
:10D6A40066C532F53B6A67C533F568C534F569C5A7
:10D6B40035F56AC536F5000E376E000E386E000E6D
:10D6C4003A6E000E396E3C6A0EEC70F0010E0501E4
:10D6D4006B6F05016B51120005016B6B65EC71F00A
:10D6E4000009D8A478EF6BF07AEF6BF097EF6BF04A
:10D6F400010E306E65C531F566C532F53B6A67C506
:10D7040037F568C538F569C539F56AC53AF5000EC7
:10D71400336E000E346E000E366E000E356E3C6AAB
:10D7240035EC72F0010E05016B6F05016B511200AF
:10D734006FC673F670C674F6AFEF6BF06DC65DF628
:10D744006EC65EF6730E06015F6F060E606F71C6DD
:10D7540061F672C662F6A9EC31F073C6F6F474C6CB
:10D76400F7F4000EF86E0800F5500009D8A4BDEFD8
:10D774006BF0BFEF6BF0A0EF6BF0000E06016E6F65
:10D78400000E6D6F120083EC52F0000E05016D6FF8
:10D79400000E6C6FB70E6E6F0A0E6F6F460E706FD1
:10D7A4008AEC56F0D00E0501A86FC90EE82EFED7FC
:10D7B400A82FFCD700D0B70E0501796F0A0E7A6F37
:10D7C4002AEC5DF0B70E0501646F0A0E656F11EC6B
:10D7D40066F07DEC71F02CEC67F01200000E050190
:10D7E400686F000E696F000E6A6F000E6B6F6C6BD2
:10D7F4000BEF6CF06C516425D96E000E6521DA6E66
:10D80400DF50676F67516827000E69236A236B2313
:10D814006C2B66516C5DD8A012EF6CF014EF6CF0B9
:10D82400FCEF6BF068C564F569C565F5120066C563
:10D834006CF567C56DF564C56AF565C56BF533EFC1
:10D844006CF06CC5D9F46DC5DAF4DF506E6F6C4BB7
:10D854006D2B6AC5D9F46BC5DAF46EC5DFF46A4B77
:10D864006B2B05016807D8A06907682906E16929B7
:10D87400D8A43FEF6CF041EF6CF023EF6CF0120092
:10D8840016C76CF517C76DF518C76EF519C76FF590
:10D8940064C56CF565C56DF566C56EF567C56FF550
:10D8A4006CC568F56DC569F56EC56AF56FC56BF530
:10D8B400200E63EF6CF00501D8906B336A33693343
:10D8C4006833E82E5DEF6CF068C564F569C565F5ED
:10D8D4001200040E0201946F800E956F080E966F6D
:10D8E400030E9C6F9A6B9B6B976B8D6BD3EC73F0F1
:10D8F40002019B919B95948F050EE82EFED70000A4
:10D9040000000000000000000000000002019A91E5
:10D914009A959B85000E07018B6F000E8C6F000E8D
:10D924008D6F1200030E0501796F5C0EF1EC6FF040
:10D9340079C57EF57AC57FF5FB0E0501806F070E6C
:10D94400816F000E836F030E826F91EC64F005010A
:10D954007E517F11D8B4B1EF6CF0B3EF6CF0BCEF33
:10D964006CF0FB0EC06F070EC16F030EC26F5C0E2E
:06D9740035EC71F0120019
:10D97C00FAC41AF5FBC41BF541C517F542C518F5D9
:10D98C0034EC6EF00701E751E811E911D8B4D1EF8E
:10D99C006CF0D3EF6CF0E0EF6CF002D8E0EF6CF0D1
:10D9AC000500FA6EE751FD6EE851FE6EE951FF6E0F
:10D9BC00FA501200B1981BC5FBF41AC5FAF4110009
:10D9CC000501676FE1EC74F0680E0501666FE40EFB
:10D9DC00E82EFED7662FFCD7000055EC73F000093B
:10D9EC00D8B4FBEF6CF0FDEF6CF0F3EF6CF00501CD
:10D9FC0067510DEC6DF02A0E0501666F8D0EE82E49
:10DA0C00FED7662FFCD700D0E9EC74F012000501AC
:10DA1C00656FA2B214EF6DF016EF6DF01AEF6DF0AA
:10DA2C0065C5A3F232EF6DF00501FE51D8B421EFBC
:10DA3C006DF023EF6DF032EF6DF0200E4B24D96EAC
:10DA4C00DA6A0A0EDA2265C5DFF44B281F0B646F05
:10DA5C0064C54BF5A292FE07A282120003011E912F
:10DA6C001F6B206B030E216F050E1D6FFE0E1C6FBE
:10DA7C001D510501646F03011C51416E64C542F5D3
:10DA8C00000E0701E76FEA0EE86F000EE96F000E5B
:10DA9C00E46F000EE56F000EE66FB198A188B19AA5
:10DAAC00050E03011E6F1200D8C461F5FAC462F5AD
:10DABC00FBC463F50701E151E211E311D8B469EF3E
:10DACC006DF06BEF6DF078EF6DF002D878EF6DF0D4
:10DADC000500FA6EE151FD6EE251FE6EE351FF6EF0
:10DAEC00FA501200B99663C5FBF462C5FAF461C52D
:10DAFC00D8F411000601E26B1F0E0501646F090ECC
:10DB0C00656F000E676F000E666F000E696F640E16
:10DB1C00686F7DEC6FF0480E0501646F0B0E656F3E
:10DB2C00000E676F000E666F000E696F640E686FF3
:10DB3C007DEC6FF00601E16BDFEC74F01200000E6F
:10DB4C000501776F000E766FB8EF6DF075C568F54F
:10DB5C00696B73C56AF574C56BF56EEC5EF0050107
:10DB6C00764B772B76517125D96E77517221DA6EFF
:10DB7C00DF50756F7551D8A4C6EF6DF0C8EF6DF01E
:10DB8C00ACEF6DF01200000E0601041B000E051B1D
:10DB9C00000E061B800E071B00C6D9F501C6DAF570
:10DBAC0002C6DBF503C6DCF504C6DDF505C6DEF5FD
:10DBBC0006C6DFF507C6E0F5FCEC2CF0D9C500F67F
:10DBCC00DAC501F6DBC502F6DCC503F61200050169
:10DBDC006C5109E1040E6B5DD8A0F7EF6DF0F9EF15
:10DBEC006DF0FCEF6DF0000E10EF6EF0000E6A257C
:10DBFC006D6F000E6B216E6F380E6C216F6F6DC5E3
:10DC0C0064F56EC565F56FC566F54DEC71F00501F3
:10DC1C00706F705112000501666F05016605D8A47E
:10DC2C001AEF6EF01CEF6EF024EF6EF0A30E646F23
:10DC3C00070E656FDFEC64F033EF6EF0020E6619C1
:10DC4C00D8A42BEF6EF02DEF6EF033EF6EF08E0E3E
:10DC5C00646F080E656FDFEC64F0120003011EA503
:10DC6C003AEF6EF03CEF6EF052EF6EF01EB141EFFA
:10DC7C006EF044EF6EF0010E45EF6EF0000E196E73
:10DC8C0018501D6F17C51CF319B002D01E9102D08D
:10DC9C0003011E8156EF6EF018501D6F17C51CF353
:02DCAC00120064
:10DCB000FAC403F5FBC404F5B39C07018551861132
:10DCC0008711D8B466EF6EF068EF6EF075EF6EF006
:10DCD00002D875EF6EF00500FA6E8551FD6E865123
:10DCE000FE6E8751FF6EFA50120004C5FBF403C5A7
:10DCF000FAF41100FAC407F5FBC408F5B59C070156
:10DD00007C517D117E11D8B488EF6EF08AEF6EF0F1
:10DD100097EF6EF002D897EF6EF00500FA6E7C5127
:10DD2000FD6E7D51FE6E7E51FF6EFA50120008C5E9
:10DD3000FBF407C5FAF41100FAC413F5FBC414F59B
:10DD40000701ED51EE11EF11D8B4A9EF6EF0ABEF72
:10DD50006EF0B8EF6EF002D8B8EF6EF00500FA6E14
:10DD6000ED51FD6EEE51FE6EEF51FF6EFA50120056
:10DD7000B19E14C5FBF413C5FAF41100FAC415F5ED
:10DD8000FBC416F50701EA51EB11EC11D8B4CBEF47
:10DD90006EF0CDEF6EF0DAEF6EF002D8DAEF6EF0E3
:10DDA0000500FA6EEA51FD6EEB51FE6EEC51FF6E0E
:10DDB000FA501200B19616C5FBF415C5FAF411001D
:10DDC0008E0E0601146F080E156F2EC616F62FC69E
:10DDD00017F630C618F631C619F6C80E1A6F000EBF
:10DDE0001B6F000E1C6F000E1D6FE7EC37F014C6A2
:10DDF0002EF615C62FF616C630F617C631F61200E7
:10DE0000A30E0601146F070E156F2EC616F62FC649
:10DE100017F630C618F631C619F6B80E1A6F0B0E83
:10DE20001B6F000E1C6F000E1D6FE7EC37F014C661
:10DE30002EF615C62FF616C630F617C631F61200A6
:10DE400064C568F565C569F566C5F6F467C5F7F498
:10DE50000501664B672B000EF86E68C5D9F469C5DD
:10DE6000DAF4684B692B0800F5C4DFF4DF50D8A45E
:10DE70003CEF6FF03EEF6FF024EF6FF012000EEC0E
:10DE800073F0F1EC73F0E7EC73F09CEC5DF0B9EC3F
:10DE90006AF0C5EC6BF02C0E0501646FC70E656F60
:10DEA000000E666F74EC74F0DB0E0501716F070EE7
:10DEB000726F7FEC4BF094EC6CF01200D3EC74F0CA
:10DEC0009CEC74F01FEC74F0B1EC74F00201949FC0
:10DED000FBEC73F002019B919B95948F050EE82E4D
:10DEE000FED700000000000000000000000000005D
:10DEF00002019A919A959B85120064C56AF565C5E1
:10DF00006BF58BEF6FF06AC5D9F46BC5DAF466C5B3
:10DF1000DFF46A4B6B2B05016807D8A069076829F5
:10DF200006E16929D8A497EF6FF099EF6FF083EFBE
:10DF30006FF0120005016451651166116711D8B4C4
:10DF4000A4EF6FF0A6EF6FF0AEEF6FF0000E641B62
:10DF5000000E651B000E661B800E671B64C564F512
:10DF600065C565F566C566F567C567F51200050107
:10DF7000686F68C5ECF30301F39DF381F3B1C3EF60
:10DF80006FF0C5EF6FF0BEEF6FF0EB510501676FFB
:10DF9000666B0301EA5105016625646F0301000EFB
:10DFA00005016721656F1200DDEC73F0C0EC60F0D5
:10DFB00054EC6AF022EC72F034EC6DF0A9EC71F0E4
:10DFC00094EC71F0A1EC74F06BEC6CF0BBEC74F0C1
:10DFD000B9EC69F084EC69F03FEC64F0C7EC65F0F3
:10DFE000120005017D6F7DC56CF505016D6BD30ECB
:10DFF0006E6F070E6F6F79C570F58AEC56F0680E7C
:10E0000005017C6FE40EE82EFED77C2FFCD70000C4
:10E01000D30E0501796F070E7A6F12003550361056
:10E02000D8B415EF70F017EF70F024EF70F03550A2
:10E0300092EC74F03B50D8B420EF70F022EF70F007
:10E0400024EF70F0C4EC74F03150312497EC74F08C
:10E05000C7EC74F01200200E0501FE6132EF70F083
:10E0600034EF70F046EF70F0200E4A24D96EDA6A71
:10E070000A0EDA22DF500201A36F4A281F0B296E15
:10E0800029C54AF50501FE2B47EF70F0A292120058
:10E09000000A000A009EB70000140014006CE100A2
:10E0A000003200320070E90000500050006AE900C0
:10E0B0000064006400307A0000E803E8032EE80002
:10E0C00000881388139E98001CC522F51DC523F5F2
:10E0D00072EF70F022C5D9F423C5DAF41EC5DFF45F
:10E0E000224A232A2006D8A02106202806E121283A
:10E0F000D8A47DEF70F07FEF70F06AEF70F012003F
:10E1000005016BBF86EF70F088EF70F08EEF70F056
:10E110006AC56AF56BC56BF59AEF70F06AC56CF568
:10E120006BC56DF56C1F6D1F6C4B6D2B6CC56AF567
:10E130006DC56BF512001EC7E9F51FC7EAF520C7CC
:10E14000EBF521C7ECF508C6E9F509C6EAF50AC6FC
:10E15000EBF50BC6ECF50501EC9FE9C508F6EAC541
:10E1600009F6EBC50AF6ECC50BF612005E04D8B44E
:10E17000BCEF70F0BEEF70F0C0EF70F0CFEF70F05A
:10E180000601E505D8B4C7EF70F0C9EF70F0CBEF2A
:10E1900070F0CFEF70F0FDEC72F0ECEC72F012006A
:10E1A000000E4824D96EDA6A0A0EDA22DF501D6E9C
:10E1B00048281F0B1C6E1CC548F5A2904750D8B4C8
:10E1C000E4EF70F0E6EF70F0E7EF70F04706A28042
:10E1D0001D501200070179517A117B11D8B4F3EF69
:10E1E00070F0F5EF70F002EF71F002D802EF71F00D
:10E1F0000500FA6E7951FD6E7A51FE6E7B51FF6E0D
:10E20000FA50120012000701765177117811D8B434
:10E210000CEF71F00EEF71F01BEF71F002D81BEFF5
:10E2200071F00500FA6E7651FD6E7751FE6E7851F1
:10E23000FF6EFA501200120007017351741175112C
:10E24000D8B425EF71F027EF71F034EF71F002D8F8
:10E2500034EF71F00500FA6E7351FD6E7451FE6E6D
:10E260007551FF6EFA50120012000501C46FC4C54B
:10E270006CF505016D6BC0C56EF5C1C56FF5C2C506
:10E2800070F543EC5CF0D00E0501C36FC90EE82EAB
:10E29000FED7C32FFCD700D0120066C545F064C579
:10E2A00067F565C568F566C569F568C567F569C54B
:10E2B00068F50501696B67510001446F64C543F05F
:10E2C000F80E4117408146511200010E0501646F9E
:10E2D0003050D8A46EEF71F070EF71F07AEF71F0FA
:10E2E000020198AF76EF71F078EF71F07AEF71F08C
:10E2F0000501646B050164511200010E05016A6F8E
:10E30000000E6B6F000E6C6FEDEC6DF00701946FFB
:10E31000030E05016A6F000E6B6F000E6C6FEDEC63
:10E320006DF00701956F1200010E0301326F316B22
:10E33000336B1F0E2F6F2E6BE60E0701E16FE90E98
:10E34000E26F000EE36FB996A986DF0E0301306F0E
:10E350001200010E0301266F256B276B1F0E236F22
:10E36000226BFE0E0701EA6FE90EEB6F000EEC6FF9
:10E37000B196A186DF0E0301246F1200770E06010D
:10E38000856F060E866F000E6D6F000E6E6F75C680
:10E390006FF676C670F6850E716F060E726F9AEC88
:10E3A0006BF012000501646F050164A1DAEF71F0F2
:10E3B000DCEF71F0DDEF71F0C08E64A3E2EF71F07D
:10E3C000E4EF71F0E5EF71F0BE8A12000501646FB1
:10E3D000050164A1EEEF71F0F0EF71F0F1EF71F073
:10E3E000C18A64A3F6EF71F0F8EF71F0F9EF71F004
:10E3F000C38012000501646F050164A102EF72F091
:10E4000004EF72F005EF72F0C09E64A30AEF72F0A1
:10E410000CEF72F00DEF72F0BE9A12000501646FFE
:10E42000050164A116EF72F018EF72F019EF72F0A7
:10E43000C19A64A31EEF72F020EF72F021EF72F028
:10E44000C39012003D0E0301196F186B570E1B6F1E
:10E45000FC0E0701ED6FE90EEE6F000EEF6FB19E3F
:10E46000A18E810E03011A6F120039503A10D8B4F0
:10E470003CEF72F03EEF72F041EF72F0395092ECE7
:10E4800074F0D880313497EC74F0C7EC74F012005B
:10E4900039503A10D8B44FEF72F051EF72F054EF98
:10E4A00072F03950A9EC74F0D8803134A5EC74F0D6
:10E4B000CAEC74F01200CDEC74F0D0EC74F00009EA
:10E4C000D8B465EF72F067EF72F06DEF72F0000E86
:10E4D000A9EC74F0000EADEC74F01200306A000E7E
:10E4E000326E3168000E336E000E346E000E376EE1
:10E4F000000E386ED3EC74F09CEC74F0B1EC74F058
:10E500001200AA5A01FF00040802000000000000E7
:10E5100000000009000000000000000000090000E9
:10E520000000000000000501645165116611D8B4B7
:10E530009CEF72F09EEF72F0A4EF72F064C56AF780
:10E5400065C56BF766C56CF712000501645165116E
:10E550006611D8B4AEEF72F0B0EF72F0B6EF72F0B1
:10E5600064C56DF765C56EF766C56FF712000501E6
:10E57000645165116611D8B4C0EF72F0C2EF72F049
:10E58000C8EF72F064C570F765C571F766C572F7BC
:10E5900012000501645165116611D8B4D2EF72F012
:10E5A000D4EF72F0DAEF72F064C55EF765C55FF71D
:10E5B00066C560F71200050174510008766F76C5D4
:10E5C00075F571C56CF572C56DF573C56EF575C5DC
:10E5D0006FF5A4EC66F01200A20E0601466F080E5D
:10E5E000476F580E486F050E496FF30E4A6F060EBF
:10E5F0004B6F110E8FEC3BF01200AF0E0601466F11
:10E60000080E476F5A0E486F050E496FF40E4A6F99
:10E61000060E4B6F1C0E8FEC3BF01200E9EC74F011
:10E62000EBEC74F0010E0EEC72F0020E0EEC72F0D8
:0EE63000010EFAEC71F0020EFAEC71F012001D
:10E64000D8C42EF5D6EC74F037C5D9F438C5DAF451
:10E65000DF6E374A382A2EC5D8F41100D8C460F5C9
:10E6600033C5D9F434C5DAF4334A342ADF50ADEC7B
:10E6700074F060C5D8F41100000141AF42EF73F0AF
:10E6800044EF73F047EF73F0010E48EF73F0000EA4
:10E690001200D4EC6FF0D68ED68C3FEC6FF067ECA6
:10E6A00068F04FEF73F081EF18F00501FE51D8A428
:10E6B0005CEF73F05FEF73F0010E60EF73F0000E2C
:02E6C000120046
:10E6C400FAC409F5FBC40AF5AF90EAEC70F00AC588
:10E6D400FBF409C5FAF41100FAC40BF5FBC40CF5FC
:10E6E400B49003EC71F00CC5FBF40BC5FAF4110003
:10E6F400FAC40DF5FBC40EF5B8901CEC71F00EC510
:10E70400FBF40DC5FAF41100000140B18CEF73F075
:10E714008FEF73F0010E90EF73F0000E1200020100
:10E7240095BB97EF73F09AEF73F0010E9BEF73F0C4
:10E73400000E1200020198B7A2EF73F0A5EF73F078
:10E74400010EA6EF73F0000E1200020197BDADEFAB
:10E7540073F0B0EF73F0010EB1EF73F0000E12001E
:10E76400020197BBB8EF73F0BBEF73F0010EBCEF7F
:10E7740073F0000E1200020198A7C3EF73F0C6EF06
:10E7840073F0010EC7EF73F0000E1200FAC427F500
:10E79400FBC428F592EC4EF028C5FBF427C5FAF427
:10E7A4001100A584A586A580A58202019B859B8373
:10E7B4009B8F97811200600E0001AD6FAF6BB36B3E
:10E7C400080EB16FB06BAC6B12000E0E0501646FD6
:10E7D400D50E656F000E666FC9EC72F01200D00E94
:10E7E4000501646FCD0E656F000E666F6DEC74F0FD
:10E7F4001200A584A586A580A58202019B859B8322
:10E804009B8F978112003DC564F53EC565F53FC5F4
:10E8140066F540C567F512003DC51CF53EC51DF5FE
:10E824003FC51EF540C51FF51200DB0E0501C06F84
:10E83400070EC16FD6EC4DF01200A594A596A590D5
:10E84400A59202019B6B976B12000605040302015B
:10E8540001000000C000001264C57FF765C580F7A1
:10E8640066C581F7120064C582F765C583F766C57E
:10E8740084F7120064C57CF765C57DF766C57EF72D
:10E88400120064C588F765C589F766C58AF7120062
:10E8940064C5D0F665C5D1F666C5D2F6120064C566
:10E8A40085F765C586F766C587F7120064C573F7F3
:10E8B40065C574F766C575F7120064C576F765C556
:10E8C40077F766C578F7120064C579F765C57AF7F6
:10E8D40066C57BF7120064C5EDF765C5EEF766C53E
:10E8E400EFF7120064C5D3F665C5D4F666C5D5F650
:10E8F400120064C589F4050165518A6E120064C56D
:10E904007AF4050165517B6E1200050165514C6E68
:10E9140064C54DF5120000008C42030101010101A0
:10E924000501646F64C58DF212000501646F64C54E
:10E934008FF212000201979B979D97991200C30EC4
:10E944000301D76F12002A6E2AC58FF212002C6EB3
:10E954002CC58DF212002F6E2FC58CF2120002010D
:10E96400996B99851200EDEC35F012005EEC41F0E4
:10E974001200C1EC74F012004C6A4D6A12000001DE
:10E98400419F12000201948D12000201948B120027
:10E994000201948B12000201949D120002018D5118
:0EE9A400120002019A6B120002018B51120048
:10E9B4002BEC70F01100A2901200A2801200C1860C
:10E9C4001200C38A12008784120078841200C19650
:06E9D4001200C39A1200BC
:10E9DC00AF941100B090110001011200120012004E
:10E9EC00120012001200120011001200120012008C
:0CE9FC00120012001200120012001200A3
:020000040030CA
:080000008FFFEFFF9FFFFFFFE0
:01000900FFF7
:00000001FF
