:0400000081EF00F09C
:10000800D468D468D468D4684000D4684000D46800
:10001800DD67D468CC68D468D468D468D468D468F8
:10002800CD68400040004000D468D468D468D468E3
:10003800D468D468D46864657664D468D468536531
:10004800C167C168D468D46840004000D468D468E7
:10005800D468D468D4684000D468D4683165445FF3
:10006800E367D468D468D468D468D468D468D4689A
:10007800106816681461585E4000D4684265715F64
:100088001C68C368D468D468D468D468D468D46851
:10009800D468D468D468D4684000D468400040006C
:1000A800E967D468D468D468D468D468D468D46854
:1000B800D468D468D4687565D468D468D468D468BA
:1000C800D468D468D468D468D468D468D468D46848
:1000D800D468D468D468D468D468D468D468D46838
:1000E8004000D468D468D468400040004000400014
:0E00F800D468D468D468D468FF0043EFB3F036
:10F6CA000000C0C101C30302C2C60607C705C5C4FC
:10F6DA0004CC0C0DCD0FCFCE0E0ACACB0BC909082C
:10F6EA00C8D81819D91BDBDA1A1EDEDF1FDD1D1C6C
:10F6FA00DC14D4D515D71716D6D21213D311D1D0FC
:10F70A0010F03031F133F3F23236F6F737F535349B
:10F71A00F43CFCFD3DFF3F3EFEFA3A3BFB39F9F86B
:10F72A003828E8E929EB2B2AEAEE2E2FEF2DEDEC0B
:10F73A002CE42425E527E7E62622E2E323E121203B
:10F74A00E0A06061A163A3A26266A6A767A565643B
:10F75A00A46CACAD6DAF6F6EAEAA6A6BAB69A9A8AB
:10F76A006878B8B979BB7B7ABABE7E7FBF7DBDBCEB
:10F77A007CB47475B577B7B67672B2B373B171707B
:10F78A00B0509091519353529296565797559594DB
:10F79A00549C5C5D9D5F9F9E5E5A9A9B5B995958EB
:10F7AA0098884849894B8B8A4A4E8E8F4F8D4D4C8B
:10F7BA008C448485458747468682424383418180BB
:10F7CA004000C1814001C0804101C0804100C18127
:10F7DA004001C0804100C1814000C1814001C08018
:10F7EA004101C0804100C1814000C1814001C08007
:10F7FA004100C1814001C0804101C0804100C181F6
:10F80A004001C0804100C1814000C1814001C080E7
:10F81A004100C1814001C0804101C0804100C181D5
:10F82A004000C1814001C0804101C0804100C181C6
:10F83A004001C0804100C1814000C1814001C080B7
:10F84A004101C0804100C1814000C1814001C080A6
:10F85A004100C1814001C0804101C0804100C18195
:10F86A004000C1814001C0804101C0804100C18186
:10F87A004001C0804100C1814000C1814001C08077
:10F88A004100C1814001C0804101C0804100C18165
:10F89A004001C0804100C1814000C1814001C08057
:10F8AA004101C0804100C1814000C1814001C08046
:10F8BA004100C1814001C0804101C0804100C18135
:10F8CA004000C0C101C30302C2C60607C705C5C4BA
:10F8DA0004CC0C0DCD0FCFCE0E0ACACB0BC909082A
:10F8EA00C8D81819D91BDBDA1A1EDEDF1FDD1D1C6A
:10F8FA00DC14D4D515D71716D6D21213D311D1D0FA
:10F90A0010F03031F133F3F23236F6F737F5353499
:10F91A00F43CFCFD3DFF3F3EFEFA3A3BFB39F9F869
:10F92A003828E8E929EB2B2AEAEE2E2FEF2DEDEC09
:10F93A002CE42425E527E7E62622E2E323E1212039
:10F94A00E0A06061A163A3A26266A6A767A5656439
:10F95A00A46CACAD6DAF6F6EAEAA6A6BAB69A9A8A9
:10F96A006878B8B979BB7B7ABABE7E7FBF7DBDBCE9
:10F97A007CB47475B577B7B67672B2B373B1717079
:10F98A00B0509091519353529296565797559594D9
:10F99A00549C5C5D9D5F9F9E5E5A9A9B5B995958E9
:10F9AA0098884849894B8B8A4A4E8E8F4F8D4D4C89
:10F9BA008C448485458747468682424383418180B9
:10F9CA004000C1814001C0804101C0804100C18125
:10F9DA004001C0804100C1814000C1814001C08016
:10F9EA004101C0804100C1814000C1814001C08005
:10F9FA004100C1814001C0804101C0804100C181F4
:10FA0A004001C0804100C1814000C1814001C080E5
:10FA1A004100C1814001C0804101C0804100C181D3
:10FA2A004000C1814001C0804101C0804100C181C4
:10FA3A004001C0804100C1814000C1814001C080B5
:10FA4A004101C0804100C1814000C1814001C080A4
:10FA5A004100C1814001C0804101C0804100C18193
:10FA6A004000C1814001C0804101C0804100C18184
:10FA7A004001C0804100C1814000C1814001C08075
:10FA8A004100C1814001C0804101C0804100C18163
:10FA9A004001C0804100C1814000C1814001C08055
:10FAAA004101C0804100C1814000C1814001C08044
:10FABA004100C1814001C0804101C0804100C18133
:10FACA004000C0C101C30302C2C60607C705C5C4B8
:10FADA0004CC0C0DCD0FCFCE0E0ACACB0BC9090828
:10FAEA00C8D81819D91BDBDA1A1EDEDF1FDD1D1C68
:10FAFA00DC14D4D515D71716D6D21213D311D1D0F8
:10FB0A0010F03031F133F3F23236F6F737F5353497
:10FB1A00F43CFCFD3DFF3F3EFEFA3A3BFB39F9F867
:10FB2A003828E8E929EB2B2AEAEE2E2FEF2DEDEC07
:10FB3A002CE42425E527E7E62622E2E323E1212037
:10FB4A00E0A06061A163A3A26266A6A767A5656437
:10FB5A00A46CACAD6DAF6F6EAEAA6A6BAB69A9A8A7
:10FB6A006878B8B979BB7B7ABABE7E7FBF7DBDBCE7
:10FB7A007CB47475B577B7B67672B2B373B1717077
:10FB8A00B0509091519353529296565797559594D7
:10FB9A00549C5C5D9D5F9F9E5E5A9A9B5B995958E7
:10FBAA0098884849894B8B8A4A4E8E8F4F8D4D4C87
:10FBBA008C448485458747468682424383418180B7
:10FBCA004000C1814001C0804101C0804100C18123
:10FBDA004001C0804100C1814000C1814001C08014
:10FBEA004101C0804100C1814000C1814001C08003
:10FBFA004100C1814001C0804101C0804100C181F2
:10FC0A004001C0804100C1814000C1814001C080E3
:10FC1A004100C1814001C0804101C0804100C181D1
:10FC2A004000C1814001C0804101C0804100C181C2
:10FC3A004001C0804100C1814000C1814001C080B3
:10FC4A004101C0804100C1814000C1814001C080A2
:10FC5A004100C1814001C0804101C0804100C18191
:10FC6A004000C1814001C0804101C0804100C18182
:10FC7A004001C0804100C1814000C1814001C08073
:10FC8A004100C1814001C0804101C0804100C18161
:10FC9A004001C0804100C1814000C1814001C08053
:10FCAA004101C0804100C1814000C1814001C08042
:10FCBA004100C1814001C0804101C0804100C18131
:10FCCA004000C0C101C30302C2C60607C705C5C4B6
:10FCDA0004CC0C0DCD0FCFCE0E0ACACB0BC9090826
:10FCEA00C8D81819D91BDBDA1A1EDEDF1FDD1D1C66
:10FCFA00DC14D4D515D71716D6D21213D311D1D0F6
:10FD0A0010F03031F133F3F23236F6F737F5353495
:10FD1A00F43CFCFD3DFF3F3EFEFA3A3BFB39F9F865
:10FD2A003828E8E929EB2B2AEAEE2E2FEF2DEDEC05
:10FD3A002CE42425E527E7E62622E2E323E1212035
:10FD4A00E0A06061A163A3A26266A6A767A5656435
:10FD5A00A46CACAD6DAF6F6EAEAA6A6BAB69A9A8A5
:10FD6A006878B8B979BB7B7ABABE7E7FBF7DBDBCE5
:10FD7A007CB47475B577B7B67672B2B373B1717075
:10FD8A00B0509091519353529296565797559594D5
:10FD9A00549C5C5D9D5F9F9E5E5A9A9B5B995958E5
:10FDAA0098884849894B8B8A4A4E8E8F4F8D4D4C85
:10FDBA008C448485458747468682424383418180B5
:10FDCA004000C1814001C0804101C0804100C18121
:10FDDA004001C0804100C1814000C1814001C08012
:10FDEA004101C0804100C1814000C1814001C08001
:10FDFA004100C1814001C0804101C0804100C181F0
:10FE0A004001C0804100C1814000C1814001C080E1
:10FE1A004100C1814001C0804101C0804100C181CF
:10FE2A004000C1814001C0804101C0804100C181C0
:10FE3A004001C0804100C1814000C1814001C080B1
:10FE4A004101C0804100C1814000C1814001C080A0
:10FE5A004100C1814001C0804101C0804100C1818F
:10FE6A004000C1814001C0804101C0804100C18180
:10FE7A004001C0804100C1814000C1814001C08071
:10FE8A004100C1814001C0804101C0804100C1815F
:10FE9A004001C0804100C1814000C1814001C08051
:10FEAA004101C0804100C1814000C1814001C08040
:10FEBA004100C1814001C0804101C0804100C1812F
:10FECA0040B88301000000000000000000000000AC
:10FEDA000000000000000000000000000000000018
:10FEEA000000000000000000000000000000000008
:10FEFA0000000000000000000000000000529E0107
:10FF0A002E9E010A9E01000000D28101000000001D
:10FF1A0000007892010000005A9F010000000000D2
:10FF2A0000000000000000000000000000000000C7
:10FF3A0000000000000000000000000000000000B7
:10FF4A000000000000BE9E019A9E01769E010000FC
:10FF5A0000C48E010000001E8F01788F010000008E
:10FF6A00000000000000C89B0100000000000043E0
:10FF7A0048317C493A252E32667C50574D3A2564E1
:10FF8A007C563A252E32667C504F573A252E3266D9
:10FF9A007C0A0D20004348327C493A252E32667C81
:10FFAA0050574D3A25647C563A252E32667C504F7E
:10FFBA00573A252E32667C0A0D2000D3D0D0A7C32B
:10FFCA00FCC1EEA3ACB5F7D3C35253343835B4A64B
:10FFDA00C0ED0D0A00B6C1C8A1B5BD20256C7520BB
:10FFEA00D7D6BDDA3A2000253032582000696E662D
:06FFFA00006E616E0000C4
:020000040001F9
:100000000601A16B79C6A2F67AC6A3F67BC6A4F652
:100010007CC6A5F6A5BF11EF80F00FEF80F025EFAD
:1000200080F0010EA16FA2C61EF6A3C61FF6A4C6DD
:1000300020F6A5C621F605ECCCF01EC6A2F61FC61A
:10004000A3F620C6A4F621C6A5F6000E0601A76FEA
:10005000000EA66FE9C695F6EAC696F6A151D8B489
:1000600034EF80F036EF80F04AEF80F0A151D8A451
:100070003CEF80F03EEF80F044EF80F0000E876FA1
:100080002B0E866F48EF80F0000E876F2D0E866F67
:1000900086C6A1F6A2C61EF6A3C61FF6A4C620F603
:1000A000A5C621F666ECB7F006011E051F11D8A4FF
:1000B0005CEF80F05EEF80F090EF80F0A151D8B45B
:1000C00064EF80F066EF80F06FEF80F0A1C640F93A
:1000D0009507D8A09607000EA76F010EA66F400ED9
:1000E000A6251E6F090EA7211F6FF70E206FFF0EAA
:1000F000216F6CECCBF00601FD0E9527FF0E9623C9
:1001000077C632F678C633F6400E346F090E356F77
:1001100095C636F696C637F63CECC1F032EF85F060
:10012000A2C61EF6A3C61FF6A4C620F6A5C621F6D3
:1001300066ECB7F006011E511F11D8A4A2EF80F0A3
:10014000A4EF80F0C3EF80F0A151D8B4AAEF80F003
:10015000ACEF80F0B5EF80F0A1C640F99507D8A0CC
:100160009607000EA76F010EA66F400EA6251E6F04
:10017000090EA7211F6FFB0E206FFF0E216F6CEC85
:10018000CBF07BEF80F0000EA86F000EA96F800E01
:10019000AA6F3F0EAB6F000E906F000E8F6FA2C65E
:1001A0001EF6A3C61FF6A4C620F6A5C621F6000EAD
:1001B000226F000E236F000E246F000E256F94EC4B
:1001C000BFF00601D8B0E7EF80F0E9EF80F0CBEFA9
:1001D00081F0F5EF80F091C6A8F692C6A9F693C615
:1001E000AAF694C6ABF68F4B902BA8C652F6A9C6BA
:1001F00053F6AAC654F6ABC655F6000E566F000E5F
:10020000576F200E586F410E596F7DEC8FF052C61C
:1002100091F653C692F654C693F655C694F6060167
:100220009151A25D1E6F9251A3591F6F9351A45912
:10023000206F9451A559216FE9ECC7F0060121BF49
:100240002DEF81F0215120111F1109E1020E1E5DD9
:10025000D8A02DEF81F02FEF81F0EBEF80F091C669
:100260006BF692C66CF693C66DF694C66EF6A2C691
:100270006FF6A3C670F6A4C671F6A5C672F6DDECDD
:10028000B5F00601D8A047EF81F049EF81F0EBEF20
:1002900080F0A851A25D1E6FA951A3591F6FAA51EA
:1002A000A459206FAB51A559216FE9ECC7F00601A5
:1002B00021BF68EF81F0215120111F1107E1020ECB
:1002C0001E5DD8B066EF81F068EF81F0B1EF81F08C
:1002D000A8C6A2F6A9C6A3F6AAC6A4F6ABC6A5F6FA
:1002E000CBEF81F0A8C639F6A9C63AF6AAC63BF606
:1002F000ABC63CF6000E3D6F000E3E6F200E3F6F0A
:10030000410E406F95EC95F039C6A8F63AC6A9F6AD
:100310003BC6AAF63CC6ABF606018F07D8A09007ED
:10032000A851A25D1E6FA951A3591F6FAA51A459CC
:10033000206FAB51A559216FE9ECC7F0060121BF31
:10034000AFEF81F0215120111F1107E1020E1E5D58
:10035000D8B0ADEF81F0AFEF81F0B1EF81F068EF91
:1003600081F0A2C66BF6A3C66CF6A4C66DF6A5C650
:100370006EF6A8C66FF6A9C670F6AAC671F6ABC629
:1003800072F6DDECB5F00601D8A0C9EF81F0CBEF35
:1003900081F072EF81F07DC689F689C68AF6ECBFDE
:1003A000D4EF81F0D6EF81F0DCEF81F0EBC682F67E
:1003B000ECC683F6E0EF81F0000E836F060E826FCD
:1003C00082C68DF683C68EF68D4B8E2B660E8A19ED
:1003D000D8A4EDEF81F0EFEF81F00FEF82F090BF46
:1003E000F6EF81F0F4EF81F002EF82F0000EA86FDB
:1003F000000EA96F800EAA6F3F0EAB6F000E906FBC
:10040000000E8F6F670E8919D8B409EF82F00BEFD9
:1004100082F00FEF82F08F518D2790518E23000EC6
:10042000A06F000E9F6FA2C697F6A3C698F6A4C64B
:1004300099F6A5C69AF6A8C691F6A9C692F6AAC6D6
:1004400093F6ABC694F6A1EF82F097C639F698C63C
:100450003AF699C63BF69AC63CF6A8C63DF6A9C63A
:100460003EF6AAC63FF6ABC640F695EC95F039C607
:1004700052F63AC653F63BC654F63CC655F68AECDD
:10048000A0F052C69BF653C69CF654C69DF655C6C0
:100490009EF69BC61EF69CC61FF69DC620F69EC6FF
:1004A00021F652ECB4F01EC68BF61FC68CF697C62A
:1004B0006BF698C66CF699C66DF69AC66EF69BC634
:1004C00056F69CC657F69DC658F69EC659F6A8C65F
:1004D00052F6A9C653F6AAC654F6ABC655F67DEC3D
:1004E0008FF052C66FF653C670F654C671F655C6F5
:1004F00072F6AEECC9F06BC697F66CC698F66DC690
:1005000099F66EC69AF6A8C639F6A9C63AF6AAC6EC
:100510003BF6ABC63CF6000E06013D6F000E3E6F8B
:10052000200E3F6F410E406F95EC95F039C6A8F64E
:100530003AC6A9F63BC6AAF63CC6ABF606019F4BE7
:10054000A02B8D519F5DA051800A7E6F8E51800A35
:100550007E59D8A0AEEF82F0B0EF82F025EF82F0A6
:10056000A8C652F6A9C653F6AAC654F6ABC655F6A7
:10057000000E566F000E576FA00E586F400E596F49
:100580007DEC8FF052C69BF653C69CF654C69DF682
:1005900055C69EF697C66BF698C66CF699C66DF66C
:1005A0009AC66EF69BC66FF69CC670F69DC671F62F
:1005B0009EC672F6DDECB5F00601D8B0E2EF82F02F
:1005C000E4EF82F0EEEF82F0000E9B6F000E9C6F66
:1005D000000E9D6F000E9E6F17EF83F097C61EF6FC
:1005E00098C61FF699C620F69AC621F69BC622F633
:1005F0009CC623F69DC624F69EC625F694ECBFF055
:100600000601D8A006EF83F008EF83F017EF83F020
:100610008BB10DEF83F00FEF83F017EF83F0000E37
:100620009B6F000E9C6F000E9D6F000E9E6FA2C60A
:100630001EF6A3C61FF6A4C620F6A5C621F69BC6C5
:1006400022F69CC623F69DC624F69EC625F6C5EC6A
:100650008AF01EC697F61FC698F620C699F621C6E0
:100660009AF697C66BF698C66CF699C66DF69AC65A
:100670006EF6000E0601566F000E576F200E586F73
:10068000410E596F91C652F692C653F693C654F670
:1006900094C655F67DEC8FF052C66FF653C670F6D1
:1006A00054C671F655C672F6DDECB5F00601D8A059
:1006B0005CEF83F05EEF83F086EF83F08F4B902B3F
:1006C00091C652F692C653F693C654F694C655F6A2
:1006D000000E566F000E576F200E586F410E596F67
:1006E0007DEC8FF052C691F653C692F654C693F63F
:1006F00055C694F6660E06018A19D8A482EF83F0D7
:1007000084EF83F086EF83F08D4B8E2B91C6A8F695
:1007100092C6A9F693C6AAF694C6ABF68FC680F623
:1007200090C681F6886B000E856F000E846F000EF8
:10073000A06F000E9F6F83EF84F097C639F698C6BE
:100740003AF699C63BF69AC63CF6A8C63DF6A9C647
:100750003EF6AAC63FF6ABC640F695EC95F039C614
:1007600052F63AC653F63BC654F63CC655F68AECEA
:10077000A0F052C69BF653C69CF654C69DF655C6CD
:100780009EF69BC61EF69CC61FF69DC620F69EC60C
:1007900021F652ECB4F006011FBFDAEF83F01F51CF
:1007A00007E10A0E1E5DD8B0D8EF83F0DAEF83F0D0
:1007B000EAEF83F09BC61EF69CC61FF69DC620F688
:1007C0009EC621F652ECB4F01EC68BF61FC68CF600
:1007D000EEEF83F0000E8C6F090E8B6F06018851CF
:1007E000D8A4F5EF83F0F7EF83F01FEF84F081BF1B
:1007F000FEEF83F0FCEF83F01FEF84F0400EA625A0
:10080000D96E090EA721DA6E2E0EDF6EA64BA72B2E
:100810009507D8A09607010E886F1FEF84F0400E51
:10082000A625D96E090EA721DA6E300EDF6EA64B13
:10083000A72B9507D8A096078407D8A085078451D1
:100840008511D8A426EF84F028EF84F00FEF84F010
:10085000400EA625D96E090EA721DA6E8B51300FF6
:10086000DF6EA64BA72B9507D8A0960797C66BF609
:1008700098C66CF699C66DF69AC66EF69BC656F685
:100880009CC657F69DC658F69EC659F6A8C652F69F
:10089000A9C653F6AAC654F6ABC655F67DEC8FF042
:1008A00052C66FF653C670F654C671F655C672F648
:1008B000AEECC9F06BC697F66CC698F66DC699F6A5
:1008C0006EC69AF6A8C639F6A9C63AF6AAC63BF687
:1008D000ABC63CF6000E06013D6F000E3E6F200ECB
:1008E0003F6F410E406F95EC95F039C6A8F63AC6B9
:1008F000A9F63BC6AAF63CC6ABF606018007D8A00F
:1009000081079F4BA02B8D519F5DA051800A7E6F68
:100910008E51800A7E59D8B090EF84F092EF84F027
:10092000A0EF84F0A7BF9EEF84F0A75109E14B0E22
:10093000A65DD8A09EEF84F0A0EF84F09DEF83F039
:10094000000EA06F4F0E9F6F400E9F25D96E090EAF
:10095000A021DA6EDF6A400E7E6F090E7F6FA6510E
:100960007E5FA7517F5B9F517E251E6FA0517F2127
:100970001F6F400E206F090E216FA6C622F6A7C674
:1009800023F6C3ECC8F00601A6519F5DA66FA751E0
:10099000A059A76FA151D8A4D0EF84F0D3EF84F071
:1009A000010ED4EF84F0000E9F6FA06BEDA3DBEF80
:1009B00084F0DDEF84F00BEF85F0EDEF84F0A60717
:1009C000D8A0A707400EA625D96E090EA721DA6E7A
:1009D000300EDF6E9507D8A0960795519F5DA05108
:1009E000800A7E6F9651800A7E59D8B0FAEF84F063
:1009F000FCEF84F00BEF85F0A6519F5DA051800ABB
:100A00007E6FA751800A7E59D8A009EF85F00BEFC1
:100A100085F0DFEF84F0A151D8B411EF85F013EF2A
:100A200085F01EEF85F0A607D8A0A707400EA625E3
:100A3000D96E090EA721DA6EA1C6DFF49F51955F2A
:100A4000A051965B77C632F678C633F6400EA625DF
:100A5000346F090EA721356F95C636F696C637F660
:100A60003CECC1F01200B5C568F5B6C569F5B7C56F
:100A70006AF5B8C56BF5B9C56CF5BAC56DF5BBC5FA
:100A80006EF5BCC56FF51AECCAF068C5D9F569C535
:100A9000DAF56AC5DBF56BC5DCF5050120EE01F082
:100AA000B351D926B451DA22DEC49EF5DEC49FF5D7
:100AB000DEC4A0F5DEC4A1F5D9C5A2F5DAC5A3F55B
:100AC000DBC5A4F5DCC5A5F591EC91F09EC5BDF59F
:100AD0009FC5BEF5A0C5BFF5A1C5C0F5D9C51EF51A
:100AE000DAC51FF5DBC520F5DCC521F537ECCDF007
:100AF0001EC560F51FC561F520C562F521C563F50A
:100B0000000E0501646F000E656F480E666F420EA1
:100B1000676F60ECB6F00501D8B091EF85F093EF08
:100B200085F030EF86F020EE1DF0B351D926B45198
:100B3000DA22DEC460F5DEC461F5DEC462F5DEC42F
:100B400063F5D9C564F5DAC565F5DBC566F5DCC5C1
:100B500067F521EC8DF0050120EE1DF0B351D9268B
:100B6000B451DA2260C5DEF461C5DEF462C5DEF49C
:100B700063C5DEF420EE0DF0B351D926B451DA226C
:100B8000DEC460F5DEC461F5DEC462F5DEC463F583
:100B900020EE1DF0B351D926B451DA22DEC464F53B
:100BA000DEC465F5DEC466F5DEC467F560ECB6F05C
:100BB0000501D8B0DEEF85F0E0EF85F0F4EF85F0C9
:100BC00020EE0DF0B351D926B451DA2210EE1DF00B
:100BD000B351E126B451E222DEC4E6F4DEC4E6F409
:100BE000DEC4E6F4DEC4E6F420EE1DF0B351D926EF
:100BF000B451DA22DEC460F5DEC461F5DEC462F50C
:100C0000DEC463F520EE11F0B351D926B451DA22D7
:100C1000DEC464F5DEC465F5DEC466F5DEC467F5E2
:100C200060ECB6F00501D8B018EF86F01AEF86F048
:100C30003EEF86F020EE11F0B351D926B451DA22FE
:100C400010EE1DF0B351E126B451E222DEC4E6F409
:100C5000DEC4E6F4DEC4E6F4DEC4E6F43EEF86F07D
:100C600020EE1DF0B351D926B451DA22000EDE6E0B
:100C7000000EDE6E000EDE6E000EDD6E20EE05F064
:100C8000B351D926B451DA22DEC49EF5DEC49FF5F5
:100C9000DEC4A0F5DEC4A1F520EE1DF0B351D926C7
:100CA000B451DA22DEC4A2F5DEC4A3F5DEC4A4F595
:100CB000DEC4A5F591EC91F09EC5C1F59FC5C2F5C6
:100CC000A0C5C3F5A1C5C4F5050120EE21F0B351BF
:100CD000D926B451DA22DEC46CF5DEC46DF5DEC46B
:100CE0006EF5DEC46FF5D9C568F5DAC569F5DBC503
:100CF0006AF5DCC56BF51AECCAF068C59EF569C5E6
:100D00009FF56AC5A0F56BC5A1F5050120EE09F0B8
:100D1000B351D926B451DA22DEC4A2F5DEC4A3F55C
:100D2000DEC4A4F5DEC4A5F591EC91F09EC5C5F531
:100D30009FC5C6F5A0C5C7F5A1C5C8F5050120EE3C
:100D400021F0B351D926B451DA22D9C5DEF4DAC57F
:100D5000DEF4DBC5DEF4DCC5DEF4C1C564F5C2C576
:100D600065F5C3C566F5C4C567F5BDC560F5BEC507
:100D700061F5BFC562F5C0C563F521EC8DF060C5B6
:100D8000C9F561C5CAF562C5CBF563C5CCF5C9C562
:100D900060F5CAC561F5CBC562F5CCC563F5C5C5BF
:100DA00064F5C6C565F5C7C566F5C8C567F521EC28
:100DB0008DF060C5D5F561C5D6F562C5D7F563C5BB
:100DC000D8F5B3C5D9F4B4C5DAF4DE04D8A4EBEF92
:100DD00086F0EDEF86F071EF87F00501D8BFF5EFF3
:100DE00086F0F3EF86F0FFEF86F0000ECD6F000E79
:100DF000CE6F000ECF6FBF0ED06F07EF87F0000EE3
:100E0000CD6F000ECE6F000ECF6F3F0ED06FD5C5E9
:100E100064F5D6C565F5D7C566F5D8C567F5CDC502
:100E200060F5CEC561F5CFC562F5D0C563F521EC9F
:100E30008DF060C599F561C59AF562C59BF563C5EE
:100E40009CF5D6ECB4F0050199510701A2270501E4
:100E50009A510701A323000E05018D6F000E8E6FBE
:100E6000480E8F6F450E906FA2C785F5A3C786F514
:100E7000000E86BFFF0E876F886F010E65ECA8F02D
:100E800085C589F586C58AF587C58BF588C58CF536
:100E900023ECB2F089C595F58AC596F58BC597F513
:100EA0008CC598F5000E0501916F000E926F000E33
:100EB000936F000E946FB3ECB2F091C599F592C5A3
:100EC0009AF593C59BF594C59CF5D6ECB4F099C5FD
:100ED000A2F79AC5A3F7A2C7B3F5A3C7B4F500EF6D
:100EE00088F0B3C5D9F4B4C5DAF4020EDE18D8A47C
:100EF0007CEF87F07EEF87F000EF88F00501D8BF28
:100F000086EF87F084EF87F090EF87F0000ED16FC7
:100F1000000ED26F000ED36FBF0ED46F98EF87F024
:100F2000000ED16F000ED26F000ED36F3F0ED46F44
:100F3000D5C564F5D6C565F5D7C566F5D8C567F5D9
:100F4000D1C560F5D2C561F5D3C562F5D4C563F5E9
:100F500021EC8DF060C599F561C59AF562C59BF5E8
:100F600063C59CF5D6ECB4F0050199510701A027A3
:100F700005019A510701A123000E05018D6F000E96
:100F80008E6F480E8F6F450E906FA0C785F5A1C775
:100F900086F5000E86BFFF0E876F886F010E65EC29
:100FA000A8F085C589F586C58AF587C58BF588C5FE
:100FB0008CF523ECB2F089C595F58AC596F58BC5FD
:100FC00097F58CC598F5000E0501916F000E926F94
:100FD000000E936F000E946FB3ECB2F091C599F5CB
:100FE00092C59AF593C59BF594C59CF5D6ECB4F0E3
:100FF00099C5A0F79AC5A1F7A0C7B3F5A1C7B4F5E5
:101000001200AEC6D9F4AFC6DAF4DEC4F6F4DDC41D
:10101000F7F4000EF86E0800F550250AD8A413EF77
:1010200088F015EF88F0ADEF8AF0AEC6D9F4AFC600
:10103000DAF4DE2A000EDD22000E0601EA6F000E51
:10104000E96FE9C6EDF6EB69EC69B66B48EF88F03D
:10105000ED83AEC6D9F4AFC6DAF4DE2A000EDD2287
:1010600048EF88F0010EB66F48EF88F0AEC6D9F4AD
:10107000AFC6DAF4DEC4F6F4DDC4F7F4000EF86EA1
:101080000800F550300AD8B428EF88F032EF88F025
:10109000B651D8B44EEF88F050EF88F036EF88F0B4
:1010A000AEC61EF6AFC61FF6B0C620F6B1C621F614
:1010B000B3ECBAF01EC6E9F61FC6EAF60601EABFAF
:1010C00066EF88F064EF88F06BEF88F0ED81E96DF2
:1010D000EA1FD8B0EA2BAEC6D9F4AFC6DAF4DEC444
:1010E000F6F4DDC4F7F4000EF86E0800F5502E0A91
:1010F000D8A47DEF88F07FEF88F094EF88F0AEC63B
:10110000D9F4AFC6DAF4DE2A000EDD22AEC61EF632
:10111000AFC61FF6B0C620F6B1C621F6B3ECBAF0E2
:101120001EC6EBF61FC6ECF6AEC6D9F4AFC6DAF4AF
:10113000DEC4BCF6DDC4BDF6BCC6F6F4BDC6F7F42D
:10114000000EF86E0800F5C4BBF6B2EF88F0BC4B99
:10115000BD2BCAEF88F0690EBB6FCAEF88F0BB6B7E
:10116000CAEF88F00601BB51580AD8B4ABEF88F03B
:101170003C0AD8B4ABEF88F00D0AD8B4ABEF88F0D6
:10118000050AD8B4A7EF88F0190AD8B4ABEF88F0F5
:10119000AFEF88F0BCC6F6F4BDC6F7F4000EF86EEB
:1011A0000800F550640AD8B4D8EF88F0DAEF88F078
:1011B00021EF89F0BCC6F6F4BDC6F7F4000EF86E58
:1011C0000800F550690AD8A4E8EF88F0EAEF88F043
:1011D0004AEF89F021EF89F0B0C6D9F4B1C6DAF44C
:1011E000DFC4B2F6020EDE26DFC4B3F6000EDD2247
:1011F000B2C6D9F4B3C6DAF4DEC4B7F6DDC4B8F6C5
:10120000000EB8BFFF0EB96FBA6F2CEF89F0B0C6F1
:10121000D9F4B1C6DAF4DFC4B2F6040EDE26DFC4B8
:10122000B3F6000EDD22B2C6D9F4B3C6DAF4DEC4DA
:10123000B7F6DEC4B8F6DEC4B9F6DEC4BAF62CEFF3
:1012400089F0BB51690AD8B4ECEF88F0050AD8B42C
:1012500007EF89F02CEF89F0010EBC25B26F000E6C
:10126000BD21B36FAEC6D9F4AFC6DAF4B2C6DEF4B0
:10127000B3C6DDF4ACC63BF6ADC63CF6B7C63DF62C
:10128000B8C63EF6B9C63FF6BAC640F683ECA6F03D
:10129000C4EF8AF0BCC6F6F4BDC6F7F4000EF86ED3
:1012A0000800F550580AD8B458EF89F05AEF89F081
:1012B000A2EF89F0BCC6F6F4BDC6F7F4000EF86ED6
:1012C0000800F550750AD8A468EF89F06AEF89F034
:1012D000EFEF89F0A2EF89F0B0C6D9F4B1C6DAF425
:1012E000DFC4B2F6020EDE26DFC4B3F6000EDD2246
:1012F000B2C6D9F4B3C6DAF4DEC4B4F6DDC4B5F6CA
:10130000B4C6B7F6B5C6B8F6B96BBA6BADEF89F02F
:10131000B0C6D9F4B1C6DAF4DFC4B2F6040EDE26E4
:10132000DFC4B3F6000EDD22B2C6D9F4B3C6DAF4D8
:10133000DEC4B7F6DEC4B8F6DEC4B9F6DEC4BAF66B
:10134000ADEF89F0BB51690AD8B46CEF89F0050A9A
:10135000D8B488EF89F0ADEF89F0010EBC25B26FEB
:10136000000EBD21B36FAEC6D9F4AFC6DAF4B2C673
:10137000DEF4B3C6DDF4DDEF89F0ACC63BF6ADC6F6
:101380003CF6B7C63DF6B8C63EF6B9C63FF6BAC695
:1013900040F6E2ECADF0C4EF8AF0ACC63BF6ADC669
:1013A0003CF6B7C63DF6B8C63EF6B9C63FF6BAC675
:1013B00040F633ECADF0C4EF8AF0BCC6F6F4BDC61F
:1013C000F7F4000EF86E0800F550580AD8B4CDEFC7
:1013D00089F02D0AD8B4BDEF89F0EFEF89F0AEC6E1
:1013E000D9F4AFC6DAF4DEC4BCF6DDC4BDF6BCC6C3
:1013F000F6F4BDC6F7F4000EF86E0800F5C4BBF6AF
:101400000DEF8AF0BC4BBD2B1CEF8AF06C0EBB6F4E
:101410001CEF8AF0BB6B1CEF8AF0BB514C0AD8B4AE
:1014200002EF8AF02A0AD8B406EF8AF00A0AD8B482
:1014300002EF8AF00AEF8AF0BCC6F6F4BDC6F7F4F4
:10144000000EF86E0800F550660AD8A42AEF8AF05C
:101450002CEF8AF0A4EF8AF062EF8AF0B0C6D9F4DC
:10146000B1C6DAF4DFC4B2F6040EDE26DFC4B3F68A
:10147000000EDD22B2C6D9F4B3C6DAF4DEC4B7F684
:10148000DEC4B8F6DEC4B9F6DEC4BAF66DEF8AF093
:10149000B0C6D9F4B1C6DAF4DFC4B2F6040EDE2663
:1014A000DFC4B3F6000EDD22B2C6D9F4B3C6DAF457
:1014B000DEC4B7F6DEC4B8F6DEC4B9F6DEC4BAF6EA
:1014C0006DEF8AF0BB514C0AD8B448EF8AF0200A7D
:1014D000D8B42EEF8AF06DEF8AF0010EBC25B26F02
:1014E000000EBD21B36FAEC6D9F4AFC6DAF4B2C6F2
:1014F000DEF4B3C6DDF496EF8AF0ACC677F6ADC67F
:1015000078F6B7C679F6B8C67AF6B9C67BF6BAC623
:101510007CF6BCC6F6F4BDC6F7F4000EF86E080003
:10152000F5C47DF600EC80F0C4EF8AF0BCC6F6F49A
:10153000BDC6F7F4000EF86E0800F550660AD8B480
:101540007DEF8AF0A4EF8AF0AEC6D9F4AFC6DAF424
:10155000DE2A000EDD22C4EF8AF0AEC6D9F4AFC693
:10156000DAF4DEC4F6F4DDC4F7F4000EF86E080019
:10157000F5500601226F236BACC624F6ADC625F6E6
:10158000E7ECBBF0A4EF8AF0120006012151800BBA
:101590002A6F215121252C6F20AFD1EF8AF0D3EF94
:1015A0008AF0D4EF8AF02C812C51D8B4DAEF8AF08B
:1015B000DCEF8AF0F0EF8AF02C29D8A4E2EF8AF071
:1015C000E4EF8AF0ECEF8AF0000E1E6F000E1F6F42
:1015D000000E206F000E216F208F216BF8EF8AF034
:1015E000000E1E6F000E1F6F000E206F000E216F89
:1015F0002551800B2B6F2A512B19D8B402EF8BF099
:1016000004EF8BF005EF8BF02A8D255125252B6FEC
:1016100024AF0DEF8BF00FEF8BF010EF8BF02B81E1
:101620002B51D8B416EF8BF018EF8BF02CEF8BF01A
:101630002B29D8A41EEF8BF020EF8BF028EF8BF036
:10164000000E226F000E236F000E246F000E256F18
:10165000248F256B34EF8BF0000E226F000E236F6A
:10166000000E246F000E256F2C512B5DD8B03BEF80
:101670008BF03DEF8BF064EF8BF02AAD42EF8BF0F7
:1016800044EF8BF046EF8BF0800E2A1B2CC62DF614
:101690002BC62CF62DC62BF61EC62DF622C61EF620
:1016A0002DC622F61FC62DF623C61FF62DC623F61D
:1016B00020C62DF624C620F62DC624F621C62DF60A
:1016C00025C621F62DC625F62D6B2C512BC626F6E8
:1016D000276B265F000E275B27BF78EF8BF0275123
:1016E00009E11A0E265DD8A078EF8BF07AEF8BF027
:1016F000B1EF8BF01E511F1120112111D8A483EFDF
:101700008BF086EF8BF0010E87EF8BF0000E2D6FC4
:10171000000E1E6F000E1F6F000E206F000E216F57
:101720002BC62CF6BAEF8BF02DA199EF8BF09BEF27
:101730008BF0A1EF8BF0D8902D3101092D6FA3EF25
:101740008BF0D8902D331EA1A8EF8BF0AAEF8BF071
:10175000ABEF8BF02D8F2135213320331F331E3318
:101760002C2B2B512C5DD8A0B8EF8BF0BAEF8BF05F
:1017700094EF8BF02ABDBFEF8BF0C1EF8BF001EF40
:101780008CF02C51D8A4C7EF8BF0C9EF8BF0D3EFBE
:101790008BF0000E1E6F000E1F6F000E206F000EEC
:1017A000216F20EF8DF022511E2723511F2324513A
:1017B00020232551212321A1E0EF8BF0E2EF8BF0D4
:1017C0008EEF8CF02DA1E7EF8BF0E9EF8BF0EFEFD0
:1017D0008BF0D8902D3101092D6FF1EF8BF0D8905F
:1017E0002D331EA1F6EF8BF0F8EF8BF0F9EF8BF0B5
:1017F0002D8F2135213320331F331E332C2B8EEFB9
:101800008CF022511E5D23511F5924512059215122
:10181000800A266F2551800A2659D8B012EF8CF025
:1018200014EF8CF03FEF8CF01E51225D266F1F519C
:101830002359276F20512459286F21512559296F89
:10184000FF0E26251E6FFF0E27211F6FFF0E28217A
:10185000206FFF0E2921216F800E2A1B2D6D2D5127
:10186000D8A435EF8CF037EF8CF047EF8CF0010EF9
:101870001E27000E1F232023212347EF8CF0225127
:101880001E5F23511F5B2451205B2551215B1E519C
:101890001F1120112111D8A450EF8CF052EF8CF0C1
:1018A00087EF8CF02D51D8A458EF8CF05AEF8CF0C4
:1018B00087EF8CF0000E1E6F000E1F6F000E206F62
:1018C000000E216F20EF8DF0D8901E371F37203784
:1018D00021372DAF6EEF8CF070EF8CF071EF8CF044
:1018E0001E812DA176EF8CF078EF8CF07CEF8CF0E0
:1018F000D8802D377EEF8CF0D8902D372C51D8B46E
:1019000084EF8CF086EF8CF087EF8CF02C0720AF03
:101910008CEF8CF08EEF8CF064EF8CF02B6B2DAF96
:1019200094EF8CF096EF8CF0AEEF8CF02DC626F68F
:101930007F0E2617D8B49FEF8CF0A1EF8CF0A5EFA7
:101940008CF0010E2B6FAEEF8CF01EA1AAEF8CF085
:10195000ACEF8CF0AEEF8CF0A1EF8CF02B51D8B443
:10196000B4EF8CF0B6EF8CF0E1EF8CF0010E1E2797
:10197000000E1F232023212321A1C1EF8CF0C3EFF0
:101980008CF0E1EF8CF01EC626F61FC627F620C6A7
:1019900028F621C629F6293529332833273326335B
:1019A00026C61EF627C61FF628C620F629C621F62B
:1019B0002C29D8B4DEEF8CF0E0EF8CF0E1EF8CF066
:1019C0002C2B2C29D8B4E7EF8CF0E9EF8CF0F1EF59
:1019D0008CF02C51D8A4EFEF8CF0F1EF8CF002EFEB
:1019E0008DF0000E1E6F000E1F6F000E206F000E98
:1019F000216F2C51D8A4FFEF8CF001EF8DF002EF96
:101A00008DF02A6B2CA107EF8DF009EF8DF00CEF14
:101A10008DF0208F0DEF8DF0209FD8902C31216F0D
:101A20002AAF15EF8DF017EF8DF018EF8DF0218FA5
:101A30001EC61EF61FC61FF620C620F621C621F6BA
:101A4000120005016351800B226E63516325246EE1
:101A500062AF2DEF8DF02FEF8DF030EF8DF0248001
:101A60002450D8B436EF8DF038EF8DF04CEF8DF078
:101A70002428D8A43EEF8DF040EF8DF048EF8DF094
:101A8000000E606F000E616F000E626F000E636FDC
:101A9000628F636B54EF8DF0000E606F000E616F0C
:101AA000000E626F000E636F6751800B236E225031
:101AB0002318D8B45EEF8DF060EF8DF061EF8DF0FC
:101AC000228C67516725236E66AF69EF8DF06BEF4F
:101AD0008DF06CEF8DF023802350D8B472EF8DF031
:101AE00074EF8DF088EF8DF02328D8A47AEF8DF075
:101AF0007CEF8DF084EF8DF0000E646F000E656F4B
:101B0000000E666F000E676F668F676B90EF8DF04B
:101B1000000E646F000E656F000E666F000E676F3B
:101B20002450235CD8B097EF8DF099EF8DF0C0EF83
:101B30008DF022AC9EEF8DF0A0EF8DF0A2EF8DF036
:101B4000800E221A24C525F523C524F525C523F5C5
:101B500060C525F564C560F525C564F561C525F545
:101B600065C561F525C565F562C525F566C562F5EE
:101B700025C566F563C525F567C563F525C567F514
:101B8000256A245023C51EF51F6A1E5E000E1F5ACB
:101B90001FBED4EF8DF01F5009E11A0E1E5CD8A0B5
:101BA000D4EF8DF0D6EF8DF00DEF8EF06051611116
:101BB00062116311D8A4DFEF8DF0E2EF8DF0010E1A
:101BC000E3EF8DF0000E256E000E606F000E616F6A
:101BD000000E626F000E636F23C524F516EF8EF0C2
:101BE00025A0F5EF8DF0F7EF8DF0FDEF8DF0D8909B
:101BF00025300109256EFFEF8DF0D890253260A1C8
:101C000004EF8EF006EF8EF007EF8EF0258E633531
:101C10006333623361336033242A2350245CD8A0B9
:101C200014EF8EF016EF8EF0F0EF8DF022BC1BEF6C
:101C30008EF01DEF8EF05DEF8EF02450D8A423EFD0
:101C40008EF025EF8EF02FEF8EF0000E606F000EFD
:101C5000616F000E626F000E636F7CEF8FF0645156
:101C6000602765516123665162236751632363A135
:101C70003CEF8EF03EEF8EF0EAEF8EF025A043EFC2
:101C80008EF045EF8EF04BEF8EF0D89025300109A5
:101C9000256E4DEF8EF0D890253260A152EF8EF078
:101CA00054EF8EF055EF8EF0258E6335633362333B
:101CB00061336033242AEAEF8EF06451605D655130
:101CC0006159665162596351800A1E6E6751800ADC
:101CD0001E58D8B06EEF8EF070EF8EF09BEF8EF046
:101CE0006051645D1E6E615165591F6E6251665987
:101CF000206E63516759216EFF0E1E24606FFF0E28
:101D00001F20616FFF0E2020626FFF0E2120636F86
:101D1000800E221A256C2550D8A491EF8EF093EFF7
:101D20008EF0A3EF8EF0010E6027000E6123622378
:101D30006323A3EF8EF06451605F6551615B665170
:101D4000625B6751635B6051611162116311D8A4DA
:101D5000ACEF8EF0AEEF8EF0E3EF8EF02550D8A40E
:101D6000B4EF8EF0B6EF8EF0E3EF8EF0000E606F02
:101D7000000E616F000E626F000E636F7CEF8FF0DC
:101D8000D890603761376237633725AECAEF8EF07F
:101D9000CCEF8EF0CDEF8EF0608125A0D2EF8EF0EB
:101DA000D4EF8EF0D8EF8EF0D8802536DAEF8EF0B3
:101DB000D89025362450D8B4E0EF8EF0E2EF8EF0C4
:101DC000E3EF8EF0240662AFE8EF8EF0EAEF8EF0DC
:101DD000C0EF8EF0236A25AEF0EF8EF0F2EF8EF0BA
:101DE0000AEF8FF025C51EF57F0E1E16D8B4FBEF47
:101DF0008EF0FDEF8EF001EF8FF0010E236E0AEFF3
:101E00008FF060A106EF8FF008EF8FF00AEF8FF0F0
:101E1000FDEF8EF02350D8B410EF8FF012EF8FF05B
:101E20003DEF8FF0010E6027000E612362236323D4
:101E300063A11DEF8FF01FEF8FF03DEF8FF060C5B6
:101E40001EF561C51FF562C520F563C521F5213476
:101E5000213220321F321E321EC560F51FC561F5CA
:101E600020C562F521C563F52428D8B43AEF8FF078
:101E70003CEF8FF03DEF8FF0242A2428D8B443EFB5
:101E80008FF045EF8FF04DEF8FF02450D8A44BEF3B
:101E90008FF04DEF8FF05EEF8FF0000E606F000E51
:101EA000616F000E626F000E636F2450D8A45BEF69
:101EB0008FF05DEF8FF05EEF8FF0226A24A063EF6A
:101EC0008FF065EF8FF068EF8FF0628F69EF8FF022
:101ED000629FD8902430636F22AE71EF8FF073EF62
:101EE0008FF074EF8FF0638F60C560F561C561F5A9
:101EF00062C562F563C563F5120006015551800B9A
:101F00005E6F55515525646F54AF89EF8FF08BEF9D
:101F10008FF08CEF8FF064816451D8B492EF8FF022
:101F200094EF8FF0A7EF8FF06429D8A49AEF8FF089
:101F30009CEF8FF0A4EF8FF0000E526F000E536FE6
:101F4000000E546F000E556F548FAFEF8FF0000EE0
:101F5000526F000E536F000E546F000E556F5951A3
:101F6000800B5E1B595159255F6F58AFBAEF8FF048
:101F7000BCEF8FF0BDEF8FF05F815F51D8B4C3EF3E
:101F80008FF0C5EF8FF0D8EF8FF05F29D8A4CBEF9B
:101F90008FF0CDEF8FF0D5EF8FF0000E566F000E63
:101FA000576F000E586F000E596F588FE0EF8FF08B
:101FB000000E566F000E576F000E586F000E596FCF
:101FC0005F51D8B4E6EF8FF0E8EF8FF0F0EF8FF0CD
:101FD0006451D8A4EEEF8FF0F0EF8FF0FAEF8FF0AE
:101FE000000E526F000E536F000E546F000E556FAF
:101FF00090EF91F058515203F3C469F6F4C46AF6B5
:102000006951606F616B626B636B6A51656F666B80
:10201000676B686B57515303F3C469F6F4C46AF6EF
:1020200069516027000E6123622363236A5165278B
:10203000000E66236723682356515403F3C469F6E0
:10204000F4C46AF669516027000E6123622363239A
:102050006A516527000E66236723682362C663F60C
:1020600061C662F660C661F6606B56515303F3C4F5
:1020700069F6F4C46AF6695160276A516123000E5B
:102080006223000E632357515203F3C469F6F4C46C
:102090006AF6695160276A516123000E6223000EBF
:1020A000632362C663F661C662F660C661F6606B62
:1020B00056515203F3C469F6F4C46AF669516027B5
:1020C0006A516123000E6223000E632358515303AB
:1020D000F3C469F6F4C46AF6695165276A51662348
:1020E000000E6723000E682357515403F3C469F6AA
:1020F000F4C46AF6695165276A516623000E6723A6
:10210000000E682358515403F3C469F6F4C46AF608
:1021100069515A6F6A515B6F5C6B5D6B5CC65DF6B3
:102120005BC65CF65AC65BF65A6B5A5165275B5123
:1021300066235C5167235D51682360C65AF661C609
:102140005BF662C65CF663C65DF6190EADEF90F005
:10215000D8905D335C335B335A33E82EA8EF90F0B0
:102160005A5165275B5166235C5167235D51682393
:1021700062C663F661C662F660C661F6606B5F5167
:1021800064C65AF65B6B5A27000E5B23820E5A25F3
:10219000696FFF0E5B216A6FE3EF90F0D8906537AF
:1021A00066376737683763AFD8EF90F0DAEF90F0B3
:1021B000DBEF90F06581D890603761376237633725
:1021C0006907D8A06A0767AFE8EF90F0EAEF90F0F0
:1021D000CEEF90F05F6B63AFF0EF90F0F2EF90F026
:1021E00016EF91F0FF0E60155A6FFF0E61155B6FD1
:1021F000FF0E62155C6F7F0E63155D6F5A515B11A8
:102200005C115D11D8B407EF91F009EF91F00DEF7B
:1022100091F0010E5F6F16EF91F065A112EF91F052
:1022200014EF91F016EF91F009EF91F05F51D8B4EF
:102230001CEF91F01EEF91F042EF91F0010E652737
:10224000000E66236723682368A129EF91F02BEF26
:1022500091F042EF91F065C65AF666C65BF667C626
:102260005CF668C65DF65D355D335C335B335A33CF
:102270005AC665F65BC666F65CC667F65DC668F666
:10228000694B6A2B6ABF4DEF91F06A5108E16929E9
:10229000D8A04DEF91F04FEF91F059EF91F0000E73
:1022A000656F000E666F800E676F7F0E686F86EF3A
:1022B00091F06ABF66EF91F06A5106E16905D8B006
:1022C00064EF91F066EF91F071EF91F0000E656FA1
:1022D000000E666F000E676F000E686F5E6B86EF14
:1022E00091F069C664F6FF0E6517FF0E66177F0E44
:1022F0006717000E681764A180EF91F082EF91F0EC
:1023000083EF91F0678FD8906431686F5E516813E6
:1023100065C652F666C653F667C654F668C655F6E5
:1023200012000501A151800BA66FA151A125AC6F30
:10233000A0AF9DEF91F09FEF91F0A0EF91F0AC81F5
:10234000AC51D8B4A6EF91F0A8EF91F0BBEF91F0AB
:10235000AC29D8A4AEEF91F0B0EF91F0B8EF91F0C6
:10236000000E9E6F000E9F6F000EA06F000EA16FFB
:10237000A08FC3EF91F0000E9E6F000E9F6F000EB6
:10238000A06F000EA16FA551800BA61BA551A5251E
:10239000A76FA4AFCEEF91F0D0EF91F0D1EF91F015
:1023A000A781A751D8B4D7EF91F0D9EF91F0ECEF16
:1023B00091F0A729D8A4DFEF91F0E1EF91F0E9EFD8
:1023C00091F0000EA26F000EA36F000EA46F000E1E
:1023D000A56FA48FF4EF91F0000EA26F000EA36F13
:1023E000000EA46F000EA56FA751D8B4FAEF91F0BC
:1023F000FCEF91F004EF92F0AC51D8A402EF92F010
:1024000004EF92F00EEF92F0000E9E6F000E9F6FA1
:10241000000EA06F000EA16FA4EF93F0A4519E03D5
:10242000F3C4B1F5F4C4B2F5B151A86FA96BAA6BAE
:10243000AB6BB251AD6FAE6BAF6BB06BA3519F0383
:10244000F3C4B1F5F4C4B2F5B151A827000EA92325
:10245000AA23AB23B251AD27000EAE23AF23B02386
:10246000A251A003F3C4B1F5F4C4B2F5B151A82749
:10247000000EA923AA23AB23B251AD27000EAE2331
:10248000AF23B023AAC5ABF5A9C5AAF5A8C5A9F580
:10249000A86BA2519F03F3C4B1F5F4C4B2F5B151D6
:1024A000A827B251A923000EAA23000EAB23A351E3
:1024B0009E03F3C4B1F5F4C4B2F5B151A827B251EB
:1024C000A923000EAA23000EAB23AAC5ABF5A9C50C
:1024D000AAF5A8C5A9F5A86BA2519E03F3C4B1F54E
:1024E000F4C4B2F5B151A827B251A923000EAA2312
:1024F000000EAB23A4519F03F3C4B1F5F4C4B2F5AD
:10250000B151AD27B251AE23000EAF23000EB02360
:10251000A351A003F3C4B1F5F4C4B2F5B151AD2792
:10252000B251AE23000EAF23000EB023A451A0037E
:10253000F3C4B1F5F4C4B2F5B1513C6EB2513D6E85
:102540003E6A3F6A3EC53FF53DC53EF53CC53DF59B
:102550003C6A3C50AD273D50AE233E50AF233F5028
:10256000B023A8C53CF5A9C53DF5AAC53EF5ABC548
:102570003FF5190EC1EF92F0D8903F323E323D3216
:102580003C32E82EBCEF92F03C50AD273D50AE23DC
:102590003E50AF233F50B023AAC5ABF5A9C5AAF55D
:1025A000A8C5A9F5A86BA751ACC53CF53D6A3C266A
:1025B000000E3D22820E3C24B16FFF0E3D20B26F13
:1025C000F7EF92F0D890AD37AE37AF37B037ABAF4B
:1025D000ECEF92F0EEEF92F0EFEF92F0AD81D89049
:1025E000A837A937AA37AB37B107D8A0B207AFAF22
:1025F000FCEF92F0FEEF92F0E2EF92F0A76BABAF40
:1026000004EF93F006EF93F02AEF93F0FF0EA81576
:102610003C6EFF0EA9153D6EFF0EAA153E6E7F0E95
:10262000AB153F6E3C503D103E103F10D8B41BEF31
:1026300093F01DEF93F021EF93F0010EA76F2AEFB7
:1026400093F0ADA126EF93F028EF93F02AEF93F0EB
:102650001DEF93F0A751D8B430EF93F032EF93F021
:1026600056EF93F0010EAD27000EAE23AF23B0233B
:10267000B0A13DEF93F03FEF93F056EF93F0ADC56F
:102680003CF5AEC53DF5AFC53EF5B0C53FF53F34B1
:102690003F323E323D323C323CC5ADF53DC5AEF534
:1026A0003EC5AFF53FC5B0F5B14BB22BB2BF61EF40
:1026B00093F0B25108E1B129D8A061EF93F063EF34
:1026C00093F06DEF93F0000EAD6F000EAE6F800EC5
:1026D000AF6F7F0EB06F9AEF93F0B2BF7AEF93F0C7
:1026E000B25106E1B105D8B078EF93F07AEF93F0EC
:1026F00085EF93F0000EAD6F000EAE6F000EAF6F62
:10270000000EB06FA66B9AEF93F0B1C5ACF5FF0E5B
:10271000AD17FF0EAE177F0EAF17000EB017ACA1AE
:1027200094EF93F096EF93F097EF93F0AF8FD890EC
:10273000AC31B06FA651B013ADC59EF5AEC59FF5D7
:10274000AFC5A0F5B0C5A1F512000601FD51D8B482
:10275000ACEF93F0AEEF93F0B3EF93F0010E0701FF
:10276000066FB5EF93F00701066B0501F451F51103
:10277000D8B4BDEF93F0BFEF93F094EF95F0E7C5B9
:102780001EF6E8C51FF6270E0601216F100E206FFA
:1027900057ECC5F01EC6EEF51FC6EFF5030E060199
:1027A000216FE80E206FE7C51EF6E8C51FF657EC4F
:1027B000C5F01EC625F61FC626F6000E0601286FB8
:1027C0000A0E276F6CECC6F00A0E06012503F3C44F
:1027D0002BF6F4C42CF62603F3502C27000E216FA1
:1027E000640E206FE7C51EF6E8C51FF657ECC5F06E
:1027F0001EC625F61FC626F6000E0601286F0A0E15
:10280000276F6CECC6F0060125512B250501F06FF2
:10281000060126512C210501F16F000E0601216FE2
:102820000A0E206FE7C51EF6E8C51FF657ECC5F087
:102830001EC625F61FC626F6000E0601286F0A0ED4
:10284000276F6CECC6F00A0E06012503F3C42BF6C5
:10285000F4C42CF62603F3502C27E7C525F6E8C56B
:1028600026F6000E286F0A0E276F6CECC6F00601E4
:1028700025512B250501F26F060126512C2105015A
:10288000F36FEE5198ECC8F0060126510801E66F8F
:102890000501F05198ECC8F0060126510801E76FD8
:1028A0000501F25198ECC8F0060126510801E86FC5
:1028B00000C71EF601C71FF6270E0601216F100E76
:1028C000206F57ECC5F01EC607F71FC608F7030EAA
:1028D0000601216FE80E206F00C71EF601C71FF624
:1028E00057ECC5F01EC625F61FC626F6000E0601DB
:1028F000286F0A0E276F6CECC6F00A0E060125033E
:10290000F3C42BF6F4C42CF62603F3502C27000E48
:10291000216F640E206F00C71EF601C71FF657EC2B
:10292000C5F01EC625F61FC626F6000E0601286F46
:102930000A0E276F6CECC6F0060125512B25070106
:10294000096F060126512C2107010A6F000E0601AE
:10295000216F0A0E206F00C71EF601C71FF657EC45
:10296000C5F01EC625F61FC626F6000E0601286F06
:102970000A0E276F6CECC6F00A0E06012503F3C49D
:102980002BF6F4C42CF62603F3502C2700C725F6AB
:1029900001C726F6000E286F0A0E276F6CECC6F0F2
:1029A000060125512B2507010B6F060126512C210D
:1029B00007010C6F075198ECC8F006012651080179
:1029C000EA6F0701095198ECC8F006012651080189
:1029D000EB6F07010B5198ECC8F006012651080176
:1029E000EC6F000E0601266F000E276F000E286F99
:1029F000EEC529F692ECC5F00000000000000000D2
:102A0000000000000000000000000000010E0601B0
:102A1000266F000E276F000E286FF0C529F692EC86
:102A2000C5F00000000000000000000000000000F1
:102A3000000000000000020E0601266F000E276F46
:102A4000000E286FF2C529F692ECC5F000000000D8
:102A50000000000000000000000000000000000076
:102A6000040E0601266F000E276F000E286F07C7A1
:102A700029F692ECC5F00000000000000000000004
:102A800000000000000000000000050E0601266F97
:102A9000000E276F000E286F09C729F692ECC5F0CB
:102AA0000000000000000000000000000000000026
:102AB00000000000060E0601266F000E276F000EB4
:102AC000286F0BC729F692ECC5F00000000000004B
:102AD0000000000000000000000000000000D00E18
:102AE00006012B6FC90EE82EFED72B2FFCD700D086
:102AF000000E0601206F530E1F6FE30E216F080EAC
:102B0000226F000E246F0A0E236F8FECC7F00009AE
:102B1000D8B48DEF95F08FEF95F078EF95F0000E2B
:102B20000501F56F000EF46F120006013C51800B99
:102B3000496F3C513C25506F3BAFA1EF95F0A3EF9F
:102B400095F0A4EF95F050815051D8B4AAEF95F0CC
:102B5000ACEF95F0C0EF95F05029D8A4B2EF95F006
:102B6000B4EF95F0BCEF95F0000E396F000E3A6FA0
:102B7000000E3B6F000E3C6F3B8F3C6BC8EF95F037
:102B8000000E396F000E3A6F000E3B6F000E3C6F67
:102B90004051800B491B40514025516F3FAFD3EF4F
:102BA00095F0D5EF95F0D6EF95F051815151D8B40D
:102BB000DCEF95F0DEEF95F0F2EF95F05129D8A417
:102BC000E4EF95F0E6EF95F0EEEF95F0000E3D6F37
:102BD000000E3E6F000E3F6F000E406F3F8F406B48
:102BE000FAEF95F0000E3D6F000E3E6F000E3F6F46
:102BF000000E406F3D513E113F114011D8A403EF2C
:102C000096F005EF96F01DEF96F0000E396F000E6E
:102C10003A6F000E3B6F000E3C6F800E3B137F0E31
:102C20003C1349513C1339C639F63AC63AF63BC60D
:102C30003BF63CC63CF65DEF97F05051D8A423EF2D
:102C400096F025EF96F02FEF96F0000E396F000EFC
:102C50003A6F000E3B6F000E3C6F5DEF97F05151E5
:102C600050C641F6426B415F000E425B7F0E41252C
:102C70004A6F000E42214B6F39C645F63AC646F6FA
:102C80003BC647F63CC648F6000E396F000E3A6F59
:102C9000000E3B6F000E3C6F000E4C6F000E4D6F30
:102CA000000E4E6F000E4F6F516B8FEF96F051512B
:102CB000D8B45DEF96F05FEF96F076EF96F0D8908F
:102CC0004537463747374837D89039373A373B3753
:102CD0003C374FAF6EEF96F070EF96F071EF96F0D5
:102CE0003981D8904C374D374E374F373D51455D80
:102CF0003E5146593F51475940514859D8A083EF5A
:102D000096F085EF96F08EEF96F04F8D3D51455F32
:102D10003E51465B3F51475B4051485B512B190E7A
:102D2000516595EF96F097EF96F057EF96F0455175
:102D3000461147114811D8B4A0EF96F0A2EF96F0D3
:102D4000BAEF96F04C81BAEF96F0D89039373A370F
:102D50003B373C374FAFAFEF96F0B1EF96F0B2EFA5
:102D600096F03981D8904C374D374E374F374A0758
:102D7000D8A04B073BAFBFEF96F0C1EF96F0A5EFA1
:102D800096F0516B4FAFC7EF96F0C9EF96F0EDEFAD
:102D900096F0FF0E4C15416FFF0E4D15426FFF0E62
:102DA0004E15436F7F0E4F15446F41514211431131
:102DB0004411D8B4DEEF96F0E0EF96F0E4EF96F031
:102DC000010E516FEDEF96F039A1E9EF96F0EBEFC0
:102DD00096F0EDEF96F0E0EF96F05151D8B4F3EFA6
:102DE00096F0F5EF96F019EF97F0010E3927000EE7
:102DF0003A233B233C233CA100EF97F002EF97F0EE
:102E000019EF97F039C641F63AC642F63BC643F68B
:102E10003CC644F64435443343334233413341C620
:102E200039F642C63AF643C63BF644C63CF64A4B30
:102E30004B2B4BBF24EF97F04B5108E14A29D8A008
:102E400024EF97F026EF97F031EF97F0000E4B6FDD
:102E50004A69000E396F000E3A6F000E3B6F000E8C
:102E60003C6F4BBF3EEF97F04B5106E14A05D8B09F
:102E70003CEF97F03EEF97F04BEF97F0000E4B6F63
:102E8000000E4A6F000E396F000E3A6F000E3B6F56
:102E9000000E3C6F496B4AC650F650A152EF97F0B6
:102EA00054EF97F057EF97F03B8F58EF97F03B9F19
:102EB000D89050313C6F11EF96F0120005018C5103
:102EC000800B956F8C518C259C6F8BAF6AEF97F0C0
:102ED0006CEF97F06DEF97F09C819C51D8B473EF35
:102EE00097F075EF97F089EF97F09C29D8A47BEFC6
:102EF00097F07DEF97F085EF97F0000E896F000E49
:102F00008A6F000E8B6F000E8C6F8B8F8C6B91EF26
:102F100097F0000E896F000E8A6F000E8B6F000E07
:102F20008C6F9051800B951B905190259D6F8FAFAA
:102F30009CEF97F09EEF97F09FEF97F09D819D514A
:102F4000D8B4A5EF97F0A7EF97F0BBEF97F09D29C6
:102F5000D8A4ADEF97F0AFEF97F0B7EF97F0000E72
:102F60008D6F000E8E6F000E8F6F000E906F8F8F23
:102F7000906BC3EF97F0000E8D6F000E8E6F000EFA
:102F80008F6F000E906F8D518E118F119011D8A4FC
:102F9000CCEF97F0CEEF97F0E6EF97F0000E896F49
:102FA000000E8A6F000E8B6F000E8C6F800E8B13DD
:102FB0007F0E8C1395518C1389C589F58AC58AF5C6
:102FC0008BC58BF58CC58CF526EF99F09C51D8A458
:102FD000ECEF97F0EEEF97F0F8EF97F0000E896FB7
:102FE000000E8A6F000E8B6F000E8C6F26EF99F02B
:102FF0009D519CC538F5396A385E000E395A7F0EEE
:103000003824966F000E3920976F89C591F58AC5CF
:1030100092F58BC593F58CC594F5000E896F000E63
:103020008A6F000E8B6F000E8C6F000E986F000E73
:10303000996F000E9A6F000E9B6F9D6B58EF98F082
:103040009D51D8B426EF98F028EF98F03FEF98F014
:10305000D8909137923793379437D89089378A37F9
:103060008B378C379BAF37EF98F039EF98F03AEF0A
:1030700098F08981D890983799379A379B378D5136
:10308000915D8E5192598F51935990519459D8A076
:103090004CEF98F04EEF98F057EF98F09B8D8D51D4
:1030A000915F8E51925B8F51935B9051945B9D2BFE
:1030B000190E9D655EEF98F060EF98F020EF98F0A4
:1030C0009151921193119411D8B469EF98F06BEF6C
:1030D00098F083EF98F0988183EF98F0D890893733
:1030E0008A378B378C379BAF78EF98F07AEF98F070
:1030F0007BEF98F08981D890983799379A379B372A
:103100009607D8A097078BAF88EF98F08AEF98F0D2
:103110006EEF98F09D6B9BAF90EF98F092EF98F068
:10312000B6EF98F0FF0E9815386EFF0E9915396EB0
:10313000FF0E9A153A6E7F0E9B153B6E3850391074
:103140003A103B10D8B4A7EF98F0A9EF98F0ADEF84
:1031500098F0010E9D6FB6EF98F089A1B2EF98F04C
:10316000B4EF98F0B6EF98F0A9EF98F09D51D8B46D
:10317000BCEF98F0BEEF98F0E2EF98F0010E8927CF
:10318000000E8A238B238C238CA1C9EF98F0CBEF00
:1031900098F0E2EF98F089C538F58AC539F58BC506
:1031A0003AF58CC53BF53B343B323A323932383252
:1031B00038C589F539C58AF53AC58BF53BC58CF517
:1031C000964B972B97BFEDEF98F0975108E1962912
:1031D000D8A0EDEF98F0EFEF98F0FAEF98F0000E2E
:1031E000976F9669000E896F000E8A6F000E8B6FC5
:1031F000000E8C6F97BF07EF99F0975106E1960587
:10320000D8B005EF99F007EF99F014EF99F0000EA0
:10321000976F000E966F000E896F000E8A6F000E7A
:103220008B6F000E8C6F956B96C59CF59CA11BEF68
:1032300099F01DEF99F020EF99F08B8F21EF99F025
:103240008B9FD8909C318C6FDAEF97F012000601BB
:10325000FB51D8B42EEF99F030EF99F031EF99F09F
:10326000F52B0A0EF519D8A438EF99F03AEF99F03A
:10327000F9EF99F0FB05D8B440EF99F042EF99F0DF
:103280004BEF99F0030EFB19D8A449EF99F04BEFDF
:1032900099F0F9EF99F0000E05018D6F000E8E6F19
:1032A0007A0E8F6F440E906F050E94ECA4F026C535
:1032B00085F527C586F50501876B886B000E65ECE3
:1032C000A8F085C589F586C58AF587C58BF588C5BB
:1032D0008CF55EEC97F089C59EF58AC59FF58BC588
:1032E000A0F58CC5A1F5AB0E0501A26FAA0EA36FC8
:1032F000270EA46F430EA56F91EC91F09EC51FF7AA
:103300009FC520F7A0C521F7A1C522F7040E54ECF4
:103310009EF0B3C5E1F5B4C5E2F5B5C5E3F5B6C5B4
:10332000E4F51FC7A2F520C7A3F521C7A4F522C75E
:10333000A5F5E1C59EF5E2C59FF5E3C5A0F5E4C599
:10334000A1F591EC91F09EC589F59FC58AF5A0C5C0
:103350008BF5A1C58CF5000E05018D6F000E8E6FEB
:103360007A0E8F6F440E906F5EEC97F089C517F759
:103370008AC518F78BC519F78CC51AF758C8B3F565
:1033800059C8B4F55AC8B5F55BC8B6F5E9C7B7F57D
:10339000EAC7B8F50501B96BBA6B9EECA2F0B3C5EC
:1033A00050F8B4C551F8B5C552F8B6C553F8B00ECB
:1033B0000501B36F080EB46F50C8B5F551C8B6F526
:1033C00052C8B7F553C8B8F517C7B9F518C7BAF555
:1033D00019C7BBF51AC7BCF533EC85F0B3C5ACF71C
:1033E000B4C5ADF7ACC720F5ADC721F5010E37EC7C
:1033F000C6F0140E0601F519D8A401EF9AF003EFF8
:103400009AF0BEEF9AF0020EFB19D8B40AEF9AF0C8
:103410000CEF9AF015EF9AF0030EFB19D8A413EFF6
:103420009AF015EF9AF0BCEF9AF0000E05018D6F3F
:10343000000E8E6F7A0E8F6F440E906F010E94EC1B
:10344000A4F026C585F527C586F50501876B886B31
:10345000000E65ECA8F085C589F586C58AF587C597
:103460008BF588C58CF55EEC97F089C59EF58AC50D
:103470009FF58BC5A0F58CC5A1F5AB0E0501A26F1C
:10348000AA0EA36F270EA46F430EA56F91EC91F0C7
:103490009EC51BF79FC51CF7A0C51DF7A1C51EF74C
:1034A000000E54EC9EF0B3C5E1F5B4C5E2F5B5C528
:1034B000E3F5B6C5E4F51BC7A2F51CC7A3F51DC708
:1034C000A4F51EC7A5F5E1C59EF5E2C59FF5E3C5C8
:1034D000A0F5E4C5A1F591EC91F09EC589F59FC5D5
:1034E0008AF5A0C58BF5A1C58CF5000E05018D6F81
:1034F000000E8E6F7A0E8F6F440E906F5EEC97F019
:1035000089C513F78AC514F78BC515F78CC516F74F
:10351000B2C785F5B3C786F50501876B886B000ECA
:1035200065ECA8F085C5DDF586C5DEF587C5DFF558
:1035300088C5E0F5890E0501B36F080EB46FDDC5CF
:10354000B5F5DEC5B6F5DFC5B7F5E0C5B8F513C707
:10355000B9F514C7BAF515C7BBF516C7BCF533ECFA
:1035600085F0B3C592F7B4C593F792C720F593C71A
:1035700021F5020E37ECC6F00601F56B12000D0EB8
:103580009CECA3F026C655F627C656F6D4EF9BF062
:103590006D0E555D070E5659D8A0D1EF9AF0D3EFB6
:1035A0009AF0E0EF9AF0FD51D8A4D9EF9AF0DBEF52
:1035B0009AF0E0EF9AF0000E0701AB6F010EAA6FD0
:1035C000950E0601555D060E5659D8B0EAEF9AF0F1
:1035D000ECEF9AF0F3EF9BF0FD51D8A4F2EF9AF0E4
:1035E000F4EF9AF0F3EF9BF0FD6B010EFA6FF3EF3F
:1035F0009BF0350E555D080E5659D8A002EF9BF092
:1036000004EF9BF01DEF9BF0010EFD6F000E070114
:10361000AB6F030EAA6FA851A911D8B412EF9BF09B
:1036200014EF9BF01BEF9BF0000EA96F000EA86F2C
:10363000010E0601F86F0601FA6BF50E555D060ED8
:103640005659D8B026EF9BF028EF9BF0F3EF9BF094
:103650001AECBBF0000E0701AB6F000EAA6F010E53
:103660000601FA6FFD6BF3EF9BF0F50E555D060E4C
:103670005659D8B03EEF9BF040EF9BF056EF9BF0D1
:103680001AECBBF0000E0701AB6F000EAA6F06012B
:10369000FD6B020EFC03F350FC6F000E0701A96FD7
:1036A000010EA86F010E0601FA6FF96BD00E555D81
:1036B000070E5659D8A05FEF9BF061EF9BF0F3EF38
:1036C0009BF0F951D8B467EF9BF069EF9BF0F3EFF3
:1036D0009BF0020EFC03F350FC6FF96BF86B010ECC
:1036E000FD6F010EFA6F000E0701AB6F010EAA6F9E
:1036F000F3EF9BF0E10E555D060E5659D8A083EF0F
:103700009BF085EF9BF0F3EF9BF0620E555D070E8B
:103710005659D8B08EEF9BF090EF9BF0F3EF9BF0F3
:10372000F951D8A496EF9BF098EF9BF0F3EF9BF044
:10373000F851D8B49EEF9BF0A0EF9BF0ABEF9BF05D
:10374000010EF96F010EFD6F000E0701AB6F020E47
:10375000AA6F0601F86BF851D8A4B1EF9BF0B3EF54
:103760009BF0F3EF9BF0FCC61EF61F6B000E216F63
:10377000020E206F4DECBCF006011E51FC6F010ED5
:10378000F96F010EFD6F000E0701AB6F020EAA6FFD
:10379000010E0601F86FF3EF9BF0000E0701AB6F0F
:1037A000000EAA6FF3EF9BF0AAC753F6ABC754F60F
:1037B00006015451000AD8B4E0EF9BF0CDEF9BF026
:1037C0005351000AD8B4C8EF9AF0010AD8B4F9EFFF
:1037D0009AF0030AD8B435EF9BF0010AD8B47AEF17
:1037E0009BF0CDEF9BF012000601FD51D8B4FBEF2A
:1037F0009BF0FDEF9BF025EF9DF0FC51D8A403EF6B
:103800009CF005EF9CF00DEF9CF05B50D8B40BEFF3
:103810009CF00DEF9CF025EF9DF05D50D8B413EFB8
:103820009CF015EF9CF025EF9CF08FECD1F0210E71
:1038300006013A6F780E396F980EE82EFED7392FB1
:10384000FCD73A2FFAD700005D6A0601FC51D8B4C4
:103850002CEF9CF02EEF9CF039EF9CF05B50D8B42D
:1038600034EF9CF036EF9CF039EF9CF0576A3BEF59
:103870009CF0010E576EFC51D8B441EF9CF043EF21
:103880009CF068EF9CF05F50D8B449EF9CF04BEF90
:103890009CF068EF9CF05704D8A451EF9CF053EFD4
:1038A0009CF055EF9CF003ECCDF0010E7BECCEF0DC
:1038B000090E06013A6F1E0E396FE40EE82EFED790
:1038C000392FFCD73A2FFAD70000010E8FECCEF03B
:1038D0005B50D8B46EEF9CF070EF9CF095EF9CF0CD
:1038E0005E50D8B476EF9CF078EF9CF095EF9CF0AA
:1038F0005704D8A47EEF9CF080EF9CF082EF9CF000
:10390000E8ECCCF0020E7BECCEF0090E06013A6F2B
:103910001E0E396FE40EE82EFED7392FFCD73A2F52
:10392000FAD70000020E8FECCEF05F50D8B49BEFB8
:103930009CF09DEF9CF025EF9DF00501F951FA11E7
:10394000D8A4A5EF9CF0A7EF9CF025EF9DF0070110
:10395000AE51AF11D8A4AFEF9CF0B1EF9CF025EFC2
:103960009DF05E50D8A4B7EF9CF0B9EF9CF0BBEF90
:103970009CF025EF9DF0E6ECB7F0060125C62BF68E
:1039800026C62CF62D6B2E6B000E42ECA9F02BC632
:1039900058F82CC659F82DC65AF82EC65BF8060101
:1039A000FC51D8B4D6EF9CF0D8EF9CF0E2EF9CF03D
:1039B0005B50D8A4DEEF9CF0E0EF9CF0E2EF9CF0CF
:1039C000010EFB6FFC51D8A4E8EF9CF0EAEF9CF0ED
:1039D000F4EF9CF05B50D8B4F0EF9CF0F2EF9CF069
:1039E000F4EF9CF0020EFB6FFC51D8B4FAEF9CF0A0
:1039F000FCEF9CF006EF9DF05B50D8B402EF9DF019
:103A000004EF9DF006EF9DF0030EFB6FFC51D8A470
:103A10000CEF9DF00EEF9DF025EF9DF05B50D8A4CC
:103A200014EF9DF016EF9DF025EF9DF0FB6B000E5F
:103A30000801586F000E596F000E5A6F000E5B6F31
:103A4000000E0701AD6F000EAC6F1200CFBE2BEF62
:103A50009DF02DEF9DF02FEF9DF053EF9EF00601AE
:103A6000FD05D8A436EF9DF038EF9DF082EF9DF074
:103A7000FC51D8B43EEF9DF040EF9DF05DEF9DF01E
:103A8000010E5A6E5950D8B448EF9DF04AEF9DF0A0
:103A90005DEF9DF02C0E0701AC5D010EAD59D8A075
:103AA00054EF9DF056EF9DF05DEF9DF0050E1EEC7E
:103AB000AAF077C6F9F578C6FAF55B50D8B463EF8B
:103AC0009DF065EF9DF082EF9DF0010E5A6E58500B
:103AD000D8B46DEF9DF06FEF9DF082EF9DF0070180
:103AE000935109E1C80E925DD8A079EF9DF07BEF6C
:103AF0009DF082EF9DF0010E1EECAAF077C6AEF7A6
:103B000078C6AFF75904D8B488EF9DF08AEF9DF0DE
:103B100092EF9DF05804D8A490EF9DF092EF9DF0A5
:103B200053EF9EF05F50D8B498EF9DF09AEF9DF060
:103B3000F5EF9DF00501F905FA11D8A4A2EF9DF06B
:103B4000A4EF9DF0C3EF9DF0010E0601FC65ABEF05
:103B50009DF0ADEF9DF0C3EF9DF00701915107E19E
:103B6000060E905DD8B0B7EF9DF0B9EF9DF0C3EFB2
:103B70009DF05F6A010E526E8EECC1F0000E0701DF
:103B80008F6F010E8E6F020E0501F919FA11D8A47C
:103B9000CCEF9DF0CEEF9DF0E1EF9DF0010E060120
:103BA000FC65D5EF9DF0D7EF9DF0E1EF9DF05F6AEA
:103BB000010E526E8EECC1F0000E07018F6F000EE9
:103BC0008E6F0701915109E1060E905DD8A0EBEFD1
:103BD0009DF0EDEF9DF0F5EF9DF08EECC1F05F6A8A
:103BE000000E0701916F060E906F5E50D8B4FBEF88
:103BF0009DF0FDEF9DF053EF9EF00701AE05AF1174
:103C0000D8A405EF9EF007EF9EF024EF9EF0010E82
:103C10005B640DEF9EF00FEF9EF024EF9EF08D5150
:103C200007E1060E8C5DD8B018EF9EF01AEF9EF0FB
:103C300024EF9EF05E6A020E516E1BECC4F0000E83
:103C400007018B6F010E8A6F020EAE19AF11D8A457
:103C50002CEF9EF02EEF9EF040EF9EF0010E5B6485
:103C600034EF9EF036EF9EF040EF9EF05E6A020E5B
:103C7000516E1BECC4F0000E07018B6F010E8A6FB2
:103C80008D5109E1060E8C5DD8A049EF9EF04BEFF7
:103C90009EF053EF9EF01BECC4F05E6A000E07012D
:103CA0008D6F060E8C6F12000501CF6F040E05019B
:103CB000CF19D8A45EEF9EF060EF9EF0D9EF9EF092
:103CC000040E94ECA4F026C5C7F527C5C8F5000E70
:103CD00005018D6FF00E8E6F7F0E8F6F450E906F0A
:103CE000C7C585F5C8C586F5000E86BFFF0E876F70
:103CF000886F010E65ECA8F085C589F586C58AF543
:103D000087C58BF588C58CF55EEC97F089C59EF567
:103D10008AC59FF58BC5A0F58CC5A1F56F0E050171
:103D2000A26F120EA36F830EA46F400EA56F91ECCD
:103D300091F09EC5B7F59FC5B8F5A0C5B9F5A1C569
:103D4000BAF5660E0501BB6FFB0EBC6F080EBD6FAA
:103D50003D0EBE6FBBC5A2F5BCC5A3F5BDC5A4F5A0
:103D6000BEC5A5F5B7C59EF5B8C59FF5B9C5A0F503
:103D7000BAC5A1F591EC91F09EC589F59FC58AF56C
:103D8000A0C58BF5A1C58CF5960E05018D6F430E70
:103D90008E6F0B0E8F6F3D0E906F5EEC97F089C5A6
:103DA000CBF58AC5CCF58BC5CDF58CC5CEF558EFD6
:103DB0009FF0CF51D8A4DFEF9EF0E1EF9EF058EFD7
:103DC0009FF0000E94ECA4F026C5C9F527C5CAF5EE
:103DD000000E05018D6FF00E8E6F7F0E8F6F450EFA
:103DE000906FC9C585F5CAC586F5000E86BFFF0E62
:103DF000876F886F010E65ECA8F085C589F586C5CB
:103E00008AF587C58BF588C58CF55EEC97F089C57A
:103E10009EF58AC59FF58BC5A0F58CC5A1F56F0EE3
:103E20000501A26F120EA36F830EA46F400EA56F43
:103E300091EC91F09EC5BFF59FC5C0F5A0C5C1F539
:103E4000A1C5C2F5F70E0501C36F110EC46FA50E13
:103E5000C56F3D0EC66FC3C5A2F5C4C5A3F5C5C5E4
:103E6000A4F5C6C5A5F5BFC59EF5C0C59FF5C1C5DE
:103E7000A0F5C2C5A1F591EC91F09EC589F59FC54D
:103E80008AF5A0C58BF5A1C58CF5000E05018D6FD7
:103E9000000E8E6F800E8F6F3E0E906F5EEC97F06F
:103EA00089C5CBF58AC5CCF58BC5CDF58CC5CEF5CE
:103EB000CBC59EF5CCC59FF5CDC5A0F5CEC5A1F56A
:103EC000000E0501A26F000EA36F7A0EA46F440EC0
:103ED000A56F91EC91F09EC5B3F59FC5B4F5A0C553
:103EE000B5F5A1C5B6F51200030E3FECCCF01EC629
:103EF00077F61FC678F6000E06013D6FF00E3E6F96
:103F00007F0E3F6F450E406F77C62BF678C62CF6B6
:103F1000000E2CBFFF0E2D6F2E6F010E42ECA9F08C
:103F20002BC639F62CC63AF62DC63BF62EC63CF605
:103F300095EC95F039C652F63AC653F63BC654F6A0
:103F40003CC655F66F0E0601566F120E576F830E64
:103F5000586F400E596F7DEC8FF052C67AF653C6FB
:103F60007BF654C67CF655C67DF67AC66BF67BC6E4
:103F70006CF67CC66DF67DC66EF6CD0E06016F6FD3
:103F8000CC0E706F4C0E716F400E726FDDECB5F0A1
:103F90000601D8A0CEEF9FF0D0EF9FF0D2EF9FF0B8
:103FA000020E796F7AC66BF67BC66CF67CC66DF630
:103FB0007DC66EF6660E6F6F660E706F260E716FA1
:103FC000400E726FDDECB5F00601D8A0EAEF9FF06D
:103FD000ECEF9FF008EFA0F07AC66BF67BC66CF6AC
:103FE0007CC66DF67DC66EF6330E6F6F330E706F46
:103FF000330E716F400E726FDDECB5F00601D8B074
:1040000004EFA0F006EFA0F008EFA0F0010E796F2A
:10401000330E6B6F330E6C6F130E6D6F400E6E6F41
:104020007AC66FF67BC670F67CC671F67DC672F6F0
:10403000DDECB5F00601D8A020EFA0F022EFA0F053
:1040400023EFA0F0796BFA51D8A429EFA0F02BEF61
:10405000A0F089EFA0F0F6517919D8B432EFA0F0B2
:1040600034EFA0F089EFA0F079C6F6F67AEFA0F071
:10407000F751D8B43EEFA0F040EFA0F045EFA0F02C
:10408000FC51020DF3C4FCF6F76B0701BF6B010E88
:104090000601FD6F89EFA0F0F751D8A452EFA0F010
:1040A00054EFA0F089EFA0F0FCC61EF61F6B000EC7
:1040B000216F020E206F4DECBCF006011E51FC6F0B
:1040C000010EF76F89EFA0F0F751D8B46AEFA0F0B6
:1040D0006CEFA0F071EFA0F0FC51020DF3C4FCF600
:1040E000F76B010E0701BF6F0601FD6B1AECBBF009
:1040F00089EFA0F0F651000AD8B438EFA0F0010A19
:10410000D8B44CEFA0F0030AD8B464EFA0F089EF64
:10411000A0F0120040C862F641C863F642C864F6D7
:1041200043C865F652C662F653C663F654C664F6D3
:1041300055C665F6810E0601566FFF0E576F62C6B3
:1041400058F663C659F664C65AF665C65BF6180E8D
:10415000AFEFA0F0D8905B335A3359335833E82E81
:10416000AAEFA0F058515625606F000E5721616FDD
:1041700061BFC4EFA0F0615109E1170E605DD8A0E6
:10418000C4EFA0F0C6EFA0F0D0EFA0F052C652F6F8
:1041900053C653F654C654F655C655F694EFA1F0DF
:1041A00061BFD5EFA0F0D7EFA0F048EFA1F060C657
:1041B00056F6FF0E576FFF0E586F7F0E596F000EA9
:1041C0005A6F5667E6EFA0F0EEEFA0F05A355A337B
:1041D000593358335733562FE1EFA0F057C65CF6EA
:1041E00058C65DF659C65EF65AC65FF606015C51C2
:1041F0006215566F5D516315576F5E516415586FA8
:104200005F516515596F5651571158115911D8A45E
:104210000CEFA1F00EEFA1F010EFA1F0C6EFA0F0AF
:1042200062C656F663C657F664C658F665C659F6B2
:10423000200E20EFA1F0D89059335833573356331E
:10424000E82E1BEFA1F05651571158115911D8B44F
:104250002CEFA1F02EEFA1F036EFA1F05C51622718
:104260005D5163235E5164235F5165235C1D566F6E
:104270005D1D576F5E1D586F5F1D596F5651621758
:104280005751631758516417595165178CEFA1F0B6
:1042900062C656F663C657F664C658F665C659F642
:1042A000200E58EFA1F0D890593358335733563376
:1042B000E82E53EFA1F05651571158115911D8A4B7
:1042C00064EFA1F066EFA1F070EFA1F0000E626F55
:1042D000000E636F000E646F000E656F8CEFA1F02F
:1042E000D8906235566F6335576F6435586F6535B2
:1042F000596F5651571158115911D8B482EFA1F086
:1043000084EFA1F08CEFA1F0000E626F000E636FDE
:10431000800E646FBF0E656F62C652F663C653F6B9
:1043200064C654F665C655F61200000E0601246FE9
:10433000000E256F000E266FF6ECC9F006012B6FFC
:104340002B510501EE6FEF6B010E0601246F000E7D
:10435000256F000E266FF6ECC9F006012B6F2B516E
:104360000501F06FF16B020E0601246F000E256F40
:10437000000E266FF6ECC9F006012B6F2B510501DC
:10438000F26FF36B640EF003F3C42BF6F4C42CF657
:10439000F103F35006012C27100E2D6F270E2E6F00
:1043A0002D510501EE03F3C42FF6F4C430F6EF03EC
:1043B000F350060130272E510501EE030601F3509C
:1043C00030272B512F25316F2C513021326F0501B1
:1043D000F251060131250501E76FF3510601322143
:1043E0000501E86FEE5198ECC8F00601265108016E
:1043F000E66F0501F05198ECC8F00601265108015E
:10440000E76F0501F25198ECC8F00601265108014A
:10441000E86F040E0601246F000E256F000E266F54
:10442000F6ECC9F006012B6F2B510701076F086BE3
:10443000050E0601246F000E256F000E266FF6ECA8
:10444000C9F006012B6F2B510701096F0A6B060E8D
:104450000601246F000E256F000E266FF6ECC9F0E2
:1044600006012B6F2B5107010B6F0C6B640E0903B8
:10447000F3C42BF6F4C42CF60A03F35006012C27E0
:10448000100E2D6F270E2E6F2D5107010703F3C459
:104490002FF6F4C430F60803F350060130272E51EE
:1044A000070107030601F35030272B512F25316FE9
:1044B0002C513021326F07010B51060131250701C4
:1044C000006F0C51060132210701016F075198EC72
:1044D000C8F0060126510801EA6F0701095198EC5E
:1044E000C8F0060126510801EB6F07010B5198EC4B
:1044F000C8F0060126510801EC6FD00E06012B6FA3
:10450000C90EE82EFED72B2FFCD700D0000E0601D7
:10451000206F530E1F6FE30E216F080E226F000EE7
:10452000246F0A0E236F8FECC7F00009D8B49BEFFD
:10453000A2F09DEFA2F086EFA2F012009BECD0F06B
:104540001EC5BBF51FC5BCF520C5BDF521C5BEF513
:10455000B3C560F5B4C561F5B5C562F5B6C563F51B
:1045600023C764F524C765F525C766F526C767F533
:1045700040ECC0F00501D8B0C0EFA2F0C2EFA2F04D
:10458000E2EFA2F0B3C523F7B4C524F7B5C525F70C
:10459000B6C526F72BC727F72CC728F72DC729F74D
:1045A0002EC72AF7BBC55CF8BCC55DF8BDC55EF873
:1045B000BEC55FF8B7C5E5F7B8C5E6F7B9C5E7F713
:1045C000BAC5E8F75CC860F55DC861F55EC862F51C
:1045D0005FC863F5BCECC2F060C5C7F561C5C8F53E
:1045E00062C5C9F563C5CAF50701E5510501C75D97
:1045F0000701E6510501C8590701E7510501C959ED
:104600000701E8510501CA59D8A009EFA3F00BEF43
:10461000A3F01DEFA3F023C72BF724C72CF725C762
:104620002DF726C72EF72BC7B3F52CC7B4F52DC72A
:10463000B5F52EC7B6F59BEFA3F0C7C585F5C8C580
:1046400086F5C9C587F5CAC588F5000E65ECA8F0E2
:1046500085C589F586C58AF587C58BF588C58CF52E
:10466000E5C785F5E6C786F5E7C787F5E8C788F5A6
:10467000000E65ECA8F085C58DF586C58EF587C55D
:104680008FF588C590F55EEC97F089C5BFF58AC5B2
:10469000C0F58BC5C1F58CC5C2F5BFC5A2F5C0C5B7
:1046A000A3F5C1C5A4F5C2C5A5F527C76CF528C7F4
:1046B0006DF529C76EF52AC76FF523C768F524C7BE
:1046C00069F525C76AF526C76BF51AECCAF068C507
:1046D0009EF569C59FF56AC5A0F56BC5A1F591EC7E
:1046E00091F09EC5C3F59FC5C4F5A0C5C5F5A1C58C
:1046F000C6F5C3C560F5C4C561F5C5C562F5C6C5D7
:1047000063F527C764F528C765F529C766F52AC785
:1047100067F521EC8DF060C52BF761C52CF762C5FC
:104720002DF763C52EF72BC7B3F52CC7B4F52DC7EE
:10473000B5F52EC7B6F512000601466F000E06014C
:104740004E6F000E4D6F46513FECCCF0D8900601F5
:104750004D35D96E4E35DA6E2E0ED926060EDA227A
:104760001EC6DEF41FC6DDF44D4B4E2B4EBFC2EF0E
:10477000A3F04E5109E10C0E4D5DD8A0C2EFA3F09D
:10478000C4EFA3F0A3EFA3F0000E4C6F000E4B6F2D
:10479000000E506F000E4F6F000E526F000E516FE3
:1047A00039EFA4F0D8905135D96E5235DA6E2E0E0D
:1047B000D926060EDA2251C62AF652C62BF6D89012
:1047C0002A372B37020E2A27000E2B232E0E2A25DE
:1047D000E16E060E2B21E26EDE50E65CDE50E658FE
:1047E000D8B0F5EFA3F0F7EFA3F037EFA4F0D8902F
:1047F0005135D96E5235DA6E2E0ED926060EDA22D2
:10480000DEC447F6DDC448F651C628F652C629F67E
:10481000D89028372937020E2827000E29232E0E7C
:104820002825D96E060E2921DA6ED8905135E16E11
:104830005235E26E2E0EE126060EE222DEC4E6F4CA
:10484000DDC4E5F451C628F652C629F6D8902837BB
:104850002937020E2827000E29232E0E2825D96E6F
:10486000060E2921DA6E47C6DEF448C6DDF4514B48
:10487000522B0B0E286F000E296F4F51285F50519D
:10488000295B2851515D5251800A2A6F2951800AB3
:104890002A59D8A04EEFA4F050EFA4F0D2EFA3F025
:1048A0004F4B502B50BF5EEFA4F0505109E10B0E5F
:1048B0004F5DD8A05EEFA4F060EFA4F0CCEFA3F0C2
:1048C000000E506F020E4F6FD8904F35D96E503595
:1048D000DA6E2E0ED926060EDA22DE504B27DD5078
:1048E0004C234F4B502B50BF7FEFA4F0505109E1A8
:1048F0000A0E4F5DD8A07FEFA4F081EFA4F064EF23
:10490000A4F04BC61EF64CC61FF6000E216F080E13
:10491000206F4DECBCF01EC649F61FC64AF649C6CC
:1049200026F64AC627F612000501786F000E05012B
:10493000806F000E7F6F7851FCECCDF0D8900501B0
:104940007F35D96E8035DA6E600ED926050EDA22F3
:104950001EC5DEF41FC5DDF47F4B802B80BFBAEF90
:10496000A4F0805109E10C0E7F5DD8A0BAEFA4F04D
:10497000BCEFA4F09BEFA4F0000E7E6F000E7D6FE5
:10498000000E826F000E816F000E846F000E836F29
:1049900031EFA5F0D8908335D96E8435DA6E600E8C
:1049A000D926050EDA2283C52AF584C52BF5D890C1
:1049B0002A362B36020E2A26000E2B22600E2A24BF
:1049C000E16E050E2B20E26EDE50E65CDE50E6580E
:1049D000D8B0EDEFA4F0EFEFA4F02FEFA5F0D89052
:1049E0008335D96E8435DA6E600ED926050EDA224B
:1049F000DEC479F5DDC47AF583C528F584C529F5CB
:104A0000D89028362936020E2826000E2922600E5C
:104A10002824D96E050E2920DA6ED8908335E16EF0
:104A20008435E26E600EE126050EE222DEC4E6F475
:104A3000DDC4E5F483C528F584C529F5D89028366A
:104A40002936020E2826000E2922600E2824D96E4F
:104A5000050E2920DA6E79C5DEF47AC5DDF4834BC4
:104A6000842B0B0E286E000E296E8151285E825118
:104A7000295A2850835D8451800A2A6E2950800A61
:104A80002A58D8A046EFA5F048EFA5F0CAEFA4F049
:104A9000814B822B82BF56EFA5F0825109E10B0EAC
:104AA000815DD8A056EFA5F058EFA5F0C4EFA4F0B3
:104AB000000E826F020E816FD8908135D96E8235DB
:104AC000DA6E600ED926050EDA22DE507D27DD5023
:104AD0007E23814B822B82BF77EFA5F0825109E1C3
:104AE0000A0E815DD8A077EFA5F079EFA5F05CEF15
:104AF000A5F07DC51EF57EC51FF5000E216E080EC2
:104B0000206E11ECBDF01EC57BF51FC57CF57BC585
:104B100026F57CC527F512000701BE05D8B493EF32
:104B2000A5F095EFA5F097EFA5F082EFA6F0C70EE0
:104B300006011E6F070E1F6F5AECB5F01EC6D5F6A4
:104B40001FC6D6F620C6D7F621C6D8F60601D8511C
:104B5000D711D61109E1290ED55DD8A0B2EFA5F085
:104B6000B4EFA5F0B8EFA5F0CDECCCF082EFA6F055
:104B7000900E3F6F090E406FD5C641F6D6C642F67D
:104B8000D7C643F6D8C644F6D2ECC6F03FC6CEF63A
:104B900040C6CFF641C6D0F642C6D1F6DF0E0701B9
:104BA000D56FFF0ED66FCEC6D7F7CFC6D8F7D0C613
:104BB000D9F7D1C6DAF767ECCEF0000E0601D36F55
:104BC000000ED26FFBEFA5F0F10E0701D56FFF0EBF
:104BD000D66F900E0601D225D96E090ED321DA6E5A
:104BE000DF50C86FC8510701D76FD86B67ECCEF0A4
:104BF0000601D24BD32BD2C6C8F6D3C6C9F6000ED7
:104C0000C9BFFF0ECA6FCB6FCE51C85DCF51C95916
:104C1000D051CA59D151CB59D8A011EFA6F013EFFA
:104C2000A6F0E4EFA5F0DC0E0701D56FFF0ED66FFE
:104C300067ECCEF00601D551FE0FD46F900E1E6FBB
:104C4000090E1F6FD4C620F6E0ECC4F01EC674F740
:104C50001FC675F7910E0601D425D96EDA6A090EC2
:104C6000DA22DF50C86F900ED425D96EDA6A090EA9
:104C7000DA22DF50C96FC951CB6FCA6BC851CA2540
:104C80000701726F0601000ECB210701736F72518D
:104C9000741909E173517519D8B451EFA6F053EFA7
:104CA000A6F055EFA6F0B4EFA5F096C9CCF6060134
:104CB000D551F70FCD6FCC51CD19D8B462EFA6F016
:104CC00064EFA6F066EFA6F0B4EFA5F0100E0901B0
:104CD0009119D8A46EEFA6F070EFA6F0B4EFA5F08E
:104CE0000E0E9319D8A477EFA6F079EFA6F0B4EFE3
:104CF000A5F0C50E0701D56FFF0ED66F67ECCEF09D
:104D0000B4EFA5F01200060140BF89EFA6F08CEFCA
:104D1000A6F0010E8DEFA6F0000E476FECBF93EFEB
:104D2000A6F095EFA6F096EFA6F0ED93ECBF9DEF01
:104D3000A6F09BEFA6F0A3EFA6F0000E446F010EC5
:104D4000436FA7EFA6F0EBC643F6ECC644F6E9C600
:104D500045F6EAC646F64751D8B4B1EFA6F0B3EF30
:104D6000A6F0CAEFA6F04507D8A046074751D8A439
:104D7000BCEFA6F0BEEFA6F0C4EFA6F0000E426FA7
:104D80002B0E416FC8EFA6F0000E426F2D0E416F43
:104D900041C647F6000E496F4F0E486F09018F6BF1
:104DA00017EFA7F04807D8A04907400E4825D96E4D
:104DB000090E4921DA6E3DC61EF63EC61FF63FC6F5
:104DC00020F640C621F60A0E226F000E236F000E59
:104DD000246F000E256F5DECB9F01EC628F61FC6C5
:104DE00029F6B2ECCCF006012851300FDF6E4307F4
:104DF000D8A044074507D8A046073DC61EF63EC6C4
:104E00001FF63FC620F640C621F60A0E226F000E9E
:104E1000236F000E246F000E256FCCECB3F01EC67E
:104E20003DF61FC63EF620C63FF621C640F60601F7
:104E300049BF23EFA7F0495108E14805D8A023EF67
:104E4000A7F025EFA7F051EFA7F03D513E113F111C
:104E50004011D8A42EEFA7F030EFA7F0D2EFA6F0C4
:104E600044BF3DEFA7F0445106E14305D8B03BEF06
:104E7000A7F03DEFA7F0D2EFA6F046BF48EFA7F0AE
:104E8000465108E14505D8A048EFA7F04AEFA7F042
:104E900051EFA7F0EDB34FEFA7F051EFA7F0D2EF2E
:104EA000A6F04751D8B457EFA7F059EFA7F064EF39
:104EB000A7F04807D8A04907400E4825D96E090E2B
:104EC0004921DA6E47C6DFF43BC632F63CC633F6FC
:104ED000400E4825346F090E4921356F45C636F618
:104EE00046C637F63CECC1F01200000E0601246FF6
:104EF000000E256F000E266FF6ECC9F006012B6F31
:104F00002B510501EE6FEF6B010E0601246F000EB1
:104F1000256F000E266FF6ECC9F006012B6F2B51A2
:104F20000501F06FF16B020E0601246F000E256F74
:104F3000000E266FF6ECC9F006012B6F2B51050110
:104F4000F26FF36B040E0601246F000E256F000E46
:104F5000266FF6ECC9F006012B6F2B510701076F86
:104F6000086B050E0601246F000E256F000E266FDC
:104F7000F6ECC9F006012B6F2B510701096F0A6B84
:104F8000060E0601246F000E256F000E266FF6EC4C
:104F9000C9F006012B6F2B5107010B6F0C6B05013C
:104FA000EF5109E1650EEE5DD8A0D9EFA7F0DBEF78
:104FB000A7F0E6EFA7F0000E0601266F000E276FA0
:104FC000000E286F000E296F92ECC5F00501F1511B
:104FD00009E1650EF05DD8A0F0EFA7F0F2EFA7F0C1
:104FE000FDEFA7F0010E0601266F000E276F000EE1
:104FF000286F000E296F92ECC5F00501F35109E10D
:10500000650EF25DD8A007EFA8F009EFA8F014EF45
:10501000A8F0020E0601266F000E276F000E286F03
:10502000000E296F92ECC5F0030E0601266F000EEC
:10503000276F000E286F000E296F92ECC5F0070154
:10504000085109E1650E075DD8A029EFA8F02BEF04
:10505000A8F036EFA8F0040E0601266F000E276FA9
:10506000000E286F000E296F92ECC5F007010A515F
:1050700009E1650E095DD8A040EFA8F042EFA8F065
:105080004DEFA8F0050E0601266F000E276F000EEB
:10509000286F000E296F92ECC5F007010C5109E151
:1050A000650E0B5DD8A057EFA8F059EFA8F064EF9C
:1050B000A8F0060E0601266F000E276F000E286F5F
:1050C000000E296F92ECC5F01200326E3250D8B447
:1050D0006CEFA8F06EEFA8F091EFA8F0050188BF83
:1050E00076EFA8F074EFA8F091EFA8F085C52EF543
:1050F00086C52FF587C530F588C531F52E1E2F1EC4
:10510000301E311E2E2A000E2F22302231222EC5B3
:1051100034F52FC535F530C536F531C537F599EF7E
:10512000A8F085C534F586C535F587C536F588C53B
:1051300037F505018551861187118811D8A4A3EF91
:10514000A8F0A5EFA8F0AFEFA8F0000E856F000E55
:10515000866F000E876F000E886F41EFA9F0960EE4
:10516000336EB9EFA8F0332AD89037323632353261
:105170003432000E34142E6E000E35142F6E000ED5
:105180003614306EFE0E3714316E2E502F10301044
:105190003110D8A4CEEFA8F0D0EFA8F0B3EFA8F06C
:1051A000DEEFA8F0332A010E3426000E3522362217
:1051B0003722D8903732363235323432000E34143A
:1051C0002E6E000E35142F6E000E3614306EFF0E4C
:1051D0003714316E2E502F1030103110D8A4F3EF49
:1051E000A8F0F5EFA8F0D2EFA8F0FDEFA8F0330695
:1051F000D890343635363636373636BE02EFA9F01B
:1052000004EFA9F00CEFA9F0020E33600AEFA9F049
:105210000CEFA9F0F7EFA8F033B011EFA9F013EFFE
:10522000A9F014EFA9F0369ED890333233C52EF58D
:105230002F6A306A316A2EC531F5306A2F6A2E6ABC
:105240002E5034122F503512305036123150371242
:105250003250D8B42EEFA9F030EFA9F039EFA9F011
:10526000050188BF38EFA9F036EFA9F039EFA9F0B2
:10527000378E34C585F535C586F536C587F537C50E
:1052800088F512000601336F06013351D8B44BEF95
:10529000A9F04DEFA9F06FEFA9F02EBF54EFA9F0E0
:1052A00052EFA9F06FEFA9F02BC62FF62CC630F6FF
:1052B0002DC631F62EC632F62F1F301F311F321F7A
:1052C0002F2B000E3023312332232FC635F630C664
:1052D00036F631C637F632C638F677EFA9F02BC668
:1052E00035F62CC636F62DC637F62EC638F62B51B7
:1052F0002C112D112E11D8A480EFA9F082EFA9F066
:105300008CEFA9F0000E2B6F000E2C6F000E2D6F8E
:10531000000E2E6F1DEFAAF0960E346F96EFA9F0D7
:10532000342BD8903833373336333533000E3515B8
:105330002F6F000E3615306F000E3715316FFE0ED1
:105340003815326F2F51301131113211D8A4ABEF13
:10535000A9F0ADEFA9F090EFA9F0BBEFA9F0342BC5
:10536000010E3527000E362337233823D8903833E3
:10537000373336333533000E35152F6F000E3615A3
:10538000306F000E3715316FFF0E3815326F2F5109
:10539000301131113211D8A4D0EFA9F0D2EFA9F019
:1053A000AFEFA9F0DAEFA9F03407D89035373637E8
:1053B0003737383737BFDFEFA9F0E1EFA9F0E9EF72
:1053C000A9F0020E3461E7EFA9F0E9EFA9F0D4EFFC
:1053D000A9F034B1EEEFA9F0F0EFA9F0F1EFA9F0E8
:1053E000379FD890343334C62FF6306B316B326B25
:1053F0002FC632F6316B306B2F6B2F513513305176
:10540000361331513713325138133351D8B40BEFAF
:10541000AAF00DEFAAF015EFAAF02EBF14EFAAF034
:1054200012EFAAF015EFAAF0388F35C62BF636C664
:105430002CF637C62DF638C62EF612000601816FFF
:10544000050E06018119D8A428EFAAF02AEFAAF0C8
:1054500090EFAAF0140E796FC80E7A6F2A0E7B6F48
:10546000450E7C6F81519CECA3F026C641F527C602
:1054700042F541C52BF642C52CF606012D6B2E6B6D
:10548000000E42ECA9F02BC66BF62CC66CF62DC6AE
:105490006DF62EC66EF679C66FF67AC670F67BC6C6
:1054A00071F67CC672F6DDECB5F00601D8B05BEFA4
:1054B000AAF05DEFAAF073EFAAF0E10E415C010ED5
:1054C0004258D8A066EFAAF068EFAAF079EFAAF0E8
:1054D000590E415C020E4258D8B071EFAAF073EF3A
:1054E000AAF079EFAAF0000E786F010E776FF0EF57
:1054F000AAF0E00E415C010E4258D8B082EFAAF04B
:1055000084EFAAF08AEFAAF0000E786F020E776F90
:10551000F0EFAAF0000E786F000E776FF0EFAAF0B0
:105520008105D8A496EFAAF098EFAAF08AEFAAF026
:10553000130E7D6F760E7E6F830E7F6F440E806F2D
:1055400081519CECA3F026C643F527C644F543C51C
:105550002BF644C52CF606012D6B2E6B000E42EC8B
:10556000A9F02BC66BF62CC66CF62DC66DF62EC6B2
:105570006EF67DC66FF67EC670F67FC671F680C683
:1055800072F6DDECB5F00601D8B0C9EFAAF0CBEFAA
:10559000AAF073EFAAF02D0E435C010E4458D8A078
:1055A000D4EFAAF0D6EFAAF0E3EFAAF0E00E435C46
:1055B000010E4458D8B0DFEFAAF0E1EFAAF0E3EF14
:1055C000AAF073EFAAF02D0E435C010E4458D8B038
:1055D000ECEFAAF0EEEFAAF08AEFAAF084EFAAF0BF
:1055E00012000601F051020D000EF324D96E090ECF
:1055F000F420DA6EDE6ADD6A0201B2A702EFABF0D8
:1056000004EFABF027EFABF00601F051020D000EF6
:10561000F324D96E090EF420DA6E0901DF82070146
:105620004B514C114D11D8B418EFABF01AEFABF051
:1056300027EFABF002D827EFABF00500FA6E4B5125
:10564000FD6E4C51FE6E4D51FF6EFA50120002017C
:10565000B2A32DEFABF02FEFABF052EFABF00601A2
:10566000F051020D000EF324D96E090EF420DA6E0B
:105670000901DF840501F651F711F811D8B443EFA1
:10568000ABF045EFABF052EFABF002D852EFABF01E
:105690000500FA6EF651FD6EF751FE6EF851FF6E81
:1056A000FA5012000201B2AD58EFABF05AEFABF076
:1056B0007DEFABF00601F051020D000EF324D96E20
:1056C000090EF420DA6E0901DF8007014851491103
:1056D0004A11D8B46EEFABF070EFABF07DEFABF0EA
:1056E00002D87DEFABF00500FA6E4851FD6E4951CE
:1056F000FE6E4A51FF6EFA501200A1C214F6C70E98
:105700000601096F070E0A6F14C60BF6E4ECB8F039
:105710000601156F020E1519D8A491EFABF093EFA7
:10572000ABF0ADEFABF00501F651F711F811D8B4BD
:105730009CEFABF09EEFABF0B9EFABF002D8ABEF64
:10574000ABF00500FA6EF651FD6EF751FE6EF851A2
:10575000FF6EFA501200B9EFABF0C70E006F070EE4
:10576000016FE3ECB6F0060100510701BA6FB9EF23
:10577000ABF012005A04D8A4C0EFABF0C2EFABF00C
:10578000D8EFABF00701864B872BC80E861987111F
:10579000D8A4CDEFABF0CFEFABF0D8EFABF0010E6C
:1057A000596E010E586E000E876F000E866F5A6A92
:1057B0000701844B852BC80E84198511D8A4E3EF0B
:1057C000ABF0E5EFABF0FFEFABF0000E856F000E36
:1057D000846F8E518F11D8B4F0EFABF0F2EFABF0D5
:1057E000F4EFABF0824B832B8A518B11D8B4FBEFD3
:1057F000ABF0FDEFABF0FFEFABF0804B812B960EE3
:1058000082198311D8A407EFACF009EFACF020EFB8
:10581000ACF0000E836F000E826F010E5F6E904B36
:10582000912B915109E1060E905DD8A01AEFACF0D2
:105830001CEFACF020EFACF0000E8F6F000E8E6FFF
:10584000960E80198111D8A428EFACF02AEFACF0A5
:1058500041EFACF0010E5E6E8C4B8D2B000E816F14
:10586000000E806F8D5109E1060E8C5DD8A03BEFD4
:10587000ACF03DEFACF041EFACF0000E8B6F000EE2
:105880008A6F7E057F11D8A448EFACF04AEFACF0E8
:1058900065EFACF07C4B7D2B7D5109E1C80E7C5D42
:1058A000D8A055EFACF057EFACF065EFACF0000EC0
:1058B0007D6F000E7C6F000E0801786F010E776F10
:1058C000000E07017F6F000E7E6F7A517B11D8B4F6
:1058D0006CEFACF06EEFACF07CEFACF07A07D8A0D8
:1058E0007B077A517B11D8A478EFACF07AEFACF05B
:1058F0007CEFACF0010EBE6F120052C6D9F453C655
:10590000DAF454C6DFF4060120EE01F05251D92634
:105910005351DA2255C6DEF456C6DEF457C6DEF41D
:1059200058C6DEF420EE05F05251D9265351DA2242
:1059300059C6DEF45AC6DEF45BC6DEF45CC6DEF49D
:1059400020EE09F05251D9265351DA225DC6DEF419
:105950005EC6DEF45FC6DEF460C6DEF420EE15F04F
:105960005251D9265351DA2261C6DEF462C6DEF402
:1059700063C6DEF464C6DEF420EE19F05251D92677
:105980005351DA2265C6DEF466C6DEF467C6DEF47D
:1059900068C6DEF4000E396F000E3A6F480E3B6F9A
:1059A000440E3C6F59C63DF65AC63EF65BC63FF6FE
:1059B0005CC640F695EC95F0060120EE0DF05251D4
:1059C000D9265351DA2239C6DEF43AC6DEF43BC694
:1059D000DEF43CC6DEF4000E396F000E3A6F480E5E
:1059E0003B6FC40E3C6F59C63DF65AC63EF65BC6C9
:1059F0003FF65CC640F695EC95F0060120EE11F0FE
:105A00005251D9265351DA2239C6DEF43AC6DEF4B1
:105A10003BC6DEF43CC6DEF420EE1DF05251D92622
:105A20005351DA22000EDE6E000EDE6E000EDE6EC8
:105A3000000EDD6E20EE21F05251D9265351DA22AC
:105A4000000EDE6E000EDE6E000EDE6E000EDD6EEF
:105A500020EE25F05251D9265351DA2269C6DEF4E0
:105A60006AC6DDF412000601ECBF39EFADF03BEF82
:105A7000ADF03CEFADF0ED93ECBF43EFADF041EF97
:105A8000ADF049EFADF0000E466F010E456F4DEFE2
:105A9000ADF0EBC645F6ECC646F6E9C647F6EAC6F3
:105AA00048F6000E4B6F4F0E4A6F09018F6B96EF51
:105AB000ADF04A07D8A04B073D510F0B496F0A0EB6
:105AC000496165EFADF067EFADF06BEFADF0300E13
:105AD00049276DEFADF0370E4927400E4A25D96EA4
:105AE000090E4B21DA6E49C6DFF44507D8A04607F8
:105AF0004707D8A048073DC641F63EC642F63FC616
:105B000043F640C644F6050E8BEFADF0D890443313
:105B1000433342334133E82E86EFADF041C63DF6C4
:105B200042C63EF643C63FF644C640F606014BBFAA
:105B3000A3EFADF04B5109E1020E4A5DD8A0A3EFEF
:105B4000ADF0A5EFADF0D1EFADF03D513E113F11FD
:105B50004011D8A4AEEFADF0B0EFADF059EFADF01D
:105B600046BFBDEFADF0465106E14505D8B0BBEFED
:105B7000ADF0BDEFADF059EFADF048BFC8EFADF0FF
:105B8000485108E14705D8A0C8EFADF0CAEFADF025
:105B9000D1EFADF0EDB3CFEFADF0D1EFADF059EF08
:105BA000ADF03BC632F63CC633F6400E4A25346FA4
:105BB000090E4B21356F47C636F648C637F63CEC22
:105BC000C1F012000601ECBFE8EFADF0EAEFADF076
:105BD000EBEFADF0ED93ECBFF2EFADF0F0EFADF029
:105BE000F8EFADF0000E426F010E416FFCEFADF02B
:105BF000EBC641F6ECC642F6E9C643F6EAC644F601
:105C0000000E466F4F0E456F09018F6B47EFAEF0E8
:105C10004507D8A04607400E4525D96E090E4621F6
:105C2000DA6E3DC61EF63EC61FF63FC620F640C6DB
:105C300021F60A0E226F000E236F000E246F000E55
:105C4000256F4CECC3F006011E51300FDF6E41078B
:105C5000D8A042074307D8A044073DC61EF63EC65B
:105C60001FF63FC620F640C621F60A0E226F000E30
:105C7000236F000E246F000E256F96ECC0F01EC639
:105C80003DF61FC63EF620C63FF621C640F6060189
:105C900045514611D8B44FEFAEF051EFAEF07DEF65
:105CA000AEF03D513E113F114011D8A45AEFAEF075
:105CB0005CEFAEF008EFAEF042BF69EFAEF04251DC
:105CC00006E14105D8B067EFAEF069EFAEF008EF3E
:105CD000AEF044BF74EFAEF0445108E14305D8A0E4
:105CE00074EFAEF076EFAEF07DEFAEF0EDB37BEF9C
:105CF000AEF07DEFAEF008EFAEF03BC632F63CC63C
:105D000033F6400E4525346F090E4621356F43C6E4
:105D100036F644C637F63CECC1F012000601EE51EF
:105D2000020D000EF324D96E080EF420DA6EDE6A3E
:105D3000DD6A0201C5A79FEFAEF0A1EFAEF0C4EFA0
:105D4000AEF00601EE51020D000EF324D96E080EDE
:105D5000F420DA6E0801DF8207013F514011411142
:105D6000D8B4B5EFAEF0B7EFAEF0C4EFAEF002D8F6
:105D7000C4EFAEF00500FA6E3F51FD6E4051FE6E6D
:105D80004151FF6EFA5012000201C5A3CAEFAEF0F6
:105D9000CCEFAEF0EFEFAEF00601EE51020D000ECB
:105DA000F324D96E080EF420DA6E0801DF840701AF
:105DB0003C513D113E11D8B4E0EFAEF0E2EFAEF051
:105DC000EFEFAEF002D8EFEFAEF00500FA6E3C5107
:105DD000FD6E3D51FE6E3E51FF6EFA501200020103
:105DE000C5ADF5EFAEF0F7EFAEF01AEFAFF006018C
:105DF000EE51020D000EF324D96E080EF420DA6E77
:105E00000801DF80070139513A113B11D8B40BEF7B
:105E1000AFF00DEFAFF01AEFAFF002D81AEFAFF01E
:105E20000500FA6E3951FD6E3A51FE6E3B51FF6E20
:105E3000FA501200B4C219F60601EE290F0B1A6FC0
:105E40004A501A19D8A427EFAFF029EFAFF02BEF83
:105E5000AFF036EFAFF0200EEE25D96EDA6A080EFD
:105E6000DA2219C6DFF41AC6EEF6492A1200050135
:105E7000ED51D8B43EEFAFF040EFAFF092EFAFF09E
:105E8000EB4BEC2B0701764B772BB90E765D0B0EA7
:105E90007759D8A04EEFAFF050EFAFF058EFAFF01A
:105EA000000E896F010E886F000E776F000E766FFF
:105EB000600E0501EB5DEA0EEC59D8A062EFAFF081
:105EC00064EFAFF092EFAFF0E94BEA2B010E070160
:105ED000BD6F0501EA5109E13C0EE95DD8A073EF01
:105EE000AFF075EFAFF08EEFAFF0E74BE82B000EA1
:105EF000F56F010EF46F500EE75DC30EE859D8A0A0
:105F000084EFAFF086EFAFF08AEFAFF0C30EE86F2B
:105F1000500EE76F000EE86F000EE76F000EEC6F9B
:105F2000000EEB6F07010651D8B499EFAFF09BEF6D
:105F3000AFF0D2EFAFF0044B052B600E045DEA0E1C
:105F40000559D8A0A6EFAFF0A8EFAFF0D2EFAFF0B1
:105F5000024B032B035109E13C0E025DD8A0B3EFC5
:105F6000AFF0B5EFAFF0CEEFAFF0004B012B000E6E
:105F70000E6F010E0D6F500E005DC30E0159D8A0BB
:105F8000C4EFAFF0C6EFAFF0CAEFAFF0C30E016FD2
:105F9000500E006F000E016F000E006F000E056FB7
:105FA000000E046F1200060120EE03F03351D926D3
:105FB0003451DA22DF501E6F20EE02F03351D92621
:105FC0003451DA22DF505EECC4F01EC647F51FC61E
:105FD00048F5570E475C030E4858D8A0F2EFAFF0D3
:105FE000F4EFAFF0F8EFAFF0030E486E570E476EC8
:105FF000F40E475C010E4858D8B001EFB0F003EF43
:10600000B0F007EFB0F0010E486EF40E476E47C5D2
:10601000B8F748C5B9F733C6D9F434C6DAF4DF5057
:106020000601FC6FFCC6C6F7630EFC651AEFB0F004
:106030001CEFB0F01EEFB0F0640EFC6F20EE07F026
:106040003351D9263451DA22DF501E6F20EE06F08C
:106050003351D9263451DA22DF505EECC4F01EC62B
:10606000FDF51FC6FEF50501FE5109E1710EFD5D4E
:10607000D8A03DEFB0F03FEFB0F043EFB0F0000E2E
:10608000FE6F710EFD6FFE5107E1320EFD5DD8B05F
:106090004CEFB0F04EEFB0F052EFB0F0000EFE6FEC
:1060A000320EFD6FFDC5B6F7FEC5B7F7060120EE4F
:1060B00004F03351D9263451DA22DF505B6E5BC5D0
:1060C000C5F7630E5B6467EFB0F069EFB0F06BEF9C
:1060D000B0F0640E5B6E1200000E0601206F570ECA
:1060E0001F6FED0E216F080E226F000E246F020E3F
:1060F000236F8FECC7F00009D8B481EFB0F083EFC5
:10610000B0F06CEFB0F0000E0601206F570E1F6F5D
:106110005C0E216F050E226F000E246F010E236F9F
:10612000BCECC7F00009D8B498EFB0F09AEFB0F02B
:1061300083EFB0F0680E0601266FE40EE82EFED75E
:10614000262FFCD700005CC550F5680E0601266FAF
:10615000E40EE82EFED7262FFCD70000C00E501804
:10616000D8A4B5EFB0F0B7EFB0F0B9EFB0F0F9EFF9
:10617000B0F0000E0601206F570E1F6FE10E216F69
:106180000A0E226F000E246F130E236F8FECC7F0E0
:106190000009D8B4CEEFB0F0D0EFB0F0B9EFB0F066
:1061A000680E0601266FE40EE82EFED7262FFCD7D8
:1061B0000000000E0601206F570E1F6FED0E216FBD
:1061C000080E226F000E246F030E236FBCECC7F085
:1061D0000009D8B4EEEFB0F0F0EFB0F0D9EFB0F0C6
:1061E0002A0E0601266F8D0EE82EFED7262FFCD72D
:1061F00000D0D00E0601266FC90EE82EFED7262F3E
:10620000FCD700D012000601FC51D8A40AEFB1F06F
:106210000CEFB1F08DEFB1F05B50D8A412EFB1F0FC
:1062200014EFB1F08DEFB1F08DECD1F0000E07015D
:10623000A76F000EA66F000E0801D66F000ED56F77
:10624000000ECD6F000ECE6F000ECF6F000ED06F20
:10625000000ED16F000ED26F000ED36F000ED46F00
:10626000000E0701A56F000EA46F000E0801AF6FAE
:10627000000EAE6F000EA66F000EA76F000EA86F87
:10628000000EA96F000EAA6F000EAB6F000EAC6F70
:10629000000EAD6F000E0701A36F000EA26F000E7F
:1062A000A16F000EA06F000E9F6F010E9E6F050E76
:1062B000D2ECBDF0010EB7ECCEF0020EB7ECCEF092
:1062C000000E0701A76F000EA66F000EA56F000E4F
:1062D000A46F090E0601226F1E0E216FE40EE82E38
:1062E000FED7212FFCD7222FFAD70000010EA3ECF6
:1062F000CEF0020EA3ECCEF0010E5D6E000E080192
:10630000586F000E596F000E5A6F000E5B6F06013A
:10631000FB6B15ECC8F092EFB1F0000E07019F6F18
:10632000000E9E6F1200C80E06012F6F000E306F18
:10633000000E316F000E326F27512D6F26C62EF6DC
:10634000BEEFB1F006012F51301131113211D8A436
:10635000ACEFB1F0AEEFB1F0B0EFB1F022EFB2F0D0
:106360002F07000E305B315B325B150E06012B6F81
:10637000C60EE82EFED72B2FFCD70000000E06011C
:10638000206F530E1F6F2D0E216F060E226F000E11
:10639000246F020E236F8FECC7F00009D8B4D3EF3F
:1063A000B1F0D5EFB1F0A2EFB1F0C80E06012F6F3A
:1063B000000E306F000E316F000E326FFCEFB1F047
:1063C00006012F51301131113211D8A4EAEFB1F08A
:1063D000ECEFB1F0EEEFB1F022EFB2F02F07000ECC
:1063E000305B315B325B150E06012B6FC60EE82E5B
:1063F000FED72B2FFCD70000000E0601206F530E96
:106400001F6F28C621F629C622F6020E2A25236F01
:10641000246B000E2423BCECC7F00009D8B413EFA2
:10642000B2F015EFB2F0E0EFB1F0090E06012C6FFB
:106430001E0E2B6FE40EE82EFED72B2FFCD72C2F31
:10644000FAD70000120089C51EF58AC51FF58BC555
:1064500020F58CC521F565ECB8F01E501F10D8A4AE
:1064600034EFB2F036EFB2F040EFB2F08DC589F5FF
:106470008EC58AF58FC58BF590C58CF5B2EFB2F05D
:106480008DC51EF58EC51FF58FC520F590C521F56C
:1064900065ECB8F01E501F10D8A451EFB2F053EFC6
:1064A000B2F05DEFB2F089C589F58AC58AF58BC572
:1064B0008BF58CC58CF5B2EFB2F089C51EF58AC597
:1064C0001FF58BC520F58CC521F514ECC9F01EC550
:1064D00038F51FC539F58DC51EF58EC51FF58FC55D
:1064E00020F590C521F514ECC9F01E50381809E1CB
:1064F0001F503918D8B47FEFB2F081EFB2F096EFA9
:10650000B2F089C51EF58AC51FF58BC520F58CC56F
:1065100021F514ECC9F01E501F10D8A492EFB2F070
:1065200094EFB2F053EFB2F036EFB2F089C560F5F8
:106530008AC561F58BC562F58CC563F58DC564F5BB
:106540008EC565F58FC566F590C567F560ECB6F04C
:106550000501D8A0AEEFB2F0B0EFB2F053EFB2F059
:1065600036EFB2F0120091C51EF592C51FF593C526
:1065700020F594C521F565ECB8F01E501F10D8A485
:10658000C4EFB2F0C6EFB2F0D0EFB2F095C591F51E
:1065900096C592F597C593F598C594F542EFB3F07B
:1065A00095C51EF596C51FF597C520F598C521F52B
:1065B00065ECB8F01E501F10D8A4E1EFB2F0E3EF85
:1065C000B2F0EDEFB2F091C591F592C592F593C599
:1065D00093F594C594F542EFB3F091C51EF592C5BD
:1065E0001FF593C520F594C521F514ECC9F01EC51F
:1065F0003AF51FC53BF595C51EF596C51FF597C520
:1066000020F598C521F514ECC9F01E503A1809E19F
:106610001F503B18D8B40FEFB3F011EFB3F026EFD3
:10662000B3F091C51EF592C51FF593C520F594C52D
:1066300021F514ECC9F01E501F10D8A422EFB3F0BE
:1066400024EFB3F0C6EFB2F0E3EFB2F091C560F51E
:1066500092C561F593C562F594C563F595C564F57A
:1066600096C565F597C566F598C567F560ECB6F013
:106670000501D8A03EEFB3F040EFB3F0C6EFB2F0A3
:10668000E3EFB2F01200110EF66EA10EF76E010EDE
:10669000F86E02EEE1F210EE13F00900F5C4EEF42C
:1066A000E550E150FAE1180EF66E960EF76E010E07
:1066B000F86E02EEB8F110EE40F00900F5C4EEF409
:1066C000E550E150FAE1FE0EF66EA00EF76E010EF7
:1066D000F86E02EEDDF010EE13F00900F5C4EEF4F2
:1066E000E550E150FAE12A0EF66EA20EF76E010EA9
:1066F000F86E01EEE5F310EE0DF00900F5C4EEF4CE
:10670000E550E150FAE1400EF66EA30EF76E010E71
:10671000F86E0900F5C45DF50900F5C45EF50900E1
:10672000F5C45FF502EE00F3AC0EEE6AE806FDE19B
:1067300002EE00F2E10EEE6AE806FDE102EE00F183
:10674000B80EEE6AE806FDE102EE00F0DD0EEE6A3C
:10675000E806FDE101EE00F3D50EEE6AE806FDE184
:1067600001EEDCF2220EEE6AE806FDE101EEE7F151
:10677000190EEE6AE806FDE101EE41F11C0EEE6A2B
:10678000E806FDE10401080E5D6F000E5E6F000E6D
:106790005F6F00019CEFCDF00601276B25BFD5EFA1
:1067A000B3F0D3EFB3F0DFEFB3F0251F241F231FA7
:1067B000226D000E232324232523010E276F21BFE2
:1067C000E6EFB3F0E4EFB3F0F0EFB3F0211F201FDA
:1067D0001F1F1E6D000E1F2320232123010E271BC8
:1067E000000E286F000E296F000E2A6F000E2B6F0F
:1067F0002251231124112511D8B401EFB4F003EF75
:10680000B4F039EFB4F0010E266F0DEFB4F0D8906C
:106810002237233724372537262B25AF12EFB4F044
:1068200014EFB4F007EFB4F0D890283729372A379F
:106830002B3722511E5D23511F59245120592551B8
:106840002159D8A026EFB4F028EFB4F031EFB4F01E
:1068500022511E5F23511F5B2451205B2551215B78
:106860002881D8902533243323332233262F14EF65
:10687000B4F02751D8B43FEFB4F041EFB4F049EF92
:10688000B4F02B1F2A1F291F286D000E29232A234D
:106890002B2328C61EF629C61FF62AC620F62BC6AD
:1068A00021F61200060120352135276F2751D8A483
:1068B0005CEFB4F05EEFB4F068EFB4F0000E1E6F62
:1068C000000E1F6F000E206F000E216FD5EFB4F089
:1068D0001EC622F61FC623F620C624F621C625F6BC
:1068E000200E78EFB4F0D8902533243323332233AD
:1068F000E82E73EFB4F02251266F208FFF0E1E1783
:10690000FF0E1F17FF0E2017000E2117960E275F90
:1069100027BF8FEFB4F08DEFB4F0A5EFB4F027519F
:10692000800A970FD8B097EFB4F099EFB4F09BEFCF
:10693000B4F05EEFB4F0D890213320331F331E3310
:10694000273F9BEFB4F0BDEFB4F01F0E2765ABEF10
:10695000B4F0ADEFB4F0B5EFB4F05EEFB4F0D890B2
:106960001E371F372037213727072751D8A4BBEF01
:10697000B4F0BDEFB4F0AFEFB4F02651D8B4C3EF2C
:10698000B4F0C5EFB4F0CDEFB4F0211F201F1F1FEE
:106990001E6D000E1F23202321231EC61EF61FC6B8
:1069A0001FF620C620F621C621F6120005019B35F0
:1069B0009C359E6F9E51D8A4E0EFB4F0E2EFB4F0A6
:1069C000ECEFB4F0000E996F000E9A6F000E9B6F03
:1069D000000E9C6F59EFB5F099C53CF59AC53DF591
:1069E0009BC53EF59CC53FF5200EFCEFB4F0D8905A
:1069F0003F323E323D323C32E82EF7EFB4F03C50AD
:106A00009D6F9B8FFF0E9917FF0E9A17FF0E9B1716
:106A1000000E9C17960E9E5F9EBF13EFB5F011EF10
:106A2000B5F029EFB5F09E51800A970FD8B01BEF53
:106A3000B5F01DEFB5F01FEFB5F0E2EFB4F0D89070
:106A40009C339B339A3399339E3F1FEFB5F041EF50
:106A5000B5F01F0E9E652FEFB5F031EFB5F039EFB1
:106A6000B5F0E2EFB4F0D89099379A379B379C375E
:106A70009E079E51D8A43FEFB5F041EFB5F033EF3C
:106A8000B5F09D51D8B447EFB5F049EFB5F051EFEF
:106A9000B5F09C1F9B1F9A1F996D000E9A239B2394
:106AA0009C2399C599F59AC59AF59BC59BF59CC5FC
:106AB0009CF512001EC6D9F41FC6DAF4060110EECA
:106AC00004F01E51E1261F51E222DE50E65CDE504A
:106AD000E658DE50E658DE50E658D8A072EFB5F022
:106AE00074EFB5F09CEFB5F01EC6D9F41FC6DAF40A
:106AF000DEC422F6DEC423F6DEC424F6DEC425F6A8
:106B000020EE04F01E51D9261F51DA22DEC426F6EB
:106B1000DEC427F6DEC428F6DEC429F62251265D3F
:106B20001E6F235127591F6F24512859206F25515B
:106B30002959216FDCEFB5F020EE04F01E51D92663
:106B40001F51DA22DEC422F6DEC423F6DEC424F6A8
:106B5000DEC425F61EC6D9F41FC6DAF4DEC426F656
:106B6000DEC427F6DEC428F6DEC429F620EE08F0DF
:106B70001E51D9261F51DA22DEC42AF6DEC42BF6B6
:106B8000DEC42CF6DEC42DF626512A5D2E6F275169
:106B90002B592F6F28512C59306F29512D59316F96
:106BA00022512E251E6F23512F211F6F245130217A
:106BB000206F25513121216F1200000E06016B1547
:106BC000736F000E6C15746F800E6D15756F7F0EF0
:106BD0006E15766F7351741175117611D8A4F3EF99
:106BE000B5F0F5EFB5F0FDEFB5F0000E6B6F000EF0
:106BF0006C6F000E6D6F000E6E6F000E6F15736F71
:106C0000000E7015746F800E7115756F7F0E721502
:106C1000766F7351741175117611D8A412EFB6F016
:106C200014EFB6F01CEFB6F0000E6F6F000E706F31
:106C3000000E716F000E726F6EAF21EFB6F023EF92
:106C4000B6F02CEFB6F06B6D6C1FD8B06C2B6D1FCF
:106C5000D8B06D2B800E6E5772AF31EFB6F033EFB8
:106C6000B6F03CEFB6F06F6D701FD8B0702B711F8F
:106C7000D8B0712B800E7257000E6B1B000E6C1B70
:106C8000000E6D1B800E6E1B000E6F1B000E701B26
:106C9000000E711B800E721B6F516B5D70516C5931
:106CA00071516D5972516E59D8B059EFB6F05BEF12
:106CB000B6F05EEFB6F0D8905FEFB6F0D880120075
:106CC000000E05016015266E000E6115276E800E00
:106CD0006215286E7F0E6315296E26502710281026
:106CE0002910D8A476EFB6F078EFB6F080EFB6F0C2
:106CF000000E606F000E616F000E626F000E636F1A
:106D0000000E6415266E000E6515276E800E661542
:106D1000286E7F0E6715296E26502710281029101F
:106D2000D8A495EFB6F097EFB6F09FEFB6F0000E4F
:106D3000646F000E656F000E666F000E676F63AFC5
:106D4000A4EFB6F0A6EFB6F0AFEFB6F0606D611F3E
:106D5000D8B0612B621FD8B0622B800E635767AF2B
:106D6000B4EFB6F0B6EFB6F0BFEFB6F0646D651FE6
:106D7000D8B0652B661FD8B0662B800E6757000E03
:106D8000601B000E611B000E621B800E631B000E59
:106D9000641B000E651B000E661B800E671B645192
:106DA000605D655161596651625967516359D8B048
:106DB000DCEFB6F0DEEFB6F0E1EFB6F0D890E2EF40
:106DC000B6F0D880120000C6D9F401C6DAF4060184
:106DD00010EE04F00051E1260151E222DE50E65CA3
:106DE000DE50E658DE50E658DE50E658D8A0FBEFFD
:106DF000B6F0FDEFB6F025EFB7F000C6D9F401C646
:106E0000DAF4DEC404F6DEC405F6DEC406F6DEC43B
:106E100007F620EE04F00051D9260151DA22DEC433
:106E200008F6DEC409F6DEC40AF6DEC40BF6045129
:106E3000085D006F05510959016F06510A59026F2B
:106E400007510B59036F65EFB7F020EE04F00051C6
:106E5000D9260151DA22DEC404F6DEC405F6DEC40A
:106E600006F6DEC407F600C6D9F401C6DAF4DEC4BD
:106E700008F6DEC409F6DEC40AF6DEC40BF620EE20
:106E800008F00051D9260151DA22DEC40CF6DEC426
:106E90000DF6DEC40EF6DEC40FF608510C5D106F61
:106EA00009510D59116F0A510E59126F0B510F599B
:106EB000136F04511025006F05511121016F065108
:106EC0001221026F07511321036F12000FC728F61A
:106ED00010C729F611C72AF612C72BF61EC628F6C8
:106EE0001FC629F620C62AF621C62BF628C622F68A
:106EF00029C623F62AC624F62BC625F6180E87EFD8
:106F0000B7F00601D8902533243323332233E82EFB
:106F100081EFB7F02251266F276B26512711D8A495
:106F200094EFB7F096EFB7F0B6EFB7F0D8902835FA
:106F3000226F2935236F2A35246F2B35256F225177
:106F4000231124112511D8A4A8EFB7F0AAEFB7F0A8
:106F5000B0EFB7F0000E1F6F020E1E6FE5EFB7F037
:106F6000000E1F6F030E1E6FE5EFB7F026292711E5
:106F7000D8A4BDEFB7F0BFEFB7F0E1EFB7F028C688
:106F800022F629C623F62AC624F62BC625F6090EB4
:106F9000D8902237233724372537E82EC8EFB7F0AB
:106FA0002251231124112511D8B4D9EFB7F0DCEF09
:106FB000B7F0010EDDEFB7F0000E1E6F1F6BE5EFAF
:106FC000B7F0000E1F6F040E1E6F12000601FC5179
:106FD000276F286BB8C71EF6B9C71FF6000E216FC2
:106FE000640E206F57ECC5F0060127511E03F3C451
:106FF00029F6F4C42AF61F03F3502A2728511E034A
:10700000F3502A2729C6FBF52AC6FCF55B50276FEB
:10701000286BB6C71EF6B7C71FF6000E216F640EA9
:10702000206F57ECC5F0060127511E03F3C429F663
:10703000F4C42AF61F03F3502A2728511E03F350E5
:107040002A2729C6B2F72AC6B3F70701B2510501AC
:10705000FB250701B06FB3510501FC210701B16F9A
:10706000B051B85DB151B959D8B039EFB8F03BEF74
:10707000B8F056EFB8F0FBC527F6FCC528F6D89057
:107080000601273728370701B0510601275F07019E
:10709000B1510601285BE60E27250701B46FFF0EEC
:1070A000060128210701B56F60EFB8F0E60E050173
:1070B000FB250701B46FFF0E0501FC210701B56F29
:1070C000B4C725F6B5C726F612000FC728F510C7B6
:1070D00029F511C72AF512C72BF51EC528F51FC5BE
:1070E00029F520C52AF521C52BF528C522F529C586
:1070F00023F52AC524F52BC525F5180E85EFB8F024
:10710000D8902532243223322232E82E80EFB8F094
:107110002250266E276A26502710D8A492EFB8F086
:1071200094EFB8F0B4EFB8F0D8902834226E293438
:10713000236E2A34246E2B34256E22502310241003
:107140002510D8A4A6EFB8F0A8EFB8F0AEEFB8F0CD
:10715000000E1F6E020E1E6EE3EFB8F0000E1F6EE3
:10716000030E1E6EE3EFB8F026282710D8A4BBEF5D
:10717000B8F0BDEFB8F0DFEFB8F028C522F529C5AB
:1071800023F52AC524F52BC525F5090ED8902236FE
:10719000233624362536E82EC6EFB8F022502310C9
:1071A00024102510D8B4D7EFB8F0DAEFB8F0010EFC
:1071B000DBEFB8F0000E1E6E1F6AE3EFB8F0000EB2
:1071C0001F6E040E1E6E1200060120EE04F009511F
:1071D000D9260A51DA22DEC40CF6DEC40DF6DEC46E
:1071E0000EF6DEC40FF6010E0C25006F000E0D2109
:1071F000016F000E0E21026F000E0F21036F20EEB3
:1072000008F00951D9260A51DA22DEC404F6DEC498
:1072100005F6DEC406F6DEC407F6D6ECC3F000C6FB
:1072200010F601C611F602C612F603C613F609C619
:10723000D9F40AC6DAF406011051DE180DE1115135
:10724000DE180AE11251DE1807E11351DE18D8A446
:107250002CEFB9F02EEFB9F031EFB9F0020E5CEF80
:10726000B9F020EE04F00951D9260A51DA22DEC421
:107270000CF6DDC40DF620EE0CF00951D9260A51AA
:10728000DA22DEC40EF6DDC40FF60C510E25D96EDF
:107290000D510F21DA6E0BC6DFF420EE04F0095118
:1072A000D9260A51DA2210C6DEF411C6DEF412C65F
:1072B000DEF413C6DEF4000E12000601276B21BFB8
:1072C00066EFB9F064EFB9F070EFB9F0211F201F3D
:1072D0001F1F1E6D000E1F2320232123010E276F69
:1072E00025BF77EFB9F075EFB9F07FEFB9F0251F43
:1072F000241F231F226D000E232324232523225124
:10730000231124112511D8B488EFB9F08AEFB9F010
:10731000BAEFB9F0010E266F94EFB9F0D89022378A
:10732000233724372537262B25AF99EFB9F09BEF6C
:10733000B9F08EEFB9F022511E5D23511F5924512F
:10734000205925512159D8A0A8EFB9F0AAEFB9F0DA
:10735000B2EFB9F022511E5F23511F5B2451205B15
:107360002551215BD8902533243323332233262F14
:107370009BEFB9F02751D8B4C0EFB9F0C2EFB9F024
:10738000CAEFB9F0211F201F1F1F1E6D000E1F2303
:10739000202321231EC61EF61FC61FF620C620F678
:1073A00021C621F61200060120EE04F02751D9264D
:1073B0002851DA2227C6E1F428C6E2F4DE50E618A6
:1073C0000DE1DE50E6180AE1DE50E61807E1DE5076
:1073D000E618D8A4EEEFB9F0F0EFB9F0F3EFB9F09A
:1073E000030E47EFBAF027C6D9F428C6DAF4DEC494
:1073F0002BF6DDC42CF620EE0CF02751D9262851AF
:10740000DA22DEC42DF6DDC42EF62B512D25D96EE1
:107410002C512E21DA6E29C6E1F42AC6E2F4DFC42B
:10742000E7F4010E27C6D9F428C6DAF4DEC42BF639
:10743000DEC42CF6DEC42DF6DEC42EF62B251E6F20
:10744000000E2C211F6F000E2D21206F000E2E210B
:10745000216F20EE08F02751D9262851DA22DEC408
:1074600022F6DEC423F6DEC424F6DEC425F64CEC98
:10747000C3F027C6D9F428C6DAF406011EC6DEF426
:107480001FC6DEF420C6DEF421C6DEF4000E1200B4
:10749000B00E0601526F080E536F010E546F9A0E14
:1074A000556F990E566F990E576F3E0E586F6C0EB2
:1074B000596F090E5A6F790E5B6F3C0E5C6F0A0EA6
:1074C0005D6FD70E5E6F230E5F6F3C0E606F000E18
:1074D000616F000E626F480E636F450E646F000EA1
:1074E000656F000E666F000E676F000E686F000E0E
:1074F0006A6F000E696F7DECACF0890E0601526F69
:10750000080E536F020E546FCD0E556FCC0E566F92
:107510004C0E576F3F0E586F9C0E596F530E5A6F9B
:10752000490E5B6F370E5C6F6F0E5D6F120E5E6FF4
:10753000830E5F6F3A0E606F000E616F000E626F18
:10754000480E636F450E646F000E656F000E666F28
:10755000000E676F000E686F000E6A6F000E696F95
:107560007DECACF01200000E0601266F000E256FB8
:107570001EC6D9F41FC6DAF4DEC4F6F4DDC4F7F48F
:10758000000EF86E0800F5502A0AD8A4CAEFBAF027
:10759000CCEFBAF0FFEFBAF01EC6D9F41FC6DAF48A
:1075A000DE2A000EDD2220C6D9F421C6DAF4DFC4BB
:1075B00022F6020EDE26DFC423F6000EDD2222C6EE
:1075C000D9F423C6DAF4DEC425F6DDC426F615EFB9
:1075D000BBF00A0E2503F3C422F6F4C423F62603F7
:1075E000F350232724512225256F000E2321266FD7
:1075F0001EC6D9F41FC6DAF4DE2A000EDD221EC62E
:10760000D9F41FC6DAF4DEC4F6F4DDC4F7F4000ED4
:10761000F86E0800F550D00F246F090E246513EFA3
:10762000BBF015EFBBF0E9EFBAF025C61EF626C693
:107630001FF612008DECD1F0000E0701A76F000EAF
:10764000A66F000E0801D66F000ED56F000ECD6F2D
:10765000000ECE6F000ECF6F000ED06F000ED16FF8
:10766000000ED26F000ED36F000ED46F000E070114
:10767000A56F000EA46F000E0801AF6F000EAE6F75
:10768000000EA66F000EA76F000EA86F000EA96F68
:10769000000EAA6F000EAB6F000EAC6F000EAD6F48
:1076A000000E0701A36F000EA26F000EA16F000E67
:1076B000A06F050ED2ECBDF0010EB7ECCEF0020EBD
:1076C000B7ECCEF0000E0701A76F000EA66F000EFC
:1076D000A56F000EA46F090E0601226F1E0E216F0A
:1076E000E40EE82EFED7212FFCD7222FFAD7000078
:1076F000010EA3ECCEF0020EA3ECCEF0010E5D6EF7
:1077000012004CC822F64DC823F64EC824F64FC8C6
:1077100025F673ECC2F022C634F623C635F624C62D
:1077200036F625C637F6D0EFBBF037513611351196
:1077300009E1650E345DD8A0A0EFBBF0A2EFBBF06D
:10774000E6EFBBF089ECD1F0010E0601F46F92EC8C
:10775000D0F01EC64CF81FC64DF820C64EF821C604
:107760004FF8E6EFBBF037513611351109E1C90E7C
:10777000345DD8A0BEEFBBF0C0EFBBF0E6EFBBF0CE
:107780008BECD1F00601F46B92ECD0F01EC64CF8F5
:107790001FC64DF820C64EF821C64FF8E6EFBBF0E5
:1077A0000601F451326F336B3351000AD8B4DBEF6A
:1077B000BBF0E6EFBBF03251000AD8B495EFBBF056
:1077C000010AD8B4B3EFBBF0E6EFBBF0120006013C
:1077D00024512511D8B4EFEFBBF0F1EFBBF0FAEF75
:1077E000BBF024512511D8A4F8EFBBF0FAEFBBF0A1
:1077F000FFEFBBF0225189ECC9F04CEFBCF020EE5A
:1078000009F02451D9262551DA22DE50DE10D8B4F1
:107810000CEFBCF00EEFBCF029EFBCF020EE09F04D
:107820002451D9262551DA2210EE02F02451E12606
:107830002551E222DE50E65CE650800A2A6FDE50D7
:10784000800A2A59D8B027EFBCF029EFBCF04CEFE2
:10785000BCF020EE02F02451D9262551DA22DEC4F4
:1078600026F6DDC427F624C6D9F425C6DAF4DEC42C
:1078700028F6DDC429F626512825D96E275129215D
:10788000DA6E22C6DFF420EE02F02451D92625510B
:10789000DA22DE2A000EDD2212000601236B21BF50
:1078A00056EFBCF054EFBCF05CEFBCF0206D211F34
:1078B000D8B0212B010E236F1FBF63EFBCF061EF27
:1078C000BCF069EFBCF01E6D1F1FD8B01F2B010E5E
:1078D000231B000E256F000E246F20512111D8B4F8
:1078E00074EFBCF076EFBCF09EEFBCF0010E226F9F
:1078F0007EEFBCF0D89020372137222B21AF83EFC9
:10790000BCF085EFBCF07AEFBCF0D8902437253777
:1079100020511E5D21511F59D8A091EFBCF093EF6B
:10792000BCF098EFBCF020511E5F21511F5B2481F9
:10793000D89021332033222F85EFBCF02351D8B4C7
:10794000A4EFBCF0A6EFBCF0AAEFBCF0246D251F9D
:0E795000D8B0252B24C61EF625C61FF6120041
:107960000AECD0F00009D8B4B8EFBCF0BAEFBCF024
:10797000C3EFBCF0030E0601E86F0201979BAAEC6F
:10798000CBF00EEFBDF015ECD0F00009D8B4CBEF82
:10799000BCF0CDEFBCF0E0EFBCF0E9ECCFF00009BB
:1079A000D8B4D5EFBCF0D7EFBCF0E0EFBCF0010EDF
:1079B0000601E86F02019799F2ECCEF00EEFBDF0F0
:1079C000F4ECCFF00009D8B4E8EFBCF0EAEFBCF07B
:1079D000FBEFBCF0E9ECCFF00009D8B4F2EFBCF05B
:1079E000F4EFBCF0FBEFBCF0020E0601E86F020101
:1079F0009799DCEFBCF0FFECCFF00009D8B403EFAF
:107A0000BDF005EFBDF00CEFBDF0030E0601E86F11
:107A10000201979D0EEFBDF0020197990601E85112
:107A20001100236A21BE19EFBDF017EFBDF01FEF63
:107A3000BDF0206C211ED8B0212A010E236E1FBE7E
:107A400026EFBDF024EFBDF02CEFBDF01E6C1F1E25
:107A5000D8B01F2A010E231A000E256E000E246EC8
:107A600020502110D8B437EFBDF039EFBDF061EFF1
:107A7000BDF0010E226E41EFBDF0D89020362136C8
:107A8000222A21AE46EFBDF048EFBDF03DEFBDF03C
:107A9000D8902436253620501E5C21501F58D8A07F
:107AA00054EFBDF056EFBDF05BEFBDF020501E5E11
:107AB00021501F5A2480D89021322032222E48EFA4
:107AC000BDF02350D8B467EFBDF069EFBDF06DEFA6
:107AD000BDF0246C251ED8B0252A24C51EF525C569
:107AE0001FF51200BE6A860EBF6EC06AC16A040E20
:107AF000C26E400EC36E0401026B060E0A6F126B5B
:107B00001A6B226B2A6BFB0EC66EA00EC76E080E98
:107B1000C86E020EC96E080ECA6ECB6AFB0E006FED
:107B2000290E086F106B186B206B286B016B800E91
:107B3000096F116B196B216B296B03690B69136951
:107B40001B69070E236F2B6904690C6914691C6992
:107B50000F0E246F2C690201896B886B876B866B13
:107B6000190E746F130E726F230E196F1C0E0C6FAB
:107B70001A0E096F200E136F090E716F370E0A6F00
:107B80000A0E706F380E0B6F0401056B066B076BE6
:107B90000D6B0E6B0F6B156B166B176B256B266BD6
:107BA000276B12000601206F06012005D8A4DBEF29
:107BB000BDF0DDEFBDF0E7EFBDF0000E1F6F000E72
:107BC0001E6F22ECD1F093ECD1F02CEFBEF0020E40
:107BD0002019D8A4EEEFBDF0F0EFBDF0FAEFBDF044
:107BE000000E1F6F000E1E6F1CECD1F091ECD1F057
:107BF0002CEFBEF0020E2019D8A401EFBEF003EF67
:107C0000BEF005EFBEF02CEFBEF0020E2019D8A496
:107C10000CEFBEF00EEFBEF010EFBEF02CEFBEF09A
:107C2000050E2019D8A417EFBEF019EFBEF02CEF07
:107C3000BEF0000E1F6F000E1E6F22ECD1F093EC11
:107C4000D1F0000E06011F6F000E1E6F1CECD1F06C
:107C500091ECD1F02CEFBEF01200060120EE40F0C6
:107C60001E51D9261F51DA22DF50206F0F0E201728
:107C700020EE40F01E51D9261F51DA22DF50216F2D
:107C800021390F0B0A0DF3502025246F20EE41F00F
:107C90001E51D9261F51DA22DF50206F0F0E2017F8
:107CA00020EE41F01E51D9261F51DA22DF50216FFC
:107CB00021390F0B0A0DF3502025256F2451640D37
:107CC000F3C420F6F4C421F6255120250701E96FFD
:107CD0000601000E21210701EA6FE80E0601206F60
:107CE000030E216F20510701E903F3C422F6F4C407
:107CF00023F6EA03F3500601232721510701E90384
:107D00000601F350232722C6E9F723C6EAF712003B
:107D1000FAC404F5FBC405F5B39E77A092EFBEF05C
:107D200094EFBEF0B6EFBEF076A099EFBEF09BEFF9
:107D3000BEF0B6EFBEF0769007016651671168118C
:107D4000D8B4A5EFBEF0A7EFBEF0DDEFBEF002D8CD
:107D5000B4EFBEF00500FA6E6651FD6E6751FE6E1F
:107D60006851FF6EFA501200DDEFBEF077A2BBEF54
:107D7000BEF0BDEFBEF0DDEFBEF076A2C2EFBEF00A
:107D8000C4EFBEF0DDEFBEF07692070163516411DF
:107D90006511D8B4CEEFBEF0D0EFBEF0DDEFBEF08F
:107DA00002D8DDEFBEF00500FA6E6351FD6E64513E
:107DB000FE6E6551FF6EFA50120005C5FBF404C556
:107DC000FAF41100FAC408F5FBC409F5B59E86A0C3
:107DD000ECEFBEF0EEEFBEF010EFBFF085A0F3EFDA
:107DE000BEF0F5EFBEF010EFBFF0859007015D51DA
:107DF0005E115F11D8B4FFEFBEF001EFBFF037EFB7
:107E0000BFF002D80EEFBFF00500FA6E5D51FD6EB7
:107E10005E51FE6E5F51FF6EFA50120037EFBFF0F9
:107E200086A215EFBFF017EFBFF037EFBFF085A2C6
:107E30001CEFBFF01EEFBFF037EFBFF085920701D8
:107E40005A515B115C11D8B428EFBFF02AEFBFF094
:107E500037EFBFF002D837EFBFF00500FA6E5A5186
:107E6000FD6E5B51FE6E5C51FF6EFA50120009C54B
:107E7000FBF408C5FAF411000601236B1FBF45EFA0
:107E8000BFF043EFBFF04BEFBFF01E6D1F1FD8B028
:107E90001F2B010E236F21BF52EFBFF050EFBFF039
:107EA00056EFBFF0206D211FD8B0212B205121119A
:107EB000D8B45DEFBFF05FEFBFF083EFBFF0010E0E
:107EC000226F67EFBFF0D89020372137222B21AFE8
:107ED0006CEFBFF06EEFBFF063EFBFF020511E5D9F
:107EE00021511F59D8A077EFBFF079EFBFF07DEF98
:107EF000BFF020511E5F21511F5BD89021332033EA
:107F0000222F6EEFBFF02351D8B489EFBFF08BEF73
:107F1000BFF08FEFBFF01E6D1F1FD8B01F2B1EC606
:107F20001EF61FC61FF61200000E06011E15266F54
:107F3000000E1F15276F800E2015286F7F0E21154C
:107F4000296F2651271128112911D8A4AAEFBFF0B3
:107F5000ACEFBFF0B4EFBFF0000E1E6F000E1F6F4E
:107F6000000E206F000E216F000E2215266F000EEE
:107F70002315276F800E2415286F7F0E2515296F76
:107F80002651271128112911D8A4C9EFBFF0CBEF32
:107F9000BFF0D3EFBFF0000E226F000E236F000E74
:107FA000246F000E256F22511E190FE123511F1956
:107FB0000CE12451201909E125512119D8B4E3EF2E
:107FC000BFF0E5EFBFF0E8EFBFF0D890E9EFBFF00A
:107FD000D8801200166A1650080DB90EF324D96E17
:107FE000090EF420DA6EDE50DE10D8B4FAEFBFF0DE
:107FF000FCEFBFF036EFC0F01650080DB90EF324B9
:10800000D96E090EF420DA6EDE06000EDD5A165027
:10801000080DB90EF324D96E090EF420DA6EDE5085
:10802000DE10D8A416EFC0F018EFC0F036EFC0F0A5
:108030001650080DB80EF324D96E090EF420DA6E2E
:10804000010EDF6E1650080DBB0EF324D96E090E1B
:10805000F420DA6E1650080DB90EF324E16E090E05
:10806000F420E26EDEC4E6F4DDC4E5F4162A070E61
:1080700016643DEFC0F03FEFC0F0EBEFBFF0120031
:10808000000E050160151E6E000E61151F6E800E3C
:108090006215206E7F0E6315216E1E501F1020107A
:1080A0002110D8A456EFC0F058EFC0F060EFC0F038
:1080B000000E606F000E616F000E626F000E636F46
:1080C000000E64151E6E000E65151F6E800E66157F
:1080D000206E7F0E6715216E1E501F10201021107C
:1080E000D8A475EFC0F077EFC0F07FEFC0F0000EBE
:1080F000646F000E656F000E666F000E676F64514F
:1081000060190FE1655161190CE16651621909E1CD
:1081100067516319D8B48FEFC0F091EFC0F094EFBE
:10812000C0F0D89095EFC0F0D8801200000E060184
:10813000266F000E276F000E286F000E296F225148
:10814000231124112511D8B4A8EFC0F0AAEFC0F074
:10815000E0EFC0F0010E2A6FB4EFC0F0D8902237E4
:108160002337243725372A2B25AFB9EFC0F0BBEFD3
:10817000C0F0AEEFC0F0D890263727372837293720
:1081800022511E5D23511F59245120592551215937
:10819000D8A0CDEFC0F0CFEFC0F0D8EFC0F02251A3
:1081A0001E5F23511F5B2451205B2551215B2681DB
:1081B000D89025332433233322332A2FBBEFC0F04A
:1081C00026C61EF627C61FF628C620F629C621F6A3
:1081D0001200A290E20E0801666F550E676F010E45
:1081E000686FA292B80E696F980E6A6F010E6B6F7E
:1081F0000201A26BA46BA56BA66BA76BA86BA96B06
:10820000AA6BB00EAB6F800EAC6F080EAD6F820E16
:10821000AE6F060EAF6F2E0EB06FB16B800EB26FE9
:10822000B36B680E06011E6FA30E1F6F010E206F49
:108230005FECCFF0640E06011E6FA30E1F6F010EE0
:10824000206F4DECCFF0600E06011E6FA30E1F6F66
:10825000010E206F3BECCFF0000E0801726F000E94
:10826000716F0601F36BF26B200EF16FF06B4D6ACC
:108270000701BA6BA28012000601EDA142EFC1F026
:1082800044EFC1F04EEFC1F034C62BF635C62CF6E4
:1082900032C62DF633C62EF6D2ECC9F0060137BF32
:1082A00056EFC1F054EFC1F05AEFC1F0000E376F36
:1082B000000E366F000E3A6F000E396F6DEFC1F091
:1082C000000E236F200E226F32C624F633C625F629
:1082D000E7ECBBF00601394B3A2B3651395D3A5188
:1082E000800A386F3751800A3859D8A07AEFC1F028
:1082F0007CEFC1F060EFC1F0EDB181EFC1F083EF31
:10830000C1F08DEFC1F034C62BF635C62CF632C65F
:108310002DF633C62EF6D2ECC9F01200000E07017E
:10832000A76F000EA66F000E0801D66F000ED56F66
:10833000000ECD6F000ECE6F000ECF6F000ED06F0F
:10834000000ED16F000ED26F000ED36F000ED46FEF
:10835000000E0701A36F000EA26F010ED2ECBDF05C
:10836000090E0601226F1E0E216FE40EE82EFED7C5
:10837000212FFCD7222FFAD70000010EB7ECCEF048
:10838000090E0601226F1E0E216FE40EE82EFED7A5
:10839000212FFCD7222FFAD70000010EA3ECCEF03C
:1083A000000E0801586F000E596F000E5A6F000E34
:1083B0005B6F15ECC8F01200A6901C0E0801606FF0
:1083C0005D0E616F010E626FA692F20E636F980EE2
:1083D000646F010E656F0201B86BBA6BBC6BB00EB7
:1083E000BE6F800EBF6FC06B820EC16F060EC26F74
:1083F0002E0EC36FC46B800EC56FC66B6A0E06016E
:108400001E6FA30E1F6F010E206F29ECCFF0660EBA
:1084100006011E6FA30E1F6F010E206F17ECCFF029
:10842000620E06011E6FA30E1F6F010E206F05EC7A
:10843000CFF0000E0801706F000E6F6F4C6A0601DE
:10844000EF6B100E4B6EEE6B4A6A496AA680120003
:1084500002019BA52EEFC2F030EFC2F03BEFC2F05D
:108460009AA535EFC2F037EFC2F03BEFC2F0CBEC8C
:10847000CEF072EFC2F09BAF40EFC2F042EFC2F01D
:108480005EEFC2F09AAF47EFC2F049EFC2F05EEF85
:10849000C2F00601E751D8B450EFC2F052EFC2F07B
:1084A0005AEFC2F0E76B02019A919A9F52ECCEF01C
:1084B00072EFC2F0F2ECCEF037EFC2F09BA363EFA5
:1084C000C2F065EFC2F072EFC2F09AA36AEFC2F099
:1084D0006CEFC2F072EFC2F076ECD1F002019A9329
:1084E00072EFC2F0110092ECD0F01EC62EF61FC63D
:1084F0002FF620C630F621C631F6060122512E5D38
:1085000023512F592451305925513159D8A08BEF7F
:10851000C2F08DEFC2F09BEFC2F022512E5D226FB0
:1085200023512F59236F24513059246F255131592C
:10853000256FBBEFC2F0221D266F231D276F241D60
:10854000286F251D296F2E5126252A6F2F5127218F
:108550002B6F305128212C6F315129212D6F010EA5
:108560002A25226F000E2B21236F000E2C21246F51
:10857000000E2D21256F12009BECD0F01EC52AF5B0
:108580001FC52BF520C52CF521C52DF50501605122
:108590002A5C61512B5862512C5863512D58D8A038
:1085A000D4EFC2F0D6EFC2F0E4EFC2F060512A5C23
:1085B000606F61512B58616F62512C58626F63512B
:1085C0002D58636F04EFC3F0601D226E611D236E92
:1085D000621D246E631D256E2A502224266E2B50A8
:1085E0002320276E2C502420286E2D502520296E04
:1085F000010E2624606F000E2720616F000E2820D8
:10860000626F000E2920636F1200D68A000ED6BE5C
:10861000010E0601216FD69E550E0401596FAA0E58
:10862000596F59915F6B5E6B080E5D6F550E596FF8
:10863000AA0E596F5981060121B102D0D69E01D0F0
:10864000D68E030165876589658F668166836A8139
:108650006A836A87AF90D680520E06011E6FA30E02
:108660001F6F010E206FEBECD0F0B490D682540E49
:1086700006011E6FA30E1F6F010E206FE4ECD0F0F9
:10868000B890D684560E06011E6FA30E1F6F010E02
:10869000206FDDECD0F012000601225123112411CD
:1086A0002511D8B456EFC3F058EFC3F088EFC3F0EC
:1086B000010E266F62EFC3F0D8902237233724379C
:1086C0002537262B25AF67EFC3F069EFC3F05CEFCA
:1086D000C3F022511E5D23511F59245120592551A9
:1086E0002159D8A076EFC3F078EFC3F080EFC3F044
:1086F00022511E5F23511F5B2451205B2551215BBA
:10870000D8902533243323332233262F69EFC3F047
:108710001EC61EF61FC61FF620C620F621C621F66D
:10872000120026C6D9F427C6DAF4DE6ADE6ADE6AEB
:10873000DD6A060120EE04F02651D9262751DA22FF
:10874000DE6ADE6ADE6ADD6A2851D8B4AAEFC3F0B9
:10875000ACEFC3F0D5EFC3F020EE0CF02651D926D4
:108760002751DA22DE50DE10D8B4B9EFC3F0BBEFE8
:10877000C3F0D5EFC3F020EE0CF02651D9262751D7
:10878000DA22DEC41EF6DDC41FF6000E216F000ED5
:10879000206F20EE08F02651D9262751DA22DEC4B8
:1087A00022F6DDC423F622ECCCF0120006010451BF
:1087B000051106110711D8B4E0EFC3F0E2EFC3F0E2
:1087C00012EFC4F0010E086FECEFC3F0D89004373D
:1087D000053706370737082B07AFF1EFC3F0F3EF84
:1087E000C3F0E6EFC3F00451005D05510159065195
:1087F000025907510359D8A000EFC4F002EFC4F0AA
:108800000AEFC4F00451005F0551015B0651025BA1
:108810000751035BD8900733063305330433082F21
:10882000F3EFC3F000C600F601C601F602C602F679
:1088300003C603F61200000E0701A56F000EA46F19
:10884000000E0801AF6F000EAE6F000EA66F000E97
:10885000A76F000EA86F000EA96F000EAA6F000E82
:10886000AB6F000EAC6F000EAD6F000E0701A16F75
:10887000000EA06F020ED2ECBDF0090E0601226FB1
:108880001E0E216FE40EE82EFED7212FFCD7222FDB
:10889000FAD70000020EB7ECCEF0090E0601226FE7
:1088A0001E0E216FE40EE82EFED7212FFCD7222FBB
:1088B000FAD70000020EA3ECCEF012000601326FD0
:1088C000060132390F0B2E6F32510F0B2F6F1E39ED
:1088D0000F0B306F1E510F0B316F30510A0DF3C467
:1088E00020F6F4C421F62F51640DF3C422F6F4C42B
:1088F00023F62E51246F256BE80E2403F3C426F6CD
:10890000F4C427F62503F3502727030E2403F3505E
:10891000272722512625286F23512721296F2051EF
:1089200028252A6F215129212B6F31512A252C6F9F
:10893000000E2B212D6F2CC61EF62DC61FF6120021
:10894000000E06013B6F000E3C6F000E3D6F000EE7
:108950003E6FC8EFC4F033C627F634C628F63B5145
:108960003525296F3C5136212A6FD3ECB9F0030A23
:10897000D8A4BDEFC4F0BFEFC4F0C1EFC4F0D7EF8F
:10898000C4F0010E06013B27000E3C233D233E238D
:1089900037513B5D38513C5939513D593A513E5957
:1089A000D8A0D5EFC4F0D7EFC4F0ABEFC4F03BC60E
:1089B00033F63CC634F63DC635F63EC636F61200F2
:1089C00006012469256907EFC5F01EC6D9F41FC644
:1089D000DAF4DF502419236F1E4B1F2BCB0E2325F7
:1089E000F66EF76AF70EF722F86A000EF822080012
:1089F000F5502519246FCB0E2325F66EF76AF60E77
:108A0000F722F86A000EF8220800F5C425F62007C0
:108A10002029D8A40EEFC5F010EFC5F0E5EFC4F0A3
:108A2000255124C621F6226B21C622F6216B211185
:108A30001E6F22511F6F12000601D96BD951080D0C
:108A4000B80EF324D96E090EF420DA6EDF50D8B4D4
:108A50002CEFC5F02EEFC5F04CEFC5F0D951080D45
:108A6000B80EF324D96E090EF420DA6EDF6AD951FC
:108A7000080DBD0EF324D96E090EF420DA6E02D86B
:108A80004CEFC5F00500FA6EDE50FD6EDE50FE6E56
:108A9000DE50FF6EFA5012000601D92B070ED96581
:108AA00054EFC5F056EFC5F01EEFC5F01200000EF2
:108AB0000601246F000E236F20512111D8B463EFFB
:108AC000C5F065EFC5F08DEFC5F0010E226F6DEFBB
:108AD000C5F0D89020372137222B21AF72EFC5F097
:108AE00074EFC5F069EFC5F0D890233724372051D3
:108AF0001E5D21511F59D8A080EFC5F082EFC5F04F
:108B000087EFC5F020511E5F21511F5B2381D89054
:108B100021332033222F74EFC5F023C61EF624C65E
:108B20001FF612000601285109E1040E275DD8A0A6
:108B30009CEFC5F09EEFC5F0A0EFC5F0CCEFC5F0FF
:108B4000AA0E1F6F550E1E6F28ECD1F0000E060105
:108B500026251E6F000E27211F6F380E2821206F3B
:108B600029C621F634ECC7F0DEECCFF00009D8A41A
:108B7000BCEFC5F0BEEFC5F0B4EFC5F0A0ECCFF090
:108B8000E806D8A4C6EFC5F0C8EFC5F0CAEFC5F037
:108B900067ECD1F064ECD1F012007E6A020E7F6EB9
:108BA000806A7F0E816E0C0E826E836A846A856A8B
:108BB000866A886A896A8A6A8B6A8C6AB59CB59E5D
:108BC00085908592A59EA59C4C0E06011E6FA30E56
:108BD0001F6F010E206FBAECD0F04A0E06011E6F17
:108BE000A30E1F6F010E206FB3ECD0F04E0E0601E6
:108BF0001E6FA30E1F6F010E206FC1ECD0F0800E10
:108C0000876E12006F6A020E706E716A7F0E726E4E
:108C10000C0E736E746A756A766A776A796A7A6A14
:108C20007B6A7C6A7D6AB39CB39E76907692A39EA3
:108C3000A39C460E06011E6FA30E1F6F010E206F30
:108C4000CFECD0F0440E06011E6FA30E1F6F010E75
:108C5000206FC8ECD0F0480E06011E6FA30E1F6FE8
:108C6000010E206FD6ECD0F0800E786E1200246ECC
:108C70004EEFC6F020C51EF521C51FF542ECD1F020
:108C80009EECD1F06BEFC6F020C51EF521C51FF597
:108C90003DECD1F09CECD1F06BEFC6F02450226E8D
:108CA000236A2350000AD8B458EFC6F06BEFC6F021
:108CB0002250010AD8B43AEFC6F0030AD8B444EF00
:108CC000C6F0010AD8B46BEFC6F0070AD8B46BEF50
:108CD000C6F06BEFC6F01200060127512811D8B478
:108CE00074EFC6F076EFC6F09AEFC6F0010E296F6A
:108CF0007EEFC6F0D89027372837292B28AF83EF8F
:108D0000C6F085EFC6F07AEFC6F02751255D2851F1
:108D10002659D8A08EEFC6F090EFC6F094EFC6F0BB
:108D20002751255F2851265BD89028332733292FD8
:108D300085EFC6F025C625F626C626F612000301E5
:108D4000F39FD96BDA6BDB6BDC6BDF6BE06BE56B96
:108D5000E76BEC6BEE6BEF6BD86BF06BF16BF26B60
:108D6000F46B180EF56F100EF66FF76B030EF86FBD
:108D70001F0EFA6F020EF96F000E07016C6F000EE6
:108D80006D6F000E6E6F000E696F000E6A6F000E41
:108D90006B6FBB6BAF949F94B090A090840E030157
:108DA000F36F1200A290C70E0601336F070E346FE7
:108DB0003FC635F640C636F641C637F642C638F6E7
:108DC00043C639F644C63AF6A0ECC4F033C645F6BD
:108DD00034C646F635C647F636C648F6C70E06010F
:108DE0001E6F070E1F6F5AECB5F006011E510701EA
:108DF000BA6FA28045C63FF646C640F647C641F662
:108E000048C642F612000701784B792BC80E781934
:108E10007911D8A40EEFC7F010EFC7F014EFC7F028
:108E2000000E796F000E786F010E2F27000E302391
:108E3000312332236F5170117111D8A422EFC7F082
:108E400024EFC7F026EFC7F033EFC7F002D833EFB7
:108E5000C7F00500FA6E6F51FD6E7051FE6E7151D4
:108E6000FF6EFA5012001200000ED6BE010E06016F
:108E7000256F20C645F01EC622F61FC623F620C663
:108E800024F623C622F624C623F6246B22510001C1
:108E9000446F1EC643F021C646F04151F80B03094A
:108EA000416FD69E00014FC542F04E50426F408147
:108EB000060125B102D0D69E01D0D68EF80E000153
:108EC00041171200040E0201946F800E956F080E78
:108ED000966F030E9C6F9A6B9B6B976B8D6B510E0D
:108EE000896F510E886F43ECD0F002019B919B95E6
:108EF000948F050EE82EFED7000000000000000051
:108F000000000000000002019A919A959B85000ED6
:108F100008016C6F000E6D6F000E6E6F120006017F
:108F2000256BE4ECCDF00009D8A499EFC7F09BEFD6
:108F3000C7F0B9EFC7F0010E0601DC6F1FC6DDF602
:108F400020C6DEF6E76B21C6DFF622C6E0F623C6B2
:108F5000E1F624C6E2F6000EE36F000EE46F000EA9
:108F6000E66F000EE56FE86B4CECCBF0010E0601EE
:108F7000256F0601255112000601256BE4ECCDF0AA
:108F80000009D8A4C6EFC7F0C8EFC7F0E6EFC7F0F6
:108F9000010E0601DC6F1FC6DDF620C6DEF6E76BAC
:108FA00021C6E3F622C6E4F623C6E5F624C6E6F6B5
:108FB000000EDF6F000EE06F000EE26F000EE16F3B
:108FC000E86B3DECCEF0010E0601256F0601255140
:108FD0001200060121BFEFEFC7F0F1EFC7F0FBEF82
:108FE000C7F01EC61EF61FC61FF620C620F621C6F5
:108FF00021F614EFC8F01EC622F61FC623F620C6BF
:1090000024F621C625F6221F231F241F251F222BED
:10901000000E23232423252322C61EF623C61FF673
:1090200024C620F625C621F61200000E07012B6F7C
:10903000000E2C6F000E2D6F000E2E6F000E276F8E
:10904000000E286F000E296F000E2A6F000E080117
:109050005C6F000E5D6F000E5E6F000E5F6F000EA6
:109060000701236F000E246F000E256F000E266F80
:10907000E80EE56F030EE66F000EE76F000EE86F77
:109080001200060120EE0CF01E51D9261F51DA22E3
:1090900020C6DEF421C6DDF420EE08F01E51D926EC
:1090A0001F51DA2222C6DEF423C6DEF424C6DEF423
:1090B00025C6DEF41EC6D9F41FC6DAF4DE6ADE6AFF
:1090C000DE6ADD6A20EE04F01E51D9261F51DA2235
:1090D000DE6ADE6ADE6ADD6A1200C0C6C4F6C1C698
:1090E000C5F682EFC8F0BEC6ACF6BFC6ADF6C40E7C
:1090F0000601AE6F060EAF6FC2C6B0F6C3C6B1F6BC
:1091000001EC88F0C4C6F6F4C5C6F7F4000EF86E9C
:109110000800F5500009D8A490EFC8F092EFC8F00D
:1091200073EFC8F0000E0601BF6F000EBE6F120095
:1091300006012A6F2AC61EF606011F6B000E216F5C
:109140000A0E206F4DECBCF01EC628F61FC629F68D
:109150000601283B293BF00E291728510F0B291334
:10916000F00E28172AC61EF61F6B000E216F0A0E7E
:10917000206F3CECBFF006011E512811266F1F51D5
:109180002911276F120020C627F621C628F61EC611
:1091900025F61FC626F6DDEFC8F027C6D9F428C687
:1091A000DAF4DF50246F274B282B25C6D9F426C6C6
:1091B000DAF424C6DFF4254B262B06012207D8A0BB
:1091C0002307222906E12329D8A4E9EFC8F0EBEF11
:1091D000C8F0CDEFC8F01200FAC41CF5FBC41DF5B1
:1091E00045C519F546C51AF53EECCAF00801F65119
:1091F000F711F811D8B4FFEFC8F001EFC9F00EEF86
:10920000C9F002D80EEFC9F00500FA6EF651FD6EF6
:10921000F751FE6EF851FF6EFA501200B1981DC55D
:10922000FBF41CC5FAF4110044C826F545C827F51F
:1092300046C828F547C829F51EC526F51FC527F5D8
:1092400020C528F521C529F526C522F527C523F512
:1092500028C524F529C525F5200E34EFC9F0D8908E
:109260002532243223322232E82E2FEFC9F022C5D4
:109270001EF523C51FF5120006011F6FA2B243EFB2
:10928000C9F045EFC9F049EFC9F01FC6A3F261EF7D
:10929000C9F00601F151D8B450EFC9F052EFC9F04E
:1092A00061EFC9F0680EF325D96EDA6A0A0EDA2288
:1092B0001FC6DFF4F3291F0B1E6F1EC6F3F6A29222
:1092C000F107A282120003011E911F6B206B030E97
:1092D000216F050E1D6FFE0E1C6F1D5106011E6FC6
:1092E00003011C51456E1EC646F55C0E0801F66F63
:1092F000A30EF76F010EF86F000EF36F000EF46F00
:10930000000EF56FB198A188B19A050E03011E6F8A
:1093100012000601216FC386680E0601206FE40E5D
:10932000E82EFED7202FFCD70000ADECCFF00009CF
:10933000D8B49DEFC9F09FEFC9F095EFC9F00601D1
:1093400021513CECC9F02A0E0601206F8D0EE82E4B
:10935000FED7202FFCD700D0C3961200000E0601C6
:109360006F1B000E701B000E711B800E721B6BC6F4
:109370001EF66CC61FF66DC620F66EC621F66FC6C9
:1093800022F670C623F671C624F672C625F6C5EC21
:109390008AF01EC66BF61FC66CF620C66DF621C697
:1093A0006EF61200000E0601316F000E306FE5EF11
:1093B000C9F02FC622F6236B2DC624F62EC625F63D
:1093C000E7ECBBF00601304B312B30512B25D96E29
:1093D00031512C21DA6EDF502F6F2F51D8A4F3EFCB
:1093E000C9F0F5EFC9F0D9EFC9F012000601265116
:1093F00009E1040E255DD8A000EFCAF002EFCAF023
:1094000005EFCAF0000E19EFCAF0000E2425276FF1
:10941000000E2521286F380E2621296F27C61EF63B
:1094200028C61FF629C620F6B4ECCDF006012A6F37
:109430002A511200000E05016C1B000E6D1B000E60
:109440006E1B800E6F1B68C560F569C561F56AC546
:1094500062F56BC563F56CC564F56DC565F56EC5E4
:1094600066F56FC567F521EC8DF060C568F561C5DF
:1094700069F562C56AF563C56BF5120003011EA5A7
:1094800044EFCAF046EFCAF05CEFCAF01EB14BEFF2
:10949000CAF04EEFCAF0010E4FEFCAF0000E1B6E7D
:1094A0001A501D6F19C51CF31BB002D01E9102D0BB
:1094B00003011E8160EFCAF01A501D6F19C51CF31D
:0294C000120098
:1094C400FAC406F5FBC407F5B39C070160516111AA
:1094D4006211D8B470EFCAF072EFCAF07FEFCAF02D
:1094E40002D87FEFCAF00500FA6E6051FD6E61513B
:1094F400FE6E6251FF6EFA50120007C5FBF406C5FA
:10950400FAF41100FAC40AF5FBC40BF5B59C070183
:10951400575158115911D8B492EFCAF094EFCAF0C8
:10952400A1EFCAF002D8A1EFCAF00500FA6E5751B4
:10953400FD6E5851FE6E5951FF6EFA5012000BC564
:10954400FBF40AC5FAF41100FAC412F5FBC413F5CE
:109554000801FC51FD11FE11D8B4B3EFCAF0B5EF08
:10956400CAF0C2EFCAF002D8C2EFCAF00500FA6E20
:10957400FC51FD6EFD51FE6EFE51FF6EFA5012005D
:10958400B19E13C5FBF412C5FAF41100FAC417F521
:10959400FBC418F50801F951FA11FB11D8B4D5EF41
:1095A400CAF0D7EFCAF0E4EFCAF002D8E4EFCAF089
:1095B4000500FA6EF951FD6EFA51FE6EFB51FF6E15
:1095C400FA501200B19618C5FBF417C5FAF411004D
:1095D400FAC4E5F5FBC4E6F50801F051F111F21106
:1095E400D8B4F7EFCAF0F9EFCAF006EFCBF002D81F
:1095F40006EFCBF00500FA6EF051FD6EF151FE6EF0
:10960400F251FF6EFA501200B996E6C5FBF4E5C5B7
:10961400FAF411000032003200184B01002C012C26
:1096240001929701006400640058A10100E803E876
:1096340003BCA20100F401F401269F0100960096E8
:1096440000E83701001E001E00B6A201000A000A4D
:10965400000277016CECB0F0000E0601276F000EDB
:10966400266F990E286F0A0E296F460E2A6F93EC07
:10967400B1F0D00E0601336FC90EE82EFED7332F9A
:10968400FCD700D0990E06011E6F0A0E1F6F1DEC49
:10969400CDF012000601E151E211D8B454EFCBF041
:1096A40056EFCBF064EFCBF0E1512EECD1F0060194
:1096B400E751D8B460EFCBF062EFCBF064EFCBF0BE
:1096C4006AECD1F00601DD51DD2533ECD1F06DEC0F
:1096D400D1F012001EC622F61FC623F620C6F6F4E9
:1096E40021C6F7F40601204B212B000EF86E22C68A
:1096F400D9F423C6DAF4224B232B0800F5C4DFF493
:10970400DF50D8A488EFCBF08AEFCBF070EFCBF02A
:1097140012004DECD0F072ECBDF09FECC6F0DFEC23
:10972400CEF063ECC9F028ECCEF013ECCEF047ECAD
:10973400D1F062ECC7F061ECD1F002ECC6F0CDECF4
:10974400C5F0E9ECC0F0DCECC1F005ECC3F01200AC
:109754007CECD1F038ECD1F0A4ECD0F057ECD1F0A3
:109764000201949F75ECD0F002019B919B95948F1C
:10977400050EE82EFED700000000000000000000E7
:109784000000000002019A919A959B851200CFAEC9
:10979400CEEFCBF0D0EFCBF0D4EFCBF0BFEC9AF020
:1097A400E6EFCBF0CFBED9EFCBF0DBEFCBF0E6EFBB
:1097B400CBF0010E0601FD6F640EFC6FFCC6C6F70C
:1097C400640E5B6E5BC5C5F71200C396D00E06012E
:1097D400266FC90EE82EFED7262FFCD700D0C70E61
:1097E40006011E6F070E1F6F480E206F0B0E216FB0
:1097F400640E226F000E236F000E246F000E256F7F
:1098040041ECC8F0120006011E511F112011211154
:10981400D8B40FEFCCF011EFCCF019EFCCF0000E70
:109824001E1B000E1F1B000E201B800E211B1EC6BC
:109834001EF61FC61FF620C620F621C621F612000A
:109844001EC624F61FC625F630EFCCF024C6D9F484
:1098540025C6DAF420C6DFF4244B252B06012207A3
:10986400D8A02307222906E12329D8A43CEFCCF071
:109874003EEFCCF028EFCCF012000601226F22C696
:10988400ECF30301F39DF381F3B14BEFCCF04DEF17
:10989400CCF046EFCCF0EB510601216F206B0301B5
:1098A400EA51060120251E6F0301000E0601212145
:1098B4001F6F1200200E0601F16163EFCCF065EF1B
:1098C400CCF077EFCCF0680EF225D96EDA6A0A0E86
:1098D400DA22DF500201A36F0601F2291F0B186F71
:1098E40018C6F2F6F12B78EFCCF0A2921200100E0B
:1098F4004B607FEFCCF081EFCCF094EFCCF0300EE6
:109904000601EF25D96EDA6A080EDA22DF50020169
:10991400B66F0601EF290F0B1D6F1DC6EFF64B2A1C
:1099240095EFCCF0A692120070ECD1F061ECD0F07F
:1099340071ECCFF06BECD0F057ECD0F0E7ECCBF05F
:1099440048ECBAF02CECCBF0CCECCDF0D40E060104
:109954001E6F7F0E1F6F010E206F07ECD1F01200F7
:10996400060129BFB8EFCCF0BAEFCCF0C0EFCCF0D1
:1099740028C628F629C629F6CCEFCCF028C62AF644
:1099840029C62BF62A1F2B1F2A4B2B2B2AC628F657
:109994002BC629F61200C70E0601266F070E276F85
:1099A400010E286F91ECC3F0900E06011E6F090E94
:1099B4001F6F000E216F000E206F000E236F280E04
:1099C400226F22ECCCF00701BE6B12000601FC51A1
:1099D400D8A4EFEFCCF0F1EFCCF002EFCDF007011B
:1099E4009E519F11D8A4F9EFCCF0FBEFCCF002EF1D
:1099F400CDF08EECC1F0000E07019D6F010E9C6F3F
:109A040012005B50D8A409EFCDF00BEFCDF01CEFA2
:109A1400CDF007019E519F11D8A413EFCDF015EF9F
:109A2400CDF01CEFCDF01BECC4F0000E0801886FE4
:109A3400010E876F12000601206B990E2025D96E46
:109A4400DA6A0A0EDA22000E2025E16EE26A0A0EB4
:109A5400E222DFC4E7F4202B270E206534EFCDF09B
:109A640036EFCDF01FEFCDF0120048C822F549C8FB
:109A740023F54AC824F54BC825F51EC522F51FC594
:109A840023F520C524F521C525F5259E22C51EF5FF
:109A940023C51FF524C520F525C521F512000701AE
:109AA400545155115611D8B45AEFCDF05CEFCDF0A6
:109AB40069EFCDF002D869EFCDF00500FA6E54518C
:109AC400FD6E5551FE6E5651FF6EFA501200120093
:109AD4000701515152115311D8B473EFCDF075EF02
:109AE400CDF082EFCDF002D882EFCDF00500FA6E12
:109AF4005151FD6E5251FE6E5351FF6EFA501200D9
:109B0400120007014E514F115011D8B48CEFCDF013
:109B14008EEFCDF09BEFCDF002D89BEFCDF005009A
:109B2400FA6E4E51FD6E4F51FE6E5051FF6EFA505B
:109B3400120012008BECCBF0D68ED68C96ECCCF0C7
:109B4400110E0601DB6F3C0EDA6FCB0EE82EFED74A
:109B5400DA2FFCD7DB2FFAD71CECC5F0AEEFCDF033
:109B640081EF00F020C645F01EC621F61FC622F67E
:109B740020C623F622C621F623C622F60601236B4D
:109B840021510001446F1EC643F0F80E4117408175
:109B940046511200990E0601336F0A0E346FD3EC4E
:109BA400AFF0990E06011E6F0A0E1F6F2DECBEF06A
:109BB400680E0601356FE40EE82EFED7352FFCD76C
:109BC40000001200010E06011E6FDC51D8A4EDEF57
:109BD400CDF0EFEFCDF0F9EFCDF0020198AFF5EF56
:109BE400CDF0F7EFCDF0F9EFCDF006011E6B0601D5
:109BF4001E511200226E22C5ECF30301F39DF38182
:109C0400F3B107EFCEF009EFCEF002EFCEF0EB5157
:109C1400216E206AEA5120241E6E000E21201F6E40
:109C24001200010E0301326F316B336B1F0E2F6F65
:109C34002E6B5E0E0801F06FA30EF16F010EF26F32
:109C4400B996A986DF0E0301306F1200010E0301DD
:109C5400266F256B276B1F0E236F226B5A0E08018C
:109C6400F96FA30EFA6F010EFB6FB196A186DF0E9A
:109C74000301246F12000601E551E611D8B445EF43
:109C8400CEF047EFCEF04AEFCEF0E5512EECD1F016
:109C9400D8800601DD3533ECD1F06DECD1F0120043
:109CA4000601E551E611D8B45AEFCEF05CEFCEF0E0
:109CB4005FEFCEF0E5514FECD1F0D8800601DD35F1
:109CC4004BECD1F073ECD1F01200D70E0601C66F45
:109CD400070EC76F000EBE6F000EBF6FD5C7C0F66C
:109CE400D6C7C1F6C60EC26F060EC36F6DECC8F0C0
:109CF400120006011E6F06011EA183EFCEF085EF50
:109D0400CEF086EFCEF0C38A1EA38BEFCEF08DEF9C
:109D1400CEF08EEFCEF0C082120006011E6F060157
:109D24001EA197EFCEF099EFCEF09AEFCEF0C29449
:109D34001EA39FEFCEF0A1EFCEF0A2EFCEF0C39C16
:109D4400120006011E6F06011EA1ABEFCEF0ADEFAF
:109D5400CEF0AEEFCEF0C39A1EA3B3EFCEF0B5EFC4
:109D6400CEF0B6EFCEF0C092120006011E6F0601CF
:109D74001EA1BFEFCEF0C1EFCEF0C2EFCEF0C28491
:109D84001EA3C7EFCEF0C9EFCEF0CAEFCEF0C38C5E
:109D940012000601DC6B000EDE6FDD69000EDF6F62
:109DA400000EE06F000EE36F000EE46F7CECD1F068
:109DB40038ECD1F057ECD1F012003D0E0301196FCD
:109DC400186B570E1B6F580E0801FC6FA30EFD6F26
:109DD400010EFE6FB19EA18E810E03011A6F120057
:109DE40076ECD1F079ECD1F00009D8B4FCEFCEF0E8
:109DF400FEEFCEF004EFCFF0000E4FECD1F0000EEA
:109E040053ECD1F0120006011E511F112011D8B4D9
:109E14000EEFCFF010EFCFF016EFCFF01EC639F7EC
:109E24001FC63AF720C63BF7120006011E511F1148
:109E34002011D8B420EFCFF022EFCFF028EFCFF0ED
:109E44001EC63CF71FC63DF720C63EF712000601AA
:109E54001E511F112011D8B432EFCFF034EFCFF0E0
:109E64003AEFCFF01EC63FF71FC640F720C641F7B2
:109E7400120006011E511F112011D8B444EFCFF077
:109E840046EFCFF04CEFCFF01EC648F71FC649F798
:109E940020C64AF7120006011E511F112011D8B422
:109EA40056EFCFF058EFCFF05EEFCFF01EC6F6F5C9
:109EB4001FC6F7F520C6F8F5120006011E511F1142
:109EC4002011D8B468EFCFF06AEFCFF070EFCFF085
:109ED4001EC64BF71FC64CF720C64DF7120075EC93
:109EE400A7F095ECA1F0010E0501ED6F6E0E0601D1
:109EF4001E6F5E0E1F6F010E206FF9ECD0F0120082
:109F0400FAC416F6FBC417F6F1ECAAF0000E07012A
:109F14007B6F320E7A6FB29017C6FBF416C6FAF452
:109F24001100070188058911D8A49BEFCFF09DEF9C
:109F3400CFF09FEFCFF074EC9FF01200000141AF1F
:109F4400A6EFCFF0A8EFCFF0ABEFCFF0010EACEF60
:109F5400CFF0000E12000601F151D8A4B4EFCFF0F7
:0E9F6400B7EFCFF0010EB8EFCFF0000E1200F5
:109F7400FAC40CF5FBC40DF5AF9051ECCDF00DC552
:109F8400FBF40CC5FAF41100FAC40EF5FBC40FF58A
:109F9400B4906AECCDF00FC5FBF40EC5FAF41100D1
:109FA400FAC410F5FBC411F5B89083ECCDF011C5DB
:109FB400FBF410C5FAF41100000140B1E4EFCFF056
:109FC400E7EFCFF0010EE8EFCFF0000E1200020130
:109FD40095BBEFEFCFF0F2EFCFF0010EF3EFCFF040
:109FE400000E1200020198B7FAEFCFF0FDEFCFF0A8
:109FF400010EFEEFCFF0000E1200020197BD05EF37
:10A00400D0F008EFD0F0010E09EFD0F0000E1200EE
:10A01400020197BB10EFD0F013EFD0F0010E14EF54
:10A02400D0F0000E1200020198A71BEFD0F01EEF33
:10A03400D0F0010E1FEFD0F0000E12007FECD1F033
:10A04400E3C6D9F4E4C6DAF4DF6E0601E34BE42B8D
:02A054001100F9
:10A05800DFC6D9F4E0C6DAF40601DF4BE02BDF50A7
:06A0680053ECD1F01100E1
:10A07000FAC41BF6FBC41CF68EECAEF01CC6FBF457
:10A080001BC6FAF41100A584A586A580A58202014D
:10A090009B859B839B8F97811200600E0001AD6FA3
:10A0A000AF6BB36B080EB16FB06BAC6B1200060EEA
:10A0B00006011E6F8E0E1F6F010E206FF2ECD0F0A6
:10A0C0001200740E06011E6F570E1F6F010E206FD7
:10A0D00000ECD1F012004E0E06011E6F320E1F6F03
:10A0E000010E206F0EECD1F01200A584A586A5808C
:10A0F000A58202019B859B839B8F978112005AA5A5
:10A10000C33C010000FC0000000000000000000053
:10A11000C00900000000000000000009000000006D
:10A12000000000002FC71EF630C71FF631C720F60B
:10A1300032C721F612002FC71EF530C71FF531C7F1
:10A1400020F532C721F51200A594A596A590A592F9
:10A1500002019B6B976B120003ECB1F0E8ECCCF0C2
:10A1600003ECCDF012001EC65AF71FC65BF720C6DF
:10A170005CF712001EC65DF71FC65EF720C65FF7CC
:10A1800012001EC657F71FC658F720C659F712000F
:10A190001EC663F71FC664F720C665F712001EC609
:10A1A00066F71FC667F720C668F712001EC660F77D
:10A1B0001FC661F720C662F712001EC64EF71FC603
:10A1C0004FF720C650F712001EC651F71FC652F7B0
:10A1D00020C653F712001EC654F71FC655F720C6F7
:10A1E00056F712001EC6F9F81FC6FAF820C6FBF88B
:10A1F00012001EC6F6F81FC6F7F820C6F8F81200BF
:10A200001EC6FCF81FC6FDF820C6FEF812001EC6CA
:10A210006FF71FC670F720C671F712001EC6F0F860
:10A220001FC6F1F820C6F2F81200E8030000010092
:07A23000010201010101011F
:10A238001EC689F406011F518A6E12001EC67AF4E2
:10A2480006011F517B6E120006011F514E6E1EC67D
:10A258004FF5120006011E6F1EC68DF21200060190
:10A268001E6F1EC68FF212000201979B979D979949
:10A2780012001EC589F41F508A6E12001EC57AF49A
:10A288001F507B6E1200C30E0301D76F1200016EC0
:10A2980001C58FF21200026E02C58DF21200036E24
:10A2A80003C58CF212000201996B9985120026EC05
:10A2B8009DF01200A5EC93F0120067ECD1F01200AB
:10A2C8004E6A4F6A12000001419F12000201948DEC
:10A2D80012000201948B120095ECD1F012000201D9
:10A2E800948B12000201949D120002018D511200FC
:10A2F80002019A6B120002018B5112005CECCCF047
:02A30800110042
:10A30C0079ECCCF01100C3901200C3801200C39EF4
:10A31C001200C38E12008784120078841200C39638
:02A32C0012001D
:10A33000AF941100B090110087841200788412004D
:03A3400001010117
:10A34400120012001200120012001200110012007A
:10A354001200120012001200120012001200120069
:08A364001200120012001200A9
:020000040030CA
:080000008FFFEFFF9FFFFFFFE0
:01000900FFF7
:00000001FF
