:0430000081EF18F054
:10300800CC34CC34CC34CC34400CCC34400CCC3420
:103018000434CC34C634CC34CC34CC34CC34CC3476
:10302800C734400C400C400CCC34CC34CC34CC34B9
:10303800CC34CC34CC34DA31C930CC34CC34C9318A
:103048003734B934CC34CC34400C400CCC34CC3488
:10305800CC34CC34CC34400CCC34CC34A731E52B34
:103068000A34CC34CC34CC34CC34CC34CC34CC341A
:10307800E933F033B32D5A2B400CCC34B831122C31
:10308800CC34CC34CC34CC34CC34CC34CC34CC3438
:10309800CC34CC34CC34CC34400CCC34400C400C44
:1030A8001034CC34CC34CC34CC34CC34CC34CC34D4
:1030B800CC34CC34CC341731CC34CC34CC34CC34C0
:1030C800CC34CC34CC34CC34CC34CC34CC34CC34F8
:1030D800CC34CC34CC34CC34CC34CC34CC34CC34E8
:1030E800400CCC34CC34CC34400C400C400C400C5C
:1030F800CC34CC34CC34CC34FF0098EF52F0000000
:10310800C0C101C30302C2C60607C705C5C404CCB3
:103118000C0DCD0FCFCE0E0ACACB0BC90908C8D8E3
:103128001819D91BDBDA1A1EDEDF1FDD1D1CDC14A3
:10313800D4D515D71716D6D21213D311D1D010F073
:103148003031F133F3F23236F6F737F53534F43CF3
:10315800FCFD3DFF3F3EFEFA3A3BFB39F9F83828C3
:10316800E8E929EB2B2AEAEE2E2FEF2DEDEC2CE4E3
:103178002425E527E7E62622E2E323E12120E0A053
:103188006061A163A3A26266A6A767A56564A46C33
:10319800ACAD6DAF6F6EAEAA6A6BAB69A9A8687863
:1031A800B8B979BB7B7ABABE7E7FBF7DBDBC7CB423
:1031B8007475B577B7B67672B2B373B17170B05033
:1031C8009091519353529296565797559594549C73
:1031D8005C5D9D5F9F9E5E5A9A9B5B995958988843
:1031E8004849894B8B8A4A4E8E8F4F8D4D4C8C4463
:1031F80084854587474686824243834181804000D3
:10320800C1814001C0804101C0804100C1814001AD
:10321800C0804100C1814000C1814001C08041019E
:10322800C0804100C1814000C1814001C08041008F
:10323800C1814001C0804101C0804100C18140017D
:10324800C0804100C1814000C1814001C08041006F
:10325800C1814001C0804101C0804100C18140005E
:10326800C1814001C0804101C0804100C18140014D
:10327800C0804100C1814000C1814001C08041013E
:10328800C0804100C1814000C1814001C08041002F
:10329800C1814001C0804101C0804100C18140001E
:1032A800C1814001C0804101C0804100C18140010D
:1032B800C0804100C1814000C1814001C0804100FF
:1032C800C1814001C0804101C0804100C1814001ED
:1032D800C0804100C1814000C1814001C0804101DE
:1032E800C0804100C1814000C1814001C0804100CF
:1032F800C1814001C0804101C0804100C1814000BE
:10330800C0C101C30302C2C60607C705C5C404CCB1
:103318000C0DCD0FCFCE0E0ACACB0BC90908C8D8E1
:103328001819D91BDBDA1A1EDEDF1FDD1D1CDC14A1
:10333800D4D515D71716D6D21213D311D1D010F071
:103348003031F133F3F23236F6F737F53534F43CF1
:10335800FCFD3DFF3F3EFEFA3A3BFB39F9F83828C1
:10336800E8E929EB2B2AEAEE2E2FEF2DEDEC2CE4E1
:103378002425E527E7E62622E2E323E12120E0A051
:103388006061A163A3A26266A6A767A56564A46C31
:10339800ACAD6DAF6F6EAEAA6A6BAB69A9A8687861
:1033A800B8B979BB7B7ABABE7E7FBF7DBDBC7CB421
:1033B8007475B577B7B67672B2B373B17170B05031
:1033C8009091519353529296565797559594549C71
:1033D8005C5D9D5F9F9E5E5A9A9B5B995958988841
:1033E8004849894B8B8A4A4E8E8F4F8D4D4C8C4461
:1033F80084854587474686824243834181804000D1
:10340800C1814001C0804101C0804100C1814001AB
:10341800C0804100C1814000C1814001C08041019C
:10342800C0804100C1814000C1814001C08041008D
:10343800C1814001C0804101C0804100C18140017B
:10344800C0804100C1814000C1814001C08041006D
:10345800C1814001C0804101C0804100C18140005C
:10346800C1814001C0804101C0804100C18140014B
:10347800C0804100C1814000C1814001C08041013C
:10348800C0804100C1814000C1814001C08041002D
:10349800C1814001C0804101C0804100C18140001C
:1034A800C1814001C0804101C0804100C18140010B
:1034B800C0804100C1814000C1814001C0804100FD
:1034C800C1814001C0804101C0804100C1814001EB
:1034D800C0804100C1814000C1814001C0804101DC
:1034E800C0804100C1814000C1814001C0804100CD
:1034F800C1814001C0804101C0804100C1814000BC
:10350800C0C101C30302C2C60607C705C5C404CCAF
:103518000C0DCD0FCFCE0E0ACACB0BC90908C8D8DF
:103528001819D91BDBDA1A1EDEDF1FDD1D1CDC149F
:10353800D4D515D71716D6D21213D311D1D010F06F
:103548003031F133F3F23236F6F737F53534F43CEF
:10355800FCFD3DFF3F3EFEFA3A3BFB39F9F83828BF
:10356800E8E929EB2B2AEAEE2E2FEF2DEDEC2CE4DF
:103578002425E527E7E62622E2E323E12120E0A04F
:103588006061A163A3A26266A6A767A56564A46C2F
:10359800ACAD6DAF6F6EAEAA6A6BAB69A9A868785F
:1035A800B8B979BB7B7ABABE7E7FBF7DBDBC7CB41F
:1035B8007475B577B7B67672B2B373B17170B0502F
:1035C8009091519353529296565797559594549C6F
:1035D8005C5D9D5F9F9E5E5A9A9B5B99595898883F
:1035E8004849894B8B8A4A4E8E8F4F8D4D4C8C445F
:1035F80084854587474686824243834181804000CF
:10360800C1814001C0804101C0804100C1814001A9
:10361800C0804100C1814000C1814001C08041019A
:10362800C0804100C1814000C1814001C08041008B
:10363800C1814001C0804101C0804100C181400179
:10364800C0804100C1814000C1814001C08041006B
:10365800C1814001C0804101C0804100C18140005A
:10366800C1814001C0804101C0804100C181400149
:10367800C0804100C1814000C1814001C08041013A
:10368800C0804100C1814000C1814001C08041002B
:10369800C1814001C0804101C0804100C18140001A
:1036A800C1814001C0804101C0804100C181400109
:1036B800C0804100C1814000C1814001C0804100FB
:1036C800C1814001C0804101C0804100C1814001E9
:1036D800C0804100C1814000C1814001C0804101DA
:1036E800C0804100C1814000C1814001C0804100CB
:1036F800C1814001C0804101C0804100C1814000BA
:10370800C0C101C30302C2C60607C705C5C404CCAD
:103718000C0DCD0FCFCE0E0ACACB0BC90908C8D8DD
:103728001819D91BDBDA1A1EDEDF1FDD1D1CDC149D
:10373800D4D515D71716D6D21213D311D1D010F06D
:103748003031F133F3F23236F6F737F53534F43CED
:10375800FCFD3DFF3F3EFEFA3A3BFB39F9F83828BD
:10376800E8E929EB2B2AEAEE2E2FEF2DEDEC2CE4DD
:103778002425E527E7E62622E2E323E12120E0A04D
:103788006061A163A3A26266A6A767A56564A46C2D
:10379800ACAD6DAF6F6EAEAA6A6BAB69A9A868785D
:1037A800B8B979BB7B7ABABE7E7FBF7DBDBC7CB41D
:1037B8007475B577B7B67672B2B373B17170B0502D
:1037C8009091519353529296565797559594549C6D
:1037D8005C5D9D5F9F9E5E5A9A9B5B99595898883D
:1037E8004849894B8B8A4A4E8E8F4F8D4D4C8C445D
:1037F80084854587474686824243834181804000CD
:10380800C1814001C0804101C0804100C1814001A7
:10381800C0804100C1814000C1814001C080410198
:10382800C0804100C1814000C1814001C080410089
:10383800C1814001C0804101C0804100C181400177
:10384800C0804100C1814000C1814001C080410069
:10385800C1814001C0804101C0804100C181400058
:10386800C1814001C0804101C0804100C181400147
:10387800C0804100C1814000C1814001C080410138
:10388800C0804100C1814000C1814001C080410029
:10389800C1814001C0804101C0804100C181400018
:1038A800C1814001C0804101C0804100C181400107
:1038B800C0804100C1814000C1814001C0804100F9
:1038C800C1814001C0804101C0804100C1814001E7
:1038D800C0804100C1814000C1814001C0804101D8
:1038E800C0804100C1814000C1814001C0804100C9
:1038F800C1814001C0804101C0804100C1814000B8
:10390800C0C101C30302C2C60607C705C5C404CCAB
:103918000C0DCD0FCFCE0E0ACACB0BC90908C8D8DB
:103928001819D91BDBDA1A1EDEDF1FDD1D1CDC149B
:10393800D4D515D71716D6D21213D311D1D010F06B
:103948003031F133F3F23236F6F737F53534F43CEB
:10395800FCFD3DFF3F3EFEFA3A3BFB39F9F83828BB
:10396800E8E929EB2B2AEAEE2E2FEF2DEDEC2CE4DB
:103978002425E527E7E62622E2E323E12120E0A04B
:103988006061A163A3A26266A6A767A56564A46C2B
:10399800ACAD6DAF6F6EAEAA6A6BAB69A9A868785B
:1039A800B8B979BB7B7ABABE7E7FBF7DBDBC7CB41B
:1039B8007475B577B7B67672B2B373B17170B0502B
:1039C8009091519353529296565797559594549C6B
:1039D8005C5D9D5F9F9E5E5A9A9B5B99595898883B
:1039E8004849894B8B8A4A4E8E8F4F8D4D4C8C445B
:1039F80084854587474686824243834181804000CB
:103A0800C1814001C0804101C0804100C1814001A5
:103A1800C0804100C1814000C1814001C080410196
:103A2800C0804100C1814000C1814001C080410087
:103A3800C1814001C0804101C0804100C181400175
:103A4800C0804100C1814000C1814001C080410067
:103A5800C1814001C0804101C0804100C181400056
:103A6800C1814001C0804101C0804100C181400145
:103A7800C0804100C1814000C1814001C080410136
:103A8800C0804100C1814000C1814001C080410027
:103A9800C1814001C0804101C0804100C181400016
:103AA800C1814001C0804101C0804100C181400105
:103AB800C0804100C1814000C1814001C0804100F7
:103AC800C1814001C0804101C0804100C1814001E5
:103AD800C0804100C1814000C1814001C0804101D6
:103AE800C0804100C1814000C1814001C0804100C7
:103AF800C1814001C0804101C0804100C1814000B6
:103B0800C0C101C30302C2C60607C705C5C404CCA9
:103B18000C0DCD0FCFCE0E0ACACB0BC90908C8D8D9
:103B28001819D91BDBDA1A1EDEDF1FDD1D1CDC1499
:103B3800D4D515D71716D6D21213D311D1D010F069
:103B48003031F133F3F23236F6F737F53534F43CE9
:103B5800FCFD3DFF3F3EFEFA3A3BFB39F9F83828B9
:103B6800E8E929EB2B2AEAEE2E2FEF2DEDEC2CE4D9
:103B78002425E527E7E62622E2E323E12120E0A049
:103B88006061A163A3A26266A6A767A56564A46C29
:103B9800ACAD6DAF6F6EAEAA6A6BAB69A9A8687859
:103BA800B8B979BB7B7ABABE7E7FBF7DBDBC7CB419
:103BB8007475B577B7B67672B2B373B17170B05029
:103BC8009091519353529296565797559594549C69
:103BD8005C5D9D5F9F9E5E5A9A9B5B995958988839
:103BE8004849894B8B8A4A4E8E8F4F8D4D4C8C4459
:103BF80084854587474686824243834181804000C9
:103C0800C1814001C0804101C0804100C1814001A3
:103C1800C0804100C1814000C1814001C080410194
:103C2800C0804100C1814000C1814001C080410085
:103C3800C1814001C0804101C0804100C181400173
:103C4800C0804100C1814000C1814001C080410065
:103C5800C1814001C0804101C0804100C181400054
:103C6800C1814001C0804101C0804100C181400143
:103C7800C0804100C1814000C1814001C080410134
:103C8800C0804100C1814000C1814001C080410025
:103C9800C1814001C0804101C0804100C181400014
:103CA800C1814001C0804101C0804100C181400103
:103CB800C0804100C1814000C1814001C0804100F5
:103CC800C1814001C0804101C0804100C1814001E3
:103CD800C0804100C1814000C1814001C0804101D4
:103CE800C0804100C1814000C1814001C0804100C5
:103CF800C1814001C0804101C0804100C18140565E
:103D0800B4000000005ACB00C2C300000000F6CF88
:103D1800000000000000000000000000000000009B
:103D2800000000000000000000000000000000008B
:103D380000000000005CCF0000000038CF0014CF66
:103D480000F0CE000000002CC20000000032BF00CE
:103D58008ABF00000000000000000000E6CC000060
:103D680000000000004348317C493A252E32667C29
:103D7800563A252E32667C503A252E32667C5057AC
:103D88004D3A25647C0A0D20004348327C493A2587
:103D98002E32667C563A252E32667C503A252E32D3
:103DA800667C50574D3A25647C0A0D200053503AE2
:103DB800252E32667C55524745313A25647C55524A
:103DC8004745323A25647C200A0D200054656D7001
:103DD8003A252E32667C0A0D200056696E3A256413
:103DE8007C200A0D20007069643A25647C0A0D2045
:103DF8000050726F3A25647C0A0D2000563A2564FB
:103E08000A0D002530325800696E66006E616E003A
:013E180000A9
:103E1A000601446B1EC645F61FC646F620C647F67F
:103E2A0021C648F648BF1EEF1FF01CEF1FF032EF05
:103E3A001FF0010E446F45C663F546C664F547C6D2
:103E4A0065F548C666F593EC64F063C545F664C546
:103E5A0046F665C547F666C548F6000E06014A6F7E
:103E6A00000E496FC1C638F6C2C639F64451D8B4F5
:103E7A0041EF1FF043EF1FF057EF1FF04451D8A452
:103E8A0049EF1FF04BEF1FF051EF1FF0000E2A6FA2
:103E9A002B0E296F55EF1FF0000E2A6F2D0E296F7A
:103EAA0029C644F645C663F546C664F547C665F5B0
:103EBA0048C666F59CEC51F0050163056411D8A467
:103ECA0069EF1FF06BEF1FF0A2EF1FF006014451DC
:103EDA00D8B472EF1FF074EF1FF07DEF1FF044C6E5
:103EEA0051F93807D8A03907000E4A6F010E496FF9
:103EFA00510E49250501636F090E06014A21050184
:103F0A00646F100E656F3E0E666F38EC64F0060142
:103F1A00FD0E3827FF0E39231CC677F51DC678F526
:103F2A00510E0501796F090E7A6F38C67BF539C6CD
:103F3A007CF5D8EC59F082EF24F045C663F546C605
:103F4A0064F547C665F548C666F59CEC51F005016F
:103F5A0063516411D8A4B4EF1FF0B6EF1FF0D9EF84
:103F6A001FF006014451D8B4BDEF1FF0BFEF1FF098
:103F7A00C8EF1FF044C651F93807D8A03907000E18
:103F8A004A6F010E496F510E49250501636F090EEB
:103F9A0006014A210501646F140E656F3E0E666FB5
:103FAA0038EC64F08CEF1FF0000E06014B6F000E28
:103FBA004C6F800E4D6F3F0E4E6F000E336F000E2A
:103FCA00326F45C663F546C664F547C665F548C609
:103FDA0066F5000E0501676F000E686F000E696FC7
:103FEA00000E6A6FD6EC58F00501D8B0FFEF1FF04B
:103FFA0001EF20F0FBEF20F00EEF20F034C64BF675
:10400A0035C64CF636C64DF637C64EF60601324B65
:10401A00332B4BC6BFF54CC6C0F54DC6C1F54EC6CF
:10402A00C2F5000E0501C36F000EC46F200EC56FE6
:10403A00410EC66F4DEC30F0BFC534F6C0C535F63B
:10404A00C1C536F6C2C537F606013451455D0501CC
:10405A00636F0601355146590501646F06013651F1
:10406A0047590501656F0601375148590501666FC1
:10407A0041EC5FF0050166BF4EEF20F06651651115
:10408A00641109E1020E635DD8A04EEF20F050EFF3
:10409A0020F003EF20F034C600F635C601F636C626
:1040AA0002F637C603F645C604F646C605F647C6FF
:1040BA0006F648C607F6F2EC4AF00601D8A068EF01
:1040CA0020F06AEF20F003EF20F04B51455D050127
:1040DA00636F06014C5146590501646F06014D5143
:1040EA0047590501656F06014E5148590501666F2A
:1040FA0041EC5FF0050166BF90EF20F06651651153
:10410A00641107E1020E635DD8B08EEF20F090EFE4
:10411A0020F0E1EF20F04BC645F64CC646F64DC6F8
:10412A0047F64EC648F6FBEF20F04BC6A6F54CC63E
:10413A00A7F54DC6A8F54EC6A9F5000E0501AA6F4A
:10414A00000EAB6F200EAC6F410EAD6F2AEC36F04D
:10415A00A6C54BF6A7C54CF6A8C54DF6A9C54EF699
:10416A0006013207D8A033074B51455D0501636F3D
:10417A0006014C5146590501646F06014D514759D4
:10418A000501656F06014E5148590501666F41ECFC
:10419A005FF0050166BFDFEF20F06651651164111B
:1041AA0007E1020E635DD8B0DDEF20F0DFEF20F00B
:1041BA00E1EF20F090EF20F045C600F646C601F682
:1041CA0047C602F648C603F64BC604F64CC605F6C1
:1041DA004DC606F64EC607F6F2EC4AF00601D8A01E
:1041EA00F9EF20F0FBEF20F09AEF20F022C62CF630
:1041FA002CC62DF60601C4BF05EF21F007EF21F00A
:10420A000DEF21F0C3C625F6C4C626F611EF21F03C
:10421A00000E266F060E256F25C630F626C631F625
:10422A00304B312B660E2D19D8A41EEF21F020EF4A
:10423A0021F040EF21F033BF27EF21F025EF21F0E5
:10424A0033EF21F0000E4B6F000E4C6F800E4D6F56
:10425A003F0E4E6F000E336F000E326F670E2C1931
:10426A00D8B43AEF21F03CEF21F040EF21F032517F
:10427A00302733513123000E436F000E426F45C67B
:10428A003AF646C63BF647C63CF648C63DF64BC626
:10429A0034F64CC635F64DC636F64EC637F6D2EF6C
:1042AA0021F03AC6A6F53BC6A7F53CC6A8F53DC619
:1042BA00A9F54BC6AAF54CC6ABF54DC6ACF54EC62C
:1042CA00ADF52AEC36F0A6C5BFF5A7C5C0F5A8C559
:1042DA00C1F5A9C5C2F56FEC40F0BFC53EF6C0C531
:1042EA003FF6C1C540F6C2C541F63EC618F63FC6FE
:1042FA0019F640C61AF641C61BF662EC4EF018C60D
:10430A002EF619C62FF63AC6D8F53BC6D9F53CC6DD
:10431A00DAF53DC6DBF53EC6C3F53FC6C4F540C671
:10432A00C5F541C6C6F54BC6BFF54CC6C0F54DC668
:10433A00C1F54EC6C2F54DEC30F0BFC5DCF5C0C5BF
:10434A00DDF5C1C5DEF5C2C5DFF59DEC62F0D8C565
:10435A003AF6D9C53BF6DAC53CF6DBC53DF64BC69F
:10436A00A6F54CC6A7F54DC6A8F54EC6A9F5000E8A
:10437A000501AA6F000EAB6F200EAC6F410EAD6F38
:10438A002AEC36F0A6C54BF6A7C54CF6A8C54DF6DD
:10439A00A9C54EF60601424B432B3051425D4351AB
:1043AA00800A0501F66F06013151800A0501F659A6
:1043BA00D8A0E2EF21F0E4EF21F056EF21F04BC64E
:1043CA00BFF54CC6C0F54DC6C1F54EC6C2F5000EC6
:1043DA00C36F000EC46FA00EC56F400EC66F4DECC2
:1043EA0030F0BFC53EF6C0C53FF6C1C540F6C2C5EE
:1043FA0041F63AC600F63BC601F63CC602F63DC691
:10440A0003F63EC604F63FC605F640C606F641C6A2
:10441A0007F6F2EC4AF00601D8B016EF22F018EFD0
:10442A0022F022EF22F0000E3E6F000E3F6F000EC8
:10443A00406F000E416F4CEF22F03AC663F53BC65F
:10444A0064F53CC665F53DC666F53EC667F53FC6EA
:10445A0068F540C669F541C66AF5D6EC58F005011B
:10446A00D8A03AEF22F03CEF22F04CEF22F00601FE
:10447A002EB142EF22F044EF22F04CEF22F0000E70
:10448A003E6F000E3F6F000E406F000E416F45C633
:10449A0063F546C664F547C665F548C666F53EC681
:1044AA0067F53FC668F540C669F541C66AF589EC05
:1044BA0029F063C53AF664C53BF665C53CF666C5A0
:1044CA003DF63AC600F63BC601F63CC602F63DC6C4
:1044DA0003F6000E0501C36F000EC46F200EC56FF0
:1044EA00410EC66F34C6BFF535C6C0F536C6C1F52E
:1044FA0037C6C2F54DEC30F0BFC504F6C0C505F6A7
:10450A00C1C506F6C2C507F6F2EC4AF00601D8A004
:10451A0091EF22F093EF22F0BCEF22F0324B332BD3
:10452A0034C6BFF535C6C0F536C6C1F537C6C2F5BD
:10453A00000E0501C36F000EC46F200EC56F410E39
:10454A00C66F4DEC30F0BFC534F6C0C535F6C1C5EF
:10455A0036F6C2C537F6660E06012D19D8A4B8EF8D
:10456A0022F0BAEF22F0BCEF22F0304B312B34C6E6
:10457A004BF635C64CF636C64DF637C64EF632C63B
:10458A0023F633C624F62B6B000E286F000E276F16
:10459A00000E436F000E426FB9EF23F03AC6A6F53C
:1045AA003BC6A7F53CC6A8F53DC6A9F54BC6AAF574
:1045BA004CC6ABF54DC6ACF54EC6ADF52AEC36F099
:1045CA00A6C5BFF5A7C5C0F5A8C5C1F5A9C5C2F559
:1045DA006FEC40F0BFC53EF6C0C53FF6C1C540F618
:1045EA00C2C541F63EC618F63FC619F640C61AF6C7
:1045FA0041C61BF662EC4EF0060119BF10EF23F01C
:10460A00195107E10A0E185DD8B00EEF23F010EF2A
:10461A0023F020EF23F03EC618F63FC619F640C62F
:10462A001AF641C61BF662EC4EF018C62EF619C6EB
:10463A002FF624EF23F0000E2F6F090E2E6F0601BE
:10464A002B51D8A42BEF23F02DEF23F055EF23F0B5
:10465A0024BF34EF23F032EF23F055EF23F0510E4D
:10466A004925D96E090E4A21DA6E2E0EDF6E494BA4
:10467A004A2B3807D8A03907010E2B6F55EF23F0C4
:10468A00510E4925D96E090E4A21DA6E300EDF6EB7
:10469A00494B4A2B3807D8A039072707D8A028073B
:1046AA0027512811D8A45CEF23F05EEF23F045EFE1
:1046BA0023F0510E4925D96E090E4A21DA6E2E5180
:1046CA00300FDF6E494B4A2B3807D8A039073AC654
:1046DA00D8F53BC6D9F53CC6DAF53DC6DBF53EC68C
:1046EA00C3F53FC6C4F540C6C5F541C6C6F54BC6B7
:1046FA00BFF54CC6C0F54DC6C1F54EC6C2F54DEC68
:10470A0030F0BFC5DCF5C0C5DDF5C1C5DEF5C2C5F3
:10471A00DFF59DEC62F0D8C53AF6D9C53BF6DAC5A5
:10472A003CF6DBC53DF64BC6A6F54CC6A7F54DC60D
:10473A00A8F54EC6A9F5000E0501AA6F000EAB6FCB
:10474A00200EAC6F410EAD6F2AEC36F0A6C54BF6C3
:10475A00A7C54CF6A8C54DF6A9C54EF6060123070E
:10476A00D8A02407424B432B3051425D4351800A63
:10477A000501F66F06013151800A0501F659D8B0D4
:10478A00C9EF23F0CBEF23F0DAEF23F006014ABF9B
:10479A00D8EF23F04A5109E14B0E495DD8A0D8EF72
:1047AA0023F0DAEF23F0D3EF22F0000E0601436F75
:1047BA004F0E426F510E4225D96E090E4321DA6E11
:1047CA00DF6A510E0501F66F090EF76F06014951AE
:1047DA000501F65F06014A510501F75B06014251E0
:1047EA000501F625636F060143510501F721646F40
:1047FA00510E656F090E666F49C667F54AC668F5B8
:10480A0072EC60F006014951425D496F4A514359C1
:10481A004A6F4451D8A414EF24F017EF24F0010E84
:10482A0018EF24F0000E426F436BD1A31FEF24F060
:10483A0021EF24F057EF24F032EF24F00601490764
:10484A00D8A04A07510E4925D96E090E4A21DA6EB7
:10485A00300EDF6E3807D8A039073851425D435110
:10486A00800A0501F66F06013951800A0501F659D9
:10487A00D8B042EF24F044EF24F057EF24F00601B9
:10488A004951425D4351800A0501F66F06014A51BA
:10489A00800A0501F659D8A055EF24F057EF24F005
:1048AA0023EF24F006014451D8B45EEF24F060EF00
:1048BA0024F06BEF24F04907D8A04A07510E492586
:1048CA00D96E090E4A21DA6E44C6DFF44251385FC6
:1048DA004351395B1CC677F51DC678F5510E49253B
:1048EA000501796F090E06014A2105017A6F38C65A
:1048FA007BF539C67CF5D8EC59F012001EC6D8F5FE
:10490A001FC6D9F520C6DAF521C6DBF522C6DCF5C5
:10491A0023C6DDF524C6DEF525C6DFF59DEC62F07B
:10492A00D8C546F6D9C547F6DAC548F6DBC549F60D
:10493A0046C6E0F547C6E1F548C6E2F549C6E3F5DD
:10494A0078EC65F0E0C54EF6E1C54FF6E2C550F6E3
:10495A00E3C551F6060120EE05F01C51D9261D517A
:10496A00DA22DEC44AF6DEC44BF6DEC44CF6DEC4F6
:10497A004DF6000E006F000E016F480E026F420ED8
:10498A00036F4EC604F64FC605F650C606F651C664
:10499A0007F6F2EC4AF00601D8B0D6EF24F0D8EFC9
:1049AA0024F0F5EF24F04AC6BFF54BC6C0F54CC655
:1049BA00C1F54DC6C2F5CD0E0501C36FCC0EC46F4D
:1049CA00CC0EC56F3D0EC66F4DEC30F0BFC54AF632
:1049DA00C0C54BF6C1C54CF6C2C54DF661EF25F010
:1049EA00000E006F000E016FA00E026F410E036FE2
:1049FA004EC604F64FC605F650C606F651C607F669
:104A0A00F2EC4AF00601D8B00DEF25F00FEF25F0D1
:104A1A002CEF25F04AC6BFF54BC6C0F54CC6C1F50A
:104A2A004DC6C2F59A0E0501C36F990EC46F990E51
:104A3A00C56F3E0EC66F4DEC30F0BFC54AF6C0C515
:104A4A004BF6C1C54CF6C2C54DF661EF25F04EC610
:104A5A0000F64FC601F650C602F651C603F6000E1E
:104A6A00046F000E056FA00E066F400E076FF2EC82
:104A7A004AF00601D8B044EF25F046EF25F061EF81
:104A8A0025F04AC6BFF54BC6C0F54CC6C1F54DC6A2
:104A9A00C2F5000E0501C36F000EC46F000EC56F8C
:104AAA00400EC66F4DEC30F0BFC54AF6C0C54BF696
:104ABA00C1C54CF6C2C54DF6060120EE01F01C51E7
:104ACA00D9261D51DA22DEC4BFF5DEC4C0F5DEC424
:104ADA00C1F5DEC4C2F546C6C3F547C6C4F548C625
:104AEA00C5F549C6C6F54DEC30F0BFC526F6C0C5BA
:104AFA0027F6C1C528F6C2C529F64EC600F64FC626
:104B0A0001F650C602F651C603F6000E0601046FFE
:104B1A00000E056F480E066F420E076FF2EC4AF060
:104B2A000601D8B09BEF25F09DEF25F07CEF27F02A
:104B3A0046C652F647C653F648C654F649C655F60F
:104B4A00000E006F000E016FF00E026F410E036F30
:104B5A004EC604F64FC605F650C606F651C607F607
:104B6A00F2EC4AF00601D8B0BDEF25F0BFEF25F010
:104B7A0005EF26F0000E006F000E016F200E026F87
:104B8A00420E036F52C604F653C605F654C606F61D
:104B9A0055C607F6F2EC4AF00601D8B0D7EF25F071
:104BAA00D9EF25F0E1EF25F0000E526F000E536F9A
:104BBA00200E546F420E556F52C600F653C601F6C8
:104BCA0054C602F655C603F6000E046F000E056FB2
:104BDA00200E066FC20E076FF2EC4AF00601D8B03B
:104BEA00F9EF25F0FBEF25F0D8EF26F0000E526F13
:104BFA00000E536F200E546FC20E556FD8EF26F079
:104C0A00000E006F000E016F200E026F410E036F3F
:104C1A004EC604F64FC605F650C606F651C607F646
:104C2A00F2EC4AF00601D8B01DEF26F01FEF26F08D
:104C3A0094EF26F04EC6BFF54FC6C0F550C6C1F573
:104C4A0051C6C2F5CD0E0501C36FCC0EC46F4C0E12
:104C5A00C56F3F0EC66F4DEC30F0BFC53EF6C0C5FE
:104C6A003FF6C1C540F6C2C541F63EC600F63FC68C
:104C7A0001F640C602F641C603F652C604F653C60A
:104C8A0005F654C606F655C607F6F2EC4AF00601D2
:104C9A00D8B052EF26F054EF26F05CEF26F03EC66D
:104CAA0052F63FC653F640C654F641C655F652C6AA
:104CBA0000F653C601F654C602F655C603F63EC6BA
:104CCA0063F53FC664F540C665F541C666F593ECE3
:104CDA0064F063C504F664C505F665C506F666C5DF
:104CEA0007F6F2EC4AF00601D8B07EEF26F080EF24
:104CFA0026F0D8EF26F03EC663F53FC664F540C6F7
:104D0A0065F541C666F593EC64F063C552F664C571
:104D1A0053F665C554F666C555F6D8EF26F0000E6B
:104D2A00006F000E016FA00E026F400E036F52C695
:104D3A0004F653C605F654C606F655C607F6F2EC4F
:104D4A004AF00601D8B0ACEF26F0AEEF26F0B6EF87
:104D5A0026F0000E526F000E536FA00E546F400ED5
:104D6A00556F52C600F653C601F654C602F655C62A
:104D7A0003F6000E046F000E056FA00E066FC00E3C
:104D8A00076FF2EC4AF00601D8B0CEEF26F0D0EF6A
:104D9A0026F0D8EF26F0000E526F000E536FA00EC9
:104DAA00546FC00E556F52C6BFF553C6C0F554C6F0
:104DBA00C1F555C6C2F5060120EE05F01C51D926EB
:104DCA001D51DA22DEC4AAF5DEC4ABF5DEC4ACF5A9
:104DDA00DEC4ADF54AC6A6F54BC6A7F54CC6A8F57E
:104DEA004DC6A9F52AEC36F0A6C5C3F5A7C5C4F584
:104DFA00A8C5C5F5A9C5C6F54DEC30F0BFC552F634
:104E0A00C0C553F6C1C554F6C2C555F6060120EE13
:104E1A001DF01C51D9261D51DA22DEC463F5DEC409
:104E2A0064F5DEC465F5DEC466F552C667F553C699
:104E3A0068F554C669F555C66AF589EC29F0060184
:104E4A0020EE1DF01C51D9261D51DA22050163C539
:104E5A00DEF464C5DEF465C5DEF466C5DEF406017B
:104E6A0020EE11F01C51D9261D51DA22DEC410F6AB
:104E7A00DEC411F6DEC412F6DEC413F620EE1DF00F
:104E8A001C51D9261D51DA22DEC408F6DEC409F601
:104E9A00DEC40AF6DEC40BF620EE0DF01C51D9264C
:104EAA001D51DA22DEC40CF6DEC40DF6DEC40EF69F
:104EBA00DEC40FF687EC4BF008C614F609C615F6E1
:104ECA000AC616F60BC617F61BEC4CF0060120EEC6
:104EDA001DF01C51D9261D51DA2210C6DEF411C666
:104EEA00DEF412C6DEF413C6DEF48AEF27F020EEF3
:104EFA001DF01C51D9261D51DA22000EDE6E000E5D
:104F0A00DE6E000EDE6E000EDD6E20EE1DF01C5110
:104F1A00D9261D51DA22DEC4BFF5DEC4C0F5DEC4CF
:104F2A00C1F5DEC4C2F54AC6C3F54BC6C4F54CC6C4
:104F3A00C5F54DC6C6F54DEC30F0BFC52AF6C0C55D
:104F4A002BF6C1C52CF6C2C52DF6060120EE21F0BE
:104F5A001C51D9261D51DA22DEC4DCF5DEC4DDF58A
:104F6A00DEC4DEF5DEC4DFF546C6D8F547C6D9F598
:104F7A0048C6DAF549C6DBF59DEC62F0D8C5BFF53F
:104F8A00D9C5C0F5DAC5C1F5DBC5C2F5060120EE03
:104F9A0009F01C51D9261D51DA22DEC4C3F5DEC43C
:104FAA00C4F5DEC4C5F5DEC4C6F54DEC30F0BFC5A8
:104FBA003AF6C0C53BF6C1C53CF6C2C53DF6330E4E
:104FCA000501C36F330EC46F330EC56F3F0EC66F34
:104FDA003AC6BFF53BC6C0F53CC6C1F53DC6C2F5EB
:104FEA004DEC30F0BFC563F5C0C564F5C1C565F5C4
:104FFA00C2C566F59A0E0501C36F990EC46F990E64
:10500A00C56F3E0EC66F18C7BFF519C7C0F51AC7D8
:10501A00C1F51BC7C2F54DEC30F0BFC567F5C0C579
:10502A0068F5C1C569F5C2C56AF589EC29F063C599
:10503A003AF664C53BF665C53CF666C53DF63AC622
:10504A0018F73BC619F73CC61AF73DC61BF7060107
:10505A0020EE21F01C51D9261D51DA2246C6DEF473
:10506A0047C6DEF448C6DEF449C6DEF42AC667F54A
:10507A002BC668F52CC669F52DC66AF526C663F5F2
:10508A0027C664F528C665F529C666F589EC29F0B0
:10509A0063C52EF664C52FF665C530F666C531F6CA
:1050AA002EC663F52FC664F530C665F531C666F5BA
:1050BA003AC667F53BC668F53CC669F53DC66AF56A
:1050CA0089EC29F063C542F664C543F665C544F622
:1050DA0066C545F61CC6D9F41DC6DAF4DE04D8A4A2
:1050EA0079EF28F07BEF28F0FCEF28F0060145BFA6
:1050FA0083EF28F081EF28F08DEF28F0000E326F51
:10510A00000E336F000E346FBF0E356F95EF28F027
:10511A00000E326F000E336F000E346F3F0E356F84
:10512A0042C667F543C668F544C669F545C66AF5D9
:10513A0032C663F533C664F534C665F535C666F519
:10514A0089EC29F063C518F664C519F665C51AF61F
:10515A0066C51BF662EC4EF006011851C7271951B5
:10516A00C823000E0C6F000E0D6F480E0E6F450E11
:10517A000F6FC7C698F5C8C699F50501000E99BF05
:10518A00FF0E9A6F9B6F010E55EC44F098C508F616
:10519A0099C509F69AC50AF69BC50BF687EC4BF03A
:1051AA0008C614F609C615F60AC616F60BC617F689
:1051BA00000E0601106F000E116F000E126F000E26
:1051CA00136F1BEC4CF010C618F611C619F612C66E
:1051DA001AF613C61BF662EC4EF018C6C7F619C6C5
:1051EA00C8F6C7C61CF6C8C61DF688EF29F01CC645
:1051FA00D9F41DC6DAF4020EDE18D8A407EF29F096
:10520A0009EF29F088EF29F0060145BF11EF29F0CF
:10521A000FEF29F01BEF29F0000E366F000E376FE3
:10522A00000E386FBF0E396F23EF29F0000E366F6C
:10523A00000E376F000E386F3F0E396F42C667F5A2
:10524A0043C668F544C669F545C66AF536C663F5C8
:10525A0037C664F538C665F539C666F589EC29F0AE
:10526A0063C518F664C519F665C51AF666C51BF650
:10527A0062EC4EF006011851C5271951C623000EDB
:10528A000C6F000E0D6F480E0E6F450E0F6FC5C6E0
:10529A0098F5C6C699F50501000E99BFFF0E9A6FDB
:1052AA009B6F010E55EC44F098C508F699C509F6AE
:1052BA009AC50AF69BC50BF687EC4BF008C614F69E
:1052CA0009C615F60AC616F60BC617F6000E06012B
:1052DA00106F000E116F000E126F000E136F1BEC91
:1052EA004CF010C618F611C619F612C61AF613C6ED
:1052FA001BF662EC4EF018C6C5F619C6C6F6C5C648
:10530A001CF6C6C61DF6120005016651800B6F6FAA
:10531A0066516625716F65AF95EF29F097EF29F011
:10532A0098EF29F071817151D8B49EEF29F0A0EF5E
:10533A0029F0B4EF29F07129D8A4A6EF29F0A8EF33
:10534A0029F0B0EF29F0000E636F000E646F000EB3
:10535A00656F000E666F658F666BBCEF29F0000EF5
:10536A00636F000E646F000E656F000E666F6A5100
:10537A00800B706F6F517019D8B4C6EF29F0C8EF5F
:10538A0029F0C9EF29F06F8D6A516A25706F69AFEC
:10539A00D1EF29F0D3EF29F0D4EF29F070817051C1
:1053AA00D8B4DAEF29F0DCEF29F0F0EF29F0702910
:1053BA00D8A4E2EF29F0E4EF29F0ECEF29F0000E8F
:1053CA00676F000E686F000E696F000E6A6F698F53
:1053DA006A6BF8EF29F0000E676F000E686F000E17
:1053EA00696F000E6A6F7151705DD8B0FFEF29F0D6
:1053FA0001EF2AF028EF2AF06FAD06EF2AF008EF46
:10540A002AF00AEF2AF0800E6F1B71C572F570C57B
:10541A0071F572C570F563C572F567C563F572C536
:10542A0067F564C572F568C564F572C568F565C542
:10543A0072F569C565F572C569F566C572F56AC51D
:10544A0066F572C56AF5726B715170C56BF56C6B56
:10545A006B5F000E6C5B6CBF3CEF2AF06C5109E18C
:10546A001A0E6B5DD8A03CEF2AF03EEF2AF075EFDA
:10547A002AF06351641165116611D8A447EF2AF026
:10548A004AEF2AF0010E4BEF2AF0000E726F000E5F
:10549A00636F000E646F000E656F000E666F70C555
:1054AA0071F57EEF2AF072A15DEF2AF05FEF2AF024
:1054BA0065EF2AF0D89072310109726F67EF2AF00E
:1054CA00D890723363A16CEF2AF06EEF2AF06FEF77
:1054DA002AF0728F66356633653364336333712B12
:1054EA007051715DD8A07CEF2AF07EEF2AF058EF58
:1054FA002AF06FBD83EF2AF085EF2AF0C5EF2AF074
:10550A007151D8A48BEF2AF08DEF2AF097EF2AF089
:10551A00000E636F000E646F000E656F000E666FFB
:10552A00E4EF2BF0675163276851642369516523BF
:10553A006A51662366A1A4EF2AF0A6EF2AF052EF79
:10554A002BF072A1ABEF2AF0ADEF2AF0B3EF2AF0FD
:10555A00D89072310109726FB5EF2AF0D890723380
:10556A0063A1BAEF2AF0BCEF2AF0BDEF2AF0728FDE
:10557A0066356633653364336333712B52EF2BF030
:10558A006751635D68516459695165596651800A6A
:10559A006B6F6A51800A6B59D8B0D6EF2AF0D8EFF0
:1055AA002AF003EF2BF06351675D6B6F6451685902
:1055BA006C6F655169596D6F66516A596E6FFF0E4E
:1055CA006B25636FFF0E6C21646FFF0E6D21656F93
:1055DA00FF0E6E21666F800E6F1B726D7251D8A41A
:1055EA00F9EF2AF0FBEF2AF00BEF2BF0010E6327FD
:1055FA00000E6423652366230BEF2BF06751635F6C
:10560A006851645B6951655B6A51665B63516411F9
:10561A0065116611D8A414EF2BF016EF2BF04BEF9F
:10562A002BF07251D8A41CEF2BF01EEF2BF04BEF8E
:10563A002BF0000E636F000E646F000E656F000E94
:10564A00666FE4EF2BF0D8906337643765376637B7
:10565A0072AF32EF2BF034EF2BF035EF2BF0638182
:10566A0072A13AEF2BF03CEF2BF040EF2BF0D880F1
:10567A00723742EF2BF0D89072377151D8B448EF95
:10568A002BF04AEF2BF04BEF2BF0710765AF50EF81
:10569A002BF052EF2BF028EF2BF0706B72AF58EF14
:1056AA002BF05AEF2BF072EF2BF072C56BF57F0ED1
:1056BA006B17D8B463EF2BF065EF2BF069EF2BF083
:1056CA00010E706F72EF2BF063A16EEF2BF070EF8B
:1056DA002BF072EF2BF065EF2BF07051D8B478EF06
:1056EA002BF07AEF2BF0A5EF2BF0010E6327000EBB
:1056FA0064236523662366A185EF2BF087EF2BF0E1
:10570A00A5EF2BF063C56BF564C56CF565C56DF542
:10571A0066C56EF56E356E336D336C336B336BC5A0
:10572A0063F56CC564F56DC565F56EC566F57129D9
:10573A00D8B4A2EF2BF0A4EF2BF0A5EF2BF0712B2E
:10574A007129D8B4ABEF2BF0ADEF2BF0B5EF2BF0FE
:10575A007151D8A4B3EF2BF0B5EF2BF0C6EF2BF0B5
:10576A00000E636F000E646F000E656F000E666FA9
:10577A007151D8A4C3EF2BF0C5EF2BF0C6EF2BF075
:10578A006F6B71A1CBEF2BF0CDEF2BF0D0EF2BF09D
:10579A00658FD1EF2BF0659FD8907131666F6FAF2F
:1057AA00D9EF2BF0DBEF2BF0DCEF2BF0668F63C524
:1057BA0063F564C564F565C565F566C566F51200E9
:1057CA000501F76F1C0E0501F719D8A4EFEF2BF0AE
:1057DA00F1EF2BF012EF2DF0010EFF65F7EF2BF032
:1057EA00F9EF2BF012EF2DF0000EAA6F000EAB6F3F
:1057FA007A0EAC6F440EAD6F1C0E7BEC42F00501C5
:10580A006BC598F56CC599F59A6B9B6B000E55ECB8
:10581A0044F098C5A6F599C5A7F59AC5A8F59BC5FC
:10582A00A9F52AEC36F0A6C5BFF5A7C5C0F5A8C5E7
:10583A00C1F5A9C5C2F5000E0501C36F000EC46FFC
:10584A00110EC56F430EC66F4DEC30F0BFC5A8F6FA
:10585A00C0C5A9F6C1C5AAF6C2C5ABF6160E30EC8C
:10586A003DF0D8C5F8F5D9C5F9F5DAC5FAF5DBC5BD
:10587A00FBF5A8C6C3F5A9C6C4F5AAC6C5F5ABC645
:10588A00C6F5F8C5BFF5F9C5C0F5FAC5C1F5FBC53A
:10589A00C2F54DEC30F0BFC5A6F5C0C5A7F5C1C528
:1058AA00A8F5C2C5A9F5000E0501AA6F000EAB6FD7
:1058BA007A0EAC6F440EAD6F2AEC36F0A6C53CF7F3
:1058CA00A7C53DF7A8C53EF7A9C53FF7A8C600F684
:1058DA00A9C601F6AAC602F6ABC603F6000E060171
:1058EA00046F800E056F090E066F440E076FF2EC07
:1058FA004AF00601D8B084EF2CF086EF2CF0A0EF26
:10590A002CF0000E006F000E016F160E026F430E90
:10591A00036FA8C604F6A9C605F6AAC606F6ABC65C
:10592A0007F6F2EC4AF00601D8A09EEF2CF0A0EFA1
:10593A002CF0A9EF2CF0010EE16F000E0501F66FB5
:10594A00010EF56F33EF2EF0000E006F000E016F9F
:10595A00F00E026F410E036FA8C604F6A9C605F63B
:10596A00AAC606F6ABC607F6F2EC4AF00601D8A0BC
:10597A00C1EF2CF0C3EF2CF0CCEF2CF0020EE16F4C
:10598A00000E0501F66F020EF56F33EF2EF0CD0E05
:10599A000501C36FCC0EC46F8C0EC56F3F0EC66F68
:1059AA0047C598F548C599F59A6B9B6B000E55EC5F
:1059BA0044F098C5BFF599C5C0F59AC5C1F59BC510
:1059CA00C2F54DEC30F0BFC500F6C0C501F6C1C541
:1059DA0002F6C2C503F63CC704F63DC705F63EC744
:1059EA0006F63FC707F6F2EC4AF00601D8B000EF18
:1059FA002DF002EF2DF00BEF2DF0030EE16F000EEC
:105A0A000501F66F020EF56F33EF2EF0000E050159
:105A1A00F66F000EF56F33EF2EF0110EF719D8A4BA
:105A2A0019EF2DF01BEF2DF00BEF2DF0010EFE6597
:105A3A0021EF2DF023EF2DF00BEF2DF0000EAA6FC2
:105A4A00000EAB6F7A0EAC6F440EAD6F110E7BEC8D
:105A5A0042F005016BC598F56CC599F59A6B9B6B7D
:105A6A00000E55EC44F098C5A6F599C5A7F59AC558
:105A7A00A8F59BC5A9F52AEC36F0A6C5BFF5A7C5BA
:105A8A00C0F5A8C5C1F5A9C5C2F5000E0501C36FC9
:105A9A00000EC46F110EC56F430EC66F4DEC30F089
:105AAA00BFC5A4F6C0C5A5F6C1C5A6F6C2C5A7F668
:105ABA00040E30EC3DF0D8C5F8F5D9C5F9F5DAC5CC
:105ACA00FAF5DBC5FBF5A4C6C3F5A5C6C4F5A6C69B
:105ADA00C5F5A7C6C6F5F8C5BFF5F9C5C0F5FAC537
:105AEA00C1F5FBC5C2F54DEC30F0BFC5A6F5C0C582
:105AFA00A7F5C1C5A8F5C2C5A9F5000E0501AA6F8B
:105B0A00000EAB6F7A0EAC6F440EAD6F2AEC36F016
:105B1A00A6C538F7A7C539F7A8C53AF7A9C53BF707
:105B2A00A4C600F6A5C601F6A6C602F6A7C603F6DF
:105B3A00000E0601046F000E056F960E066F430EE7
:105B4A00076FF2EC4AF00601D8B0AEEF2DF0B0EFD5
:105B5A002DF0CAEF2DF0000E006F000E016F480EF7
:105B6A00026F420E036FA4C604F6A5C605F6A6C6C2
:105B7A0006F6A7C607F6F2EC4AF00601D8A0C8EF67
:105B8A002DF0CAEF2DF0D3EF2DF0040EE16F000EC9
:105B9A000501F66F010EF56F33EF2EF0000E006F60
:105BAA00000E016FA00E026F410E036FA4C604F629
:105BBA00A5C605F6A6C606F6A7C607F6F2EC4AF08B
:105BCA000601D8A0EBEF2DF0EDEF2DF0F6EF2DF05A
:105BDA00050EE16F000E0501F66F020EF56F33EF49
:105BEA002EF0CD0E0501C36FCC0EC46F8C0EC56F9F
:105BFA003F0EC66F45C598F546C599F59A6B9B6BDE
:105C0A00000E55EC44F098C5BFF599C5C0F59AC584
:105C1A00C1F59BC5C2F54DEC30F0BFC500F6C0C555
:105C2A0001F6C1C502F6C2C503F638C704F639C77C
:105C3A0005F63AC706F63BC707F6F2EC4AF0060144
:105C4A00D8B02AEF2EF02CEF2EF00BEF2DF0060E27
:105C5A00E16F000E0501F66F020EF56F120051C6D4
:105C6A00D9F452C6DAF4DEC4F6F4DDC4F7F4000E51
:105C7A00F86E0800F550250AD8A446EF2EF048EF32
:105C8A002EF035EF30F051C6D9F452C6DAF4DE2AD6
:105C9A00000EDD22000E0601C26F000EC16FC1C6E2
:105CAA00D1F6C369C469556B7BEF2EF0D18351C617
:105CBA00D9F452C6DAF4DE2A000EDD227BEF2EF08A
:105CCA00010E556F7BEF2EF051C6D9F452C6DAF4A5
:105CDA00DEC4F6F4DDC4F7F4000EF86E0800F550E1
:105CEA00300AD8B45BEF2EF065EF2EF05551D8B4D8
:105CFA0081EF2EF083EF2EF069EF2EF051C663F597
:105D0A0052C664F553C665F554C666F55EEC54F0A2
:105D1A0063C5C1F664C5C2F60601C2BF99EF2EF08B
:105D2A0097EF2EF09EEF2EF0D181C16DC21FD8B031
:105D3A00C22B51C6D9F452C6DAF4DEC4F6F4DDC475
:105D4A00F7F4000EF86E0800F5502E0AD8A4B0EF4A
:105D5A002EF0B2EF2EF0C7EF2EF051C6D9F452C68C
:105D6A00DAF4DE2A000EDD2251C663F552C664F566
:105D7A0053C665F554C666F55EEC54F063C5C3F6C2
:105D8A0064C5C4F651C6D9F452C6DAF4DEC45BF669
:105D9A00DDC45CF65BC6F6F45CC6F7F4000EF86E7A
:105DAA000800F550640AD8B4DDEF2EF0DFEF2EF0CC
:105DBA00EFEF2EF05BC6F6F45CC6F7F4000EF86E51
:105DCA000800F550690AD8A4EDEF2EF0EFEF2EF097
:105DDA0021EF2FF053C6D9F454C6DAF4DFC4F8F52C
:105DEA00020EDE26DFC4F9F5000EDD22F8C5D9F46D
:105DFA00F9C5DAF4DEC457F6DDC458F6010E060119
:105E0A005B250501F86F000E06015C210501F96F9B
:105E1A0051C6D9F452C6DAF4F8C5DEF4F9C5DDF490
:105E2A004FC680F550C681F557C682F558C683F528
:105E3A0073EC43F04CEF30F05BC6F6F45CC6F7F453
:105E4A00000EF86E0800F550580AD8A42FEF2FF06C
:105E5A0031EF2FF073EF2FF053C6D9F454C6DAF4AA
:105E6A00DFC4F8F5020EDE26DFC4F9F5000EDD22E6
:105E7A00F8C5D9F4F9C5DAF4DEC457F6DDC458F624
:105E8A00010E06015B250501F86F000E06015C2173
:105E9A000501F96F51C6D9F452C6DAF4F8C5DEF431
:105EAA00F9C5DDF465EF2FF04FC680F550C681F5D0
:105EBA0057C682F558C683F5B4EC49F04CEF30F07A
:105ECA005BC6F6F45CC6F7F4000EF86E0800F550EF
:105EDA00580AD8B459EF2FF073EF2FF051C6D9F4FE
:105EEA0052C6DAF4DEC45BF6DDC45CF65BC6F6F4D1
:105EFA005CC6F7F4000EF86E0800F5C456F691EF8A
:105F0A002FF05B4B5C2BA1EF2FF06C0E566FA1EFBD
:105F1A002FF0566BA1EF2FF0060156514C0AD8B458
:105F2A0086EF2FF02A0AD8B48AEF2FF00A0AD8B4DB
:105F3A0086EF2FF08EEF2FF05BC6F6F45CC6F7F40F
:105F4A00000EF86E0800F550660AD8A4AFEF2FF0DD
:105F5A00B1EF2FF02CEF30F0E7EF2FF053C6D9F462
:105F6A0054C6DAF4DFC4F8F5040EDE26DFC4F9F508
:105F7A00000EDD22F8C5D9F4F9C5DAF4DEC457F605
:105F8A00DEC458F6DEC459F6DEC45AF6F2EF2FF034
:105F9A0053C6D9F454C6DAF4DFC4F8F5040EDE2683
:105FAA00DFC4F9F5000EDD22F8C5D9F4F9C5DAF433
:105FBA00DEC457F6DEC458F6DEC459F6DEC45AF615
:105FCA00F2EF2FF056514C0AD8B4CDEF2FF0200A39
:105FDA00D8B4B3EF2FF0F2EF2FF0010E5B250501D5
:105FEA00F86F000E06015C210501F96F51C6D9F45C
:105FFA0052C6DAF4F8C5DEF4F9C5DDF41EEF30F066
:10600A004FC61CF650C61DF657C61EF658C61FF6D2
:10601A0059C620F65AC621F65BC6F6F45CC6F7F4F2
:10602A00000EF86E0800F5C422F60DEC1FF04CEFD6
:10603A0030F05BC6F6F45CC6F7F4000EF86E0800A2
:10604A00F550660AD8B405EF30F02CEF30F051C69F
:10605A00D9F452C6DAF4DE2A000EDD224CEF30F013
:10606A0051C6D9F452C6DAF4DEC4F6F4DDC4F7F444
:10607A00000EF86E0800F5500501676F686B4FC691
:10608A0069F550C66AF5C5EC54F02CEF30F01200F1
:10609A000501C251800BCB6FC251C225D16FC1AF6E
:1060AA0059EF30F05BEF30F05CEF30F0D181D15135
:1060BA00D8B462EF30F064EF30F077EF30F0D129E6
:1060CA00D8A46AEF30F06CEF30F074EF30F0000EC5
:1060DA00BF6F000EC06F000EC16F000EC26FC18F7E
:1060EA007FEF30F0000EBF6F000EC06F000EC16F61
:1060FA00000EC26FC651800BCB1BC651C625CC6F92
:10610A00C5AF8AEF30F08CEF30F08DEF30F0CC81F4
:10611A00CC51D8B493EF30F095EF30F0A8EF30F0CF
:10612A00CC29D8A49BEF30F09DEF30F0A5EF30F0EA
:10613A00000EC36F000EC46F000EC56F000EC66F4F
:10614A00C58FB0EF30F0000EC36F000EC46F000EA3
:10615A00C56F000EC66FCC51D8B4B6EF30F0B8EFA9
:10616A0030F0C0EF30F0D151D8A4BEEF30F0C0EF1C
:10617A0030F0CAEF30F0000EBF6F000EC06F000E95
:10618A00C16F000EC26F60EF32F0C551BF03F3C496
:10619A00D6F5F4C4D7F5D651CD6FCE6BCF6BD06B95
:1061AA00D751D26FD36BD46BD56BC451C003F3C430
:1061BA00D6F5F4C4D7F5D651CD27000ECE23CF237A
:1061CA00D023D751D227000ED323D423D523C351AA
:1061DA00C103F3C4D6F5F4C4D7F5D651CD27000EC2
:1061EA00CE23CF23D023D751D227000ED323D423B3
:1061FA00D523CFC5D0F5CEC5CFF5CDC5CEF5CD6B60
:10620A00C351C003F3C4D6F5F4C4D7F5D651CD278C
:10621A00D751CE23000ECF23000ED023C451BF0383
:10622A00F3C4D6F5F4C4D7F5D651CD27D751CE232A
:10623A00000ECF23000ED023CFC5D0F5CEC5CFF5A3
:10624A00CDC5CEF5CD6BC351BF03F3C4D6F5F4C4A7
:10625A00D7F5D651CD27D751CE23000ECF23000E26
:10626A00D023C551C003F3C4D6F5F4C4D7F5D6512B
:10627A00D227D751D323000ED423000ED523C451DD
:10628A00C103F3C4D6F5F4C4D7F5D651D227D751F2
:10629A00D323000ED423000ED523C551C103F3C462
:1062AA00D6F5F4C4D7F5D651C76FD751C86FC96BA5
:1062BA00CA6BC9C5CAF5C8C5C9F5C7C5C8F5C76B8C
:1062CA00C751D227C851D323C951D423CA51D52380
:1062DA00CDC5C7F5CEC5C8F5CFC5C9F5D0C5CAF570
:1062EA00190E7DEF31F0D890CA33C933C833C7339A
:1062FA00E82E78EF31F0C751D227C851D323C951BC
:10630A00D423CA51D523CFC5D0F5CEC5CFF5CDC537
:10631A00CEF5CD6BCC51D1C5C7F5C86BC727000EDA
:10632A00C823820EC725D66FFF0EC821D76FB3EFD9
:10633A0031F0D890D237D337D437D537D0AFA8EF8A
:10634A0031F0AAEF31F0ABEF31F0D281D890CD37EE
:10635A00CE37CF37D037D607D8A0D707D4AFB8EFC4
:10636A0031F0BAEF31F09EEF31F0CC6BD0AFC0EF25
:10637A0031F0C2EF31F0E6EF31F0FF0ECD15C76F05
:10638A00FF0ECE15C86FFF0ECF15C96F7F0ED01541
:10639A00CA6FC751C811C911CA11D8B4D7EF31F0A1
:1063AA00D9EF31F0DDEF31F0010ECC6FE6EF31F0CD
:1063BA00D2A1E2EF31F0E4EF31F0E6EF31F0D9EFBC
:1063CA0031F0CC51D8B4ECEF31F0EEEF31F012EFFE
:1063DA0032F0010ED227000ED323D423D523D5A120
:1063EA00F9EF31F0FBEF31F012EF32F0D2C5C7F519
:1063FA00D3C5C8F5D4C5C9F5D5C5CAF5CA35CA3392
:10640A00C933C833C733C7C5D2F5C8C5D3F5C9C55B
:10641A00D4F5CAC5D5F5D64BD72BD7BF1DEF32F069
:10642A00D75108E1D629D8A01DEF32F01FEF32F07C
:10643A0029EF32F0000ED26F000ED36F800ED46FA8
:10644A007F0ED56F56EF32F0D7BF36EF32F0D75105
:10645A0006E1D605D8B034EF32F036EF32F041EF2C
:10646A0032F0000ED26F000ED36F000ED46F000E02
:10647A00D56FCB6B56EF32F0D6C5D1F5FF0ED217DA
:10648A00FF0ED3177F0ED417000ED517D1A150EFE8
:10649A0032F052EF32F053EF32F0D48FD890D1313C
:1064AA00D56FCB51D513D2C5BFF5D3C5C0F5D4C569
:1064BA00C1F5D5C5C2F51200030EB0EC64F063C590
:1064CA00ECF564C5EDF5000E0501AA6FF00EAB6F91
:1064DA007F0EAC6F450EAD6FECC598F5EDC599F51D
:1064EA00000E99BFFF0E9A6F9B6F010E55EC44F098
:1064FA0098C5A6F599C5A7F59AC5A8F59BC5A9F5A6
:10650A002AEC36F0A6C5BFF5A7C5C0F5A8C5C1F5E2
:10651A00A9C5C2F56F0E0501C36F120EC46F830EB3
:10652A00C56F400EC66F4DEC30F0BFC5F6F5C0C55D
:10653A00F7F5C1C5F8F5C2C5F9F5F6C554F7F7C5BB
:10654A0055F7F8C556F7F9C557F7ABEC68F063C5C8
:10655A00F2F564C5F3F565C5F4F566C5F5F52CC71E
:10656A0067F52DC768F52EC769F52FC76AF5FDECE3
:10657A005BF067C5EEF568C5EFF569C5F0F56AC564
:10658A00F1F528C7DCF529C7DDF52AC7DEF52BC7E3
:10659A00DFF5F6C5D8F5F7C5D9F5F8C5DAF5F9C5C1
:1065AA00DBF59DEC62F0D8C5E0F5D9C5E1F5DAC5B1
:1065BA00E2F5DBC5E3F578EC65F0E0C500F6E1C588
:1065CA0001F6E2C502F6E3C503F6CD0E0601046F35
:1065DA00CC0E056F4C0E066F3D0E076FF2EC4AF0BB
:1065EA000601D8B0FBEF32F0FDEF32F008EF33F0DE
:1065FA00050ED46103EF33F005EF33F009EF33F002
:10660A00D42B09EF33F0D46BF6C528F7F7C529F771
:10661A00F8C52AF7F9C52BF73BEF34F0E06B040E07
:10662A00D4651AEF33F01CEF33F04AEF34F0F6C5B5
:10663A0000F6F7C501F6F8C502F6F9C503F6660EC7
:10664A00046F660E056FE60E066F3F0E076FF2ECDB
:10665A004AF00601D8A034EF33F036EF33F06CEF8E
:10666A0033F0F6C500F6F7C501F6F8C502F6F9C526
:10667A0003F6CD0E046FCC0E056F0C0E066F400E9E
:10668A00076FF2EC4AF00601D8B04EEF33F050EF44
:10669A0033F06CEF33F00501F151F0110BE1E80E24
:1066AA00EE5D030EEF59D8A05DEF33F05FEF33F0E4
:1066BA004AEF34F0010E0601D56FF2C52CF7F3C587
:1066CA002DF7F4C52EF7F5C52FF74AEF34F0F6C5C6
:1066DA0000F6F7C501F6F8C502F6F9C503F69A0EF3
:1066EA00046F990E056F190E066F400E076FF2ECD4
:1066FA004AF00601D8A084EF33F086EF33F062EF58
:10670A0033F00501F151F0110BE1E80EEE5D030ED5
:10671A00EF59D8A093EF33F095EF33F09AEF33F0B7
:10672A00020E0601D56F62EF33F04AEF34F0010E24
:10673A00E06F040ED465A4EF33F0A6EF33F04AEF0E
:10674A0034F0660E006F660E016FA60E026F3F0EE2
:10675A00036FF6C504F6F7C505F6F8C506F6F9C5DA
:10676A0007F6F2EC4AF00601D8A0BEEF33F0C0EF0C
:10677A0033F0DBEF33F00501F151F0110BE1E80ED4
:10678A00EE5D030EEF59D8A0CDEF33F0CFEF33F023
:10679A004AEF34F00601D56BF2C52CF7F3C52DF795
:1067AA00F4C52EF7F5C52FF74AEF34F0F6C500F613
:1067BA00F7C501F6F8C502F6F9C503F69A0E046F95
:1067CA00990E056F190E066F400E076FF2EC4AF02C
:1067DA000601D8A0F3EF33F0F5EF33F062EF33F0B0
:1067EA000501F151F0110BE1E80EEE5D030EEF59D0
:1067FA00D8A002EF34F004EF34F09AEF33F095EFBB
:10680A0033F0020EE06F040ED4650EEF34F010EF91
:10681A0034F04AEF34F0660E006F660E016FA60E72
:10682A00026F3F0E036FF6C504F6F7C505F6F8C505
:10683A0006F6F9C507F6F2EC4AF00601D8A028EFE9
:10684A0034F02AEF34F04AEF34F00501F151F01137
:10685A000BE1D00EEE5D070EEF59D8A037EF34F0FA
:10686A0039EF34F04AEF34F0CFEF33F0D551000A64
:10687A00D8B413EF33F0010AD8B49CEF33F0030A0B
:10688A00D8B406EF34F04AEF34F01200060108518A
:10689A000911D8A453EF34F055EF34F05FEF34F018
:1068AA00000E086F000E096F000E0A6F000E0B6FC4
:1068BA0029EF36F0ABEC68F063C51AF664C51BF62F
:1068CA0065C51CF666C51DF6060120EE08F00851DE
:1068DA00D9260951DA22DEC463F5DEC464F5DEC4C2
:1068EA0065F5DEC466F50AC667F50BC668F50CC61B
:1068FA0069F50DC66AF5D6EC58F00501D8B088EFEF
:10690A0034F08AEF34F019EF35F0060120EE08F082
:10691A000851D9260951DA220AC6DEF40BC6DEF47A
:10692A000CC6DEF40DC6DEF408C6D9F409C6DAF4DC
:10693A00DEC400F6DEC401F6DEC402F6DEC403F6E7
:10694A000AC604F60BC605F60CC606F60DC607F609
:10695A00F2EC4AF00601D8B0B5EF34F0B7EF34F0F4
:10696A00E7EF34F008C6D9F409C6DAF410EE04F0F9
:10697A000851E1260951E222DEC4E6F4DEC4E6F457
:10698A00DEC4E6F4DEC4E6F420EE0CF00851D926A3
:10699A000951DA221AC6DEF41BC6DEF41CC6DEF47E
:1069AA001DC6DEF420EE10F00851D9260951DA226C
:1069BA000EC6DEF40FC6DEF410C6DEF411C6DEF42F
:1069CA0019EF35F020EE04F00851D9260951DA22E0
:1069DA000AC6DEF40BC6DEF40CC6DEF40DC6DEF41F
:1069EA0008C6D9F409C6DAF40AC6DEF40BC6DEF420
:1069FA000CC6DEF40DC6DEF420EE0CF00851D926E2
:106A0A000951DA221AC6DEF41BC6DEF41CC6DEF40D
:106A1A001DC6DEF420EE10F00851D9260951DA22FB
:106A2A00DE6ADE6ADE6ADD6A060120EE10F00851CF
:106A3A00D9260951DA22DE50DE10DE10DE10D8A483
:106A4A0029EF35F02BEF35F039EF35F008C6D9F4D8
:106A5A0009C6DAF4DEC408F6DEC409F6DEC40AF6AC
:106A6A00DEC40BF629EF36F020EE0CF00851D926D9
:106A7A000951DA22DEC467F5DEC468F5DEC469F5B9
:106A8A00DEC46AF5FDEC5BF067C51EF668C51FF645
:106A9A0069C520F66AC521F6060120EE10F00851F4
:106AAA00D9260951DA22DE501E5DDE501F59DE500A
:106ABA002059DE502159D8A065EF35F067EF35F03F
:106ACA0087EF35F020EE08F00851D9260951DA226D
:106ADA0008C6E1F409C6E2F4DEC4E6F4DEC4E6F46C
:106AEA00DEC4E6F4DEC4E6F408C6D9F409C6DAF46C
:106AFA00DEC408F6DEC409F6DEC40AF6DEC40BF606
:106B0A0029EF36F01EC698F51FC699F520C69AF5E4
:106B1A0021C69BF5000E55EC44F098C5A6F599C51B
:106B2A00A7F59AC5A8F59BC5A9F5060120EE10F0B0
:106B3A000851D9260951DA22DEC498F5DEC499F53E
:106B4A00DEC49AF5DEC49BF5000E55EC44F098C5F8
:106B5A00AAF599C5ABF59AC5ACF59BC5ADF52AEC76
:106B6A0036F0A6C512F6A7C513F6A8C514F6A9C528
:106B7A0015F612C6C3F513C6C4F514C6C5F515C66F
:106B8A00C6F5060120EE04F00851D9260951DA2289
:106B9A00DEC4DCF5DEC4DDF5DEC4DEF5DEC4DFF519
:106BAA0020EE08F00851D9260951DA22DEC4D8F5B8
:106BBA00DEC4D9F5DEC4DAF5DEC4DBF59DEC62F09D
:106BCA00D8C5BFF5D9C5C0F5DAC5C1F5DBC5C2F56B
:106BDA004DEC30F0BFC516F6C0C517F6C1C518F69C
:106BEA00C2C519F616C663F517C664F518C665F563
:106BFA0019C666F5060120EE04F00851D926095196
:106C0A00DA22DEC467F5DEC468F5DEC469F5DEC4DF
:106C1A006AF589EC29F008C6D9F409C6DAF405013F
:106C2A0063C5DEF464C5DEF465C5DEF466C5DEF46C
:106C3A0008C6D9F409C6DAF4DEC408F6DEC409F6D1
:106C4A00DEC40AF6DEC40BF612000501A951800B58
:106C5A00B66FA951A925BD6FA8AF36EF36F038EF48
:106C6A0036F039EF36F0BD81BD51D8B43FEF36F07A
:106C7A0041EF36F055EF36F0BD29D8A447EF36F08C
:106C8A0049EF36F051EF36F0000EA66F000EA76FEF
:106C9A00000EA86F000EA96FA88FA96B5DEF36F0E2
:106CAA00000EA66F000EA76F000EA86F000EA96F48
:106CBA00AD51800BB61BAD51AD25BE6FACAF68EFC1
:106CCA0036F06AEF36F06BEF36F0BE81BE51D8B4BB
:106CDA0071EF36F073EF36F087EF36F0BE29D8A49D
:106CEA0079EF36F07BEF36F083EF36F0000EAA6FBD
:106CFA00000EAB6F000EAC6F000EAD6FAC8FAD6BBC
:106D0A008FEF36F0000EAA6F000EAB6F000EAC6F5D
:106D1A00000EAD6FAA51AB11AC11AD11D8A498EF0A
:106D2A0036F09AEF36F0B2EF36F0000EA66F000E8C
:106D3A00A76F000EA86F000EA96F800EA8137F0E12
:106D4A00A913B651A913A6C5A6F5A7C5A7F5A8C53F
:106D5A00A8F5A9C5A9F5F2EF37F0BD51D8A4B8EF47
:106D6A0036F0BAEF36F0C4EF36F0000EA66F000E1A
:106D7A00A76F000EA86F000EA96FF2EF37F0BE5191
:106D8A00BDC5AEF5AF6BAE5F000EAF5B7F0EAE2535
:106D9A00B76F000EAF21B86FA6C5B2F5A7C5B3F598
:106DAA00A8C5B4F5A9C5B5F5000EA66F000EA76F64
:106DBA00000EA86F000EA96F000EB96F000EBA6F11
:106DCA00000EBB6F000EBC6FBE6B24EF37F0BE51D6
:106DDA00D8B4F2EF36F0F4EF36F00BEF37F0D89084
:106DEA00B237B337B437B537D890A637A737A837ED
:106DFA00A937BCAF03EF37F005EF37F006EF37F0EE
:106E0A00A681D890B937BA37BB37BC37AA51B25D19
:106E1A00AB51B359AC51B459AD51B559D8A018EFCB
:106E2A0037F01AEF37F023EF37F0BC8DAA51B25F73
:106E3A00AB51B35BAC51B45BAD51B55BBE2B190E14
:106E4A00BE652AEF37F02CEF37F0ECEF36F0B2518F
:106E5A00B311B411B511D8B435EF37F037EF37F0B5
:106E6A004FEF37F0B9814FEF37F0D890A637A737F1
:106E7A00A837A937BCAF44EF37F046EF37F047EFF2
:106E8A0037F0A681D890B937BA37BB37BC37B707BE
:106E9A00D8A0B807A8AF54EF37F056EF37F03AEF5B
:106EAA0037F0BE6BBCAF5CEF37F05EEF37F082EFC6
:106EBA0037F0FF0EB915AE6FFF0EBA15AF6FFF0EA2
:106ECA00BB15B06F7F0EBC15B16FAE51AF11B011CB
:106EDA00B111D8B473EF37F075EF37F079EF37F0B7
:106EEA00010EBE6F82EF37F0A6A17EEF37F080EF7A
:106EFA0037F082EF37F075EF37F0BE51D8B488EF2C
:106F0A0037F08AEF37F0AEEF37F0010EA627000E02
:106F1A00A723A823A923A9A195EF37F097EF37F064
:106F2A00AEEF37F0A6C5AEF5A7C5AFF5A8C5B0F563
:106F3A00A9C5B1F5B135B133B033AF33AE33AEC550
:106F4A00A6F5AFC5A7F5B0C5A8F5B1C5A9F5B74B64
:106F5A00B82BB8BFB9EF37F0B85108E1B729D8A0B4
:106F6A00B9EF37F0BBEF37F0C6EF37F0000EB86F66
:106F7A00B769000EA66F000EA76F000EA86F000E6D
:106F8A00A96FB8BFD3EF37F0B85106E1B705D8B04B
:106F9A00D1EF37F0D3EF37F0E0EF37F0000EB86FEC
:106FAA00000EB76F000EA66F000EA76F000EA86F37
:106FBA00000EA96FB66BB7C5BDF5BDA1E7EF37F0F7
:106FCA00E9EF37F0ECEF37F0A88FEDEF37F0A89F35
:106FDA00D890BD31A96FA6EF36F0120047C58FF5DC
:106FEA0048C590F5BEC67FF50501806B7FBF800757
:106FFA007FC581F580C582F5000E82BFFF0E836FC3
:10700A00846F47C563F548C564F5656B666BFF51C8
:10701A00676F686B696B6A6BAEEC5DF063C56FF5A1
:10702A0064C570F565C571F566C572F5640E05012E
:10703A00736F000E746F000E756F000E766F16EC8C
:10704A0051F0050181516F5D916F82517059926FB4
:10705A0083517159936F84517259946F94BF3AEF67
:10706A0038F038EF38F042EF38F0000E916F000E2A
:10707A00926F000E936F000E946F47507F6F4850C7
:10708A00806F816B826B91517F5D925180599351D0
:10709A0081598251800A836F9451800A8359D8B0EA
:1070AA0059EF38F05BEF38F061EF38F047C591F5EA
:1070BA0048C592F5936B946B91C543F592C544F517
:1070CA00BFC67FF5806B7FBF80077FC581F580C50E
:1070DA0082F5000E82BFFF0E836F846F45C563F58C
:1070EA0046C564F5656B666BFE51676F686B696BC5
:1070FA006A6BAEEC5DF063C56FF564C570F565C586
:10710A0071F566C572F5640E0501736F000E746F32
:10711A00000E756F000E766F16EC51F00501815165
:10712A006F5D916F82517059926F83517159936F4C
:10713A0084517259946F94BFA7EF38F0A5EF38F0D5
:10714A00AFEF38F0000E916F000E926F000E936F42
:10715A00000E946F45507F6F4650806F816B826B33
:10716A0091517F5D92518059935181598251800A80
:10717A00836F9451800A8359D8B0C6EF38F0C8EFAC
:10718A0038F0CEEF38F045C591F546C592F5936BC8
:10719A00946B91C5CFF692C5D0F60601CF51432420
:1071AA0005018D6F0601D051442005018E6F8D5166
:1071BA008F5D8E519059D8B0E5EF38F0E7EF38F08F
:1071CA0014EF39F0C0C67FF5806B7FBF80077FC59B
:1071DA0081F580C582F5000E82BFFF0E836F846F32
:1071EA0043508D5D856F44508E59866F85518F5DF2
:1071FA00876F86519059886F896BD8A08907895102
:10720A008A6F8151875D916F82518859926F83513C
:10721A008959936F84518A59946F1AEF39F043C58B
:10722A0091F544C592F5936B946B94BF21EF39F0B5
:10723A001FEF39F029EF39F0000E916F000E926FAF
:10724A00000E936F000E946F8F517F6F9051806F75
:10725A00816B826B91517F5D925180599351815913
:10726A008251800A836F9451800A8359D8B040EFC3
:10727A0039F042EF39F048EF39F08FC591F590C5F2
:10728A0092F5936B946B91C58BF592C58CF58BC572
:10729A007DF58CC57EF5120044C767F545C768F5CC
:1072AA0046C769F547C76AF5FDEC5BF067C5F9F5AE
:1072BA0068C5FAF569C5FBF56AC5FCF5020E050154
:1072CA00FF616AEF39F06CEF39F074EF39F0010EB3
:1072DA00FE6572EF39F074EF39F08AEF3AF0060181
:1072EA00F405D8A47BEF39F07DEF39F08AEF3AF054
:1072FA00ABEC68F063C544F764C545F765C546F766
:10730A0066C547F7010E0601F36FF46B8AEF3AF090
:10731A0081EC69F00501FC51FB110BE1210EF95DCD
:10732A00030EFA59D8A09CEF39F09EEF39F0A9EF75
:10733A003AF0010EFF65A4EF39F0A6EF39F0B5EF88
:10734A0039F0010EFE65ACEF39F0AEEF39F0B5EF6A
:10735A0039F0020E0601F36F010EDE6F010EDD6FCA
:10736A00010E0501FF65BCEF39F0BEEF39F0CBEF36
:10737A0039F0FE51D8A4C4EF39F0C6EF39F0CBEF9B
:10738A0039F0030E0601F36F010EDE6F0501FF519E
:10739A00D8A4D2EF39F0D4EF39F0E1EF39F0010E89
:1073AA00FE65DAEF39F0DCEF39F0E1EF39F0040E7F
:1073BA000601F36F010EDD6FABEC68F063C544F7AD
:1073CA0064C545F765C546F766C547F7A9EF3AF0BC
:1073DA007AEC41F051EC3EF0010E0501FF65F8EF41
:1073EA0039F0FAEF39F00AEF3AF0FE51D8A400EF7B
:1073FA003AF002EF3AF00AEF3AF0020E1CEC60F0B3
:10740A00030E0601F36F010EDE6F0501FF51D8A4CA
:10741A0011EF3AF013EF3AF0A9EF3AF0010EFE65D8
:10742A0019EF3AF01BEF3AF0A9EF3AF0010E1CEC13
:10743A0060F0040E0601F36F010EDD6FA9EF3AF05A
:10744A007AEC41F0010E0501FF652EEF3AF030EFBC
:10745A003AF03FEF3AF0010EFE6536EF3AF038EFB8
:10746A003AF03FEF3AF0020E0601F36F010EDE6FBB
:10747A00010EDD6F0501FF51D8A446EF3AF048EF3F
:10748A003AF0A9EF3AF0010EFE654EEF3AF050EFEE
:10749A003AF0A9EF3AF0010E1CEC60F01EEF3AF058
:1074AA0051EC3EF0010E0501FF655EEF3AF060EF28
:1074BA003AF06FEF3AF0010EFE6566EF3AF068EFC8
:1074CA003AF06FEF3AF0020E0601F36F010EDE6F2B
:1074DA00010EDD6F010E0501FF6576EF3AF078EFD8
:1074EA003AF0A9EF3AF0FE51D8A47EEF3AF080EFD5
:1074FA003AF0A9EF3AF0020E1CEC60F0030E060116
:10750A00F36F010EDE6FA9EF3AF00601F3510501A0
:10751A00F76FF86BF851000AD8B496EF3AF0A9EF72
:10752A003AF0F751010AD8B48DEF39F0030AD8B40A
:10753A00EDEF39F0010AD8B425EF3AF0070AD8B4CA
:10754A0055EF3AF0A9EF3AF0120040C767F541C784
:10755A0068F542C769F543C76AF5FDEC5BF067C594
:10756A009AF568C59BF569C59CF56AC59DF52C0E0B
:10757A007BEC42F06BC59EF56CC59FF55D50D8B4A7
:10758A00C9EF3AF0CBEF3AF0D8EF3AF0ABEC68F04B
:10759A0063C540F764C541F765C542F766C543F759
:1075AA00010E556E5D6A5650D8A4DEEF3AF0E0EF50
:1075BA003AF0E6EF3BF005019D519C110BE1880E74
:1075CA009A5D130E9B59D8A0EDEF3AF0EFEF3AF01F
:1075DA00E6EF3BF0010E566EE6EF3BF05550D8A4AD
:1075EA00F9EF3AF0FBEF3AF025EF3BF09D519C1191
:1075FA000BE1B80E9A5D0B0E9B59D8A007EF3BF032
:10760A0009EF3BF00CEF3BF05E6A010E556E350E4A
:10761A009E5D080E9F59D8A015EF3BF017EF3BF07F
:10762A0000EF3CF0010E576EABEC68F063C540F713
:10763A0064C541F765C542F766C543F700EF3CF0FC
:10764A005650D8A42BEF3BF02DEF3BF045EF3BF023
:10765A00730E9E5D060E9F59D8A036EF3BF038EFA9
:10766A003BF045EF3BF0010E576EABEC68F063C59B
:10767A0040F764C541F765C542F766C543F7556AE1
:10768A005604D8A44BEF3BF04DEF3BF000EF3CF033
:10769A00350E05019E5D080E9F59D8A057EF3BF0A5
:1076AA0059EF3BF000EF3CF0010E576EABEC68F07F
:1076BA0063C540F764C541F765C542F766C543F738
:1076CA00556A00EF3CF05A6A010E5E6E5604D8A461
:1076DA0071EF3BF073EF3BF09BEF3BF0A40E9E5D26
:1076EA00060E9F59D8B07CEF3BF07EEF3BF081EF5E
:1076FA003BF0576A5BEF3BF0D70E9E5D060E9F5933
:10770A00D8A08AEF3BF08CEF3BF000EF3CF03A0E4A
:10771A009E5D070E9F59D8B095EF3BF097EF3BF06F
:10772A0000EF3CF0020E576E19EF3BF05650D8A40A
:10773A00A1EF3BF0A3EF3BF000EF3CF0A40E9E5DFF
:10774A00060E9F59D8B0ACEF3BF0AEEF3BF0B2EF6C
:10775A003BF0010E566E7EEF3BF0D70E9E5D060E95
:10776A009F59D8A0BBEF3BF0BDEF3BF000EF3CF0D8
:10777A003A0E9E5D070E9F59D8B0C6EF3BF0C8EF90
:10778A003BF000EF3CF097EF3BF0010E5A6E350EDE
:10779A009E5D080E9F59D8A0D5EF3BF0D7EF3BF07E
:1077AA00D9EF3BF017EF3BF0A40E9E5D060E9F59F2
:1077BA00D8B0E2EF3BF0E4EF3BF000EF3CF07EEFB5
:1077CA003BF057500501986F996B9951000AD8B44C
:1077DA00F1EF3BF000EF3CF09851000AD8B4F3EF18
:1077EA003AF0010AD8B468EF3BF0030AD8B4CAEFFA
:1077FA003BF000EF3CF0120020C767F521C768F59F
:10780A0022C769F523C76AF5FDEC5BF067C59AF6EE
:10781A0068C59BF669C59CF66AC59DF606019D5129
:10782A009C119B1109E10B0E9A5DD8A01FEF3CF049
:10783A0021EF3CF02DEF3CF0D351D8B427EF3CF0C8
:10784A0029EF3CF02DEF3CF0010ED26F77EC69F096
:10785A000601D205D8B434EF3CF036EF3CF038EFED
:10786A003CF02FEF3DF0640E0501636F0A0E646F62
:10787A00000E656F0A0E666FD3C667F5686B72EC09
:10788A0060F00601D351FE0FA06F640E0501636F0D
:10789A000A0E646FA0C665F5C5EC5CF063C58CF78B
:1078AA0064C58DF7650E0601A025D96EDA6A0A0E3F
:1078BA00DA22DF50966F640EA025D96EDA6A0A0EB4
:1078CA00DA22DF50976F9751996F986B96519825E6
:1078DA0007018A6F0601000E992107018B6F8A51F1
:1078EA008C1909E18B518D19D8B47EEF3CF080EFE9
:1078FA003CF084EF3CF054EC62F02FEF3DF06ACAA2
:10790A009EF60601D351F70F9F6F9E519F19D8B467
:10791A0091EF3CF093EF3CF095EF3CF080EF3CF0B8
:10792A00100E0A016519D8A49DEF3CF09FEF3CF0B8
:10793A00AFEF3CF00E0E6719D8A4A6EF3CF0A8EF03
:10794A003CF0AFEF3CF0640E0501636F0A0E646F02
:10795A0090EC50F0AA0E0A016419D8A4B7EF3CF0D3
:10796A00B9EF3CF080EF3CF05A0E6519D8A4C0EF8D
:10797A003CF0C2EF3CF080EF3CF01CEF3DF06605B6
:10798A00D8A4CAEF3CF0CCEF3CF0D3EF3CF0640E45
:10799A000601756F0A0E766FAFEC4CF0020E0A0103
:1079AA006619D8A4DBEF3CF0DDEF3CF080EF3CF049
:1079BA00640E0601756F0A0E766F31EC45F080EFA2
:1079CA003CF0020E6619D8A4EDEF3CF0EFEF3CF064
:1079DA0080EF3CF0640E0601756F0A0E766F1CECA0
:1079EA0052F080EF3CF0020E6619D8A4FFEF3CF08B
:1079FA0001EF3DF080EF3CF0640E0601756F0A0E50
:107A0A00766F64EC3FF080EF3CF0020E6619D8A462
:107A1A0011EF3DF013EF3DF080EF3CF0640E0601EC
:107A2A00756F0A0E766F94EC47F080EF3CF0675161
:107A3A00010AD8B4C4EF3CF0160AD8B4E6EF3CF019
:107A4A00400AD8B4F8EF3CF00F0AD8B40AEF3DF078
:107A5A0080EF3CF012000501F46F160E0501F419CF
:107A6A00D8A43AEF3DF03CEF3DF0B5EF3DF0160EED
:107A7A007BEC42F06BC5ECF56CC5EDF5000E05012B
:107A8A00AA6FF00EAB6F7F0EAC6F450EAD6FECC5F3
:107A9A0098F5EDC599F5000E99BFFF0E9A6F9B6F89
:107AAA00010E55EC44F098C5A6F599C5A7F59AC5F7
:107ABA00A8F59BC5A9F52AEC36F0A6C5BFF5A7C55A
:107ACA00C0F5A8C5C1F5A9C5C2F53D0E0501C36F2C
:107ADA000A0EC46F830EC56F400EC66F4DEC30F0B0
:107AEA00BFC5DCF5C0C5DDF5C1C5DEF5C2C5DFF52C
:107AFA00D60E0501E06F0D0EE16FA60EE26F3D0E88
:107B0A00E36FE0C5C3F5E1C5C4F5E2C5C5F5E3C554
:107B1A00C6F5DCC5BFF5DDC5C0F5DEC5C1F5DFC5F7
:107B2A00C2F54DEC30F0BFC5A6F5C0C5A7F5C1C575
:107B3A00A8F5C2C5A9F5CD0E0501AA6FCC0EAB6F8B
:107B4A00CC0EAC6F3D0EAD6F2AEC36F0A6C5F0F543
:107B5A00A7C5F1F5A8C5F2F5A9C5F3F535EF3EF0CD
:107B6A00040EF419D8A4BCEF3DF0BEEF3DF035EF9A
:107B7A003EF0040E7BEC42F06BC5EEF56CC5EFF5FA
:107B8A00000E0501AA6FF00EAB6F7F0EAC6F450EAB
:107B9A00AD6FEEC598F5EFC599F5000E99BFFF0ECA
:107BAA009A6F9B6F010E55EC44F098C5A6F599C5DE
:107BBA00A7F59AC5A8F59BC5A9F52AEC36F0A6C57E
:107BCA00BFF5A7C5C0F5A8C5C1F5A9C5C2F56F0E11
:107BDA000501C36F120EC46F830EC56F400EC66FC8
:107BEA004DEC30F0BFC5E4F5C0C5E5F5C1C5E6F515
:107BFA00C2C5E7F5420E0501E86F110EE96F8A0E5C
:107C0A00EA6F3D0EEB6FE8C5C3F5E9C5C4F5EAC5F1
:107C1A00C5F5EBC5C6F5E4C5BFF5E5C5C0F5E6C5CE
:107C2A00C1F5E7C5C2F54DEC30F0BFC5A6F5C0C534
:107C3A00A7F5C1C5A8F5C2C5A9F5CD0E0501AA6F5C
:107C4A00CC0EAB6F4C0EAC6F3E0EAD6F2AEC36F01D
:107C5A00A6C5F0F5A7C5F1F5A8C5F2F5A9C5F3F5CE
:107C6A00F0C5BFF5F1C5C0F5F2C5C1F5F3C5C2F55A
:107C7A00000E0501C36F000EC46F7A0EC56F440E65
:107C8A00C66F4DEC30F0BFC5D8F5C0C5D9F5C1C532
:107C9A00DAF5C2C5DBF5120048C767F549C768F5CA
:107CAA004AC769F54BC76AF5FDEC5BF067C556F63E
:107CBA0068C557F669C558F66AC559F653EF3FF0D5
:107CCA00020EC9EC66F0ABEC68F063C548F764C510
:107CDA0049F765C54AF766C54BF7020E0601DD6F1F
:107CEA0063EF3FF059515811571109E1C90E565D1A
:107CFA00D8A082EF3EF084EF3EF063EF3FF0020E31
:107D0A00DDEC66F0ABEC68F063C548F764C549F78B
:107D1A0065C54AF766C54BF7030E0601DD6F63EFCB
:107D2A003FF0010EDF6F000E0501AA6F000EAB6F68
:107D3A007A0EAC6F440EAD6F110E7BEC42F005016A
:107D4A006BC598F56CC599F59A6B9B6B000E55EC53
:107D5A0044F098C5A6F599C5A7F59AC5A8F59BC597
:107D6A00A9F52AEC36F0A6C5BFF5A7C5C0F5A8C582
:107D7A00C1F5A9C5C2F5000E0501C36F000EC46F97
:107D8A00110EC56F430EC66F4DEC30F0BFC5D1F76B
:107D9A00C0C5D2F7C1C5D3F7C2C5D4F7040E30ECBB
:107DAA003DF0D8C55AF6D9C55BF6DAC55CF6DBC52F
:107DBA005DF6D1C7C3F5D2C7C4F5D3C7C5F5D4C7D5
:107DCA00C6F55AC6BFF55BC6C0F55CC6C1F55DC649
:107DDA00C2F54DEC30F0BFC5A6F5C0C5A7F5C1C5C3
:107DEA00A8F5C2C5A9F5000E0501AA6F000EAB6F72
:107DFA007A0EAC6F440EAD6F2AEC36F0A6C5CDF7FD
:107E0A00A7C5CEF7A8C5CFF7A9C5D0F7CFC698F5AD
:107E1A00D0C699F505019A6B9B6B000E55EC44F0A0
:107E2A0098C55EF699C55FF69AC560F69BC561F678
:107E3A005EC622F65FC623F660C624F661C625F63C
:107E4A00F8EC63F022C6C9F723C6CAF724C6CBF7F3
:107E5A0025C6CCF7810E06011C6F080E1D6FC9C717
:107E6A001EF6CAC71FF6CBC720F6CCC721F6CDC768
:107E7A0022F6CEC723F6CFC724F6D0C725F683EC61
:107E8A0024F01CC6D5F71DC6D6F7D5C765F5D6C7E3
:107E9A0066F5020E77EC5DF063EF3FF00601DD5107
:107EAA00010AD8B465EF3EF0030AD8B477EF3EF082
:107EBA00010AD8B496EF3EF063EF3FF0120021EECC
:107ECA0077F2100EDE6AE806FDE2770E0501636FAF
:107EDA00060E646F75C665F576C666F5000E686FA0
:107EEA00110E676F72EC60F006017E05D8A480EF70
:107EFA003FF082EF3FF0A3EF3FF0040E05016B6FF6
:107F0A00000E6C6F000E6D6F7FC66EF53CEC5DF077
:107F1A00150E0501FC6FC60EE82EFED7FC2FFCD706
:107F2A000000040E0501696F000E6A6F000E6B6F88
:107F3A00C1EC62F00601BE6FCCEF3FF0020E7E1973
:107F4A00D8A4AAEF3FF0ACEF3FF0CCEF3FF0040E1D
:107F5A0005016B6F000E6C6F000E6D6F7FC66EF5BC
:107F6A003CEC5DF0150E0501FC6FC60EE82EFED73F
:107F7A00FC2FFCD70000040E0501696F000E6A6F22
:107F8A00000E6B6FC1EC62F000080601BE6F80053F
:107F9A00D8A4D2EF3FF0D4EF3FF0F5EF3FF0050E53
:107FAA0005016B6F000E6C6F000E6D6F81C66EF56A
:107FBA003CEC5DF0150E0501FC6FC60EE82EFED7EF
:107FCA00FC2FFCD70000050E0501696F000E6A6FD1
:107FDA00000E6B6FC1EC62F00601BF6F1EEF40F03E
:107FEA00020E8019D8A4FCEF3FF0FEEF3FF01EEF1F
:107FFA0040F0050E05016B6F000E6C6F000E6D6F81
:10800A0081C66EF53CEC5DF0150E0501FC6FC60EDF
:10801A00E82EFED7FC2FFCD70000050E0501696F7C
:10802A00000E6A6F000E6B6FC1EC62F00008060169
:10803A00BF6F550E776F770E0501636F060E646F7B
:10804A000F0E656FC5EC5CF063C588F664C589F6EA
:10805A0088C687F606018951866F8A6B0B0E636F95
:10806A003E0E646F770E8A25D96EDA6A060EDA2218
:10807A00DF500501FC6FFC510601656F666BB5ECBC
:10808A0066F0100E06018A614DEF40F04FEF40F0A6
:10809A0055EF40F0D20E636F3D0E646FB5EC66F09B
:1080AA0006018A2B100E8A655DEF40F05FEF40F003
:1080BA0033EF40F0770E0501636F060E646F000E12
:1080CA00656F000E666F000E686F110E676F72ECB7
:1080DA0060F0120008C7CFF509C7D0F50AC7D1F575
:1080EA000BC7D2F5BFC5CFF5C0C5D0F5C1C5D1F50F
:1080FA00C2C5D2F5810E0501C36FFF0EC46FCFC58D
:10810A00C5F5D0C5C6F5D1C5C7F5D2C5C8F5180E8F
:10811A0094EF40F0D890C833C733C633C533E82E3E
:10812A008FEF40F0C551C325CD6F000EC421CE6F2D
:10813A00CEBFA9EF40F0CE5109E1170ECD5DD8A010
:10814A00A9EF40F0ABEF40F0B5EF40F0BFC5BFF587
:10815A00C0C5C0F5C1C5C1F5C2C5C2F579EF41F0C8
:10816A00CEBFBAEF40F0BCEF40F02DEF41F0CDC5E5
:10817A00C3F5FF0EC46FFF0EC56F7F0EC66F000EEC
:10818A00C76FC367CBEF40F0D3EF40F0C735C733B3
:10819A00C633C533C433C32FC6EF40F0C4C5C9F5CF
:1081AA00C5C5CAF5C6C5CBF5C7C5CCF50501C951C4
:1081BA00CF15C36FCA51D015C46FCB51D115C56F36
:1081CA00CC51D215C66FC351C411C511C611D8A45A
:1081DA00F1EF40F0F3EF40F0F5EF40F0ABEF40F095
:1081EA00CFC5C3F5D0C5C4F5D1C5C5F5D2C5C6F549
:1081FA00200E05EF41F0D890C633C533C433C333DC
:10820A00E82E00EF41F0C351C411C511C611D8B40C
:10821A0011EF41F013EF41F01BEF41F0C951CF27A5
:10822A00CA51D023CB51D123CC51D223C91DC36FFC
:10823A00CA1DC46FCB1DC56FCC1DC66FC351CF17E6
:10824A00C451D017C551D117C651D21771EF41F099
:10825A00CFC5C3F5D0C5C4F5D1C5C5F5D2C5C6F5D8
:10826A00200E3DEF41F0D890C633C533C433C33333
:10827A00E82E38EF41F0C351C411C511C611D8A474
:10828A0049EF41F04BEF41F055EF41F0000ECF6F4F
:10829A00000ED06F000ED16F000ED26F71EF41F059
:1082AA00D890CF35C36FD035C46FD135C56FD235AD
:1082BA00C66FC351C411C511C611D8B467EF41F0D6
:1082CA0069EF41F071EF41F0000ECF6F000ED06FF1
:1082DA00800ED16FBF0ED26FCFC5BFF5D0C5C0F526
:1082EA00D1C5C1F5D2C5C2F512004CC767F54DC755
:1082FA0068F54EC769F54FC76AF5FDEC5BF067C5CF
:10830A0056F668C557F669C558F66AC559F66AEF4A
:10831A0042F0010EC9EC66F0ABEC68F063C54CF7AD
:10832A0064C54DF765C54EF766C54FF7020E0601DF
:10833A00DE6F7AEF42F059515811571109E1C90E0F
:10834A00565DD8A0ABEF41F0ADEF41F07AEF42F0C5
:10835A00010EDDEC66F0ABEC68F063C54CF764C562
:10836A004DF765C54EF766C54FF7030E0601DE6F7A
:10837A007AEF42F0010EDF6F000E0501AA6F000EC0
:10838A00AB6F7A0EAC6F440EAD6F1C0E7BEC42F0F5
:10839A0005016BC598F56CC599F59A6B9B6B000E38
:1083AA0055EC44F098C5A6F599C5A7F59AC5A8F560
:1083BA009BC5A9F52AEC36F0A6C5BFF5A7C5C0F539
:1083CA00A8C5C1F5A9C5C2F5000E0501C36F000E07
:1083DA00C46F110EC56F430EC66F4DEC30F0BFC5AA
:1083EA00EBF6C0C5ECF6C1C5EDF6C2C5EEF6160E43
:1083FA0030EC3DF0D8C55AF6D9C55BF6DAC55CF65D
:10840A00DBC55DF6EBC6C3F5ECC6C4F5EDC6C5F52E
:10841A00EEC6C6F55AC6BFF55BC6C0F55CC6C1F561
:10842A005DC6C2F54DEC30F0BFC5A6F5C0C5A7F5CF
:10843A00C1C5A8F5C2C5A9F5000E0501AA6F000EAF
:10844A00AB6F7A0EAC6F440EAD6F2AEC36F0A6C550
:10845A00E7F6A7C5E8F6A8C5E9F6A9C5EAF650C73A
:10846A0022F651C723F652C724F653C725F618EC4D
:10847A0064F022C6E3F623C6E4F624C6E5F625C66A
:10848A00E6F68E0E06011C6F070E1D6FE3C61EF67A
:10849A00E4C61FF6E5C620F6E6C621F6E7C622F6CA
:1084AA00E8C623F6E9C624F6EAC625F683EC24F0E4
:1084BA001CC6EFF61DC6F0F6EFC665F5F0C666F502
:1084CA00010E77EC5DF07AEF42F00601DE51010A07
:1084DA00D8B48EEF41F0030AD8B4A0EF41F0010AF4
:1084EA00D8B4BFEF41F07AEF42F0120005018B6F6A
:1084FA00000E0501936F000E926F8B51B0EC64F081
:10850A00D89005019235D96E9335DA6E730ED92655
:10851A00050EDA2263C5DEF464C5DDF4924B932BB3
:10852A0093BFA1EF42F0935109E10C0E925DD8A0DE
:10853A00A1EF42F0A3EF42F082EF42F0000E916FFA
:10854A00000E906F000E956F000E946F000E976FDD
:10855A00000E966F18EF43F0D8909635D96E97357E
:10856A00DA6E730ED926050EDA2296C56FF597C50F
:10857A0070F5D8906F377037020E6F27000E702390
:10858A00730E6F25E16E050E7021E26EDE50E65C19
:10859A00DE50E658D8B0D4EF42F0D6EF42F016EFEC
:1085AA0043F0D8909635D96E9735DA6E730ED92680
:1085BA00050EDA22DEC48CF5DDC48DF596C56DF59F
:1085CA0097C56EF5D8906D376E37020E6D27000E7F
:1085DA006E23730E6D25D96E050E6E21DA6ED89054
:1085EA009635E16E9735E26E730EE126050EE222AC
:1085FA00DEC4E6F4DDC4E5F496C56DF597C56EF5FF
:10860A00D8906D376E37020E6D27000E6E23730EEB
:10861A006D25D96E050E6E21DA6E8CC5DEF48DC518
:10862A00DDF4964B972B0B0E6D6F000E6E6F945107
:10863A006D5F95516E5B6D51965D9751800A6F6FB4
:10864A006E51800A6F59D8A02DEF43F02FEF43F0F7
:10865A00B1EF42F0944B952B95BF3DEF43F0955106
:10866A0009E10B0E945DD8A03DEF43F03FEF43F0D4
:10867A00ABEF42F0000E956F020E946FD8909435CE
:10868A00D96E9535DA6E730ED926050EDA22DE50CA
:10869A009027DD509123944B952B95BF5EEF43F0C5
:1086AA00955109E10A0E945DD8A05EEF43F060EFA0
:1086BA0043F043EF43F090C563F591C564F5000EAE
:1086CA00666F080E656FF2EC55F063C58EF564C5EA
:1086DA008FF58EC56BF58FC56CF51200050183BF4A
:1086EA0079EF43F07CEF43F0010E7DEF43F0000E8B
:1086FA008A6F0601C4BF84EF43F086EF43F087EF29
:10870A0043F0D193C4BF8EEF43F08CEF43F095EF63
:10871A0043F0000E0501876F010E866F99EF43F053
:10872A00C3C686F5C4C687F5C1C688F5C2C689F52B
:10873A0005018A51D8B4A4EF43F0A6EF43F0BDEF88
:10874A0043F08807D8A089078A51D8A4AFEF43F02D
:10875A00B1EF43F0B7EF43F0000E856F2B0E846F35
:10876A00BBEF43F0000E856F2D0E846F84C58AF52A
:10877A00000E8C6F4F0E8B6F0901A06BF7EF43F061
:10878A0005018B07D8A08C07510E8B25D96E090ECF
:10879A008C21DA6E82C563F583C564F5000E666FB7
:1087AA000A0E656F7EEC58F063C569F564C56AF513
:1087BA005DEC65F005016951300FDF6E8607D8A0C0
:1087CA0087078807D8A0890782C563F583C564F53A
:1087DA00000E666F0A0E656FF2EC55F063C582F5FE
:1087EA0064C583F505018CBF03EF44F08C5108E1A1
:1087FA008B05D8A003EF44F005EF44F030EF44F0C6
:10880A0082518311D8A40CEF44F00EEF44F0C5EF67
:10881A0043F087BF1BEF44F0875106E18605D8B0C5
:10882A0019EF44F01BEF44F0C5EF43F089BF26EF80
:10883A0044F0895108E18805D8A026EF44F028EFD2
:10884A0044F030EF44F00601D1B32EEF44F030EF9C
:10885A0044F0C5EF43F005018A51D8B437EF44F02C
:10886A0039EF44F044EF44F08B07D8A08C07510E3F
:10887A008B25D96E090E8C21DA6E8AC5DFF480C584
:10888A0077F581C578F5510E8B25796F090E8C2104
:10889A007A6F88C57BF589C57CF5D8EC59F012004A
:1088AA000501A06F0501A051D8B45EEF44F060EF56
:1088BA0044F082EF44F09BBF67EF44F065EF44F069
:1088CA0082EF44F098C59CF599C59DF59AC59EF529
:1088DA009BC59FF59C1F9D1F9E1F9F1F9C2B000ED3
:1088EA009D239E239F239CC5A2F59DC5A3F59EC5E6
:1088FA00A4F59FC5A5F58AEF44F098C5A2F599C5D8
:10890A00A3F59AC5A4F59BC5A5F5985199119A1195
:10891A009B11D8A493EF44F095EF44F09FEF44F0F5
:10892A00000E986F000E996F000E9A6F000E9B6FE3
:10893A0030EF45F0960EA16FA9EF44F0A12BD89025
:10894A00A533A433A333A233000EA2159C6F000EE5
:10895A00A3159D6F000EA4159E6FFE0EA5159F6FA1
:10896A009C519D119E119F11D8A4BEEF44F0C0EFF7
:10897A0044F0A3EF44F0CEEF44F0A12B010EA2275E
:10898A00000EA323A423A523D890A533A433A3338D
:10899A00A233000EA2159C6F000EA3159D6F000E48
:1089AA00A4159E6FFF0EA5159F6F9C519D119E11D8
:1089BA009F11D8A4E3EF44F0E5EF44F0C2EF44F08E
:1089CA00EDEF44F0A107D890A237A337A437A53713
:1089DA00A4BFF2EF44F0F4EF44F0FCEF44F0020ECF
:1089EA00A161FAEF44F0FCEF44F0E7EF44F0A1B1E3
:1089FA0001EF45F003EF45F004EF45F0A49FD8904E
:108A0A00A133A1C59CF59D6B9E6B9F6B9CC59FF581
:108A1A009E6B9D6B9C6B9C51A2139D51A3139E51FF
:108A2A00A4139F51A513A051D8B41EEF45F020EF0F
:108A3A0045F028EF45F09BBF27EF45F025EF45F0BD
:108A4A0028EF45F0A58FA2C598F5A3C599F5A4C549
:108A5A009AF5A5C59BF51200000E06018A6F000E55
:108A6A008B6F000E8C6F000E8D6F21EE79F2100E57
:108A7A00DE6AE806FDE2790E0501636F060E646F91
:108A8A0075C665F576C666F5000E686F110E676FD6
:108A9A0072EC60F00601946B9451776F786B070E55
:108AAA007727000E7823790E7725D96E060E78215E
:108ABA00DA6E8A0E9425E16EE26A060EE222DFC4BD
:108ACA00E7F4150E0601776FC60EE82EFED7772F4C
:108ADA00FCD700000601942B030E946577EF45F04E
:108AEA0079EF45F051EF45F08A0E0501BF6F060E8A
:108AFA00C06F040EC16F540E43EC66F0D00E06012F
:108B0A00776FC90EE82EFED7772FFCD700D0550E07
:108B1A000601796F040E0501786F540EEAEC64F0D1
:108B2A0078C58EF679C58FF6800E0501636F060E3D
:108B3A00646F8EC665F58FC666F5000E686F040E03
:108B4A00676F72EC60F0030E0501786F5C0EEAEC59
:108B5A0064F078C590F679C591F6060120EE02F028
:108B6A009051D9269151DA22DF50846F790E05018E
:108B7A00636F060E646F0F0E656FC5EC5CF063C51C
:108B8A0092F664C593F692C689F606019351886FE8
:108B9A00956B0B0E636F3E0E646F790E9525D96E39
:108BAA00DA6A060EDA22DF50776F7751656F666BE5
:108BBA00B5EC66F0100E06019561E6EF45F0E8EFB8
:108BCA0045F0EEEF45F0D20E636F3D0E646FB5ECE3
:108BDA0066F00601952B100E9565F6EF45F0F8EF55
:108BEA0045F0CEEF45F0790E0501636F060E646F0E
:108BFA00000E666F000E656F000E686F110E676FCC
:108C0A0076EC64F0120034C767F535C768F536C7E5
:108C1A0069F537C76AF5FDEC5BF067C509F668C503
:108C2A000AF669C50BF66AC50CF61C0EE5EC2BF0C4
:108C3A000501F5510601086FDA51D8B427EF46F05D
:108C4A0029EF46F042EF46F00C510B110BE1880E6A
:108C5A00095D130E0A59D8A035EF46F037EF46F0F2
:108C6A00D7EF46F0DA6B000ECE6F000ECD6F010E15
:108C7A00DE6FD7EF46F0D7EF46F0D951D8B448EFB8
:108C8A0046F04AEF46F050EF46F0000ECE6F010E66
:108C9A00CD6FD7EF46F00805D8A456EF46F058EF47
:108CAA0046F09CEF46F0DC51D8A45EEF46F060EF48
:108CBA0046F06FEF46F0ABEC68F063C534F764C575
:108CCA0035F765C536F766C537F7010E0601DC6F5D
:108CDA00D7EF46F00C510B110BE1E90E095D030EBB
:108CEA000A59D8A07BEF46F07DEF46F0D7EF46F061
:108CFA00000ECE6F010ECD6F010EDA6FABEC68F08D
:108D0A0063C534F764C535F765C536F766C537F701
:108D1A000601DC6BD82B040ED86596EF46F098EF67
:108D2A0046F040EF46F0010ED96FD7EF46F0020E3B
:108D3A000819D8A4A3EF46F0A5EF46F0D0EF46F005
:108D4A00DB51D8A4ABEF46F0ADEF46F0BCEF46F0EE
:108D5A00ABEC68F063C534F764C535F765C536F71B
:108D6A0066C537F7010E0601DB6FD7EF46F00C51E7
:108D7A000B110A1109E1C90E095DD8A0C7EF46F027
:108D8A00C9EF46F0D7EF46F0000ECE6F020ECD6F58
:108D9A00DB6BD7EF46F0000ECE6F000ECD6FDC6BAB
:108DAA00CDEF46F012004B50020D000EF324D96E9F
:108DBA00080EF420DA6EDE6ADD6A0201B2A7E8EF75
:108DCA0046F0EAEF46F00CEF47F04B50020D000E6A
:108DDA00F324D96E080EF420DA6E0801DF82070147
:108DEA006A516B116C11D8B4FDEF46F0FFEF46F0F3
:108DFA000CEF47F002D80CEF47F00500FA6E6A5103
:108E0A00FD6E6B51FE6E6C51FF6EFA50120002013C
:108E1A00B2A312EF47F014EF47F036EF47F04B508A
:108E2A00020D000EF324D96E080EF420DA6E080142
:108E3A00DF840701675168116911D8B427EF47F039
:108E4A0029EF47F036EF47F002D836EF47F0050032
:108E5A00FA6E6751FD6E6851FE6E6951FF6EFA50E7
:108E6A0012000201B2AD3CEF47F03EEF47F060EF6F
:108E7A0047F04B50020D000EF324D96E080EF42071
:108E8A00DA6E0801DF800701645165116611D8B4F2
:108E9A0051EF47F053EF47F060EF47F002D860EF29
:108EAA0047F00500FA6E6451FD6E6551FE6E66511B
:108EBA00FF6EFA501200A1C224F54B281F0B256E33
:108ECA004A502518D8A46CEF47F06EEF47F070EFC0
:108EDA0047F07BEF47F0000E4B24D96EDA6A090E91
:108EEA00DA2224C5DFF425C54BF5492A0701585172
:108EFA0059115A11D8B484EF47F086EF47F093EF2F
:108F0A0047F002D893EF47F00500FA6E5851FD6E0C
:108F1A005951FE6E5A51FF6EFA501200120021EE9C
:108F2A0077F2100EDE6AE806FDE2770E0501636F3E
:108F3A00060E646F75C665F576C666F5000E686F2F
:108F4A00110E676F72EC60F006017E05D8A4B0EFCF
:108F5A0047F0B2EF47F0D3EF47F0060E05016B6F0B
:108F6A00000E6C6F000E6D6F7FC66EF53CEC5DF007
:108F7A00150E0501FC6FC60EE82EFED7FC2FFCD796
:108F8A000000060E0501696F000E6A6F000E6B6F16
:108F9A00C1EC62F00601C06FFCEF47F0020E7E19C9
:108FAA00D8A4DAEF47F0DCEF47F0FCEF47F0060E03
:108FBA0005016B6F000E6C6F000E6D6F7FC66EF54C
:108FCA003CEC5DF0150E0501FC6FC60EE82EFED7CF
:108FDA00FC2FFCD70000060E0501696F000E6A6FB0
:108FEA00000E6B6FC1EC62F000080601C06F550EEF
:108FFA00776F770E0501636F060E646F0F0E656F4C
:10900A00C5EC5CF063C588F664C589F688C687F640
:10901A0006018951866F8A6B0B0E636F3E0E646F71
:10902A00770E8A25D96EDA6A060EDA22DF50050132
:10903A00FC6FFC510601656F666BB5EC66F0100EAD
:10904A0006018A612BEF48F02DEF48F033EF48F024
:10905A00D20E636F3D0E646FB5EC66F006018A2B83
:10906A00100E8A653BEF48F03DEF48F011EF48F0EB
:10907A00770E0501636F060E646F000E656F000EB2
:10908A00666F000E686F110E676F72EC60F0120067
:10909A00050120EE03F07851D9267951DA22DF5002
:1090AA00636F20EE02F07851D9267951DA22DF5027
:1090BA0046EC5CF063C57AF564C57BF5460E05019E
:1090CA007A5D050E7B59D8A06DEF48F06FEF48F036
:1090DA0073EF48F0050E7B6F460E7A6F580E7A5D75
:1090EA00020E7B59D8B07CEF48F07EEF48F082EF51
:1090FA0048F0020E7B6F580E7A6F7AC547F57BC52A
:10910A0048F578C5D9F479C5DAF4DF50FF6FFF5115
:10911A00D8B492EF48F094EF48F0A8EF48F0150E53
:10912A00FF619AEF48F09CEF48F09EEF48F0140E6A
:10913A00FF6F630EFF65A4EF48F0A6EF48F0A8EFB3
:10914A0048F0640EFF6F20EE07F07851D926795166
:10915A00DA22DF50636F20EE06F07851D926795172
:10916A00DA22DF5046EC5CF063C57CF564C57DF518
:10917A0005017D5109E1960E7C5DD8A0C7EF48F044
:10918A00C9EF48F0CDEF48F0000E7D6F960E7C6F68
:10919A007D5107E13C0E7C5DD8B0D6EF48F0D8EFA0
:1091AA0048F0DCEF48F0000E7D6F3C0E7C6F7CC50A
:1091BA0045F57DC546F520EE04F07851D92679515A
:1091CA00DA22DF50FE6FFE51D8B4EEEF48F0F0EF2E
:1091DA0048F004EF49F0150EFE61F6EF48F0F8EF9B
:1091EA0048F0FAEF48F0140EFE6F630EFE6500EFCA
:1091FA0049F002EF49F004EF49F0640EFE6F1200E5
:10920A00F80E0501696F030E6A6F000E6B6FC1ECF1
:10921A0062F00501786FF90E696F030E6A6F000E2E
:10922A006B6FC1EC62F00501796FFA0E696F030E7C
:10923A006A6F000E6B6FC1EC62F005017A6FFB0E6C
:10924A00696F030E6A6F000E6B6FC1EC62F0050165
:10925A007B6FFC0E696F030E6A6F000E6B6FC1ECB9
:10926A0062F005017C6FFD0E696F030E6A6F000ED6
:10927A006B6FC1EC62F005017D6F060E7819D8A4F8
:10928A0049EF49F04BEF49F077EF49F0050E7919AC
:10929A00D8A452EF49F054EF49F077EF49F0040EA1
:1092AA007A19D8A45BEF49F05DEF49F077EF49F0FE
:1092BA00030E7B19D8A464EF49F066EF49F077EF03
:1092CA0049F0020E7C19D8A46DEF49F06FEF49F00E
:1092DA0077EF49F07D05D8B475EF49F077EF49F09B
:1092EA007AEF49F0000EB3EF49F0FE0E696F030EF4
:1092FA006A6F000E6B6FC1EC62F00501766FFF0EAC
:10930A00696F030E6A6F000E6B6FC1EC62F00501A4
:10931A00776F775176C570F5716B70C571F5706BA3
:10932A007011726F7151736F780E636F050E646FEF
:10933A00060E656F9BEC60F063C574F564C575F540
:10934A0005017451721907E175517319D8A4B0EF68
:10935A0049F0B2EF49F077EF49F0010E1200060129
:10936A00C4BFBAEF49F0BCEF49F0BDEF49F0D19361
:10937A00C4BFC4EF49F0C2EF49F0CBEF49F0000E89
:10938A000501886F010E876FCFEF49F0C3C687F5D5
:10939A00C4C688F5C1C689F5C2C68AF5000E05019C
:1093AA008D6F4F0E8C6F0901A06B0FEF4AF005010C
:1093BA008C07D8A08D0782510F0B8B6F0A0E8B6119
:1093CA00E9EF49F0EBEF49F0EFEF49F0300E8B2768
:1093DA00F1EF49F0370E8B27510E8C25D96E090E05
:1093EA008D21DA6E8BC5DFF48707D8A08807890735
:1093FA00D8A08A0782C584F583C585F5040E866FD1
:10940A00D89085338433862F05EF4AF084C582F5D8
:10941A0085C583F505018DBF1CEF4AF08D5109E121
:10942A00020E8C5DD8A01CEF4AF01EEF4AF049EFFD
:10943A004AF082518311D8A425EF4AF027EF4AF067
:10944A00DCEF49F088BF34EF4AF0885106E187051E
:10945A00D8B032EF4AF034EF4AF0DCEF49F08ABF75
:10946A003FEF4AF08A5108E18905D8A03FEF4AF058
:10947A0041EF4AF049EF4AF00601D1B347EF4AF00B
:10948A0049EF4AF0DCEF49F080C577F581C578F5F8
:10949A00510E05018C25796F090E8D217A6F89C5C8
:1094AA007BF58AC57CF5D8EC59F01200000E05014F
:1094BA00656F570E646FF10E666F070E676F000EC9
:1094CA00696F020E686F99EC5FF00009D8B470EF0B
:1094DA004AF072EF4AF05BEF4AF0000E0501656F41
:1094EA00570E646F5C0E666F050E676F000E696F2C
:1094FA00010E686FC5EC5FF00009D8B487EF4AF037
:10950A0089EF4AF072EF4AF0680E05016B6FE40EBC
:10951A00E82EFED76B2FFCD700005CC551F5680E0C
:10952A0005016B6FE40EE82EFED76B2FFCD7000007
:10953A00C00E5118D8A4A4EF4AF0A6EF4AF0A8EF3B
:10954A004AF0E8EF4AF0000E0501656F570E646FA6
:10955A00EC0E666F080E676F000E696F130E686F68
:10956A0099EC5FF00009D8B4BDEF4AF0BFEF4AF0BA
:10957A00A8EF4AF0680E05016B6FE40EE82EFED7DD
:10958A006B2FFCD70000000E0501656F570E646F44
:10959A00F10E666F070E676F000E696F030E686F34
:1095AA00C5EC5FF00009D8B4DDEF4AF0DFEF4AF00E
:1095BA00C8EF4AF02A0E05016B6F8D0EE82EFED712
:1095CA006B2FFCD700D0D00E05016B6FC90EE82EA9
:1095DA00FED76B2FFCD700D01200000E0601001533
:1095EA000501E86F000E060101150501E96F800EFD
:1095FA00060102150501EA6F7F0E06010315050132
:10960A00EB6FE851E911EA11EB11D8A40FEF4BF017
:10961A0011EF4BF01AEF4BF0000E0601006F000E2F
:10962A00016F000E026F000E036F000E0601041593
:10963A000501E86F000E060105150501E96F800EA8
:10964A00060106150501EA6F7F0E060107150501D9
:10965A00EB6FE851E911EA11EB11D8A437EF4BF09F
:10966A0039EF4BF042EF4BF0000E0601046F000E8B
:10967A00056F000E066F000E076F060103AF48EF75
:10968A004BF04AEF4BF053EF4BF0006D011FD8B08F
:10969A00012B021FD8B0022B800E035707AF58EFD9
:1096AA004BF05AEF4BF063EF4BF0046D051FD8B047
:1096BA00052B061FD8B0062B800E0757000E001B7D
:1096CA00000E011B000E021B800E031B000E041B62
:1096DA00000E051B000E061B800E071B0451005DC1
:1096EA00055101590651025907510359D8B080EF63
:1096FA004BF082EF4BF085EF4BF0D89086EF4BF0B2
:10970A00D880120008C663F509C664F50AC665F56D
:10971A000BC666F59CEC51F0050163516411D8A49F
:10972A0099EF4BF09BEF4BF0A5EF4BF00CC608F608
:10973A000DC609F60EC60AF60FC60BF61AEF4CF05E
:10974A000CC663F50DC664F50EC665F50FC666F55B
:10975A009CEC51F0050163516411D8A4B7EF4BF0AA
:10976A00B9EF4BF0C3EF4BF008C608F609C609F685
:10977A000AC60AF60BC60BF61AEF4CF008C663F5D2
:10978A0009C664F50AC665F50BC666F5C4EC60F051
:10979A0063C5ECF564C5EDF50CC663F50DC664F555
:1097AA000EC665F50FC666F5C4EC60F00501635197
:1097BA00EC1909E16451ED19D8B4E6EF4BF0E8EF82
:1097CA004BF0FEEF4BF008C663F509C664F50AC60E
:1097DA0065F50BC666F5C4EC60F0050163516411CA
:1097EA00D8A4FAEF4BF0FCEF4BF0B9EF4BF09BEF3C
:1097FA004BF008C600F609C601F60AC602F60BC601
:10980A0003F60CC604F60DC605F60EC606F60FC616
:10981A0007F6F2EC4AF00601D8A016EF4CF018EF62
:10982A004CF0B9EF4BF09BEF4BF0120010C663F50A
:10983A0011C664F512C665F513C666F59CEC51F0BF
:10984A00050163516411D8A42DEF4CF02FEF4CF0B1
:10985A0039EF4CF014C610F615C611F616C612F6F4
:10986A0017C613F6AEEF4CF014C663F515C664F5C9
:10987A0016C665F517C666F59CEC51F005016351ED
:10988A006411D8A44BEF4CF04DEF4CF057EF4CF06D
:10989A0010C610F611C611F612C612F613C613F642
:1098AA00AEEF4CF010C663F511C664F512C665F545
:1098BA0013C666F5C4EC60F063C5EEF564C5EFF552
:1098CA0014C663F515C664F516C665F517C666F5BA
:1098DA00C4EC60F005016351EE1909E16451EF1916
:1098EA00D8B47AEF4CF07CEF4CF092EF4CF010C603
:1098FA0063F511C664F512C665F513C666F5C4ECC0
:10990A0060F0050163516411D8A48EEF4CF090EF1A
:10991A004CF02FEF4CF04DEF4CF010C600F611C68C
:10992A0001F612C602F613C603F614C604F615C6E5
:10993A0005F616C606F617C607F6F2EC4AF0060151
:10994A00D8A0AAEF4CF0ACEF4CF02FEF4CF04DEF53
:10995A004CF0120021EE77F2100EDE6AE806FDE204
:10996A00770E0501636F060E646F75C665F576C6D8
:10997A0066F5000E686F110E676F72EC60F0550E97
:10998A000601776F040E0501786F540EEAEC64F055
:10999A0078C588F679C589F67E0E0501636F060ECD
:1099AA00646F88C665F589C666F5000E686F040E91
:1099BA00676F72EC60F0030E0501786F5C0EEAECDB
:1099CA0064F078C58AF679C58BF6060120EE02F0B6
:1099DA008A51D9268B51DA22DF50826F770E050120
:1099EA00636F060E646F0F0E656FC5EC5CF063C59E
:1099FA008CF664C58DF68CC687F606018D51866F86
:109A0A008E6B0B0E636F3E0E646F770E8E25D96ECA
:109A1A00DA6A060EDA22DF500501FC6FFC510601F4
:109A2A00656F666BB5EC66F0100E06018E6120EF6D
:109A3A004DF022EF4DF028EF4DF0D20E636F3D0E40
:109A4A00646FB5EC66F006018E2B100E8E6530EF52
:109A5A004DF032EF4DF006EF4DF0770E0501636FD2
:109A6A00060E646F000E666F000E656F000E686F5B
:109A7A00110E676F76EC64F0120063C5D9F464C501
:109A8A00DAF465C5DFF4050120EE01F06351D92649
:109A9A006451DA2266C5DEF467C5DEF468C5DEF411
:109AAA0069C5DEF420EE05F06351D9266451DA2245
:109ABA006AC5DEF46BC5DEF46CC5DEF46DC5DEF492
:109ACA0020EE09F06351D9266451DA226EC5DEF41C
:109ADA006FC5DEF470C5DEF471C5DEF420EE15F054
:109AEA006351D9266451DA2272C5DEF473C5DEF4F5
:109AFA0074C5DEF475C5DEF420EE19F06351D9267B
:109B0A006451DA2276C5DEF477C5DEF478C5DEF470
:109B1A0079C5DEF420EE0DF06351D9266451DA22BC
:109B2A00000EDE6E000EDE6E480EDE6E440EDD6E38
:109B3A0020EE11F06351D9266451DA22000EDE6E4E
:109B4A00000EDE6E480EDE6EC40EDD6E20EE1DF0D7
:109B5A006351D9266451DA22000EDE6E000EDE6EE3
:109B6A00000EDE6E000EDD6E20EE21F06351D92666
:109B7A006451DA22000EDE6E000EDE6E000EDE6E1C
:109B8A00000EDD6E20EE25F06351D9266451DA22EB
:109B9A007AC5DEF47BC5DDF41200C80E0501746FC8
:109BAA00000E756F000E766F000E776F6C51726F34
:109BBA006BC573F5FDEF4DF0050174517511761102
:109BCA007711D8A4EBEF4DF0EDEF4DF0EFEF4DF03C
:109BDA0061EF4EF07407000E755B765B775B150ECE
:109BEA000501706FC60EE82EFED7702FFCD7000055
:109BFA00000E0501656F530E646F720E666F050ED7
:109C0A00676F000E696F020E686F99EC5FF00009CA
:109C1A00D8B412EF4EF014EF4EF0E1EF4DF0C80E4B
:109C2A000501746F000E756F000E766F000E776F68
:109C3A003BEF4EF005017451751176117711D8A4D6
:109C4A0029EF4EF02BEF4EF02DEF4EF061EF4EF074
:109C5A007407000E755B765B775B150E0501706FF6
:109C6A00C60EE82EFED7702FFCD70000000E0501A5
:109C7A00656F530E646F6DC566F56EC567F5020EA6
:109C8A006F25686F696B000E6923C5EC5FF00009E8
:109C9A00D8B452EF4EF054EF4EF01FEF4EF0090ECB
:109CAA000501716F1E0E706FE40EE82EFED7702F3D
:109CBA00FCD7712FFAD70000120006011A351B359E
:109CCA000501F56FF551D8A46DEF4EF06FEF4EF028
:109CDA007AEF4EF0000E0601186F000E196F000E93
:109CEA001A6F000E1B6FEEEF4EF018C6F0F519C68C
:109CFA00F1F51AC6F2F51BC6F3F5200E8AEF4EF0FF
:109D0A00D890F333F233F133F033E82E85EF4EF087
:109D1A00F051F46F06011A8FFF0E1817FF0E19176C
:109D2A00FF0E1A17000E1B17960E0501F55FF5BFF9
:109D3A00A3EF4EF0A1EF4EF0BBEF4EF0F551800AC3
:109D4A00970FD8B0ABEF4EF0ADEF4EF0AFEF4EF04D
:109D5A006FEF4EF00601D8901B331A3319331833BC
:109D6A000501F53FAFEF4EF0D5EF4EF01F0EF5654A
:109D7A00C1EF4EF0C3EF4EF0CDEF4EF06FEF4EF065
:109D8A000601D890183719371A371B370501F50716
:109D9A00F551D8A4D3EF4EF0D5EF4EF0C5EF4EF003
:109DAA00F451D8B4DBEF4EF0DDEF4EF0E6EF4EF0B3
:109DBA0006011B1F1A1F191F186D000E19231A23DB
:109DCA001B2318C618F619C619F61AC61AF61BC6A0
:109DDA001BF612008FEC55F0596E5950D8B4F8EFB3
:109DEA004EF0FAEF4EF02EEF4FF058505918D8B403
:109DFA0001EF4FF003EF4FF031EF4FF05904D8A4C1
:109E0A0009EF4FF00BEF4FF010EF4FF0030E1CEC81
:109E1A0060F02AEF4FF0020E5918D8A417EF4FF04E
:109E2A0019EF4FF01EEF4FF0010E1CEC60F02AEF15
:109E3A004FF0030E5918D8A425EF4FF027EF4FF033
:109E4A002AEF4FF0020E1CEC60F059C558F531EFBD
:109E5A004FF0586A0601E16B5904D8A437EF4FF066
:109E6A0039EF4FF03BEF4FF07AEF4FF0F3EC37F06A
:109E7A0005017DC598F57EC599F59A6B9B6B000E19
:109E8A0055EC44F098C550F799C551F79AC552F761
:109E9A009BC553F75A04D8B455EF4FF057EF4FF01C
:109EAA0060EF4FF00601E005D8A45EEF4FF060EFD7
:109EBA004FF078EF4FF0D89048300601636F473083
:109ECA00626F62C698F563C699F505019A6B9B6B3A
:109EDA00000E55EC44F098C550F799C551F79AC54C
:109EEA0052F79BC553F751EC39F0120030C767F5AA
:109EFA0031C768F532C769F533C76AF5FDEC5BF01F
:109F0A0067C508F668C509F669C50AF66AC50BF693
:109F1A00110EE5EC2BF0F5C50CF6F6C50DF60601AB
:109F2A000C050D11D8A49CEF4FF09EEF4FF0CAEF2D
:109F3A004FF0D751D8A4A4EF4FF0A6EF4FF0B5EFEA
:109F4A004FF0ABEC68F063C530F764C531F765C50F
:109F5A0032F766C533F7010E0601D76F06EF50F0E8
:109F6A000B510A110BE1E90E085D030E0959D8A03D
:109F7A00C1EF4FF0C3EF4FF006EF50F0000ECC6F79
:109F8A00010ECB6FD76B06EF50F0020E0C190D11B4
:109F9A00D8A4D2EF4FF0D4EF4FF0FFEF4FF0D651E5
:109FAA00D8A4DAEF4FF0DCEF4FF0EBEF4FF0ABEC69
:109FBA0068F063C530F764C531F765C532F766C521
:109FCA0033F7010E0601D66F06EF50F00B510A1156
:109FDA00091109E1C90E085DD8A0F6EF4FF0F8EFB4
:109FEA004FF006EF50F0000ECC6F020ECB6FD66B1F
:109FFA0006EF50F0000ECC6F000ECB6FD76BFCEF64
:10A00A004FF012000501636F05016305D8A410EF34
:10A01A0050F012EF50F02EEF50F0000E0701B46F1F
:10A02A00000EB36F000EAB6F000EAC6F000EAD6F7B
:10A03A00000EAE6F000EAF6F000EB06F000EB16F64
:10A04A00000EB26F000E0601C86F000EC76F8FEFC9
:10A05A0050F0020E6319D8A435EF50F037EF50F0E4
:10A06A0053EF50F0000E0801A76F000EA66F000E06
:10A07A009E6F000E9F6F000EA06F000EA16F000E64
:10A08A00A26F000EA36F000EA46F000EA56F000E44
:10A09A000601C66F000EC56F8FEF50F0030E6319ED
:10A0AA00D8A45AEF50F05CEF50F08FEF50F0000E4A
:10A0BA000701B46F000EB36F000EAB6F000EAC6FEA
:10A0CA00000EAD6F000EAE6F000EAF6F000EB06FD8
:10A0DA00000EB16F000EB26F000E0801A76F000EDE
:10A0EA00A66F000E9E6F000E9F6F000EA06F000EEF
:10A0FA00A16F000EA26F000EA36F000EA46F000ED8
:10A10A00A56F000E0601C86F000EC76F000EC66F5E
:10A11A00000EC56F1200050120EE08F06351D92622
:10A12A006451DA22DF50D8B49DEF50F09FEF50F01F
:10A13A00CBEF50F020EE08F06351D9266451DA22B1
:10A14A00150EDF60ABEF50F0ADEF50F0B5EF50F009
:10A15A0020EE08F06351D9266451DA22140EDF6E1C
:10A16A0020EE08F06351D9266451DA22630EDF64C7
:10A17A00C1EF50F0C3EF50F0CBEF50F020EE08F0F3
:10A18A006351D9266451DA22640EDF6E20EE08F09C
:10A19A006351D9266451DA22DF50FF6F20EE0AF0AC
:10A1AA006351D9266451DA22DF50D8B4DFEF50F078
:10A1BA00E1EF50F00DEF51F020EE0AF06351D9268D
:10A1CA006451DA22150EDF60EDEF50F0EFEF50F038
:10A1DA00F7EF50F020EE0AF06351D9266451DA22E3
:10A1EA00140EDF6E20EE0AF06351D9266451DA228A
:10A1FA00630EDF6403EF51F005EF51F00DEF51F0FC
:10A20A0020EE0AF06351D9266451DA22640EDF6E19
:10A21A0020EE0AF06351D9266451DA22DF50FE6F2C
:10A22A0012000501786B76BF1FEF51F01DEF51F058
:10A23A0029EF51F0761F751F741F736D000E74237A
:10A24A0075237623010E786F72BF30EF51F02EEF2F
:10A25A0051F03AEF51F0721F711F701F6F6D000EAF
:10A26A00702371237223010E781B000E796F000E82
:10A27A007A6F000E7B6F000E7C6F7351741175112B
:10A28A007611D8B44BEF51F04DEF51F083EF51F006
:10A29A00010E776F57EF51F0D890733774377537CF
:10A2AA007637772B76AF5CEF51F05EEF51F051EFD6
:10A2BA0051F0D89079377A377B377C3773516F5D95
:10A2CA00745170597551715976517259D8A070EFFD
:10A2DA0051F072EF51F07BEF51F073516F5F74518F
:10A2EA00705B7551715B7651725B7981D890763368
:10A2FA00753374337333772F5EEF51F07851D8B4D6
:10A30A0089EF51F08BEF51F093EF51F07C1F7B1FD7
:10A31A007A1F796D000E7A237B237C2379C56FF52A
:10A32A007AC570F57BC571F57CC572F5120010C748
:10A33A006DF511C76EF512C76FF513C770F563C5D2
:10A34A006DF564C56EF565C56FF566C570F56DC5C5
:10A35A0067F56EC568F56FC569F570C56AF5180EBB
:10A36A00BDEF51F00501D8906A336933683367331A
:10A37A00E82EB7EF51F067516B6F6C6B6B516C1134
:10A38A00D8A4CAEF51F0CCEF51F0ECEF51F0D890CD
:10A39A006D35676F6E35686F6F35696F70356A6FC7
:10A3AA006751681169116A11D8A4DEEF51F0E0EF24
:10A3BA0051F0E6EF51F0000E646F020E636F1BEF6F
:10A3CA0052F0000E646F030E636F1BEF52F06B299D
:10A3DA006C11D8A4F3EF51F0F5EF51F017EF52F0EA
:10A3EA006DC567F56EC568F56FC569F570C56AF51F
:10A3FA00090ED8906737683769376A37E82EFEEF53
:10A40A0051F06751681169116A11D8B40FEF52F00F
:10A41A0012EF52F0010E13EF52F0000E636F646BED
:10A42A001BEF52F0000E646F040E636F120080EC93
:10A43A0053F0090E0601786F1E0E776FE40EE82EB0
:10A44A00FED7772FFCD7782FFAD7000005EC49F012
:10A45A00E806D8A433EF52F035EF52F097EF52F0F6
:10A46A00010E0601E26F75C6D9F476C6DAF4550E06
:10A47A00DF6E75C663F576C664F50F0E0501656F66
:10A48A00C5EC5CF063C579F664C57AF6060120EE80
:10A49A0010F07551D9267651DA2279C6DFF420EE0A
:10A4AA000FF07551D9267651DA227A51DF6E7B6B1D
:10A4BA000B0E636F3E0E646F7B517525D96E000ECD
:10A4CA007621DA6EDF50776F7751656F666BB5EC80
:10A4DA0066F0100E06017B6175EF52F077EF52F0CD
:10A4EA007DEF52F0D20E636F3D0E646FB5EC66F0ED
:10A4FA0006017B2B100E7B6585EF52F087EF52F039
:10A50A005DEF52F075C663F576C664F5000E050177
:10A51A00666F000E656F000E686F110E676F76EC3E
:10A52A0064F0FF001200AC0EF66EC70EF76E000E56
:10A53A00F86E02EEBCF010EE43F00900F5C4EEF43A
:10A54A00E550E150FAE1240EF66ED20EF76E000ED7
:10A55A00F86E01EEEBF310EE0CF00900F5C4EEF420
:10A56A00E550E150FAE1EA0EF66ED20EF76E000EF1
:10A57A00F86E01EEF1F210EE04F00900F5C4EEF403
:10A58A00E550E150FAE1200EF66ED30EF76E000E9A
:10A59A00F86E0900F5C45DF50900F5C45EF502EE32
:10A5AA0000F3AC0EEE6AE806FDE102EE00F2C80E18
:10A5BA00EE6AE806FDE102EE00F1E90EEE6AE8064F
:10A5CA00FDE102EE00F0BC0EEE6AE806FDE101EEE6
:10A5DA0000F3DC0EEE6AE806FDE101EEA4F24D0E90
:10A5EA00EE6AE806FDE10501FF6BFE6BFD6B01EE0D
:10A5FA0030F12D0EEE6AE806FDE10401080E5D6FEA
:10A60A00300E5E6F000E5F6F0001C7EF65F0C80E77
:10A61A000501BA6F000EBB6F000EBC6F000EBD6F56
:10A62A006C51726F6BC573F5BE6B32EF53F0BE514E
:10A63A006D25D96E000E6E21DA6EBE51706F716B88
:10A64A00020E7027000E7123720E7025E16E050E40
:10A65A007121E26EDFC4E7F4BE2B6F51BE5DD8A054
:10A66A0039EF53F03BEF53F01CEF53F059EF53F02F
:10A67A000501BA51BB11BC11BD11D8A447EF53F063
:10A68A0049EF53F04BEF53F07FEF53F0BA07000E48
:10A69A00BB5BBC5BBD5B150E0501706FC60EE82E79
:10A6AA00FED7702FFCD70000000E0501656F530E10
:10A6BA00646F720E666F050E676F020E6F25686F04
:10A6CA00696B000E692399EC5FF00009D8B470EF4A
:10A6DA0053F072EF53F03DEF53F0090E0501716F1D
:10A6EA001E0E706FE40EE82EFED7702FFCD7712F66
:10A6FA00FAD70000120021EEEBF311EE6FF1050E0E
:10A70A00DBC4E3F4E806FCE26F0E0501636F050E95
:10A71A00646F060E656F9BEC60F063C577F564C5E0
:10A72A0078F505017851756F77C576F5F80E6B6F78
:10A73A00030E6C6F000E6D6F6FC56EF53CEC5DF02D
:10A74A00F90E05016B6F030E6C6F000E6D6F70C50D
:10A75A006EF53CEC5DF0FA0E05016B6F030E6C6F43
:10A76A00000E6D6F71C56EF53CEC5DF0FB0E0501D8
:10A77A006B6F030E6C6F000E6D6F72C56EF53CEC5D
:10A78A005DF0FC0E05016B6F030E6C6F000E6D6FB2
:10A79A0073C56EF53CEC5DF0FD0E05016B6F030EA3
:10A7AA006C6F000E6D6F74C56EF53CEC5DF0FE0EBD
:10A7BA0005016B6F030E6C6F000E6D6F75C56EF53C
:10A7CA003CEC5DF0FF0E05016B6F030E6C6F000E23
:10A7DA006D6F76C56EF53CEC5DF012008E0E0501CC
:10A7EA00636F070E646F010E656F0A0E666FD70EF0
:10A7FA00676FA30E686F3D0E696F6F0E6A6F120E58
:10A80A006B6F030E6C6F3B0E6D6F9A0E6E6F990E27
:10A81A006F6F190E706F3E0E716F000E726F000E21
:10A82A00736F480E746F450E756F000E766F000ECB
:10A83A00776F000E786F000E796F000E7B6F000E37
:10A84A007A6F42EC4DF0810E0501636F080E646F5A
:10A85A00020E656F9A0E666F990E676F990E686F92
:10A86A003E0E696F170E6A6FB70E6B6FD10E6C6F63
:10A87A00380E6D6F170E6E6FB70E6F6FD10E706F49
:10A88A00380E716F000E726F000E736F480E746F80
:10A89A00450E756F000E766F000E776F000E786F9B
:10A8AA00000E796F000E7B6F000E7A6F42EC4DF04E
:10A8BA001200000E05016B6F000E6A6F63C5D9F4B2
:10A8CA0064C5DAF4DEC4F6F4DDC4F7F4000EF86EFB
:10A8DA000800F5502A0AD8A475EF54F077EF54F01F
:10A8EA00AAEF54F063C5D9F464C5DAF4DE2A000E7F
:10A8FA00DD2265C5D9F466C5DAF4DFC467F5020E50
:10A90A00DE26DFC468F5000EDD2267C5D9F468C506
:10A91A00DAF4DEC46AF5DDC46BF5C0EF54F00A0E52
:10A92A006A03F3C467F5F4C468F56B03F350682748
:10A93A00695167256A6F000E68216B6F63C5D9F488
:10A94A0064C5DAF4DE2A000EDD2263C5D9F464C5D3
:10A95A00DAF4DEC4F6F4DDC4F7F4000EF86E08008B
:10A96A00F550D00F696F090E6965BEEF54F0C0EF5C
:10A97A0054F094EF54F06AC563F56BC564F51200A0
:10A98A00050169516A11D8B4CDEF54F0CFEF54F0F4
:10A99A00D8EF54F069516A11D8A4D6EF54F0D8EF21
:10A9AA0054F0DDEF54F06751BAEC61F02AEF55F03C
:10A9BA0020EE09F06951D9266A51DA22DE50DE10FA
:10A9CA00D8B4EAEF54F0ECEF54F007EF55F020EE6C
:10A9DA0009F06951D9266A51DA2210EE02F069515A
:10A9EA00E1266A51E222DE50E65CE650800A6F6F89
:10A9FA00DE50800A6F59D8B005EF55F007EF55F0D1
:10AA0A002AEF55F020EE02F06951D9266A51DA226E
:10AA1A00DEC46BF5DDC46CF569C5D9F46AC5DAF430
:10AA2A00DEC46DF5DDC46EF56B516D25D96E6C51C2
:10AA3A006E21DA6E67C5DFF420EE02F06951D9267D
:10AA4A006A51DA22DE2A000EDD22120024C767F5D7
:10AA5A0025C768F526C769F527C76AF5FDEC5BF0D7
:10AA6A0067C579F568C57AF569C57BF56AC57CF568
:10AA7A0078EF55F07C517B117A1109E1650E795D09
:10AA8A00D8A04AEF55F04CEF55F08EEF55F07DEC1B
:10AA9A0069F0010E526EABEC68F063C524F764C529
:10AAAA0025F765C526F766C527F78EEF55F07C5161
:10AABA007B117A1109E1650E795DD8A067EF55F02F
:10AACA0069EF55F08EEF55F07FEC69F0526AABEC06
:10AADA0068F063C524F764C525F765C526F766C51A
:10AAEA0027F78EEF55F052500501776F786B785142
:10AAFA00000AD8B483EF55F08EEF55F07751000A6B
:10AB0A00D8B43FEF55F0010AD8B45CEF55F08EEF98
:10AB1A0055F012005E04D8B495EF55F097EF55F052
:10AB2A009AEF55F0010EF1EF55F00601E205D8A4AF
:10AB3A00A1EF55F0A3EF55F0A5EF55F097EF55F0BB
:10AB4A00020EE019D8A4ACEF55F0AEEF55F0B0EF15
:10AB5A0055F097EF55F00501FF51D8A4B7EF55F01E
:10AB6A00B9EF55F0C3EF55F0FE51D8A4BFEF55F039
:10AB7A00C1EF55F0C3EF55F097EF55F00601CD51EF
:10AB8A00CE11D8B4CBEF55F0CDEF55F0D8EF55F044
:10AB9A00CB51CC11D8B4D4EF55F0D6EF55F0D8EF4D
:10ABAA0055F097EF55F0CD51CE11D8B4DFEF55F0EF
:10ABBA00E1EF55F0E4EF55F0020EF1EF55F0CB510D
:10ABCA00CC11D8B4EBEF55F0EDEF55F0F0EF55F0AE
:10ABDA00030EF1EF55F0000E12000501686B66BF17
:10ABEA00FBEF55F0F9EF55F001EF56F0656D661F72
:10ABFA00D8B0662B010E686F64BF08EF56F006EFF7
:10AC0A0056F00EEF56F0636D641FD8B0642B010E38
:10AC1A00681B000E6A6F000E696F65516611D8B421
:10AC2A0019EF56F01BEF56F043EF56F0010E676F1F
:10AC3A0023EF56F0D89065376637672B66AF28EF53
:10AC4A0056F02AEF56F01FEF56F0D89069376A3758
:10AC5A006551635D66516459D8A036EF56F038EFF6
:10AC6A0056F03DEF56F06551635F6651645B69814A
:10AC7A00D89066336533672F2AEF56F06851D8B4F7
:10AC8A0049EF56F04BEF56F04FEF56F0696D6A1FD9
:10AC9A00D8B06A2B69C563F56AC564F51200BE6A45
:10ACAA00B00EBF6EC06AC16AC26A400EC36E0401AA
:10ACBA00026B300E0A6F126B1A6B226B2A6BDF0E55
:10ACCA00C66E8F0EC76E6F0EC86ED00EC96E0F0E8F
:10ACDA00CA6E9E0ECB6EDF0E006F0F0E086F4F0E00
:10ACEA00106FD10E186F070E206F9E0E286F016B22
:10ACFA00800E096F116B196B216B296B03690B6944
:10AD0A0013691B69070E236F2B6904690C6914699F
:10AD1A001C690F0E246F2C690201896B886B876B83
:10AD2A00866B150E726F1C0E196F1A0E1B6F200E92
:10AD3A00156F0C0E716F370E0D6F0D0E706F380E8A
:10AD4A000E6F0401056B066B076B0D6B0E6B0F6BB9
:10AD5A00156B166B176B256B266B276B1200D8C405
:10AD6A002CF558EC68F00009D8B4BEEF56F0C0EFE5
:10AD7A0056F0C8EF56F0030E3C6E0201979B57EC53
:10AD8A0064F010EF57F063EC68F00009D8B4D0EF24
:10AD9A0056F0D2EF56F0E4EF56F037EC68F00009BF
:10ADAA00D8B4DAEF56F0DCEF56F0E4EF56F0010EC5
:10ADBA003C6E0201979952EC67F010EF57F042ECA3
:10ADCA0068F00009D8B4ECEF56F0EEEF56F0FEEF5B
:10ADDA0056F037EC68F00009D8B4F6EF56F0F8EF01
:10ADEA0056F0FEEF56F0020E3C6E02019799E0EF24
:10ADFA0056F04DEC68F00009D8B406EF57F008EFAA
:10AE0A0057F00EEF57F0030E3C6E0201979D10EFBC
:10AE1A0057F0020197993C502CC5D8F4110005014E
:10AE2A00656F05016505D8A41DEF57F01FEF57F0B0
:10AE3A0029EF57F0000E646F000E636F24EC69F07F
:10AE4A0085EC69F06EEF57F0020E6519D8A430EF61
:10AE5A0057F032EF57F03CEF57F0000E646F000ED8
:10AE6A00636F1EEC69F083EC69F06EEF57F0020E27
:10AE7A006519D8A443EF57F045EF57F047EF57F05D
:10AE8A006EEF57F0020E6519D8A44EEF57F050EF47
:10AE9A0057F052EF57F06EEF57F0050E6519D8A428
:10AEAA0059EF57F05BEF57F06EEF57F0000E646FF3
:10AEBA00000E636F24EC69F085EC69F0000E050161
:10AECA00646F000E636F1EEC69F083EC69F06EEF3D
:10AEDA0057F01200050120EE40F06351D926645163
:10AEEA00DA22DF50656F0F0E651720EE40F06351CE
:10AEFA00D9266451DA22DF50666F66390F0B0A0DC4
:10AF0A00F3506525696F20EE41F06351D9266451EB
:10AF1A00DA22DF50656F0F0E651720EE41F063519C
:10AF2A00D9266451DA22DF50666F66390F0B0A0D93
:10AF3A00F35065256A6F6951640DF3C465F5F4C46D
:10AF4A0066F56A5165250601F16F0501000E662155
:10AF5A000601F26FE80E0501656F030E666F655113
:10AF6A000601F103F3C467F5F4C468F5F203F3507C
:10AF7A000501682766510601F1030501F3506827A8
:10AF8A0067C5F1F668C5F2F61200FAC401F5FBC40A
:10AF9A0002F5B39E77A0D4EF57F0D6EF57F0F8EF4B
:10AFAA0057F076A0DBEF57F0DDEF57F0F8EF57F0E8
:10AFBA0076900601B851B911BA11D8B4E7EF57F033
:10AFCA00E9EF57F01FEF58F002D8F6EF57F00500F7
:10AFDA00FA6EB851FD6EB951FE6EBA51FF6EFA5053
:10AFEA0012001FEF58F077A2FDEF57F0FFEF57F06E
:10AFFA001FEF58F076A204EF58F006EF58F01FEF53
:10B00A0058F076920601B551B611B711D8B410EFBF
:10B01A0058F012EF58F01FEF58F002D81FEF58F00F
:10B02A000500FA6EB551FD6EB651FE6EB751FF6E50
:10B03A00FA50120002C5FBF401C5FAF41100FAC471
:10B04A0005F5FBC406F5B59E86A02EEF58F030EF45
:10B05A0058F052EF58F085A035EF58F037EF58F016
:10B06A0052EF58F085900601AF51B011B111D8B422
:10B07A0041EF58F043EF58F079EF58F002D850EF0B
:10B08A0058F00500FA6EAF51FD6EB051FE6EB15127
:10B09A00FF6EFA50120079EF58F086A257EF58F077
:10B0AA0059EF58F079EF58F085A25EEF58F060EF4B
:10B0BA0058F079EF58F085920601AC51AD11AE11F6
:10B0CA00D8B46AEF58F06CEF58F079EF58F002D81C
:10B0DA0079EF58F00500FA6EAC51FD6EAD51FE6E77
:10B0EA00AE51FF6EFA50120006C5FBF405C5FAF41C
:10B0FA0011000501686B64BF87EF58F085EF58F0BF
:10B10A008DEF58F0636D641FD8B0642B010E686F21
:10B11A0066BF94EF58F092EF58F098EF58F0656DCB
:10B12A00661FD8B0662B65516611D8B49FEF58F0E8
:10B13A00A1EF58F0C5EF58F0010E676FA9EF58F06C
:10B14A00D89065376637672B66AFAEEF58F0B0EF29
:10B15A0058F0A5EF58F06551635D66516459D8A05F
:10B16A00B9EF58F0BBEF58F0BFEF58F06551635F85
:10B17A006651645BD89066336533672FB0EF58F039
:10B18A006851D8B4CBEF58F0CDEF58F0D1EF58F062
:10B19A00636D641FD8B0642B63C563F564C564F539
:10B1AA001200000E050163156B6F000E64156C6FBB
:10B1BA00800E65156D6F7F0E66156E6F6B516C1183
:10B1CA006D116E11D8A4ECEF58F0EEEF58F0F6EFCF
:10B1DA0058F0000E636F000E646F000E656F000E6C
:10B1EA00666F000E67156B6F000E68156C6F800E28
:10B1FA0069156D6F7F0E6A156E6F6B516C116D114B
:10B20A006E11D8A40BEF59F00DEF59F015EF59F064
:10B21A00000E676F000E686F000E696F000E6A6F8E
:10B22A00675163190FE1685164190CE16951651995
:10B23A0009E16A516619D8B425EF59F027EF59F098
:10B24A002AEF59F0D8902BEF59F0D8801200050157
:10B25A00656F05016505D8A435EF59F037EF59F048
:10B26A0048EF59F0E30E636F060E646F88EC5CF0EA
:10B27A00000E0701506F000E516F000E526F000E44
:10B28A00536F81EF59F0020E6519D8A44FEF59F0A8
:10B29A0051EF59F05EEF59F0C90E636F070E646FF4
:10B2AA0088EC5CF0000E0601D06F000ECF6F81EFC4
:10B2BA0059F0030E6519D8A465EF59F067EF59F0F4
:10B2CA0081EF59F0E30E636F060E646F88EC5CF051
:10B2DA00C90E0501636F070E646F88EC5CF0010EFE
:10B2EA000601F46FDF6B000E0701506F000E516FFD
:10B2FA00000E526F000E536F1200116A1150080DA2
:10B30A00BD0EF324D96E080EF420DA6EDE50DE107C
:10B31A00D8B492EF59F094EF59F0CEEF59F011509A
:10B32A00080DBD0EF324D96E080EF420DA6EDE067F
:10B33A00000EDD5A1150080DBD0EF324D96E080E09
:10B34A00F420DA6EDE50DE10D8A4AEEF59F0B0EF7A
:10B35A0059F0CEEF59F01150080DBC0EF324D96EF6
:10B36A00080EF420DA6E010EDF6E1150080DBF0EC2
:10B37A00F324D96E080EF420DA6E1150080DBD0EB2
:10B38A00F324E16E080EF420E26EDEC4E6F4DDC4B6
:10B39A00E5F4112A050E1164D5EF59F0D7EF59F0EB
:10B3AA0083EF59F012000601D1A1DEEF59F0E0EF68
:10B3BA0059F0EAEF59F079C570F57AC571F577C594
:10B3CA0072F578C573F579EC62F005017CBFF2EF8E
:10B3DA0059F0F0EF59F0F6EF59F0000E7C6F000EBD
:10B3EA007B6F000E7F6F000E7E6F09EF5AF0000E22
:10B3FA00686F200E676F77C569F578C56AF5C5EC81
:10B40A0054F005017E4B7F2B7B517E5D7F51800A74
:10B41A007D6F7C51800A7D59D8A016EF5AF018EF3B
:10B42A005AF0FCEF59F00601D1B11EEF5AF020EFA5
:10B43A005AF02AEF5AF079C570F57AC571F577C5D1
:10B44A0072F578C573F579EC62F01200A290B00E2D
:10B45A0007015B6F8D0E5C6F000E5D6FA292480E46
:10B46A00616FCA0E626F000E636F0201A26BA46B5A
:10B47A00A56BA66BA76BA86BA96BAA6BB00EAB6F7B
:10B48A00800EAC6F080EAD6F820EAE6F060EAF6FF8
:10B49A002E0EB06FB16B800EB26FB36B420E050108
:10B4AA00636FD30E646F000E656F9CEC67F0400EFD
:10B4BA000501636FD30E646F000E656F8AEC67F047
:10B4CA003E0E0501636FD30E646F000E656F78EC54
:10B4DA0067F0000E0701836F000E826F4D6A4C6A97
:10B4EA00200E0501FD6F4B6A4A6A496AA280120062
:10B4FA007DC585F57EC586F57FC587F580C588F546
:10B50A008EEF5AF08107D8A08207854B862B874B8E
:10B51A00882B050181518211D8B496EF5AF098EF21
:10B52A005AF0A9EF5AF087C5D9F488C5DAF485C567
:10B53A00E1F486C5E2F4DE50E618D8B4A7EF5AF073
:10B54A00A9EF5AF087EF5AF081518211D8A4B0EFCF
:10B55A005AF0B2EF5AF0B8EF5AF0000E7E6F000EB2
:10B56A007D6FCAEF5AF085C5D9F486C5DAF4DF5083
:10B57A00836F87C5D9F488C5DAF4DF50846F8451A4
:10B58A00835D7D6F7E6BD8A07E0712000501635133
:10B59A006411D8A4D3EF5AF0D5EF5AF0D7EF5AF086
:10B5AA0017EF5BF063C5D9F464C5DAF4000EDE6EFA
:10B5BA00000EDE6E000EDE6E000EDD6E20EE04F072
:10B5CA006351D9266451DA22000EDE6E000EDE6E59
:10B5DA00000EDE6E000EDD6E20EE08F06351D926F5
:10B5EA006451DA22000EDE6E000EDE6E000EDE6E92
:10B5FA00000EDD6E20EE0CF06351D9266451DA227A
:10B60A00DE6ADE6ADE6ADD6A20EE10F06351D92650
:10B61A006451DA22E80EDE6E030EDE6E000EDE6E76
:10B62A00000EDD6E1200050163516411D8A420EFEB
:10B63A005BF022EF5BF024EF5BF064EF5BF063C535
:10B64A00D9F464C5DAF465C5DEF466C5DEF467C507
:10B65A00DEF468C5DEF420EE04F06351D9266451A5
:10B66A00DA2265C5DEF466C5DEF467C5DEF468C5B0
:10B67A00DEF420EE08F06351D9266451DA2265C55A
:10B68A00DEF466C5DEF467C5DEF468C5DEF420EED6
:10B69A000CF06351D9266451DA22DE6ADE6ADE6A68
:10B6AA00DD6A20EE10F06351D9266451DA2269C5A9
:10B6BA00DEF46AC5DEF46BC5DEF46CC5DEF4120096
:10B6CC00D8C42AF502019BA56EEF5BF070EF5BF01E
:10B6DC007BEF5BF09AA575EF5BF077EF5BF07BEFA0
:10B6EC005BF065EC67F0B0EF5BF09BAF80EF5BF06D
:10B6FC0082EF5BF09CEF5BF09AAF87EF5BF089EF2A
:10B70C005BF09CEF5BF03B50D8B48FEF5BF091EFAC
:10B71C005BF098EF5BF03B6A9A919A9F3FEC67F075
:10B72C00B0EF5BF052EC67F077EF5BF09BA3A1EF0F
:10B73C005BF0A3EF5BF0B0EF5BF09AA3A8EF5BF0CC
:10B74C00AAEF5BF0B0EF5BF065EC69F002019A9345
:10B75C00B0EF5BF02AC5D8F41100D68A000ED6BE25
:10B76C00010E0501666FD69E550E0401596FAA0E87
:10B77C00596F59915F6B300E5E6F080E5D6F550EF1
:10B78C00596FAA0E596F5981050166B102D0D69E28
:10B79C0001D0D68E030165876589658F66816683C6
:10B7AC0069916993699569976D97AF90D680320EC0
:10B7BC000501636FD30E646F000E656FFDEC68F0CE
:10B7CC00B490D682340E0501636FD30E646F000EF5
:10B7DC00656FF6EC68F0B890D684360E0501636F91
:10B7EC00D30E646F000E656FEFEC68F01200ABECDB
:10B7FC0068F063C573F564C574F565C575F566C504
:10B80C0076F505016751735D685174596951755925
:10B81C006A517659D8A015EF5CF017EF5CF025EF64
:10B82C005CF06751735D676F68517459686F69514B
:10B83C007559696F6A5176596A6F45EF5CF0671DEF
:10B84C006B6F681D6C6F691D6D6F6A1D6E6F735128
:10B85C006B256F6F74516C21706F75516D21716F09
:10B86C0076516E21726F010E6F25676F000E70217D
:10B87C00686F000E7121696F000E72216A6F1200E1
:10B88C000501776F050177390F0B736F77510F0B2C
:10B89C00746F63390F0B756F63510F0B766F7551A6
:10B8AC000A0DF3C465F5F4C466F57451640DF3C464
:10B8BC0067F5F4C468F57351696F6A6BE80E690338
:10B8CC00F3C46BF5F4C46CF56A03F3506C27030EE8
:10B8DC006903F3506C2767516B256D6F68516C21B0
:10B8EC006E6F65516D256F6F66516E21706F76515D
:10B8FC006F25716F000E7021726F71C563F572C583
:10B90C0064F51200050163516411D8A490EF5CF04A
:10B91C0092EF5CF094EF5CF0C4EF5CF063C5D9F48B
:10B92C0064C5DAF4000EDE6E000EDE6E000EDE6E06
:10B93C00000EDD6E20EE04F06351D9266451DA223C
:10B94C00000EDE6E000EDE6E000EDE6E000EDD6E84
:10B95C0020EE08F06351D9266451DA22000EDE6E17
:10B96C00000EDE6E000EDE6E000EDD6E20EE0CF0B4
:10B97C006351D9266451DA22DE6ADD6A12000501B0
:10B98C0069696A69ECEF5CF063C5D9F464C5DAF4F3
:10B99C00DF506919686F634B642B070E6825F66ED0
:10B9AC00F76A320EF722F86A000EF8220800F550FA
:10B9BC006A19696F070E6825F66EF76A310EF72261
:10B9CC00F86A000EF8220800F5C46AF565076529C7
:10B9DC00D8A4F3EF5CF0F5EF5CF0CAEF5CF06A51C1
:10B9EC0069C566F5676B66C567F5666B6611636F4F
:10B9FC006751646F12000601A16BA151080DBC0EBA
:10BA0C00F324D96E080EF420DA6EDF50D8B411EF9F
:10BA1C005DF013EF5DF031EF5DF0A151080DBC0E40
:10BA2C00F324D96E080EF420DA6EDF6AA151080DEA
:10BA3C00C10EF324D96E080EF420DA6E02D831EF61
:10BA4C005DF00500FA6EDE50FD6EDE50FE6EDE50CF
:10BA5C00FF6EFA5012000601A12B050EA16539EFFD
:10BA6C005DF03BEF5DF003EF5DF0120005016D51F1
:10BA7C0009E1040E6C5DD8A046EF5DF048EF5DF077
:10BA8C004AEF5DF076EF5DF0AA0E646F550E636FB2
:10BA9C0018EC69F0000E05016B25636F000E6C212C
:10BAAC00646F380E6D21656F6EC566F513EC5FF033
:10BABC002CEC68F00009D8A466EF5DF068EF5DF03F
:10BACC005EEF5DF0EEEC67F0E806D8A470EF5DF089
:10BADC0072EF5DF074EF5DF059EC69F053EC69F0C6
:10BAEC0012000501696F8FEF5DF065C563F566C5E2
:10BAFC0064F524EC69F085EC69F0ADEF5DF065C59B
:10BB0C0063F566C564F51EEC69F083EC69F0ADEF86
:10BB1C005DF005016951676F686B6851000AD8B414
:10BB2C009AEF5DF0ADEF5DF06751010AD8B47BEF91
:10BB3C005DF0030AD8B485EF5DF0010AD8B4ADEF1F
:10BB4C005DF0070AD8B4ADEF5DF0ADEF5DF012001B
:10BB5C00000E05016B6F000E6C6F000E6D6F000E0A
:10BB6C006E6F63A1BCEF5DF0BEEF5DF0C6EF5DF0F4
:10BB7C0067516B2768516C2369516D236A516E2391
:10BB8C00D8906737683769376A37D890663365332A
:10BB9C00643363336351641165116611D8A4D9EF12
:10BBAC005DF0DBEF5DF0B7EF5DF06BC563F56CC579
:10BBBC0064F56DC565F56EC566F512007E6A020EFC
:10BBCC007F6E806A7F0E816E0C0E826E836A846A31
:10BBDC00856A866A886A896A8A6A8B6A8C6AB59C65
:10BBEC00B59E85908592A59EA59C2C0E0501636F34
:10BBFC00D30E646F000E656FCCEC68F02A0E050155
:10BC0C00636FD30E646F000E656FC5EC68F02E0E7B
:10BC1C000501636FD30E646F000E656FD3EC68F093
:10BC2C00800E876E12006F6A020E706E716A7F0E44
:10BC3C00726E0C0E736E746A756A766A776A796ABC
:10BC4C007A6A7B6A7C6A7D6AB39CB39E76907692A4
:10BC5C00A39EA39C260E0501636FD30E646F000E8A
:10BC6C00656FE1EC68F0240E0501636FD30E646F11
:10BC7C00000E656FDAEC68F0280E0501636FD30EC9
:10BC8C00646F000E656FE8EC68F0800E786E120041
:10BC9C000301F39FD96BDA6BDB6BDC6BDF6BE06B57
:10BCAC00E56BE76BEC6BEE6BEF6BD86BF06BF16BE2
:10BCBC00F26BF46B180EF56F100EF66FF76B030E3C
:10BCCC00F86F1F0EFA6F020EF96F000E07017F6FEF
:10BCDC00000E806F000E816F000E7C6F000E7D6F6A
:10BCEC00000E7E6F506AAF949F94B090A090840E1B
:10BCFC000301F36F1200B4EC68F01BC520F71CC5F0
:10BD0C0021F71DC522F71EC523F7640E0601D3616A
:10BD1C0092EF5EF094EF5EF0A3EF5EF0ADEC65F0A9
:10BD2C00236E000E0601D325D96EDA6A0A0EDA22CA
:10BD3C0023C5DFF4D32BB2EF5EF0D36B000E1B6E7A
:10BD4C000A0E1C6E000E1E6E000E1D6E000E206E76
:10BD5C00640E1F6E41EC65F012000601C94BCA2B34
:10BD6C00C80EC919CA11D8A4BEEF5EF0C0EF5EF0C0
:10BD7C00C4EF5EF0000ECA6F000EC96F010E3D26B7
:10BD8C00000E3E223F224022BB51BC11BD11D8A453
:10BD9C00D2EF5EF0D4EF5EF0D6EF5EF0E3EF5EF044
:10BDAC0002D8E3EF5EF00500FA6EBB51FD6EBC519C
:10BDBC00FE6EBD51FF6EFA5012001200B50E050159
:10BDCC00636F070E646F000E656F000E666F000EDA
:10BDDC00676F000E686FB80E696F0B0E6A6F000EFE
:10BDEC006B6F000E6C6F18EC5BF0A80E0501636FA7
:10BDFC00080E646F000E656F000E666F000E676FA5
:10BE0C00000E686FE80E696F030E6A6F000E6B6FA1
:10BE1C00000E6C6F18EC5BF01200000ED6BE010E1B
:10BE2C0005016A6F65C545F063C567F564C568F5BE
:10BE3C0065C569F568C567F569C568F5696B6751CE
:10BE4C000001446F63C543F066C546F04151F80BE1
:10BE5C000309416FD69E00014FC542F04E50426F10
:10BE6C00408105016AB102D0D69E01D0D68EF80E63
:10BE7C00000141171200050166BF47EF5FF049EF63
:10BE8C005FF053EF5FF063C563F564C564F565C59A
:10BE9C0065F566C566F56CEF5FF063C567F564C55F
:10BEAC0068F565C569F566C56AF5671F681F691F82
:10BEBC006A1F672B000E682369236A2367C563F525
:10BECC0068C564F569C565F56AC566F51200010EAD
:10BEDC002CEC59F0010E07EC50F0010EE5EC62F081
:10BEEC00010E14EC57F0090E0501676F1E0E666FFC
:10BEFC00E40EE82EFED7662FFCD7672FFAD700008A
:10BF0C00010E05EC67F0290E0501676F960E666F42
:10BF1C007F0EE82EFED7662FFCD7672FFAD7010EBF
:10BF2C00F1EC66F0120005016A6B73EC66F0000927
:10BF3C00D8A4A3EF5FF0A5EF5FF0C2EF5FF0010EA6
:10BF4C00306E64C531F565C532F53B6A66C533F5AF
:10BF5C0067C534F568C535F569C536F5000E376E1D
:10BF6C00000E386E000E3A6E000E396E3C6A07EC0D
:10BF7C0065F0010E05016A6F05016A511200050199
:10BF8C006A6B73EC66F00009D8A4CFEF5FF0D1EFC9
:10BF9C005FF0EEEF5FF0010E306E64C531F565C5F4
:10BFAC0032F53B6A66C537F567C538F568C539F5AE
:10BFBC0069C53AF5000E336E000E346E000E366E07
:10BFCC00000E356E3C6A2CEC67F0010E05016A6FB1
:10BFDC0005016A5112005FC6FAF560C6FBF506EF63
:10BFEC0060F05DC64FF65EC650F6FA0E0601516F54
:10BFFC00050E526F61C653F662C654F634EC2EF041
:10C00C00FAC5F6F4FBC5F7F4000EF86E0800F5500F
:10C01C000009D8A414EF60F016EF60F0F7EF5FF0B2
:10C02C00000E06015E6F000E5D6F120005016A6F57
:10C03C002CEF60F06DEC5FF046EF60F0EDEC60F033
:10C04C0046EF60F047EC60F046EF60F005016A5196
:10C05C00686F696B6951000AD8B437EF60F046EF2E
:10C06C0060F06851010AD8B420EF60F0030AD8B42C
:10C07C0024EF60F0010AD8B428EF60F046EF60F0CE
:10C08C00120089EC69F0030E2CEC59F0030E07EC4E
:10C09C0050F0010EE5EC62F0020EE5EC62F0050EDC
:10C0AC0014EC57F0010E05EC67F0020E05EC67F08E
:10C0BC00090E0501676F1E0E666FE40EE82EFED7A3
:10C0CC00662FFCD7672FFAD70000010EF1EC66F053
:10C0DC00020EF1EC66F0120065C56CF566C56DF5E7
:10C0EC0063C56AF564C56BF58CEF60F06CC5D9F46B
:10C0FC006DC5DAF4DF50696F6C4B6D2B6AC5D9F4E2
:10C10C006BC5DAF469C5DFF46A4B6B2B0501670765
:10C11C00D8A06807672906E16829D8A498EF60F0D1
:10C12C009AEF60F07CEF60F01200000E0501676F73
:10C13C00000E686F000E696F000E6A6F6B6BB6EFC6
:10C14C0060F06B516325D96E000E6421DA6EDF50FE
:10C15C00666F66516727000E682369236A236B2B71
:10C16C0065516B5DD8A0BDEF60F0BFEF60F0A7EF3D
:10C17C0060F067C563F568C564F512000CC76BF514
:10C18C000DC76CF50EC76DF50FC76EF563C56BF576
:10C19C0064C56CF565C56DF566C56EF56BC567F563
:10C1AC006CC568F56DC569F56EC56AF5200EE5EFD1
:10C1BC0060F00501D8906A33693368336733E82E31
:10C1CC00DFEF60F067C563F568C564F51200020E19
:10C1DC002CEC59F0020E07EC50F0020E14EC57F058
:10C1EC00090E0501676F1E0E666FE40EE82EFED772
:10C1FC00662FFCD7672FFAD70000020E05EC67F00C
:10C20C00290E0501676F960E666F7F0EE82EFED71E
:10C21C00662FFCD7672FFAD7020EF1EC66F01200EE
:10C22C00040E0201946F800E956F080E966F030E2C
:10C23C009C6F9A6B9B6B976B8D6B79EC68F0020122
:10C24C009B919B95948F050EE82EFED70000000065
:10C25C000000000000000000000002019A919A9575
:10C26C009B85000E0701796F000E7A6F000E7B6FB5
:10C27C001200030E0501786F5C0EEAEC64F078C5D1
:10C28C007DF579C57EF5F40E05017F6F070E806F85
:10C29C00000E826F030E816F7DEC5AF005017D510B
:10C2AC007E11D8B45CEF61F05EEF61F067EF61F086
:10C2BC00F40EBF6F070EC06F030EC16F5C0E43EC24
:10C2CC0066F012005BEC4AF0000E05016C6F000E7C
:10C2DC006B6FA10E6D6F090E6E6F460E6F6FD2EC09
:10C2EC004DF0D00E05017E6FC90EE82EFED77E2FC5
:10C2FC00FCD700D0A10E0501786F090E796F4DECBB
:10C30C0048F0A10E0501636F090E646F6FEC57F0D6
:06C31C002BEC63F012009F
:10C32400FAC419F5FBC41AF541C516F542C517F54B
:10C3340008EC63F00701E251E311E411D8B4A5EF6E
:10C3440061F0A7EF61F0B4EF61F002D8B4EF61F0EF
:10C354000500FA6EE251FD6EE351FE6EE451FF6E8C
:10C36400FA501200B1981AC5FBF419C5FAF4110079
:10C374000501666F7BEC69F0680E0501656FE40EDC
:10C38400E82EFED7652FFCD70000FBEC67F0000910
:10C39400D8B4CFEF61F0D1EF61F0C7EF61F00501E0
:10C3A4006651E1EC61F02A0E0501656F8D0EE82EF1
:10C3B400FED7652FFCD700D087EC69F01200050189
:10C3C400646FA2B2E8EF61F0EAEF61F0EEEF61F0C2
:10C3D40064C5A3F206EF62F00501FD51D8B4F5EF90
:10C3E40061F0F7EF61F006EF62F0200E4D24D96E94
:10C3F400DA6A090EDA2264C5DFF44D281F0B636F75
:10C4040063C54DF5A292FD07A282120003011E919D
:10C414001F6B206B030E216F050E1D6FFE0E1C6F2C
:10C424001D510501636F03011C51416E63C542F543
:10C434003C0E0701E26FD30EE36F000EE46F000EB3
:10C44400DF6F000EE06F000EE16FB198A188B19A22
:10C45400050E03011E6F1200D8C460F5FAC461F51D
:10C46400FBC462F50701DC51DD11DE11D8B43DEFE8
:10C4740062F03FEF62F04CEF62F002D84CEF62F0F2
:10C484000500FA6EDC51FD6EDD51FE6EDE51FF6E6D
:10C49400FA501200B99662C5FBF461C5FAF460C59E
:10C4A400D8F411000601D36B640E0501636F0A0E04
:10C4B400646F000E666F000E656F000E686F640E89
:10C4C400676F76EC64F0000E0501636F0A0E646F0B
:10C4D400000E666F000E656F000E686F640E676F66
:10C4E40076EC64F00601D26B79EC69F01200000E70
:10C4F4000501766F000E756F8CEF62F074C567F5F9
:10C50400686B72C569F573C56AF5C5EC54F005012D
:10C51400754B762B75517025D96E76517121DA6E73
:10C52400DF50746F7451D8A49AEF62F09CEF62F0FC
:10C5340080EF62F01200000E0501DC1B000EDD1B13
:10C54400000EDE1B800EDF1BD8C563F5D9C564F56C
:10C55400DAC565F5DBC566F5DCC567F5DDC568F5E7
:10C56400DEC569F5DFC56AF589EC29F063C5D8F540
:10C5740064C5D9F565C5DAF566C5DBF512000501B4
:10C584006B5109E1040E6A5DD8A0CBEF62F0CDEFE8
:10C5940062F0D0EF62F0000EE4EF62F0000E692565
:10C5A4006C6F000E6A216D6F380E6B216E6F6CC557
:10C5B40063F56DC564F56EC565F55BEC66F0050164
:10C5C4006F6F6F5112000501656F05016505D8A4F1
:10C5D400EEEF62F0F0EF62F0F8EF62F0B50E636F29
:10C5E400070E646FCBEC5AF007EF63F0020E651987
:10C5F400D8A4FFEF62F001EF63F007EF63F0A80E39
:10C60400636F080E646FCBEC5AF0120003011EA591
:10C614000EEF63F010EF63F026EF63F01EB115EF39
:10C6240063F018EF63F0010E19EF63F0000E186E5B
:10C6340017501D6F16C51CF318B002D01E9102D0FE
:10C6440003011E812AEF63F017501D6F16C51CF3FA
:10C654001200040E0501696F000E6A6F000E6B6F05
:10C66400C1EC62F00601BE6F050E0501696F000E94
:10C674006A6F000E6B6FC1EC62F00601BF6F060EAD
:10C684000501696F000E6A6F000E6B6FC1EC62F0FA
:06C694000601C06F120058
:10C69C00FAC403F5FBC404F5B39C0601B251B31103
:10C6AC00B411D8B45CEF63F05EEF63F06BEF63F042
:10C6BC0002D86BEF63F00500FA6EB251FD6EB35108
:10C6CC00FE6EB451FF6EFA50120004C5FBF403C5A4
:10C6DC00FAF41100FAC407F5FBC408F5B59C070180
:10C6EC00765177117811D8B47EEF63F080EF63F058
:10C6FC008DEF63F002D88DEF63F00500FA6E765182
:10C70C00FD6E7751FE6E7851FF6EFA50120008C51F
:10C71C00FBF407C5FAF41100FAC412F5FBC413F5C7
:10C72C000701E851E911EA11D8B49FEF63F0A1EFCA
:10C73C0063F0AEEF63F002D8AEEF63F00500FA6E73
:10C74C00E851FD6EE951FE6EEA51FF6EFA5012008F
:10C75C00B19E13C5FBF412C5FAF41100FAC414F51A
:10C76C00FBC415F50701E551E611E711D8B4C1EF8B
:10C77C0063F0C3EF63F0D0EF63F002D8D0EF63F057
:10C78C000500FA6EE551FD6EE651FE6EE751FF6E47
:10C79C00FA501200B19615C5FBF414C5FAF4110049
:10C7AC00006400640002780000640064009AD20007
:10C7BC0000F401F401A0D200000A000A00DE9D0082
:10C7CC00001400140026CB00000A000A0056AA0030
:10C7DC00090000000000000000000900000000003B
:03C7EC000000004A
:10C7F000A80E0601086F080E096F22C60AF623C6A6
:10C800000BF624C60CF625C60DF6C80E0E6F000EEC
:10C810000F6F000E106F000E116F4BEC34F008C656
:10C8200022F609C623F60AC624F60BC625F6120020
:10C83000B50E0601086F070E096F22C60AF623C659
:10C840000BF624C60CF625C60DF6B80E0E6F0B0EB1
:10C850000F6F000E106F000E116F4BEC34F008C616
:10C8600022F609C623F60AC624F60BC625F61200E0
:10C8700063C567F564C568F565C5F6F466C5F7F484
:10C880000501654B662B000EF86E67C5D9F468C5C7
:10C89000DAF4674B682B0800F5C4DFF4DF50D8A446
:10C8A00054EF64F056EF64F03CEF64F012006BEC70
:10C8B00069F034EC69F0BDEC68F049EC69F0020114
:10C8C000949FA1EC68F002019B919B95948F050EBB
:10C8D000E82EFED70000000000000000000000006D
:10C8E000000002019A919A959B85120063C569F533
:10C8F00064C56AF584EF64F069C5D9F46AC5DAF4F1
:10C9000065C5DFF4694B6A2B05016707D8A0680786
:10C91000672906E16829D8A490EF64F092EF64F0EB
:10C920007CEF64F01200050163516411651166111A
:10C93000D8B49DEF64F09FEF64F0A7EF64F0000EB1
:10C94000631B000E641B000E651B800E661B63C517
:10C9500063F564C564F565C565F566C566F51200E1
:10C960000501676F67C5ECF30301F39DF381F3B134
:10C97000BCEF64F0BEEF64F0B7EF64F0EB5105017B
:10C98000666F656B0301EA5105016525636F03015D
:10C99000000E05016621646F120083EC68F054EC10
:10C9A00056F04EEC5EF019EC67F008EC62F0A0EC8B
:10C9B00066F08BEC66F039EC69F016EC61F056EC41
:10C9C00069F019EC5EF0E4EC5DF02BEC5AF0B3EC9E
:10C9D0005BF0120005017C6F7CC56BF505016C6B8B
:10C9E000D70E6D6F070E6E6F78C56FF5D2EC4DF0F8
:10C9F000680E05017B6FE40EE82EFED77B2FFCD777
:10CA00000000D70E0501786F070E796F12003550C0
:10CA10003610D8B40EEF65F010EF65F01DEF65F03D
:10CA200035502AEC69F03B50D8B419EF65F01BEF94
:10CA300065F01DEF65F05CEC69F0315031242FECAE
:10CA400069F05FEC69F01200200E0501FD612BEF2B
:10CA500065F02DEF65F03FEF65F0200E4C24D96EA8
:10CA6000DA6A090EDA22DF500201A36F4C281F0B8D
:10CA7000286E28C54CF50501FD2B40EF65F0A2920C
:10CA800012001BC521F51CC522F54FEF65F021C52D
:10CA9000D9F422C5DAF41DC5DFF4214A222A1F0683
:10CAA000D8A020061F2806E12028D8A45AEF65F058
:10CAB0005CEF65F047EF65F0120005016ABF63EFB8
:10CAC00065F065EF65F06BEF65F069C569F56AC5FE
:10CAD0006AF577EF65F069C56BF56AC56CF56B1F94
:10CAE0006C1F6B4B6C2B6BC569F56CC56AF512003E
:10CAF00014C7E4F515C7E5F516C7E6F517C7E7F55A
:10CB0000E0C5E4F5E1C5E5F5E2C5E6F5E3C5E7F521
:10CB10000501E79FE4C5E0F5E5C5E1F5E6C5E2F509
:10CB2000E7C5E3F512005E04D8B499EF65F09BEF1A
:10CB300065F09DEF65F0ACEF65F00601DF05D8B458
:10CB4000A4EF65F0A6EF65F0A8EF65F0ACEF65F037
:10CB500008EC46F07BEC4FF01200000E4A24D96E30
:10CB6000DA6A090EDA22DF501C6E4A281F0B1B6E90
:10CB70001BC54AF5A2904950D8B4C1EF65F0C3EF88
:10CB800065F0C4EF65F04906A2801C501200CDECA0
:10CB900064F0D68ED68C2BEC66F07A0E0601A36F6D
:10CBA000C10EA26F810EE82EFED7A22FFCD7A32FB5
:10CBB000FAD700D001EC5DF0DAEF65F081EF18F004
:10CBC0000701735174117511D8B4E9EF65F0EBEFFB
:10CBD00065F0F8EF65F002D8F8EF65F00500FA6E41
:10CBE0007351FD6E7451FE6E7551FF6EFA50120056
:10CBF00012000701705171117211D8B402EF66F082
:10CC000004EF66F011EF66F002D811EF66F0050050
:10CC1000FA6E7051FD6E7151FE6E7251FF6EFA50D8
:10CC20001200120007016D516E116F11D8B41BEF85
:10CC300066F01DEF66F02AEF66F002D82AEF66F084
:10CC40000500FA6E6D51FD6E6E51FE6E6F51FF6EF6
:10CC5000FA5012001200C0EC67F097EC68F08DEC0F
:10CC600068F0F3EC53F0E4EC5EF068EC61F0040E75
:10CC70000501636FB30E646F000E656F0BEC69F016
:10CC80003FEC61F012000501C36FC3C56BF50501F0
:10CC90006C6BBFC56DF5C0C56EF5C1C56FF50CEC0D
:10CCA00053F0D00E0501C26FC90EE82EFED7C22F79
:10CCB000FCD700D0120065C545F063C566F564C5B4
:10CCC00067F565C568F567C566F568C567F505016B
:10CCD000686B66510001446F63C543F0F80E41175D
:10CCE000408146511200010E0501636F3050D8A4F7
:10CCF0007CEF66F07EEF66F088EF66F0020198AF99
:10CD000084EF66F086EF66F088EF66F00501636BEE
:10CD1000050163511200010E0301326F316B336B59
:10CD20001F0E2F6F2E6B220E0701DC6FD30EDD6FEF
:10CD3000000EDE6FB996A986DF0E0301306F120078
:10CD4000010E0301266F256B276B1F0E236F226BCD
:10CD50003A0E0701E56FD30EE66F000EE76FB1964E
:10CD6000A186DF0E0301246F1200650E0601736FAA
:10CD7000060E746F000E5D6F000E5E6F63C65FF689
:10CD800064C660F6730E616F060E626FF1EC5FF0C1
:10CD900012000501636F050163A1D1EF66F0D3EFC7
:10CDA00066F0D4EF66F0C08E63A3D9EF66F0DBEFD8
:10CDB00066F0DCEF66F0BE8A12000501636F0501C4
:10CDC00063A1E5EF66F0E7EF66F0E8EF66F0C18A91
:10CDD00063A3EDEF66F0EFEF66F0F0EF66F0C3806F
:10CDE00012000501636F050163A1F9EF66F0FBEF27
:10CDF00066F0FCEF66F0C09E63A301EF67F003EFFF
:10CE000067F004EF67F0BE9A12000501636F050139
:10CE100063A10DEF67F00FEF67F010EF67F0C19AB5
:10CE200063A315EF67F017EF67F018EF67F0C39093
:10CE300012003D0E0301196F186B570E1B6F380E51
:10CE40000701E86FD30EE96F000EEA6FB19EA18E65
:10CE5000810E03011A6F120039503A10D8B433EF23
:10CE600067F035EF67F038EF67F039502AEC69F07A
:10CE7000D88031342FEC69F05FEC69F01200395042
:10CE80003A10D8B446EF67F048EF67F04BEF67F021
:10CE9000395041EC69F0D88031343DEC69F062ECF6
:10CEA00069F0120065EC69F068EC69F00009D8B42B
:10CEB0005CEF67F05EEF67F064EF67F0000E41EC47
:10CEC00069F0000E45EC69F01200306A000E326E17
:10CED0003168000E336E000E346E000E376E000E99
:10CEE000386E6BEC69F034EC69F049EC69F01200D3
:10CEF0000501635164116511D8B481EF67F083EFC8
:10CF000067F089EF67F063C564F764C565F765C5C9
:10CF100066F712000501635164116511D8B493EFEF
:10CF200067F095EF67F09BEF67F063C567F764C53F
:10CF300068F765C569F71200050163516411651151
:10CF4000D8B4A5EF67F0A7EF67F0ADEF67F063C562
:10CF50006AF764C56BF765C56CF71200050163518C
:10CF600064116511D8B4B7EF67F0B9EF67F0BFEFA0
:10CF700067F063C558F764C559F765C55AF71200DD
:10CF800087EC69F089EC69F0010E05EC67F0020EA0
:10CF900005EC67F0010EF1EC66F0020EF1EC66F0C4
:02CFA00012007D
:10CFA400D8C42DF56EEC69F037C5D9F438C5DAF478
:10CFB400DF6E374A382A2DC5D8F41100D8C42FF5AE
:10CFC40033C5D9F434C5DAF4334A342ADF5045EC96
:10CFD40069F02FC5D8F41100000141AFF4EF67F0F8
:10CFE400F6EF67F0F9EF67F0010EFAEF67F0000E65
:10CFF40012000501FD51D8A402EF68F005EF68F0B6
:0AD00400010E06EF68F0000E1200A6
:10D01000FAC409F5FBC40AF5AF90E0EC65F00AC567
:10D02000FBF409C5FAF41100FAC40BF5FBC40CF5C6
:10D03000B490F9EC65F00CC5FBF40BC5FAF41100E3
:10D04000FAC40DF5FBC40EF5B89012EC66F00EC5EF
:10D05000FBF40DC5FAF41100000140B132EF68F0A5
:10D0600035EF68F0010E36EF68F0000E1200020195
:10D0700095BB3DEF68F040EF68F0010E41EF68F0BE
:10D08000000E1200020198B748EF68F04BEF68F00D
:10D09000010E4CEF68F0000E1200020197BD53EF35
:10D0A00068F056EF68F0010E57EF68F0000E1200BE
:10D0B000020197BB5EEF68F061EF68F0010E62EF6E
:10D0C00068F0000E1200020198A769EF68F06CEF9B
:10D0D00068F0010E6DEF68F0000E1200FAC426F53C
:10D0E000FBC427F5D8EC46F027C5FBF426C5FAF4B7
:10D0F0001100A584A586A580A58202019B859B833E
:10D100009B8F97811200600E0001AD6FAF6BB36B08
:10D11000080EB16FB06BAC6B1200020E0501636FAD
:10D12000BD0E646F000E656FAEEC67F01200660E08
:10D130000501636FBD0E646F000E656F04EC69F04E
:10D140001200A584A586A580A58202019B859B83EC
:10D150009B8F978112003DC563F53EC564F53FC5C1
:10D1600065F540C566F512003DC51BF53EC51CF5CD
:10D170003FC51DF540C51EF51200A594A596A590C6
:10D18000A59202019B6B976B120063C5ACF664C558
:10D19000ADF665C5AEF6120063C5AFF664C5B0F670
:10D1A00065C5B1F6120063C576F764C577F765C546
:10D1B00078F7120063C5B5F664C5B6F665C5B7F66F
:10D1C000120063C5B8F664C5B9F665C5BAF61200B3
:10D1D00063C5B2F664C5B3F665C5B4F6120063C59F
:10D1E0006DF764C56EF765C56FF7120063C570F71C
:10D1F00064C571F765C572F7120063C573F764C53E
:10D2000074F765C575F7120063C5E8F764C5E9F7FB
:10D2100065C5EAF7120063C5BBF664C5BCF665C513
:10D22000BDF612000605040302010000C000000262
:10D23000050164514E6E63C54FF5120063C589F454
:10D24000050164518A6E120063C57AF405016451C8
:10D250007B6E12000501636F63C58DF2120005013C
:10D26000636F63C58FF212000201979B979D979998
:10D270001200C30E0301D76F1200296E29C58FF269
:10D2800012002B6E2BC58DF212002E6E2EC58CF265
:10D2900012000201996B99851200AAEC3AF0120073
:10D2A00061EC32F012004E6A4F6A120059EC69F0DC
:10D2B00012000001419F12000201948D1200020130
:10D2C000948B12000201948B12000201949D1200B3
:10D2D00002018D51120002019A6B120002018B5162
:02D2E00012003A
:10D2E40024EC65F0110001000501A2901200A28057
:10D2F4001200C1861200C1921200C1821200C38AB8
:10D3040012008784120078841200C1961200C39A16
:02D31400120005
:10D31800AF941100B0901100010112001200120028
:10D328001200120012001200110012001200120066
:0CD338001200120012001200120012007D
:020000040030CA
:080000008FFFEFFF9FFFFFFFE0
:01000900FFF7
:00000001FF
